0.00000000 0.50002079
0.00007813 0.50002772
0.00015625 0.50003465
0.00023437 0.50004158
0.00031250 0.50004851
0.00039063 0.50005544
0.00046875 0.50006237
0.00054688 0.50006930
0.00062500 0.50007623
0.00070312 0.50008316
0.00078125 0.50009009
0.00085938 0.50009702
0.00093750 0.50010395
0.00101563 0.50011088
0.00109375 0.50011781
0.00117187 0.50012474
0.00125000 0.50013167
0.00132813 0.50013860
0.00140625 0.50014553
0.00148438 0.50015246
0.00156250 0.50015939
0.00164062 0.50016632
0.00171875 0.50017325
0.00179688 0.50018018
0.00187500 0.50018711
0.00195312 0.50019404
0.00203125 0.50020097
0.00210938 0.50020790
0.00218750 0.50021483
0.00226562 0.50022176
0.00234375 0.50022869
0.00242187 0.50023562
0.00250000 0.50024255
0.00257813 0.50024948
0.00265625 0.50025641
0.00273438 0.50026334
0.00281250 0.50027027
0.00289062 0.50027720
0.00296875 0.50028413
0.00304688 0.50029106
0.00312500 0.50029799
0.00320313 0.50030492
0.00328125 0.50031185
0.00335937 0.50031878
0.00343750 0.50032571
0.00351563 0.50033263
0.00359375 0.50033956
0.00367188 0.50034649
0.00375000 0.50035342
0.00382812 0.50036035
0.00390625 0.50036728
0.00398438 0.50037421
0.00406250 0.50038114
0.00414063 0.50038807
0.00421875 0.50039500
0.00429688 0.50040193
0.00437500 0.50040886
0.00445313 0.50041579
0.00453125 0.50042272
0.00460937 0.50042965
0.00468750 0.50043658
0.00476562 0.50044351
0.00484375 0.50045044
0.00492188 0.50045737
0.00500000 0.50046430
0.00507813 0.50047123
0.00515625 0.50047816
0.00523438 0.50048509
0.00531250 0.50049202
0.00539063 0.50049895
0.00546875 0.50050588
0.00554687 0.50051281
0.00562500 0.50051974
0.00570312 0.50052667
0.00578125 0.50053360
0.00585938 0.50054053
0.00593750 0.50054746
0.00601563 0.50055439
0.00609375 0.50056132
0.00617188 0.50056825
0.00625000 0.50057518
0.00632813 0.50058211
0.00640625 0.50058904
0.00648438 0.50059597
0.00656250 0.50060290
0.00664062 0.50060983
0.00671875 0.50061676
0.00679687 0.50062369
0.00687500 0.50063062
0.00695313 0.50063755
0.00703125 0.50064448
0.00710938 0.50065141
0.00718750 0.50065834
0.00726563 0.50066527
0.00734375 0.50067220
0.00742188 0.50067913
0.00750000 0.50068606
0.00757812 0.50069299
0.00765625 0.50069992
0.00773437 0.50070685
0.00781250 0.50071378
0.00789063 0.50072071
0.00796875 0.50072764
0.00804688 0.50073457
0.00812500 0.50074150
0.00820313 0.50074843
0.00828125 0.50075536
0.00835938 0.50076229
0.00843750 0.50076922
0.00851563 0.50077615
0.00859375 0.50078308
0.00867188 0.50079001
0.00875000 0.50079694
0.00882813 0.50080387
0.00890625 0.50081080
0.00898438 0.50081773
0.00906250 0.50082466
0.00914062 0.50083159
0.00921875 0.50083852
0.00929687 0.50084545
0.00937500 0.50085238
0.00945312 0.50085931
0.00953125 0.50086624
0.00960937 0.50087317
0.00968750 0.50088010
0.00976562 0.50088703
0.00984375 0.50089395
0.00992188 0.50090088
0.01000000 0.50090781
0.01007813 0.50091474
0.01015625 0.50092167
0.01023438 0.50092860
0.01031250 0.50093553
0.01039063 0.50094246
0.01046875 0.50094939
0.01054688 0.50095632
0.01062500 0.50096325
0.01070313 0.50097018
0.01078125 0.50097711
0.01085938 0.50098404
0.01093750 0.50099097
0.01101562 0.50099790
0.01109375 0.50100483
0.01117187 0.50101176
0.01125000 0.50101869
0.01132812 0.50102562
0.01140625 0.50103255
0.01148437 0.50103948
0.01156250 0.50104641
0.01164062 0.50105334
0.01171875 0.50106027
0.01179688 0.50106720
0.01187500 0.50107413
0.01195313 0.50108106
0.01203125 0.50108799
0.01210938 0.50109492
0.01218750 0.50110185
0.01226563 0.50110878
0.01234375 0.50111571
0.01242188 0.50112264
0.01250000 0.50112957
0.01257813 0.50113650
0.01265625 0.50114343
0.01273438 0.50115036
0.01281250 0.50115729
0.01289063 0.50116422
0.01296875 0.50117115
0.01304687 0.50117808
0.01312500 0.50118501
0.01320312 0.50119194
0.01328125 0.50119887
0.01335937 0.50120580
0.01343750 0.50121273
0.01351562 0.50121966
0.01359375 0.50122659
0.01367188 0.50123352
0.01375000 0.50124045
0.01382813 0.50124738
0.01390625 0.50125431
0.01398438 0.50126124
0.01406250 0.50126817
0.01414063 0.50127510
0.01421875 0.50128203
0.01429688 0.50128896
0.01437500 0.50129589
0.01445313 0.50130282
0.01453125 0.50130975
0.01460938 0.50131668
0.01468750 0.50132361
0.01476563 0.50133054
0.01484375 0.50133747
0.01492188 0.50134440
0.01500000 0.50135133
0.01507812 0.50135826
0.01515625 0.50136519
0.01523437 0.50137212
0.01531250 0.50137905
0.01539062 0.50138598
0.01546875 0.50139291
0.01554687 0.50139984
0.01562500 0.50140677
0.01570313 0.50141370
0.01578125 0.50142063
0.01585938 0.50142756
0.01593750 0.50143448
0.01601562 0.50144141
0.01609375 0.50144834
0.01617187 0.50145527
0.01625000 0.50146220
0.01632812 0.50146913
0.01640625 0.50147606
0.01648437 0.50148299
0.01656250 0.50148992
0.01664062 0.50149685
0.01671875 0.50150378
0.01679687 0.50151071
0.01687500 0.50151764
0.01695312 0.50152457
0.01703125 0.50153150
0.01710937 0.50153843
0.01718750 0.50154536
0.01726562 0.50155229
0.01734375 0.50155922
0.01742187 0.50156615
0.01750000 0.50157308
0.01757812 0.50158001
0.01765625 0.50158694
0.01773438 0.50159387
0.01781250 0.50160080
0.01789063 0.50160773
0.01796875 0.50161466
0.01804688 0.50162159
0.01812500 0.50162852
0.01820313 0.50163545
0.01828125 0.50164238
0.01835938 0.50164931
0.01843750 0.50165624
0.01851563 0.50166317
0.01859375 0.50167010
0.01867188 0.50167703
0.01875000 0.50168396
0.01882813 0.50169089
0.01890625 0.50169782
0.01898438 0.50170475
0.01906250 0.50171168
0.01914063 0.50171861
0.01921875 0.50172554
0.01929688 0.50173247
0.01937500 0.50173940
0.01945313 0.50174633
0.01953125 0.50175326
0.01960938 0.50176019
0.01968750 0.50176712
0.01976563 0.50177405
0.01984375 0.50178098
0.01992188 0.50178791
0.02000000 0.50179484
0.02007812 0.50180177
0.02015625 0.50180870
0.02023437 0.50181563
0.02031250 0.50182256
0.02039062 0.50182949
0.02046875 0.50183642
0.02054687 0.50184335
0.02062500 0.50185028
0.02070312 0.50185721
0.02078125 0.50186414
0.02085937 0.50187107
0.02093750 0.50187800
0.02101562 0.50188493
0.02109375 0.50189186
0.02117187 0.50189879
0.02125000 0.50190572
0.02132812 0.50191265
0.02140625 0.50191958
0.02148438 0.50192651
0.02156250 0.50193343
0.02164063 0.50194036
0.02171875 0.50194729
0.02179688 0.50195422
0.02187500 0.50196115
0.02195313 0.50196808
0.02203125 0.50197501
0.02210938 0.50198194
0.02218750 0.50198887
0.02226563 0.50199580
0.02234375 0.50200273
0.02242188 0.50200966
0.02250000 0.50201659
0.02257813 0.50202352
0.02265625 0.50203045
0.02273438 0.50203738
0.02281250 0.50204431
0.02289063 0.50205124
0.02296875 0.50205817
0.02304688 0.50206510
0.02312500 0.50207203
0.02320313 0.50207896
0.02328125 0.50208589
0.02335938 0.50209282
0.02343750 0.50209975
0.02351563 0.50210668
0.02359375 0.50211361
0.02367188 0.50212054
0.02375000 0.50212747
0.02382813 0.50213440
0.02390625 0.50214133
0.02398438 0.50214826
0.02406250 0.50215519
0.02414062 0.50216212
0.02421875 0.50216905
0.02429687 0.50217598
0.02437500 0.50218291
0.02445312 0.50218984
0.02453125 0.50219677
0.02460937 0.50220370
0.02468750 0.50221063
0.02476562 0.50221756
0.02484375 0.50222449
0.02492187 0.50223142
0.02500000 0.50223835
0.02507812 0.50224528
0.02515625 0.50225221
0.02523437 0.50225914
0.02531250 0.50226607
0.02539062 0.50227300
0.02546875 0.50227993
0.02554688 0.50228686
0.02562500 0.50229379
0.02570313 0.50230072
0.02578125 0.50230765
0.02585938 0.50231458
0.02593750 0.50232151
0.02601563 0.50232844
0.02609375 0.50233537
0.02617188 0.50234230
0.02625000 0.50234923
0.02632813 0.50235616
0.02640625 0.50236309
0.02648438 0.50237002
0.02656250 0.50237695
0.02664063 0.50238388
0.02671875 0.50239081
0.02679688 0.50239773
0.02687500 0.50240466
0.02695313 0.50241159
0.02703125 0.50241852
0.02710938 0.50242545
0.02718750 0.50243238
0.02726563 0.50243931
0.02734375 0.50244624
0.02742188 0.50245317
0.02750000 0.50246010
0.02757813 0.50246703
0.02765625 0.50247396
0.02773438 0.50248089
0.02781250 0.50248782
0.02789063 0.50249475
0.02796875 0.50250168
0.02804687 0.50250861
0.02812500 0.50251554
0.02820312 0.50252247
0.02828125 0.50252940
0.02835937 0.50253633
0.02843750 0.50254326
0.02851562 0.50255019
0.02859375 0.50255712
0.02867187 0.50256405
0.02875000 0.50257098
0.02882812 0.50257791
0.02890625 0.50258484
0.02898437 0.50259177
0.02906250 0.50259870
0.02914062 0.50260563
0.02921875 0.50261256
0.02929688 0.50261949
0.02937500 0.50262642
0.02945313 0.50263335
0.02953125 0.50264028
0.02960938 0.50264721
0.02968750 0.50265414
0.02976563 0.50266107
0.02984375 0.50266800
0.02992188 0.50267493
0.03000000 0.50268186
0.03007813 0.50268879
0.03015625 0.50269572
0.03023438 0.50270265
0.03031250 0.50270958
0.03039063 0.50271651
0.03046875 0.50272344
0.03054688 0.50273037
0.03062500 0.50273730
0.03070313 0.50274423
0.03078125 0.50275116
0.03085938 0.50275809
0.03093750 0.50276502
0.03101563 0.50277195
0.03109375 0.50277888
0.03117188 0.50278581
0.03125000 0.50279274
0.03132812 0.50279967
0.03140625 0.50280660
0.03148438 0.50281353
0.03156250 0.50282046
0.03164062 0.50282738
0.03171875 0.50283431
0.03179688 0.50284124
0.03187500 0.50284817
0.03195312 0.50285510
0.03203125 0.50286203
0.03210938 0.50286896
0.03218750 0.50287589
0.03226562 0.50288282
0.03234375 0.50288975
0.03242188 0.50289668
0.03250000 0.50290361
0.03257812 0.50291054
0.03265625 0.50291747
0.03273438 0.50292440
0.03281250 0.50293133
0.03289062 0.50293826
0.03296875 0.50294519
0.03304688 0.50295212
0.03312500 0.50295905
0.03320312 0.50296598
0.03328125 0.50297291
0.03335938 0.50297984
0.03343750 0.50298677
0.03351563 0.50299370
0.03359375 0.50300063
0.03367188 0.50300756
0.03375000 0.50301449
0.03382813 0.50302142
0.03390625 0.50302835
0.03398438 0.50303528
0.03406250 0.50304221
0.03414063 0.50304914
0.03421875 0.50305607
0.03429687 0.50306300
0.03437500 0.50306993
0.03445313 0.50307686
0.03453125 0.50308379
0.03460937 0.50309072
0.03468750 0.50309765
0.03476563 0.50310458
0.03484375 0.50311151
0.03492187 0.50311844
0.03500000 0.50312537
0.03507813 0.50313230
0.03515625 0.50313923
0.03523437 0.50314616
0.03531250 0.50315309
0.03539063 0.50316002
0.03546875 0.50316695
0.03554687 0.50317388
0.03562500 0.50318081
0.03570313 0.50318774
0.03578125 0.50319467
0.03585937 0.50320160
0.03593750 0.50320853
0.03601563 0.50321545
0.03609375 0.50322238
0.03617187 0.50322931
0.03625000 0.50323624
0.03632813 0.50324317
0.03640625 0.50325010
0.03648437 0.50325703
0.03656250 0.50326396
0.03664063 0.50327089
0.03671875 0.50327782
0.03679687 0.50328475
0.03687500 0.50329168
0.03695313 0.50329861
0.03703125 0.50330554
0.03710938 0.50331247
0.03718750 0.50331940
0.03726563 0.50332633
0.03734375 0.50333326
0.03742188 0.50334019
0.03750000 0.50334712
0.03757813 0.50335405
0.03765625 0.50336098
0.03773438 0.50336791
0.03781250 0.50337484
0.03789063 0.50338177
0.03796875 0.50338870
0.03804688 0.50339563
0.03812500 0.50340256
0.03820312 0.50340949
0.03828125 0.50341642
0.03835938 0.50342335
0.03843750 0.50343028
0.03851562 0.50343721
0.03859375 0.50344414
0.03867188 0.50345107
0.03875000 0.50345800
0.03882812 0.50346493
0.03890625 0.50347186
0.03898438 0.50347879
0.03906250 0.50348572
0.03914062 0.50349265
0.03921875 0.50349958
0.03929688 0.50350651
0.03937500 0.50351344
0.03945312 0.50352037
0.03953125 0.50352730
0.03960938 0.50353423
0.03968750 0.50354116
0.03976562 0.50354809
0.03984375 0.50355502
0.03992188 0.50356195
0.04000000 0.50356888
0.04007812 0.50357580
0.04015625 0.50358273
0.04023438 0.50358966
0.04031250 0.50359659
0.04039062 0.50360352
0.04046875 0.50361045
0.04054688 0.50361738
0.04062500 0.50362431
0.04070312 0.50363124
0.04078125 0.50363817
0.04085938 0.50364510
0.04093750 0.50365203
0.04101562 0.50365896
0.04109375 0.50366589
0.04117188 0.50367282
0.04125000 0.50367975
0.04132813 0.50368668
0.04140625 0.50369361
0.04148438 0.50370054
0.04156250 0.50370747
0.04164063 0.50371440
0.04171875 0.50372133
0.04179688 0.50372826
0.04187500 0.50373519
0.04195313 0.50374212
0.04203125 0.50374905
0.04210937 0.50375598
0.04218750 0.50376291
0.04226563 0.50376984
0.04234375 0.50377677
0.04242187 0.50378370
0.04250000 0.50379063
0.04257813 0.50379756
0.04265625 0.50380449
0.04273437 0.50381142
0.04281250 0.50381835
0.04289063 0.50382528
0.04296875 0.50383221
0.04304687 0.50383914
0.04312500 0.50384607
0.04320313 0.50385300
0.04328125 0.50385993
0.04335937 0.50386686
0.04343750 0.50387379
0.04351563 0.50388072
0.04359375 0.50388765
0.04367187 0.50389458
0.04375000 0.50390151
0.04382813 0.50390843
0.04390625 0.50391536
0.04398437 0.50392229
0.04406250 0.50392922
0.04414063 0.50393615
0.04421875 0.50394308
0.04429687 0.50395001
0.04437500 0.50395694
0.04445313 0.50396387
0.04453125 0.50397080
0.04460937 0.50397773
0.04468750 0.50398466
0.04476563 0.50399159
0.04484375 0.50399852
0.04492188 0.50400545
0.04500000 0.50401238
0.04507813 0.50401931
0.04515625 0.50402624
0.04523438 0.50403317
0.04531250 0.50404010
0.04539063 0.50404703
0.04546875 0.50405396
0.04554688 0.50406089
0.04562500 0.50406782
0.04570313 0.50407475
0.04578125 0.50408168
0.04585938 0.50408861
0.04593750 0.50409554
0.04601562 0.50410247
0.04609375 0.50410940
0.04617188 0.50411633
0.04625000 0.50412326
0.04632812 0.50413019
0.04640625 0.50413712
0.04648438 0.50414405
0.04656250 0.50415098
0.04664062 0.50415791
0.04671875 0.50416484
0.04679688 0.50417177
0.04687500 0.50417870
0.04695312 0.50418563
0.04703125 0.50419256
0.04710938 0.50419949
0.04718750 0.50420642
0.04726562 0.50421335
0.04734375 0.50422027
0.04742188 0.50422720
0.04750000 0.50423413
0.04757812 0.50424106
0.04765625 0.50424799
0.04773438 0.50425492
0.04781250 0.50426185
0.04789062 0.50426878
0.04796875 0.50427571
0.04804688 0.50428264
0.04812500 0.50428957
0.04820312 0.50429650
0.04828125 0.50430343
0.04835938 0.50431036
0.04843750 0.50431729
0.04851562 0.50432422
0.04859375 0.50433115
0.04867188 0.50433808
0.04875000 0.50434501
0.04882812 0.50435194
0.04890625 0.50435887
0.04898438 0.50436580
0.04906250 0.50437273
0.04914063 0.50437966
0.04921875 0.50438659
0.04929688 0.50439352
0.04937500 0.50440045
0.04945313 0.50440738
0.04953125 0.50441431
0.04960938 0.50442124
0.04968750 0.50442817
0.04976563 0.50443510
0.04984375 0.50444203
0.04992188 0.50444896
0.05000000 0.50445589
0.05007813 0.50446282
0.05015625 0.50446975
0.05023437 0.50447668
0.05031250 0.50448361
0.05039063 0.50449054
0.05046875 0.50449747
0.05054687 0.50450440
0.05062500 0.50451132
0.05070313 0.50451825
0.05078125 0.50452518
0.05085937 0.50453211
0.05093750 0.50453904
0.05101563 0.50454597
0.05109375 0.50455290
0.05117187 0.50455983
0.05125000 0.50456676
0.05132813 0.50457369
0.05140625 0.50458062
0.05148437 0.50458755
0.05156250 0.50459448
0.05164063 0.50460141
0.05171875 0.50460834
0.05179687 0.50461527
0.05187500 0.50462220
0.05195313 0.50462913
0.05203125 0.50463606
0.05210937 0.50464299
0.05218750 0.50464992
0.05226563 0.50465685
0.05234375 0.50466378
0.05242187 0.50467071
0.05250000 0.50467764
0.05257813 0.50468457
0.05265625 0.50469150
0.05273438 0.50469843
0.05281250 0.50470536
0.05289063 0.50471229
0.05296875 0.50471922
0.05304688 0.50472615
0.05312500 0.50473308
0.05320313 0.50474001
0.05328125 0.50474694
0.05335938 0.50475387
0.05343750 0.50476080
0.05351563 0.50476773
0.05359375 0.50477466
0.05367188 0.50478158
0.05375000 0.50478851
0.05382813 0.50479544
0.05390625 0.50480237
0.05398438 0.50480930
0.05406250 0.50481623
0.05414062 0.50482316
0.05421875 0.50483009
0.05429688 0.50483702
0.05437500 0.50484395
0.05445312 0.50485088
0.05453125 0.50485781
0.05460938 0.50486474
0.05468750 0.50487167
0.05476562 0.50487860
0.05484375 0.50488553
0.05492188 0.50489246
0.05500000 0.50489939
0.05507812 0.50490632
0.05515625 0.50491325
0.05523438 0.50492018
0.05531250 0.50492711
0.05539062 0.50493404
0.05546875 0.50494097
0.05554688 0.50494790
0.05562500 0.50495483
0.05570312 0.50496176
0.05578125 0.50496869
0.05585938 0.50497562
0.05593750 0.50498255
0.05601562 0.50498948
0.05609375 0.50499641
0.05617188 0.50500334
0.05625000 0.50501027
0.05632812 0.50501720
0.05640625 0.50502413
0.05648438 0.50503106
0.05656250 0.50503798
0.05664062 0.50504491
0.05671875 0.50505184
0.05679688 0.50505877
0.05687500 0.50506570
0.05695313 0.50507263
0.05703125 0.50507956
0.05710938 0.50508649
0.05718750 0.50509342
0.05726563 0.50510035
0.05734375 0.50510728
0.05742188 0.50511421
0.05750000 0.50512114
0.05757813 0.50512807
0.05765625 0.50513500
0.05773438 0.50514193
0.05781250 0.50514886
0.05789063 0.50515579
0.05796875 0.50516272
0.05804687 0.50516965
0.05812500 0.50517658
0.05820313 0.50518351
0.05828125 0.50519044
0.05835937 0.50519737
0.05843750 0.50520430
0.05851563 0.50521123
0.05859375 0.50521816
0.05867187 0.50522509
0.05875000 0.50523202
0.05882813 0.50523895
0.05890625 0.50524588
0.05898437 0.50525281
0.05906250 0.50525974
0.05914063 0.50526667
0.05921875 0.50527360
0.05929687 0.50528052
0.05937500 0.50528745
0.05945313 0.50529438
0.05953125 0.50530131
0.05960937 0.50530824
0.05968750 0.50531517
0.05976563 0.50532210
0.05984375 0.50532903
0.05992187 0.50533596
0.06000000 0.50534289
0.06007813 0.50534982
0.06015625 0.50535675
0.06023437 0.50536368
0.06031250 0.50537061
0.06039063 0.50537754
0.06046875 0.50538447
0.06054688 0.50539140
0.06062500 0.50539833
0.06070313 0.50540526
0.06078125 0.50541219
0.06085938 0.50541912
0.06093750 0.50542605
0.06101563 0.50543298
0.06109375 0.50543991
0.06117188 0.50544684
0.06125000 0.50545377
0.06132813 0.50546070
0.06140625 0.50546763
0.06148438 0.50547456
0.06156250 0.50548149
0.06164063 0.50548842
0.06171875 0.50549535
0.06179688 0.50550228
0.06187500 0.50550920
0.06195313 0.50551613
0.06203125 0.50552306
0.06210938 0.50552999
0.06218750 0.50553692
0.06226562 0.50554385
0.06234375 0.50555078
0.06242188 0.50555771
0.06250000 0.50556464
0.06257812 0.50557157
0.06265625 0.50557850
0.06273437 0.50558543
0.06281250 0.50559236
0.06289063 0.50559929
0.06296875 0.50560622
0.06304688 0.50561315
0.06312500 0.50562008
0.06320312 0.50562701
0.06328125 0.50563394
0.06335937 0.50564087
0.06343750 0.50564780
0.06351563 0.50565473
0.06359375 0.50566166
0.06367188 0.50566859
0.06375000 0.50567552
0.06382812 0.50568245
0.06390625 0.50568938
0.06398437 0.50569631
0.06406250 0.50570324
0.06414063 0.50571017
0.06421875 0.50571710
0.06429688 0.50572402
0.06437500 0.50573095
0.06445312 0.50573788
0.06453125 0.50574481
0.06460937 0.50575174
0.06468750 0.50575867
0.06476563 0.50576560
0.06484375 0.50577253
0.06492188 0.50577946
0.06500000 0.50578639
0.06507813 0.50579332
0.06515625 0.50580025
0.06523437 0.50580718
0.06531250 0.50581411
0.06539063 0.50582104
0.06546875 0.50582797
0.06554688 0.50583490
0.06562500 0.50584183
0.06570313 0.50584876
0.06578125 0.50585569
0.06585937 0.50586262
0.06593750 0.50586955
0.06601562 0.50587648
0.06609375 0.50588341
0.06617188 0.50589034
0.06625000 0.50589727
0.06632813 0.50590420
0.06640625 0.50591113
0.06648437 0.50591806
0.06656250 0.50592499
0.06664062 0.50593191
0.06671875 0.50593884
0.06679688 0.50594577
0.06687500 0.50595270
0.06695313 0.50595963
0.06703125 0.50596656
0.06710937 0.50597349
0.06718750 0.50598042
0.06726562 0.50598735
0.06734375 0.50599428
0.06742188 0.50600121
0.06750000 0.50600814
0.06757813 0.50601507
0.06765625 0.50602200
0.06773437 0.50602893
0.06781250 0.50603586
0.06789062 0.50604279
0.06796875 0.50604972
0.06804688 0.50605665
0.06812500 0.50606358
0.06820313 0.50607051
0.06828125 0.50607744
0.06835938 0.50608437
0.06843750 0.50609130
0.06851562 0.50609823
0.06859375 0.50610516
0.06867188 0.50611209
0.06875000 0.50611902
0.06882813 0.50612595
0.06890625 0.50613287
0.06898438 0.50613980
0.06906250 0.50614673
0.06914062 0.50615366
0.06921875 0.50616059
0.06929688 0.50616752
0.06937500 0.50617445
0.06945313 0.50618138
0.06953125 0.50618831
0.06960938 0.50619524
0.06968750 0.50620217
0.06976562 0.50620910
0.06984375 0.50621603
0.06992188 0.50622296
0.07000000 0.50622989
0.07007813 0.50623682
0.07015625 0.50624375
0.07023438 0.50625068
0.07031250 0.50625761
0.07039062 0.50626454
0.07046875 0.50627147
0.07054687 0.50627840
0.07062500 0.50628533
0.07070313 0.50629226
0.07078125 0.50629919
0.07085938 0.50630612
0.07093750 0.50631305
0.07101562 0.50631997
0.07109375 0.50632690
0.07117187 0.50633383
0.07125000 0.50634076
0.07132813 0.50634769
0.07140625 0.50635462
0.07148438 0.50636155
0.07156250 0.50636848
0.07164062 0.50637541
0.07171875 0.50638234
0.07179687 0.50638927
0.07187500 0.50639620
0.07195313 0.50640313
0.07203125 0.50641006
0.07210938 0.50641699
0.07218750 0.50642392
0.07226562 0.50643085
0.07234375 0.50643778
0.07242187 0.50644471
0.07250000 0.50645164
0.07257813 0.50645857
0.07265625 0.50646550
0.07273438 0.50647243
0.07281250 0.50647936
0.07289063 0.50648629
0.07296875 0.50649322
0.07304687 0.50650015
0.07312500 0.50650707
0.07320313 0.50651400
0.07328125 0.50652093
0.07335938 0.50652786
0.07343750 0.50653479
0.07351563 0.50654172
0.07359375 0.50654865
0.07367187 0.50655558
0.07375000 0.50656251
0.07382813 0.50656944
0.07390625 0.50657637
0.07398438 0.50658330
0.07406250 0.50659023
0.07414063 0.50659716
0.07421875 0.50660409
0.07429687 0.50661102
0.07437500 0.50661795
0.07445312 0.50662488
0.07453125 0.50663181
0.07460938 0.50663874
0.07468750 0.50664567
0.07476563 0.50665260
0.07484375 0.50665953
0.07492187 0.50666646
0.07500000 0.50667339
0.07507812 0.50668031
0.07515625 0.50668724
0.07523438 0.50669417
0.07531250 0.50670110
0.07539063 0.50670803
0.07546875 0.50671496
0.07554687 0.50672189
0.07562500 0.50672882
0.07570312 0.50673575
0.07578125 0.50674268
0.07585938 0.50674961
0.07593750 0.50675654
0.07601563 0.50676347
0.07609375 0.50677040
0.07617188 0.50677733
0.07625000 0.50678426
0.07632812 0.50679119
0.07640625 0.50679812
0.07648438 0.50680505
0.07656250 0.50681198
0.07664063 0.50681891
0.07671875 0.50682584
0.07679688 0.50683277
0.07687500 0.50683970
0.07695312 0.50684663
0.07703125 0.50685355
0.07710938 0.50686048
0.07718750 0.50686741
0.07726563 0.50687434
0.07734375 0.50688127
0.07742188 0.50688820
0.07750000 0.50689513
0.07757812 0.50690206
0.07765625 0.50690899
0.07773438 0.50691592
0.07781250 0.50692285
0.07789063 0.50692978
0.07796875 0.50693671
0.07804688 0.50694364
0.07812500 0.50695057
0.07820312 0.50695750
0.07828125 0.50696443
0.07835937 0.50697136
0.07843750 0.50697829
0.07851563 0.50698522
0.07859375 0.50699215
0.07867188 0.50699908
0.07875000 0.50700601
0.07882812 0.50701294
0.07890625 0.50701986
0.07898437 0.50702679
0.07906250 0.50703372
0.07914063 0.50704065
0.07921875 0.50704758
0.07929688 0.50705451
0.07937500 0.50706144
0.07945312 0.50706837
0.07953125 0.50707530
0.07960937 0.50708223
0.07968750 0.50708916
0.07976563 0.50709609
0.07984375 0.50710302
0.07992188 0.50710995
0.08000000 0.50711688
0.08007812 0.50712381
0.08015625 0.50713074
0.08023437 0.50713767
0.08031250 0.50714460
0.08039063 0.50715153
0.08046875 0.50715846
0.08054688 0.50716539
0.08062500 0.50717232
0.08070313 0.50717924
0.08078125 0.50718617
0.08085937 0.50719310
0.08093750 0.50720003
0.08101563 0.50720696
0.08109375 0.50721389
0.08117188 0.50722082
0.08125000 0.50722775
0.08132813 0.50723468
0.08140625 0.50724161
0.08148437 0.50724854
0.08156250 0.50725547
0.08164063 0.50726240
0.08171875 0.50726933
0.08179688 0.50727626
0.08187500 0.50728319
0.08195313 0.50729012
0.08203125 0.50729705
0.08210937 0.50730398
0.08218750 0.50731091
0.08226562 0.50731784
0.08234375 0.50732477
0.08242188 0.50733169
0.08250000 0.50733862
0.08257813 0.50734555
0.08265625 0.50735248
0.08273437 0.50735941
0.08281250 0.50736634
0.08289062 0.50737327
0.08296875 0.50738020
0.08304688 0.50738713
0.08312500 0.50739406
0.08320313 0.50740099
0.08328125 0.50740792
0.08335937 0.50741485
0.08343750 0.50742178
0.08351562 0.50742871
0.08359375 0.50743564
0.08367188 0.50744257
0.08375000 0.50744950
0.08382813 0.50745643
0.08390625 0.50746336
0.08398438 0.50747029
0.08406250 0.50747721
0.08414062 0.50748414
0.08421875 0.50749107
0.08429688 0.50749800
0.08437500 0.50750493
0.08445313 0.50751186
0.08453125 0.50751879
0.08460938 0.50752572
0.08468750 0.50753265
0.08476562 0.50753958
0.08484375 0.50754651
0.08492188 0.50755344
0.08500000 0.50756037
0.08507813 0.50756730
0.08515625 0.50757423
0.08523438 0.50758116
0.08531250 0.50758809
0.08539062 0.50759502
0.08546875 0.50760195
0.08554688 0.50760888
0.08562500 0.50761581
0.08570313 0.50762273
0.08578125 0.50762966
0.08585938 0.50763659
0.08593750 0.50764352
0.08601562 0.50765045
0.08609375 0.50765738
0.08617187 0.50766431
0.08625000 0.50767124
0.08632813 0.50767817
0.08640625 0.50768510
0.08648438 0.50769203
0.08656250 0.50769896
0.08664062 0.50770589
0.08671875 0.50771282
0.08679687 0.50771975
0.08687500 0.50772668
0.08695313 0.50773361
0.08703125 0.50774054
0.08710938 0.50774747
0.08718750 0.50775440
0.08726562 0.50776133
0.08734375 0.50776825
0.08742187 0.50777518
0.08750000 0.50778211
0.08757813 0.50778904
0.08765625 0.50779597
0.08773438 0.50780290
0.08781250 0.50780983
0.08789062 0.50781676
0.08796875 0.50782369
0.08804687 0.50783062
0.08812500 0.50783755
0.08820313 0.50784448
0.08828125 0.50785141
0.08835938 0.50785834
0.08843750 0.50786527
0.08851563 0.50787220
0.08859375 0.50787913
0.08867187 0.50788606
0.08875000 0.50789299
0.08882813 0.50789991
0.08890625 0.50790684
0.08898438 0.50791377
0.08906250 0.50792070
0.08914063 0.50792763
0.08921875 0.50793456
0.08929687 0.50794149
0.08937500 0.50794842
0.08945313 0.50795535
0.08953125 0.50796228
0.08960938 0.50796921
0.08968750 0.50797614
0.08976563 0.50798307
0.08984375 0.50799000
0.08992187 0.50799693
0.09000000 0.50800386
0.09007812 0.50801079
0.09015625 0.50801772
0.09023438 0.50802465
0.09031250 0.50803158
0.09039063 0.50803850
0.09046875 0.50804543
0.09054687 0.50805236
0.09062500 0.50805929
0.09070312 0.50806622
0.09078125 0.50807315
0.09085938 0.50808008
0.09093750 0.50808701
0.09101563 0.50809394
0.09109375 0.50810087
0.09117187 0.50810780
0.09125000 0.50811473
0.09132812 0.50812166
0.09140625 0.50812859
0.09148438 0.50813552
0.09156250 0.50814245
0.09164063 0.50814938
0.09171875 0.50815631
0.09179688 0.50816323
0.09187500 0.50817016
0.09195312 0.50817709
0.09203125 0.50818402
0.09210938 0.50819095
0.09218750 0.50819788
0.09226563 0.50820481
0.09234375 0.50821174
0.09242188 0.50821867
0.09250000 0.50822560
0.09257812 0.50823253
0.09265625 0.50823946
0.09273438 0.50824639
0.09281250 0.50825332
0.09289063 0.50826025
0.09296875 0.50826718
0.09304688 0.50827411
0.09312500 0.50828104
0.09320312 0.50828797
0.09328125 0.50829489
0.09335938 0.50830182
0.09343750 0.50830875
0.09351563 0.50831568
0.09359375 0.50832261
0.09367188 0.50832954
0.09375000 0.50833647
0.09382812 0.50834340
0.09390625 0.50835033
0.09398438 0.50835726
0.09406250 0.50836419
0.09414063 0.50837112
0.09421875 0.50837805
0.09429688 0.50838498
0.09437500 0.50839191
0.09445312 0.50839884
0.09453125 0.50840577
0.09460937 0.50841270
0.09468750 0.50841962
0.09476563 0.50842655
0.09484375 0.50843348
0.09492188 0.50844041
0.09500000 0.50844734
0.09507812 0.50845427
0.09515625 0.50846120
0.09523437 0.50846813
0.09531250 0.50847506
0.09539063 0.50848199
0.09546875 0.50848892
0.09554688 0.50849585
0.09562500 0.50850278
0.09570312 0.50850971
0.09578125 0.50851664
0.09585937 0.50852357
0.09593750 0.50853050
0.09601563 0.50853742
0.09609375 0.50854435
0.09617188 0.50855128
0.09625000 0.50855821
0.09632813 0.50856514
0.09640625 0.50857207
0.09648437 0.50857900
0.09656250 0.50858593
0.09664063 0.50859286
0.09671875 0.50859979
0.09679688 0.50860672
0.09687500 0.50861365
0.09695313 0.50862058
0.09703125 0.50862751
0.09710937 0.50863444
0.09718750 0.50864137
0.09726563 0.50864830
0.09734375 0.50865522
0.09742188 0.50866215
0.09750000 0.50866908
0.09757813 0.50867601
0.09765625 0.50868294
0.09773437 0.50868987
0.09781250 0.50869680
0.09789063 0.50870373
0.09796875 0.50871066
0.09804688 0.50871759
0.09812500 0.50872452
0.09820313 0.50873145
0.09828125 0.50873838
0.09835937 0.50874531
0.09843750 0.50875224
0.09851562 0.50875917
0.09859375 0.50876610
0.09867188 0.50877302
0.09875000 0.50877995
0.09882813 0.50878688
0.09890625 0.50879381
0.09898437 0.50880074
0.09906250 0.50880767
0.09914062 0.50881460
0.09921875 0.50882153
0.09929688 0.50882846
0.09937500 0.50883539
0.09945313 0.50884232
0.09953125 0.50884925
0.09960938 0.50885618
0.09968750 0.50886311
0.09976562 0.50887004
0.09984375 0.50887697
0.09992188 0.50888390
0.10000000 0.50889082
0.10007813 0.50889775
0.10015625 0.50890468
0.10023438 0.50891161
0.10031250 0.50891854
0.10039062 0.50892547
0.10046875 0.50893240
0.10054688 0.50893933
0.10062500 0.50894626
0.10070313 0.50895319
0.10078125 0.50896012
0.10085938 0.50896705
0.10093750 0.50897398
0.10101562 0.50898091
0.10109375 0.50898784
0.10117188 0.50899477
0.10125000 0.50900169
0.10132813 0.50900862
0.10140625 0.50901555
0.10148438 0.50902248
0.10156250 0.50902941
0.10164062 0.50903634
0.10171875 0.50904327
0.10179688 0.50905020
0.10187500 0.50905713
0.10195313 0.50906406
0.10203125 0.50907099
0.10210938 0.50907792
0.10218750 0.50908485
0.10226562 0.50909178
0.10234375 0.50909871
0.10242187 0.50910563
0.10250000 0.50911256
0.10257813 0.50911949
0.10265625 0.50912642
0.10273438 0.50913335
0.10281250 0.50914028
0.10289062 0.50914721
0.10296875 0.50915414
0.10304687 0.50916107
0.10312500 0.50916800
0.10320313 0.50917493
0.10328125 0.50918186
0.10335938 0.50918879
0.10343750 0.50919572
0.10351562 0.50920265
0.10359375 0.50920958
0.10367187 0.50921650
0.10375000 0.50922343
0.10382813 0.50923036
0.10390625 0.50923729
0.10398438 0.50924422
0.10406250 0.50925115
0.10414063 0.50925808
0.10421875 0.50926501
0.10429687 0.50927194
0.10437500 0.50927887
0.10445313 0.50928580
0.10453125 0.50929273
0.10460938 0.50929966
0.10468750 0.50930659
0.10476563 0.50931352
0.10484375 0.50932044
0.10492187 0.50932737
0.10500000 0.50933430
0.10507813 0.50934123
0.10515625 0.50934816
0.10523438 0.50935509
0.10531250 0.50936202
0.10539063 0.50936895
0.10546875 0.50937588
0.10554687 0.50938281
0.10562500 0.50938974
0.10570313 0.50939667
0.10578125 0.50940360
0.10585938 0.50941053
0.10593750 0.50941746
0.10601563 0.50942438
0.10609375 0.50943131
0.10617187 0.50943824
0.10625000 0.50944517
0.10632812 0.50945210
0.10640625 0.50945903
0.10648438 0.50946596
0.10656250 0.50947289
0.10664063 0.50947982
0.10671875 0.50948675
0.10679687 0.50949368
0.10687500 0.50950061
0.10695312 0.50950754
0.10703125 0.50951447
0.10710938 0.50952140
0.10718750 0.50952832
0.10726563 0.50953525
0.10734375 0.50954218
0.10742188 0.50954911
0.10750000 0.50955604
0.10757812 0.50956297
0.10765625 0.50956990
0.10773438 0.50957683
0.10781250 0.50958376
0.10789063 0.50959069
0.10796875 0.50959762
0.10804688 0.50960455
0.10812500 0.50961148
0.10820312 0.50961841
0.10828125 0.50962533
0.10835938 0.50963226
0.10843750 0.50963919
0.10851563 0.50964612
0.10859375 0.50965305
0.10867188 0.50965998
0.10875000 0.50966691
0.10882812 0.50967384
0.10890625 0.50968077
0.10898438 0.50968770
0.10906250 0.50969463
0.10914063 0.50970156
0.10921875 0.50970849
0.10929688 0.50971542
0.10937500 0.50972234
0.10945312 0.50972927
0.10953125 0.50973620
0.10960938 0.50974313
0.10968750 0.50975006
0.10976563 0.50975699
0.10984375 0.50976392
0.10992188 0.50977085
0.11000000 0.50977778
0.11007812 0.50978471
0.11015625 0.50979164
0.11023437 0.50979857
0.11031250 0.50980550
0.11039063 0.50981243
0.11046875 0.50981935
0.11054688 0.50982628
0.11062500 0.50983321
0.11070312 0.50984014
0.11078125 0.50984707
0.11085937 0.50985400
0.11093750 0.50986093
0.11101563 0.50986786
0.11109375 0.50987479
0.11117188 0.50988172
0.11125000 0.50988865
0.11132812 0.50989558
0.11140625 0.50990251
0.11148437 0.50990944
0.11156250 0.50991636
0.11164063 0.50992329
0.11171875 0.50993022
0.11179688 0.50993715
0.11187500 0.50994408
0.11195313 0.50995101
0.11203125 0.50995794
0.11210937 0.50996487
0.11218750 0.50997180
0.11226563 0.50997873
0.11234375 0.50998566
0.11242188 0.50999259
0.11250000 0.50999952
0.11257813 0.51000644
0.11265625 0.51001337
0.11273437 0.51002030
0.11281250 0.51002723
0.11289063 0.51003416
0.11296875 0.51004109
0.11304688 0.51004802
0.11312500 0.51005495
0.11320313 0.51006188
0.11328125 0.51006881
0.11335937 0.51007574
0.11343750 0.51008267
0.11351563 0.51008960
0.11359375 0.51009652
0.11367188 0.51010345
0.11375000 0.51011038
0.11382813 0.51011731
0.11390625 0.51012424
0.11398437 0.51013117
0.11406250 0.51013810
0.11414062 0.51014503
0.11421875 0.51015196
0.11429688 0.51015889
0.11437500 0.51016582
0.11445313 0.51017275
0.11453125 0.51017968
0.11460937 0.51018660
0.11468750 0.51019353
0.11476562 0.51020046
0.11484375 0.51020739
0.11492188 0.51021432
0.11500000 0.51022125
0.11507813 0.51022818
0.11515625 0.51023511
0.11523438 0.51024204
0.11531250 0.51024897
0.11539062 0.51025590
0.11546875 0.51026283
0.11554688 0.51026976
0.11562500 0.51027668
0.11570313 0.51028361
0.11578125 0.51029054
0.11585938 0.51029747
0.11593750 0.51030440
0.11601562 0.51031133
0.11609375 0.51031826
0.11617188 0.51032519
0.11625000 0.51033212
0.11632813 0.51033905
0.11640625 0.51034598
0.11648438 0.51035291
0.11656250 0.51035984
0.11664062 0.51036676
0.11671875 0.51037369
0.11679688 0.51038062
0.11687500 0.51038755
0.11695313 0.51039448
0.11703125 0.51040141
0.11710938 0.51040834
0.11718750 0.51041527
0.11726562 0.51042220
0.11734375 0.51042913
0.11742188 0.51043606
0.11750000 0.51044299
0.11757813 0.51044991
0.11765625 0.51045684
0.11773438 0.51046377
0.11781250 0.51047070
0.11789062 0.51047763
0.11796875 0.51048456
0.11804687 0.51049149
0.11812500 0.51049842
0.11820313 0.51050535
0.11828125 0.51051228
0.11835938 0.51051921
0.11843750 0.51052614
0.11851562 0.51053307
0.11859375 0.51053999
0.11867187 0.51054692
0.11875000 0.51055385
0.11882813 0.51056078
0.11890625 0.51056771
0.11898438 0.51057464
0.11906250 0.51058157
0.11914062 0.51058850
0.11921875 0.51059543
0.11929687 0.51060236
0.11937500 0.51060929
0.11945313 0.51061622
0.11953125 0.51062314
0.11960938 0.51063007
0.11968750 0.51063700
0.11976563 0.51064393
0.11984375 0.51065086
0.11992187 0.51065779
0.12000000 0.51066472
0.12007813 0.51067165
0.12015625 0.51067858
0.12023438 0.51068551
0.12031250 0.51069244
0.12039063 0.51069937
0.12046875 0.51070629
0.12054687 0.51071322
0.12062500 0.51072015
0.12070313 0.51072708
0.12078125 0.51073401
0.12085938 0.51074094
0.12093750 0.51074787
0.12101563 0.51075480
0.12109375 0.51076173
0.12117187 0.51076866
0.12125000 0.51077559
0.12132813 0.51078252
0.12140625 0.51078944
0.12148438 0.51079637
0.12156250 0.51080330
0.12164063 0.51081023
0.12171875 0.51081716
0.12179687 0.51082409
0.12187500 0.51083102
0.12195313 0.51083795
0.12203125 0.51084488
0.12210938 0.51085181
0.12218750 0.51085874
0.12226563 0.51086566
0.12234375 0.51087259
0.12242187 0.51087952
0.12250000 0.51088645
0.12257812 0.51089338
0.12265625 0.51090031
0.12273438 0.51090724
0.12281250 0.51091417
0.12289063 0.51092110
0.12296875 0.51092803
0.12304688 0.51093496
0.12312500 0.51094189
0.12320312 0.51094881
0.12328125 0.51095574
0.12335938 0.51096267
0.12343750 0.51096960
0.12351563 0.51097653
0.12359375 0.51098346
0.12367188 0.51099039
0.12375000 0.51099732
0.12382812 0.51100425
0.12390625 0.51101118
0.12398438 0.51101811
0.12406250 0.51102503
0.12414063 0.51103196
0.12421875 0.51103889
0.12429688 0.51104582
0.12437500 0.51105275
0.12445312 0.51105968
0.12453125 0.51106661
0.12460938 0.51107354
0.12468750 0.51108047
0.12476563 0.51108740
0.12484375 0.51109433
0.12492188 0.51110126
0.12500000 0.51110818
0.12507813 0.51111511
0.12515625 0.51112204
0.12523438 0.51112897
0.12531250 0.51113590
0.12539063 0.51114283
0.12546875 0.51114976
0.12554688 0.51115669
0.12562500 0.51116362
0.12570312 0.51117055
0.12578125 0.51117748
0.12585937 0.51118440
0.12593750 0.51119133
0.12601562 0.51119826
0.12609375 0.51120519
0.12617187 0.51121212
0.12625000 0.51121905
0.12632813 0.51122598
0.12640625 0.51123291
0.12648438 0.51123984
0.12656250 0.51124677
0.12664063 0.51125370
0.12671875 0.51126062
0.12679688 0.51126755
0.12687500 0.51127448
0.12695312 0.51128141
0.12703125 0.51128834
0.12710937 0.51129527
0.12718750 0.51130220
0.12726562 0.51130913
0.12734375 0.51131606
0.12742187 0.51132299
0.12750000 0.51132992
0.12757813 0.51133684
0.12765625 0.51134377
0.12773438 0.51135070
0.12781250 0.51135763
0.12789063 0.51136456
0.12796875 0.51137149
0.12804688 0.51137842
0.12812500 0.51138535
0.12820313 0.51139228
0.12828125 0.51139921
0.12835937 0.51140613
0.12843750 0.51141306
0.12851562 0.51141999
0.12859375 0.51142692
0.12867187 0.51143385
0.12875000 0.51144078
0.12882813 0.51144771
0.12890625 0.51145464
0.12898438 0.51146157
0.12906250 0.51146850
0.12914063 0.51147543
0.12921875 0.51148235
0.12929688 0.51148928
0.12937500 0.51149621
0.12945313 0.51150314
0.12953125 0.51151007
0.12960937 0.51151700
0.12968750 0.51152393
0.12976562 0.51153086
0.12984375 0.51153779
0.12992187 0.51154472
0.13000000 0.51155164
0.13007812 0.51155857
0.13015625 0.51156550
0.13023438 0.51157243
0.13031250 0.51157936
0.13039063 0.51158629
0.13046875 0.51159322
0.13054688 0.51160015
0.13062500 0.51160708
0.13070313 0.51161401
0.13078125 0.51162094
0.13085938 0.51162786
0.13093750 0.51163479
0.13101562 0.51164172
0.13109375 0.51164865
0.13117187 0.51165558
0.13125000 0.51166251
0.13132812 0.51166944
0.13140625 0.51167637
0.13148438 0.51168330
0.13156250 0.51169023
0.13164063 0.51169715
0.13171875 0.51170408
0.13179688 0.51171101
0.13187500 0.51171794
0.13195313 0.51172487
0.13203125 0.51173180
0.13210938 0.51173873
0.13218750 0.51174566
0.13226562 0.51175259
0.13234375 0.51175952
0.13242187 0.51176644
0.13250000 0.51177337
0.13257812 0.51178030
0.13265625 0.51178723
0.13273438 0.51179416
0.13281250 0.51180109
0.13289063 0.51180802
0.13296875 0.51181495
0.13304688 0.51182188
0.13312500 0.51182881
0.13320313 0.51183573
0.13328125 0.51184266
0.13335938 0.51184959
0.13343750 0.51185652
0.13351562 0.51186345
0.13359375 0.51187038
0.13367187 0.51187731
0.13375000 0.51188424
0.13382812 0.51189117
0.13390625 0.51189810
0.13398438 0.51190502
0.13406250 0.51191195
0.13414063 0.51191888
0.13421875 0.51192581
0.13429688 0.51193274
0.13437500 0.51193967
0.13445313 0.51194660
0.13453125 0.51195353
0.13460938 0.51196046
0.13468750 0.51196739
0.13476562 0.51197431
0.13484375 0.51198124
0.13492187 0.51198817
0.13500000 0.51199510
0.13507812 0.51200203
0.13515625 0.51200896
0.13523437 0.51201589
0.13531250 0.51202282
0.13539063 0.51202975
0.13546875 0.51203668
0.13554688 0.51204360
0.13562500 0.51205053
0.13570313 0.51205746
0.13578125 0.51206439
0.13585938 0.51207132
0.13593750 0.51207825
0.13601563 0.51208518
0.13609375 0.51209211
0.13617187 0.51209904
0.13625000 0.51210596
0.13632812 0.51211289
0.13640625 0.51211982
0.13648437 0.51212675
0.13656250 0.51213368
0.13664063 0.51214061
0.13671875 0.51214754
0.13679688 0.51215447
0.13687500 0.51216140
0.13695313 0.51216833
0.13703125 0.51217525
0.13710938 0.51218218
0.13718750 0.51218911
0.13726563 0.51219604
0.13734375 0.51220297
0.13742187 0.51220990
0.13750000 0.51221683
0.13757812 0.51222376
0.13765625 0.51223069
0.13773437 0.51223762
0.13781250 0.51224454
0.13789063 0.51225147
0.13796875 0.51225840
0.13804688 0.51226533
0.13812500 0.51227226
0.13820313 0.51227919
0.13828125 0.51228612
0.13835938 0.51229305
0.13843750 0.51229998
0.13851563 0.51230690
0.13859375 0.51231383
0.13867188 0.51232076
0.13875000 0.51232769
0.13882812 0.51233462
0.13890625 0.51234155
0.13898437 0.51234848
0.13906250 0.51235541
0.13914062 0.51236234
0.13921875 0.51236926
0.13929688 0.51237619
0.13937500 0.51238312
0.13945313 0.51239005
0.13953125 0.51239698
0.13960938 0.51240391
0.13968750 0.51241084
0.13976563 0.51241777
0.13984375 0.51242470
0.13992188 0.51243162
0.14000000 0.51243855
0.14007812 0.51244548
0.14015625 0.51245241
0.14023437 0.51245934
0.14031250 0.51246627
0.14039062 0.51247320
0.14046875 0.51248013
0.14054688 0.51248706
0.14062500 0.51249399
0.14070313 0.51250091
0.14078125 0.51250784
0.14085938 0.51251477
0.14093750 0.51252170
0.14101563 0.51252863
0.14109375 0.51253556
0.14117188 0.51254249
0.14125000 0.51254942
0.14132812 0.51255635
0.14140625 0.51256327
0.14148437 0.51257020
0.14156250 0.51257713
0.14164062 0.51258406
0.14171875 0.51259099
0.14179688 0.51259792
0.14187500 0.51260485
0.14195313 0.51261178
0.14203125 0.51261871
0.14210938 0.51262563
0.14218750 0.51263256
0.14226563 0.51263949
0.14234375 0.51264642
0.14242188 0.51265335
0.14250000 0.51266028
0.14257812 0.51266721
0.14265625 0.51267414
0.14273437 0.51268106
0.14281250 0.51268799
0.14289062 0.51269492
0.14296875 0.51270185
0.14304687 0.51270878
0.14312500 0.51271571
0.14320313 0.51272264
0.14328125 0.51272957
0.14335938 0.51273650
0.14343750 0.51274342
0.14351563 0.51275035
0.14359375 0.51275728
0.14367188 0.51276421
0.14375000 0.51277114
0.14382813 0.51277807
0.14390625 0.51278500
0.14398437 0.51279193
0.14406250 0.51279886
0.14414062 0.51280578
0.14421875 0.51281271
0.14429687 0.51281964
0.14437500 0.51282657
0.14445313 0.51283350
0.14453125 0.51284043
0.14460938 0.51284736
0.14468750 0.51285429
0.14476563 0.51286122
0.14484375 0.51286814
0.14492188 0.51287507
0.14500000 0.51288200
0.14507813 0.51288893
0.14515625 0.51289586
0.14523437 0.51290279
0.14531250 0.51290972
0.14539062 0.51291665
0.14546875 0.51292357
0.14554687 0.51293050
0.14562500 0.51293743
0.14570313 0.51294436
0.14578125 0.51295129
0.14585938 0.51295822
0.14593750 0.51296515
0.14601563 0.51297208
0.14609375 0.51297901
0.14617188 0.51298593
0.14625000 0.51299286
0.14632813 0.51299979
0.14640625 0.51300672
0.14648438 0.51301365
0.14656250 0.51302058
0.14664062 0.51302751
0.14671875 0.51303444
0.14679687 0.51304136
0.14687500 0.51304829
0.14695312 0.51305522
0.14703125 0.51306215
0.14710938 0.51306908
0.14718750 0.51307601
0.14726563 0.51308294
0.14734375 0.51308987
0.14742188 0.51309680
0.14750000 0.51310372
0.14757813 0.51311065
0.14765625 0.51311758
0.14773438 0.51312451
0.14781250 0.51313144
0.14789062 0.51313837
0.14796875 0.51314530
0.14804687 0.51315223
0.14812500 0.51315915
0.14820312 0.51316608
0.14828125 0.51317301
0.14835938 0.51317994
0.14843750 0.51318687
0.14851563 0.51319380
0.14859375 0.51320073
0.14867188 0.51320766
0.14875000 0.51321458
0.14882813 0.51322151
0.14890625 0.51322844
0.14898438 0.51323537
0.14906250 0.51324230
0.14914062 0.51324923
0.14921875 0.51325616
0.14929687 0.51326309
0.14937500 0.51327001
0.14945312 0.51327694
0.14953125 0.51328387
0.14960938 0.51329080
0.14968750 0.51329773
0.14976563 0.51330466
0.14984375 0.51331159
0.14992188 0.51331852
0.15000000 0.51332544
0.15007813 0.51333237
0.15015625 0.51333930
0.15023438 0.51334623
0.15031250 0.51335316
0.15039062 0.51336009
0.15046875 0.51336702
0.15054687 0.51337395
0.15062500 0.51338087
0.15070312 0.51338780
0.15078125 0.51339473
0.15085937 0.51340166
0.15093750 0.51340859
0.15101563 0.51341552
0.15109375 0.51342245
0.15117188 0.51342938
0.15125000 0.51343630
0.15132813 0.51344323
0.15140625 0.51345016
0.15148438 0.51345709
0.15156250 0.51346402
0.15164063 0.51347095
0.15171875 0.51347788
0.15179687 0.51348481
0.15187500 0.51349173
0.15195312 0.51349866
0.15203125 0.51350559
0.15210937 0.51351252
0.15218750 0.51351945
0.15226563 0.51352638
0.15234375 0.51353331
0.15242188 0.51354024
0.15250000 0.51354716
0.15257813 0.51355409
0.15265625 0.51356102
0.15273438 0.51356795
0.15281250 0.51357488
0.15289063 0.51358181
0.15296875 0.51358874
0.15304687 0.51359567
0.15312500 0.51360259
0.15320312 0.51360952
0.15328125 0.51361645
0.15335937 0.51362338
0.15343750 0.51363031
0.15351563 0.51363724
0.15359375 0.51364417
0.15367188 0.51365110
0.15375000 0.51365802
0.15382813 0.51366495
0.15390625 0.51367188
0.15398438 0.51367881
0.15406250 0.51368574
0.15414063 0.51369267
0.15421875 0.51369960
0.15429688 0.51370653
0.15437500 0.51371345
0.15445312 0.51372038
0.15453125 0.51372731
0.15460937 0.51373424
0.15468750 0.51374117
0.15476562 0.51374810
0.15484375 0.51375503
0.15492188 0.51376195
0.15500000 0.51376888
0.15507813 0.51377581
0.15515625 0.51378274
0.15523438 0.51378967
0.15531250 0.51379660
0.15539063 0.51380353
0.15546875 0.51381046
0.15554688 0.51381738
0.15562500 0.51382431
0.15570312 0.51383124
0.15578125 0.51383817
0.15585937 0.51384510
0.15593750 0.51385203
0.15601562 0.51385896
0.15609375 0.51386588
0.15617188 0.51387281
0.15625000 0.51387974
0.15632813 0.51388667
0.15640625 0.51389360
0.15648438 0.51390053
0.15656250 0.51390746
0.15664063 0.51391439
0.15671875 0.51392131
0.15679688 0.51392824
0.15687500 0.51393517
0.15695312 0.51394210
0.15703125 0.51394903
0.15710937 0.51395596
0.15718750 0.51396289
0.15726562 0.51396981
0.15734375 0.51397674
0.15742188 0.51398367
0.15750000 0.51399060
0.15757813 0.51399753
0.15765625 0.51400446
0.15773438 0.51401139
0.15781250 0.51401832
0.15789063 0.51402524
0.15796875 0.51403217
0.15804688 0.51403910
0.15812500 0.51404603
0.15820312 0.51405296
0.15828125 0.51405989
0.15835937 0.51406682
0.15843750 0.51407374
0.15851562 0.51408067
0.15859375 0.51408760
0.15867187 0.51409453
0.15875000 0.51410146
0.15882813 0.51410839
0.15890625 0.51411532
0.15898438 0.51412224
0.15906250 0.51412917
0.15914063 0.51413610
0.15921875 0.51414303
0.15929688 0.51414996
0.15937500 0.51415689
0.15945313 0.51416382
0.15953125 0.51417075
0.15960937 0.51417767
0.15968750 0.51418460
0.15976562 0.51419153
0.15984375 0.51419846
0.15992187 0.51420539
0.16000000 0.51421232
0.16007813 0.51421925
0.16015625 0.51422617
0.16023438 0.51423310
0.16031250 0.51424003
0.16039063 0.51424696
0.16046875 0.51425389
0.16054688 0.51426082
0.16062500 0.51426775
0.16070313 0.51427467
0.16078125 0.51428160
0.16085937 0.51428853
0.16093750 0.51429546
0.16101562 0.51430239
0.16109375 0.51430932
0.16117187 0.51431625
0.16125000 0.51432317
0.16132813 0.51433010
0.16140625 0.51433703
0.16148438 0.51434396
0.16156250 0.51435089
0.16164063 0.51435782
0.16171875 0.51436475
0.16179688 0.51437167
0.16187500 0.51437860
0.16195313 0.51438553
0.16203125 0.51439246
0.16210938 0.51439939
0.16218750 0.51440632
0.16226562 0.51441325
0.16234375 0.51442017
0.16242187 0.51442710
0.16250000 0.51443403
0.16257812 0.51444096
0.16265625 0.51444789
0.16273438 0.51445482
0.16281250 0.51446175
0.16289063 0.51446867
0.16296875 0.51447560
0.16304688 0.51448253
0.16312500 0.51448946
0.16320313 0.51449639
0.16328125 0.51450332
0.16335938 0.51451025
0.16343750 0.51451717
0.16351562 0.51452410
0.16359375 0.51453103
0.16367187 0.51453796
0.16375000 0.51454489
0.16382812 0.51455182
0.16390625 0.51455875
0.16398438 0.51456567
0.16406250 0.51457260
0.16414063 0.51457953
0.16421875 0.51458646
0.16429688 0.51459339
0.16437500 0.51460032
0.16445313 0.51460725
0.16453125 0.51461417
0.16460938 0.51462110
0.16468750 0.51462803
0.16476562 0.51463496
0.16484375 0.51464189
0.16492187 0.51464882
0.16500000 0.51465575
0.16507812 0.51466267
0.16515625 0.51466960
0.16523438 0.51467653
0.16531250 0.51468346
0.16539063 0.51469039
0.16546875 0.51469732
0.16554688 0.51470425
0.16562500 0.51471117
0.16570313 0.51471810
0.16578125 0.51472503
0.16585938 0.51473196
0.16593750 0.51473889
0.16601562 0.51474582
0.16609375 0.51475274
0.16617187 0.51475967
0.16625000 0.51476660
0.16632812 0.51477353
0.16640625 0.51478046
0.16648437 0.51478739
0.16656250 0.51479432
0.16664063 0.51480124
0.16671875 0.51480817
0.16679688 0.51481510
0.16687500 0.51482203
0.16695313 0.51482896
0.16703125 0.51483589
0.16710938 0.51484282
0.16718750 0.51484974
0.16726563 0.51485667
0.16734375 0.51486360
0.16742187 0.51487053
0.16750000 0.51487746
0.16757812 0.51488439
0.16765625 0.51489131
0.16773437 0.51489824
0.16781250 0.51490517
0.16789063 0.51491210
0.16796875 0.51491903
0.16804688 0.51492596
0.16812500 0.51493289
0.16820313 0.51493981
0.16828125 0.51494674
0.16835938 0.51495367
0.16843750 0.51496060
0.16851563 0.51496753
0.16859375 0.51497446
0.16867187 0.51498138
0.16875000 0.51498831
0.16882812 0.51499524
0.16890625 0.51500217
0.16898437 0.51500910
0.16906250 0.51501603
0.16914063 0.51502296
0.16921875 0.51502988
0.16929688 0.51503681
0.16937500 0.51504374
0.16945313 0.51505067
0.16953125 0.51505760
0.16960938 0.51506453
0.16968750 0.51507145
0.16976563 0.51507838
0.16984375 0.51508531
0.16992188 0.51509224
0.17000000 0.51509917
0.17007812 0.51510610
0.17015625 0.51511303
0.17023437 0.51511995
0.17031250 0.51512688
0.17039062 0.51513381
0.17046875 0.51514074
0.17054688 0.51514767
0.17062500 0.51515460
0.17070313 0.51516152
0.17078125 0.51516845
0.17085938 0.51517538
0.17093750 0.51518231
0.17101563 0.51518924
0.17109375 0.51519617
0.17117188 0.51520310
0.17125000 0.51521002
0.17132812 0.51521695
0.17140625 0.51522388
0.17148437 0.51523081
0.17156250 0.51523774
0.17164062 0.51524467
0.17171875 0.51525159
0.17179688 0.51525852
0.17187500 0.51526545
0.17195313 0.51527238
0.17203125 0.51527931
0.17210938 0.51528624
0.17218750 0.51529316
0.17226563 0.51530009
0.17234375 0.51530702
0.17242188 0.51531395
0.17250000 0.51532088
0.17257812 0.51532781
0.17265625 0.51533474
0.17273437 0.51534166
0.17281250 0.51534859
0.17289062 0.51535552
0.17296875 0.51536245
0.17304688 0.51536938
0.17312500 0.51537631
0.17320313 0.51538323
0.17328125 0.51539016
0.17335938 0.51539709
0.17343750 0.51540402
0.17351563 0.51541095
0.17359375 0.51541788
0.17367188 0.51542480
0.17375000 0.51543173
0.17382812 0.51543866
0.17390625 0.51544559
0.17398437 0.51545252
0.17406250 0.51545945
0.17414062 0.51546637
0.17421875 0.51547330
0.17429687 0.51548023
0.17437500 0.51548716
0.17445313 0.51549409
0.17453125 0.51550102
0.17460938 0.51550794
0.17468750 0.51551487
0.17476563 0.51552180
0.17484375 0.51552873
0.17492188 0.51553566
0.17500000 0.51554259
0.17507813 0.51554951
0.17515625 0.51555644
0.17523437 0.51556337
0.17531250 0.51557030
0.17539062 0.51557723
0.17546875 0.51558416
0.17554687 0.51559108
0.17562500 0.51559801
0.17570313 0.51560494
0.17578125 0.51561187
0.17585938 0.51561880
0.17593750 0.51562573
0.17601563 0.51563266
0.17609375 0.51563958
0.17617188 0.51564651
0.17625000 0.51565344
0.17632813 0.51566037
0.17640625 0.51566730
0.17648437 0.51567423
0.17656250 0.51568115
0.17664062 0.51568808
0.17671875 0.51569501
0.17679687 0.51570194
0.17687500 0.51570887
0.17695313 0.51571580
0.17703125 0.51572272
0.17710938 0.51572965
0.17718750 0.51573658
0.17726563 0.51574351
0.17734375 0.51575044
0.17742188 0.51575737
0.17750000 0.51576429
0.17757813 0.51577122
0.17765625 0.51577815
0.17773438 0.51578508
0.17781250 0.51579201
0.17789062 0.51579893
0.17796875 0.51580586
0.17804687 0.51581279
0.17812500 0.51581972
0.17820312 0.51582665
0.17828125 0.51583358
0.17835938 0.51584050
0.17843750 0.51584743
0.17851563 0.51585436
0.17859375 0.51586129
0.17867188 0.51586822
0.17875000 0.51587515
0.17882813 0.51588207
0.17890625 0.51588900
0.17898438 0.51589593
0.17906250 0.51590286
0.17914062 0.51590979
0.17921875 0.51591672
0.17929687 0.51592364
0.17937500 0.51593057
0.17945312 0.51593750
0.17953125 0.51594443
0.17960938 0.51595136
0.17968750 0.51595829
0.17976563 0.51596521
0.17984375 0.51597214
0.17992188 0.51597907
0.18000000 0.51598600
0.18007813 0.51599293
0.18015625 0.51599986
0.18023438 0.51600678
0.18031250 0.51601371
0.18039062 0.51602064
0.18046875 0.51602757
0.18054687 0.51603450
0.18062500 0.51604142
0.18070312 0.51604835
0.18078125 0.51605528
0.18085938 0.51606221
0.18093750 0.51606914
0.18101563 0.51607607
0.18109375 0.51608299
0.18117188 0.51608992
0.18125000 0.51609685
0.18132813 0.51610378
0.18140625 0.51611071
0.18148438 0.51611764
0.18156250 0.51612456
0.18164062 0.51613149
0.18171875 0.51613842
0.18179687 0.51614535
0.18187500 0.51615228
0.18195312 0.51615921
0.18203125 0.51616613
0.18210937 0.51617306
0.18218750 0.51617999
0.18226563 0.51618692
0.18234375 0.51619385
0.18242188 0.51620077
0.18250000 0.51620770
0.18257813 0.51621463
0.18265625 0.51622156
0.18273438 0.51622849
0.18281250 0.51623542
0.18289063 0.51624234
0.18296875 0.51624927
0.18304687 0.51625620
0.18312500 0.51626313
0.18320312 0.51627006
0.18328125 0.51627698
0.18335937 0.51628391
0.18343750 0.51629084
0.18351563 0.51629777
0.18359375 0.51630470
0.18367188 0.51631163
0.18375000 0.51631855
0.18382813 0.51632548
0.18390625 0.51633241
0.18398438 0.51633934
0.18406250 0.51634627
0.18414063 0.51635320
0.18421875 0.51636012
0.18429687 0.51636705
0.18437500 0.51637398
0.18445312 0.51638091
0.18453125 0.51638784
0.18460937 0.51639476
0.18468750 0.51640169
0.18476563 0.51640862
0.18484375 0.51641555
0.18492188 0.51642248
0.18500000 0.51642941
0.18507813 0.51643633
0.18515625 0.51644326
0.18523438 0.51645019
0.18531250 0.51645712
0.18539063 0.51646405
0.18546875 0.51647097
0.18554688 0.51647790
0.18562500 0.51648483
0.18570312 0.51649176
0.18578125 0.51649869
0.18585937 0.51650562
0.18593750 0.51651254
0.18601562 0.51651947
0.18609375 0.51652640
0.18617188 0.51653333
0.18625000 0.51654026
0.18632813 0.51654718
0.18640625 0.51655411
0.18648438 0.51656104
0.18656250 0.51656797
0.18664063 0.51657490
0.18671875 0.51658182
0.18679688 0.51658875
0.18687500 0.51659568
0.18695312 0.51660261
0.18703125 0.51660954
0.18710937 0.51661647
0.18718750 0.51662339
0.18726562 0.51663032
0.18734375 0.51663725
0.18742188 0.51664418
0.18750000 0.51665111
0.18757813 0.51665803
0.18765625 0.51666496
0.18773438 0.51667189
0.18781250 0.51667882
0.18789063 0.51668575
0.18796875 0.51669268
0.18804688 0.51669960
0.18812500 0.51670653
0.18820312 0.51671346
0.18828125 0.51672039
0.18835937 0.51672732
0.18843750 0.51673424
0.18851562 0.51674117
0.18859375 0.51674810
0.18867188 0.51675503
0.18875000 0.51676196
0.18882813 0.51676888
0.18890625 0.51677581
0.18898438 0.51678274
0.18906250 0.51678967
0.18914063 0.51679660
0.18921875 0.51680352
0.18929688 0.51681045
0.18937500 0.51681738
0.18945312 0.51682431
0.18953125 0.51683124
0.18960937 0.51683817
0.18968750 0.51684509
0.18976562 0.51685202
0.18984375 0.51685895
0.18992188 0.51686588
0.19000000 0.51687281
0.19007813 0.51687973
0.19015625 0.51688666
0.19023438 0.51689359
0.19031250 0.51690052
0.19039063 0.51690745
0.19046875 0.51691437
0.19054688 0.51692130
0.19062500 0.51692823
0.19070313 0.51693516
0.19078125 0.51694209
0.19085937 0.51694901
0.19093750 0.51695594
0.19101562 0.51696287
0.19109375 0.51696980
0.19117187 0.51697673
0.19125000 0.51698366
0.19132813 0.51699058
0.19140625 0.51699751
0.19148438 0.51700444
0.19156250 0.51701137
0.19164063 0.51701830
0.19171875 0.51702522
0.19179688 0.51703215
0.19187500 0.51703908
0.19195313 0.51704601
0.19203125 0.51705294
0.19210937 0.51705986
0.19218750 0.51706679
0.19226562 0.51707372
0.19234375 0.51708065
0.19242187 0.51708758
0.19250000 0.51709450
0.19257813 0.51710143
0.19265625 0.51710836
0.19273438 0.51711529
0.19281250 0.51712222
0.19289063 0.51712914
0.19296875 0.51713607
0.19304688 0.51714300
0.19312500 0.51714993
0.19320313 0.51715686
0.19328125 0.51716378
0.19335938 0.51717071
0.19343750 0.51717764
0.19351562 0.51718457
0.19359375 0.51719150
0.19367187 0.51719842
0.19375000 0.51720535
0.19382813 0.51721228
0.19390625 0.51721921
0.19398438 0.51722614
0.19406250 0.51723306
0.19414063 0.51723999
0.19421875 0.51724692
0.19429688 0.51725385
0.19437500 0.51726078
0.19445313 0.51726770
0.19453125 0.51727463
0.19460938 0.51728156
0.19468750 0.51728849
0.19476562 0.51729542
0.19484375 0.51730234
0.19492187 0.51730927
0.19500000 0.51731620
0.19507812 0.51732313
0.19515625 0.51733006
0.19523438 0.51733698
0.19531250 0.51734391
0.19539063 0.51735084
0.19546875 0.51735777
0.19554688 0.51736470
0.19562500 0.51737162
0.19570313 0.51737855
0.19578125 0.51738548
0.19585938 0.51739241
0.19593750 0.51739934
0.19601562 0.51740626
0.19609375 0.51741319
0.19617187 0.51742012
0.19625000 0.51742705
0.19632812 0.51743398
0.19640625 0.51744090
0.19648438 0.51744783
0.19656250 0.51745476
0.19664063 0.51746169
0.19671875 0.51746862
0.19679688 0.51747554
0.19687500 0.51748247
0.19695313 0.51748940
0.19703125 0.51749633
0.19710938 0.51750326
0.19718750 0.51751018
0.19726562 0.51751711
0.19734375 0.51752404
0.19742187 0.51753097
0.19750000 0.51753790
0.19757812 0.51754482
0.19765625 0.51755175
0.19773438 0.51755868
0.19781250 0.51756561
0.19789063 0.51757254
0.19796875 0.51757946
0.19804688 0.51758639
0.19812500 0.51759332
0.19820313 0.51760025
0.19828125 0.51760717
0.19835938 0.51761410
0.19843750 0.51762103
0.19851563 0.51762796
0.19859375 0.51763489
0.19867187 0.51764181
0.19875000 0.51764874
0.19882812 0.51765567
0.19890625 0.51766260
0.19898437 0.51766953
0.19906250 0.51767645
0.19914063 0.51768338
0.19921875 0.51769031
0.19929688 0.51769724
0.19937500 0.51770417
0.19945313 0.51771109
0.19953125 0.51771802
0.19960938 0.51772495
0.19968750 0.51773188
0.19976563 0.51773881
0.19984375 0.51774573
0.19992187 0.51775266
0.20000000 0.51775959
0.20007812 0.51776652
0.20015625 0.51777344
0.20023437 0.51778037
0.20031250 0.51778730
0.20039063 0.51779423
0.20046875 0.51780116
0.20054688 0.51780808
0.20062500 0.51781501
0.20070313 0.51782194
0.20078125 0.51782887
0.20085938 0.51783580
0.20093750 0.51784272
0.20101563 0.51784965
0.20109375 0.51785658
0.20117188 0.51786351
0.20125000 0.51787044
0.20132812 0.51787736
0.20140625 0.51788429
0.20148437 0.51789122
0.20156250 0.51789815
0.20164063 0.51790507
0.20171875 0.51791200
0.20179688 0.51791893
0.20187500 0.51792586
0.20195313 0.51793279
0.20203125 0.51793971
0.20210938 0.51794664
0.20218750 0.51795357
0.20226563 0.51796050
0.20234375 0.51796743
0.20242188 0.51797435
0.20250000 0.51798128
0.20257812 0.51798821
0.20265625 0.51799514
0.20273437 0.51800206
0.20281250 0.51800899
0.20289062 0.51801592
0.20296875 0.51802285
0.20304688 0.51802978
0.20312500 0.51803670
0.20320313 0.51804363
0.20328125 0.51805056
0.20335938 0.51805749
0.20343750 0.51806441
0.20351563 0.51807134
0.20359375 0.51807827
0.20367188 0.51808520
0.20375000 0.51809213
0.20382812 0.51809905
0.20390625 0.51810598
0.20398437 0.51811291
0.20406250 0.51811984
0.20414062 0.51812677
0.20421875 0.51813369
0.20429688 0.51814062
0.20437500 0.51814755
0.20445313 0.51815448
0.20453125 0.51816140
0.20460938 0.51816833
0.20468750 0.51817526
0.20476563 0.51818219
0.20484375 0.51818912
0.20492188 0.51819604
0.20500000 0.51820297
0.20507812 0.51820990
0.20515625 0.51821683
0.20523437 0.51822375
0.20531250 0.51823068
0.20539062 0.51823761
0.20546875 0.51824454
0.20554688 0.51825147
0.20562500 0.51825839
0.20570313 0.51826532
0.20578125 0.51827225
0.20585938 0.51827918
0.20593750 0.51828610
0.20601563 0.51829303
0.20609375 0.51829996
0.20617188 0.51830689
0.20625000 0.51831382
0.20632813 0.51832074
0.20640625 0.51832767
0.20648437 0.51833460
0.20656250 0.51834153
0.20664062 0.51834845
0.20671875 0.51835538
0.20679687 0.51836231
0.20687500 0.51836924
0.20695313 0.51837617
0.20703125 0.51838309
0.20710938 0.51839002
0.20718750 0.51839695
0.20726563 0.51840388
0.20734375 0.51841080
0.20742188 0.51841773
0.20750000 0.51842466
0.20757813 0.51843159
0.20765625 0.51843852
0.20773437 0.51844544
0.20781250 0.51845237
0.20789062 0.51845930
0.20796875 0.51846623
0.20804687 0.51847315
0.20812500 0.51848008
0.20820313 0.51848701
0.20828125 0.51849394
0.20835938 0.51850086
0.20843750 0.51850779
0.20851563 0.51851472
0.20859375 0.51852165
0.20867188 0.51852858
0.20875000 0.51853550
0.20882813 0.51854243
0.20890625 0.51854936
0.20898438 0.51855629
0.20906250 0.51856321
0.20914062 0.51857014
0.20921875 0.51857707
0.20929687 0.51858400
0.20937500 0.51859092
0.20945313 0.51859785
0.20953125 0.51860478
0.20960938 0.51861171
0.20968750 0.51861864
0.20976563 0.51862556
0.20984375 0.51863249
0.20992188 0.51863942
0.21000000 0.51864635
0.21007813 0.51865327
0.21015625 0.51866020
0.21023438 0.51866713
0.21031250 0.51867406
0.21039062 0.51868099
0.21046875 0.51868791
0.21054687 0.51869484
0.21062500 0.51870177
0.21070312 0.51870870
0.21078125 0.51871562
0.21085938 0.51872255
0.21093750 0.51872948
0.21101563 0.51873641
0.21109375 0.51874333
0.21117188 0.51875026
0.21125000 0.51875719
0.21132813 0.51876412
0.21140625 0.51877104
0.21148438 0.51877797
0.21156250 0.51878490
0.21164062 0.51879183
0.21171875 0.51879876
0.21179687 0.51880568
0.21187500 0.51881261
0.21195312 0.51881954
0.21203125 0.51882647
0.21210938 0.51883339
0.21218750 0.51884032
0.21226563 0.51884725
0.21234375 0.51885418
0.21242188 0.51886110
0.21250000 0.51886803
0.21257813 0.51887496
0.21265625 0.51888189
0.21273438 0.51888881
0.21281250 0.51889574
0.21289062 0.51890267
0.21296875 0.51890960
0.21304687 0.51891653
0.21312500 0.51892345
0.21320312 0.51893038
0.21328125 0.51893731
0.21335938 0.51894424
0.21343750 0.51895116
0.21351563 0.51895809
0.21359375 0.51896502
0.21367188 0.51897195
0.21375000 0.51897887
0.21382813 0.51898580
0.21390625 0.51899273
0.21398438 0.51899966
0.21406250 0.51900658
0.21414063 0.51901351
0.21421875 0.51902044
0.21429687 0.51902737
0.21437500 0.51903429
0.21445312 0.51904122
0.21453125 0.51904815
0.21460937 0.51905508
0.21468750 0.51906201
0.21476563 0.51906893
0.21484375 0.51907586
0.21492188 0.51908279
0.21500000 0.51908972
0.21507813 0.51909664
0.21515625 0.51910357
0.21523438 0.51911050
0.21531250 0.51911743
0.21539063 0.51912435
0.21546875 0.51913128
0.21554687 0.51913821
0.21562500 0.51914514
0.21570312 0.51915206
0.21578125 0.51915899
0.21585937 0.51916592
0.21593750 0.51917285
0.21601563 0.51917977
0.21609375 0.51918670
0.21617188 0.51919363
0.21625000 0.51920056
0.21632813 0.51920748
0.21640625 0.51921441
0.21648438 0.51922134
0.21656250 0.51922827
0.21664063 0.51923519
0.21671875 0.51924212
0.21679688 0.51924905
0.21687500 0.51925598
0.21695312 0.51926290
0.21703125 0.51926983
0.21710937 0.51927676
0.21718750 0.51928369
0.21726563 0.51929061
0.21734375 0.51929754
0.21742188 0.51930447
0.21750000 0.51931140
0.21757813 0.51931832
0.21765625 0.51932525
0.21773438 0.51933218
0.21781250 0.51933911
0.21789063 0.51934603
0.21796875 0.51935296
0.21804688 0.51935989
0.21812500 0.51936682
0.21820312 0.51937374
0.21828125 0.51938067
0.21835937 0.51938760
0.21843750 0.51939453
0.21851562 0.51940146
0.21859375 0.51940838
0.21867188 0.51941531
0.21875000 0.51942224
0.21882813 0.51942917
0.21890625 0.51943609
0.21898438 0.51944302
0.21906250 0.51944995
0.21914063 0.51945688
0.21921875 0.51946380
0.21929688 0.51947073
0.21937500 0.51947766
0.21945312 0.51948458
0.21953125 0.51949151
0.21960937 0.51949844
0.21968750 0.51950537
0.21976562 0.51951229
0.21984375 0.51951922
0.21992188 0.51952615
0.22000000 0.51953308
0.22007813 0.51954000
0.22015625 0.51954693
0.22023438 0.51955386
0.22031250 0.51956079
0.22039063 0.51956771
0.22046875 0.51957464
0.22054688 0.51958157
0.22062500 0.51958850
0.22070312 0.51959542
0.22078125 0.51960235
0.22085937 0.51960928
0.22093750 0.51961621
0.22101562 0.51962313
0.22109375 0.51963006
0.22117188 0.51963699
0.22125000 0.51964392
0.22132813 0.51965084
0.22140625 0.51965777
0.22148438 0.51966470
0.22156250 0.51967163
0.22164063 0.51967855
0.22171875 0.51968548
0.22179688 0.51969241
0.22187500 0.51969934
0.22195313 0.51970626
0.22203125 0.51971319
0.22210937 0.51972012
0.22218750 0.51972705
0.22226562 0.51973397
0.22234375 0.51974090
0.22242187 0.51974783
0.22250000 0.51975476
0.22257813 0.51976168
0.22265625 0.51976861
0.22273438 0.51977554
0.22281250 0.51978247
0.22289063 0.51978939
0.22296875 0.51979632
0.22304688 0.51980325
0.22312500 0.51981018
0.22320313 0.51981710
0.22328125 0.51982403
0.22335937 0.51983096
0.22343750 0.51983788
0.22351562 0.51984481
0.22359375 0.51985174
0.22367187 0.51985867
0.22375000 0.51986559
0.22382813 0.51987252
0.22390625 0.51987945
0.22398438 0.51988638
0.22406250 0.51989330
0.22414063 0.51990023
0.22421875 0.51990716
0.22429688 0.51991409
0.22437500 0.51992101
0.22445313 0.51992794
0.22453125 0.51993487
0.22460938 0.51994180
0.22468750 0.51994872
0.22476562 0.51995565
0.22484375 0.51996258
0.22492187 0.51996950
0.22500000 0.51997643
0.22507813 0.51998336
0.22515625 0.51999029
0.22523438 0.51999721
0.22531250 0.52000414
0.22539063 0.52001107
0.22546875 0.52001800
0.22554688 0.52002492
0.22562500 0.52003185
0.22570313 0.52003878
0.22578125 0.52004571
0.22585938 0.52005263
0.22593750 0.52005956
0.22601562 0.52006649
0.22609375 0.52007342
0.22617187 0.52008034
0.22625000 0.52008727
0.22632812 0.52009420
0.22640625 0.52010112
0.22648438 0.52010805
0.22656250 0.52011498
0.22664063 0.52012191
0.22671875 0.52012883
0.22679688 0.52013576
0.22687500 0.52014269
0.22695313 0.52014962
0.22703125 0.52015654
0.22710938 0.52016347
0.22718750 0.52017040
0.22726562 0.52017733
0.22734375 0.52018425
0.22742187 0.52019118
0.22750000 0.52019811
0.22757812 0.52020503
0.22765625 0.52021196
0.22773438 0.52021889
0.22781250 0.52022582
0.22789063 0.52023274
0.22796875 0.52023967
0.22804688 0.52024660
0.22812500 0.52025353
0.22820313 0.52026045
0.22828125 0.52026738
0.22835938 0.52027431
0.22843750 0.52028123
0.22851562 0.52028816
0.22859375 0.52029509
0.22867187 0.52030202
0.22875000 0.52030894
0.22882812 0.52031587
0.22890625 0.52032280
0.22898438 0.52032973
0.22906250 0.52033665
0.22914063 0.52034358
0.22921875 0.52035051
0.22929688 0.52035743
0.22937500 0.52036436
0.22945313 0.52037129
0.22953125 0.52037822
0.22960938 0.52038514
0.22968750 0.52039207
0.22976563 0.52039900
0.22984375 0.52040593
0.22992187 0.52041285
0.23000000 0.52041978
0.23007812 0.52042671
0.23015625 0.52043363
0.23023437 0.52044056
0.23031250 0.52044749
0.23039063 0.52045442
0.23046875 0.52046134
0.23054688 0.52046827
0.23062500 0.52047520
0.23070313 0.52048213
0.23078125 0.52048905
0.23085938 0.52049598
0.23093750 0.52050291
0.23101563 0.52050983
0.23109375 0.52051676
0.23117187 0.52052369
0.23125000 0.52053062
0.23132812 0.52053754
0.23140625 0.52054447
0.23148437 0.52055140
0.23156250 0.52055832
0.23164063 0.52056525
0.23171875 0.52057218
0.23179688 0.52057911
0.23187500 0.52058603
0.23195313 0.52059296
0.23203125 0.52059989
0.23210938 0.52060682
0.23218750 0.52061374
0.23226563 0.52062067
0.23234375 0.52062760
0.23242188 0.52063452
0.23250000 0.52064145
0.23257812 0.52064838
0.23265625 0.52065531
0.23273437 0.52066223
0.23281250 0.52066916
0.23289063 0.52067609
0.23296875 0.52068301
0.23304688 0.52068994
0.23312500 0.52069687
0.23320313 0.52070380
0.23328125 0.52071072
0.23335938 0.52071765
0.23343750 0.52072458
0.23351563 0.52073150
0.23359375 0.52073843
0.23367188 0.52074536
0.23375000 0.52075229
0.23382812 0.52075921
0.23390625 0.52076614
0.23398437 0.52077307
0.23406250 0.52077999
0.23414062 0.52078692
0.23421875 0.52079385
0.23429688 0.52080078
0.23437500 0.52080770
0.23445313 0.52081463
0.23453125 0.52082156
0.23460938 0.52082848
0.23468750 0.52083541
0.23476563 0.52084234
0.23484375 0.52084927
0.23492188 0.52085619
0.23500000 0.52086312
0.23507812 0.52087005
0.23515625 0.52087697
0.23523437 0.52088390
0.23531250 0.52089083
0.23539062 0.52089776
0.23546875 0.52090468
0.23554688 0.52091161
0.23562500 0.52091854
0.23570313 0.52092546
0.23578125 0.52093239
0.23585938 0.52093932
0.23593750 0.52094625
0.23601563 0.52095317
0.23609375 0.52096010
0.23617188 0.52096703
0.23625000 0.52097395
0.23632812 0.52098088
0.23640625 0.52098781
0.23648437 0.52099474
0.23656250 0.52100166
0.23664062 0.52100859
0.23671875 0.52101552
0.23679688 0.52102244
0.23687500 0.52102937
0.23695313 0.52103630
0.23703125 0.52104323
0.23710938 0.52105015
0.23718750 0.52105708
0.23726563 0.52106401
0.23734375 0.52107093
0.23742188 0.52107786
0.23750000 0.52108479
0.23757813 0.52109172
0.23765625 0.52109864
0.23773437 0.52110557
0.23781250 0.52111250
0.23789062 0.52111942
0.23796875 0.52112635
0.23804687 0.52113328
0.23812500 0.52114020
0.23820313 0.52114713
0.23828125 0.52115406
0.23835938 0.52116099
0.23843750 0.52116791
0.23851563 0.52117484
0.23859375 0.52118177
0.23867188 0.52118869
0.23875000 0.52119562
0.23882813 0.52120255
0.23890625 0.52120948
0.23898437 0.52121640
0.23906250 0.52122333
0.23914062 0.52123026
0.23921875 0.52123718
0.23929687 0.52124411
0.23937500 0.52125104
0.23945313 0.52125796
0.23953125 0.52126489
0.23960938 0.52127182
0.23968750 0.52127875
0.23976563 0.52128567
0.23984375 0.52129260
0.23992188 0.52129953
0.24000000 0.52130645
0.24007813 0.52131338
0.24015625 0.52132031
0.24023438 0.52132723
0.24031250 0.52133416
0.24039062 0.52134109
0.24046875 0.52134802
0.24054687 0.52135494
0.24062500 0.52136187
0.24070313 0.52136880
0.24078125 0.52137572
0.24085938 0.52138265
0.24093750 0.52138958
0.24101563 0.52139650
0.24109375 0.52140343
0.24117188 0.52141036
0.24125000 0.52141729
0.24132813 0.52142421
0.24140625 0.52143114
0.24148438 0.52143807
0.24156250 0.52144499
0.24164062 0.52145192
0.24171875 0.52145885
0.24179687 0.52146577
0.24187500 0.52147270
0.24195313 0.52147963
0.24203125 0.52148656
0.24210938 0.52149348
0.24218750 0.52150041
0.24226563 0.52150734
0.24234375 0.52151426
0.24242188 0.52152119
0.24250000 0.52152812
0.24257813 0.52153504
0.24265625 0.52154197
0.24273438 0.52154890
0.24281250 0.52155582
0.24289062 0.52156275
0.24296875 0.52156968
0.24304687 0.52157661
0.24312500 0.52158353
0.24320312 0.52159046
0.24328125 0.52159739
0.24335938 0.52160431
0.24343750 0.52161124
0.24351563 0.52161817
0.24359375 0.52162509
0.24367188 0.52163202
0.24375000 0.52163895
0.24382813 0.52164588
0.24390625 0.52165280
0.24398438 0.52165973
0.24406250 0.52166666
0.24414062 0.52167358
0.24421875 0.52168051
0.24429687 0.52168744
0.24437500 0.52169436
0.24445312 0.52170129
0.24453125 0.52170822
0.24460938 0.52171514
0.24468750 0.52172207
0.24476563 0.52172900
0.24484375 0.52173592
0.24492188 0.52174285
0.24500000 0.52174978
0.24507813 0.52175671
0.24515625 0.52176363
0.24523438 0.52177056
0.24531250 0.52177749
0.24539063 0.52178441
0.24546875 0.52179134
0.24554687 0.52179827
0.24562500 0.52180519
0.24570312 0.52181212
0.24578125 0.52181905
0.24585938 0.52182597
0.24593750 0.52183290
0.24601563 0.52183983
0.24609375 0.52184676
0.24617188 0.52185368
0.24625000 0.52186061
0.24632813 0.52186754
0.24640625 0.52187446
0.24648438 0.52188139
0.24656250 0.52188832
0.24664063 0.52189524
0.24671875 0.52190217
0.24679687 0.52190910
0.24687500 0.52191602
0.24695312 0.52192295
0.24703125 0.52192988
0.24710937 0.52193680
0.24718750 0.52194373
0.24726563 0.52195066
0.24734375 0.52195758
0.24742188 0.52196451
0.24750000 0.52197144
0.24757813 0.52197837
0.24765625 0.52198529
0.24773438 0.52199222
0.24781250 0.52199915
0.24789063 0.52200607
0.24796875 0.52201300
0.24804688 0.52201993
0.24812500 0.52202685
0.24820312 0.52203378
0.24828125 0.52204071
0.24835937 0.52204763
0.24843750 0.52205456
0.24851563 0.52206149
0.24859375 0.52206841
0.24867188 0.52207534
0.24875000 0.52208227
0.24882813 0.52208919
0.24890625 0.52209612
0.24898438 0.52210305
0.24906250 0.52210997
0.24914063 0.52211690
0.24921875 0.52212383
0.24929688 0.52213076
0.24937500 0.52213768
0.24945312 0.52214461
0.24953125 0.52215154
0.24960937 0.52215846
0.24968750 0.52216539
0.24976563 0.52217232
0.24984375 0.52217924
0.24992188 0.52218617
0.25000000 0.52219310
0.25007812 0.52220002
0.25015625 0.52220695
0.25023438 0.52221388
0.25031250 0.52222080
0.25039062 0.52222773
0.25046875 0.52223466
0.25054688 0.52224158
0.25062500 0.52224851
0.25070313 0.52225544
0.25078125 0.52226236
0.25085937 0.52226929
0.25093750 0.52227622
0.25101563 0.52228314
0.25109375 0.52229007
0.25117187 0.52229700
0.25125000 0.52230392
0.25132813 0.52231085
0.25140625 0.52231778
0.25148437 0.52232470
0.25156250 0.52233163
0.25164063 0.52233856
0.25171875 0.52234548
0.25179688 0.52235241
0.25187500 0.52235934
0.25195312 0.52236627
0.25203125 0.52237319
0.25210938 0.52238012
0.25218750 0.52238705
0.25226562 0.52239397
0.25234375 0.52240090
0.25242188 0.52240783
0.25250000 0.52241475
0.25257812 0.52242168
0.25265625 0.52242861
0.25273438 0.52243553
0.25281250 0.52244246
0.25289062 0.52244939
0.25296875 0.52245631
0.25304688 0.52246324
0.25312500 0.52247017
0.25320313 0.52247709
0.25328125 0.52248402
0.25335937 0.52249095
0.25343750 0.52249787
0.25351563 0.52250480
0.25359375 0.52251173
0.25367187 0.52251865
0.25375000 0.52252558
0.25382813 0.52253251
0.25390625 0.52253943
0.25398437 0.52254636
0.25406250 0.52255329
0.25414063 0.52256021
0.25421875 0.52256714
0.25429687 0.52257407
0.25437500 0.52258099
0.25445313 0.52258792
0.25453125 0.52259485
0.25460938 0.52260177
0.25468750 0.52260870
0.25476562 0.52261563
0.25484375 0.52262255
0.25492188 0.52262948
0.25500000 0.52263641
0.25507812 0.52264333
0.25515625 0.52265026
0.25523438 0.52265719
0.25531250 0.52266411
0.25539062 0.52267104
0.25546875 0.52267797
0.25554688 0.52268489
0.25562500 0.52269182
0.25570313 0.52269875
0.25578125 0.52270567
0.25585938 0.52271260
0.25593750 0.52271953
0.25601563 0.52272645
0.25609375 0.52273338
0.25617187 0.52274031
0.25625000 0.52274723
0.25632813 0.52275416
0.25640625 0.52276109
0.25648437 0.52276801
0.25656250 0.52277494
0.25664063 0.52278186
0.25671875 0.52278879
0.25679687 0.52279572
0.25687500 0.52280264
0.25695313 0.52280957
0.25703125 0.52281650
0.25710938 0.52282342
0.25718750 0.52283035
0.25726562 0.52283728
0.25734375 0.52284420
0.25742188 0.52285113
0.25750000 0.52285806
0.25757812 0.52286498
0.25765625 0.52287191
0.25773438 0.52287884
0.25781250 0.52288576
0.25789062 0.52289269
0.25796875 0.52289962
0.25804688 0.52290654
0.25812500 0.52291347
0.25820312 0.52292040
0.25828125 0.52292732
0.25835938 0.52293425
0.25843750 0.52294118
0.25851563 0.52294810
0.25859375 0.52295503
0.25867187 0.52296196
0.25875000 0.52296888
0.25882813 0.52297581
0.25890625 0.52298274
0.25898437 0.52298966
0.25906250 0.52299659
0.25914063 0.52300352
0.25921875 0.52301044
0.25929687 0.52301737
0.25937500 0.52302429
0.25945313 0.52303122
0.25953125 0.52303815
0.25960938 0.52304507
0.25968750 0.52305200
0.25976562 0.52305893
0.25984375 0.52306585
0.25992188 0.52307278
0.26000000 0.52307971
0.26007812 0.52308663
0.26015625 0.52309356
0.26023438 0.52310049
0.26031250 0.52310741
0.26039062 0.52311434
0.26046875 0.52312127
0.26054688 0.52312819
0.26062500 0.52313512
0.26070312 0.52314205
0.26078125 0.52314897
0.26085938 0.52315590
0.26093750 0.52316283
0.26101563 0.52316975
0.26109375 0.52317668
0.26117187 0.52318360
0.26125000 0.52319053
0.26132813 0.52319746
0.26140625 0.52320438
0.26148437 0.52321131
0.26156250 0.52321824
0.26164063 0.52322516
0.26171875 0.52323209
0.26179687 0.52323902
0.26187500 0.52324594
0.26195313 0.52325287
0.26203125 0.52325980
0.26210937 0.52326672
0.26218750 0.52327365
0.26226563 0.52328058
0.26234375 0.52328750
0.26242188 0.52329443
0.26250000 0.52330135
0.26257812 0.52330828
0.26265625 0.52331521
0.26273438 0.52332213
0.26281250 0.52332906
0.26289062 0.52333599
0.26296875 0.52334291
0.26304688 0.52334984
0.26312500 0.52335677
0.26320312 0.52336369
0.26328125 0.52337062
0.26335938 0.52337755
0.26343750 0.52338447
0.26351563 0.52339140
0.26359375 0.52339832
0.26367188 0.52340525
0.26375000 0.52341218
0.26382813 0.52341910
0.26390625 0.52342603
0.26398437 0.52343296
0.26406250 0.52343988
0.26414063 0.52344681
0.26421875 0.52345374
0.26429687 0.52346066
0.26437500 0.52346759
0.26445313 0.52347452
0.26453125 0.52348144
0.26460937 0.52348837
0.26468750 0.52349529
0.26476563 0.52350222
0.26484375 0.52350915
0.26492188 0.52351607
0.26500000 0.52352300
0.26507812 0.52352993
0.26515625 0.52353685
0.26523438 0.52354378
0.26531250 0.52355071
0.26539062 0.52355763
0.26546875 0.52356456
0.26554688 0.52357148
0.26562500 0.52357841
0.26570312 0.52358534
0.26578125 0.52359226
0.26585938 0.52359919
0.26593750 0.52360612
0.26601562 0.52361304
0.26609375 0.52361997
0.26617188 0.52362690
0.26625000 0.52363382
0.26632813 0.52364075
0.26640625 0.52364767
0.26648437 0.52365460
0.26656250 0.52366153
0.26664063 0.52366845
0.26671875 0.52367538
0.26679687 0.52368231
0.26687500 0.52368923
0.26695313 0.52369616
0.26703125 0.52370309
0.26710937 0.52371001
0.26718750 0.52371694
0.26726563 0.52372386
0.26734375 0.52373079
0.26742188 0.52373772
0.26750000 0.52374464
0.26757812 0.52375157
0.26765625 0.52375850
0.26773438 0.52376542
0.26781250 0.52377235
0.26789062 0.52377928
0.26796875 0.52378620
0.26804688 0.52379313
0.26812500 0.52380005
0.26820312 0.52380698
0.26828125 0.52381391
0.26835938 0.52382083
0.26843750 0.52382776
0.26851562 0.52383469
0.26859375 0.52384161
0.26867188 0.52384854
0.26875000 0.52385546
0.26882813 0.52386239
0.26890625 0.52386932
0.26898437 0.52387624
0.26906250 0.52388317
0.26914063 0.52389010
0.26921875 0.52389702
0.26929687 0.52390395
0.26937500 0.52391087
0.26945313 0.52391780
0.26953125 0.52392473
0.26960937 0.52393165
0.26968750 0.52393858
0.26976563 0.52394551
0.26984375 0.52395243
0.26992188 0.52395936
0.27000000 0.52396628
0.27007813 0.52397321
0.27015625 0.52398014
0.27023438 0.52398706
0.27031250 0.52399399
0.27039062 0.52400092
0.27046875 0.52400784
0.27054688 0.52401477
0.27062500 0.52402169
0.27070312 0.52402862
0.27078125 0.52403555
0.27085938 0.52404247
0.27093750 0.52404940
0.27101562 0.52405633
0.27109375 0.52406325
0.27117188 0.52407018
0.27125000 0.52407710
0.27132813 0.52408403
0.27140625 0.52409096
0.27148438 0.52409788
0.27156250 0.52410481
0.27164063 0.52411174
0.27171875 0.52411866
0.27179687 0.52412559
0.27187500 0.52413251
0.27195313 0.52413944
0.27203125 0.52414637
0.27210937 0.52415329
0.27218750 0.52416022
0.27226563 0.52416715
0.27234375 0.52417407
0.27242187 0.52418100
0.27250000 0.52418792
0.27257813 0.52419485
0.27265625 0.52420178
0.27273438 0.52420870
0.27281250 0.52421563
0.27289062 0.52422255
0.27296875 0.52422948
0.27304688 0.52423641
0.27312500 0.52424333
0.27320312 0.52425026
0.27328125 0.52425719
0.27335938 0.52426411
0.27343750 0.52427104
0.27351562 0.52427796
0.27359375 0.52428489
0.27367188 0.52429182
0.27375000 0.52429874
0.27382813 0.52430567
0.27390625 0.52431259
0.27398438 0.52431952
0.27406250 0.52432645
0.27414063 0.52433337
0.27421875 0.52434030
0.27429687 0.52434723
0.27437500 0.52435415
0.27445313 0.52436108
0.27453125 0.52436800
0.27460937 0.52437493
0.27468750 0.52438186
0.27476563 0.52438878
0.27484375 0.52439571
0.27492187 0.52440263
0.27500000 0.52440956
0.27507813 0.52441649
0.27515625 0.52442341
0.27523438 0.52443034
0.27531250 0.52443727
0.27539062 0.52444419
0.27546875 0.52445112
0.27554688 0.52445804
0.27562500 0.52446497
0.27570312 0.52447190
0.27578125 0.52447882
0.27585938 0.52448575
0.27593750 0.52449267
0.27601562 0.52449960
0.27609375 0.52450653
0.27617188 0.52451345
0.27625000 0.52452038
0.27632812 0.52452730
0.27640625 0.52453423
0.27648438 0.52454116
0.27656250 0.52454808
0.27664063 0.52455501
0.27671875 0.52456193
0.27679687 0.52456886
0.27687500 0.52457579
0.27695313 0.52458271
0.27703125 0.52458964
0.27710937 0.52459656
0.27718750 0.52460349
0.27726563 0.52461042
0.27734375 0.52461734
0.27742187 0.52462427
0.27750000 0.52463120
0.27757813 0.52463812
0.27765625 0.52464505
0.27773438 0.52465197
0.27781250 0.52465890
0.27789063 0.52466583
0.27796875 0.52467275
0.27804688 0.52467968
0.27812500 0.52468660
0.27820312 0.52469353
0.27828125 0.52470046
0.27835938 0.52470738
0.27843750 0.52471431
0.27851562 0.52472123
0.27859375 0.52472816
0.27867188 0.52473509
0.27875000 0.52474201
0.27882812 0.52474894
0.27890625 0.52475586
0.27898438 0.52476279
0.27906250 0.52476972
0.27914063 0.52477664
0.27921875 0.52478357
0.27929688 0.52479049
0.27937500 0.52479742
0.27945313 0.52480435
0.27953125 0.52481127
0.27960937 0.52481820
0.27968750 0.52482512
0.27976563 0.52483205
0.27984375 0.52483898
0.27992187 0.52484590
0.28000000 0.52485283
0.28007813 0.52485975
0.28015625 0.52486668
0.28023437 0.52487361
0.28031250 0.52488053
0.28039063 0.52488746
0.28046875 0.52489438
0.28054688 0.52490131
0.28062500 0.52490824
0.28070312 0.52491516
0.28078125 0.52492209
0.28085938 0.52492901
0.28093750 0.52493594
0.28101562 0.52494287
0.28109375 0.52494979
0.28117188 0.52495672
0.28125000 0.52496364
0.28132812 0.52497057
0.28140625 0.52497749
0.28148438 0.52498442
0.28156250 0.52499135
0.28164063 0.52499827
0.28171875 0.52500520
0.28179688 0.52501212
0.28187500 0.52501905
0.28195313 0.52502598
0.28203125 0.52503290
0.28210937 0.52503983
0.28218750 0.52504675
0.28226563 0.52505368
0.28234375 0.52506061
0.28242187 0.52506753
0.28250000 0.52507446
0.28257813 0.52508138
0.28265625 0.52508831
0.28273437 0.52509524
0.28281250 0.52510216
0.28289063 0.52510909
0.28296875 0.52511601
0.28304688 0.52512294
0.28312500 0.52512987
0.28320312 0.52513679
0.28328125 0.52514372
0.28335938 0.52515064
0.28343750 0.52515757
0.28351562 0.52516449
0.28359375 0.52517142
0.28367188 0.52517835
0.28375000 0.52518527
0.28382812 0.52519220
0.28390625 0.52519912
0.28398438 0.52520605
0.28406250 0.52521298
0.28414062 0.52521990
0.28421875 0.52522683
0.28429688 0.52523375
0.28437500 0.52524068
0.28445313 0.52524760
0.28453125 0.52525453
0.28460937 0.52526146
0.28468750 0.52526838
0.28476563 0.52527531
0.28484375 0.52528223
0.28492187 0.52528916
0.28500000 0.52529609
0.28507813 0.52530301
0.28515625 0.52530994
0.28523437 0.52531686
0.28531250 0.52532379
0.28539063 0.52533071
0.28546875 0.52533764
0.28554688 0.52534457
0.28562500 0.52535149
0.28570313 0.52535842
0.28578125 0.52536534
0.28585938 0.52537227
0.28593750 0.52537920
0.28601562 0.52538612
0.28609375 0.52539305
0.28617188 0.52539997
0.28625000 0.52540690
0.28632812 0.52541382
0.28640625 0.52542075
0.28648438 0.52542768
0.28656250 0.52543460
0.28664062 0.52544153
0.28671875 0.52544845
0.28679688 0.52545538
0.28687500 0.52546231
0.28695313 0.52546923
0.28703125 0.52547616
0.28710938 0.52548308
0.28718750 0.52549001
0.28726563 0.52549693
0.28734375 0.52550386
0.28742187 0.52551079
0.28750000 0.52551771
0.28757813 0.52552464
0.28765625 0.52553156
0.28773437 0.52553849
0.28781250 0.52554541
0.28789063 0.52555234
0.28796875 0.52555927
0.28804687 0.52556619
0.28812500 0.52557312
0.28820313 0.52558004
0.28828125 0.52558697
0.28835938 0.52559389
0.28843750 0.52560082
0.28851562 0.52560775
0.28859375 0.52561467
0.28867188 0.52562160
0.28875000 0.52562852
0.28882812 0.52563545
0.28890625 0.52564237
0.28898438 0.52564930
0.28906250 0.52565623
0.28914062 0.52566315
0.28921875 0.52567008
0.28929688 0.52567700
0.28937500 0.52568393
0.28945313 0.52569085
0.28953125 0.52569778
0.28960938 0.52570471
0.28968750 0.52571163
0.28976563 0.52571856
0.28984375 0.52572548
0.28992187 0.52573241
0.29000000 0.52573933
0.29007813 0.52574626
0.29015625 0.52575319
0.29023437 0.52576011
0.29031250 0.52576704
0.29039063 0.52577396
0.29046875 0.52578089
0.29054687 0.52578781
0.29062500 0.52579474
0.29070313 0.52580167
0.29078125 0.52580859
0.29085938 0.52581552
0.29093750 0.52582244
0.29101562 0.52582937
0.29109375 0.52583629
0.29117188 0.52584322
0.29125000 0.52585015
0.29132812 0.52585707
0.29140625 0.52586400
0.29148438 0.52587092
0.29156250 0.52587785
0.29164062 0.52588477
0.29171875 0.52589170
0.29179688 0.52589863
0.29187500 0.52590555
0.29195312 0.52591248
0.29203125 0.52591940
0.29210938 0.52592633
0.29218750 0.52593325
0.29226563 0.52594018
0.29234375 0.52594710
0.29242187 0.52595403
0.29250000 0.52596096
0.29257813 0.52596788
0.29265625 0.52597481
0.29273437 0.52598173
0.29281250 0.52598866
0.29289063 0.52599558
0.29296875 0.52600251
0.29304687 0.52600944
0.29312500 0.52601636
0.29320313 0.52602329
0.29328125 0.52603021
0.29335938 0.52603714
0.29343750 0.52604406
0.29351563 0.52605099
0.29359375 0.52605791
0.29367188 0.52606484
0.29375000 0.52607177
0.29382812 0.52607869
0.29390625 0.52608562
0.29398438 0.52609254
0.29406250 0.52609947
0.29414062 0.52610639
0.29421875 0.52611332
0.29429688 0.52612024
0.29437500 0.52612717
0.29445312 0.52613410
0.29453125 0.52614102
0.29460938 0.52614795
0.29468750 0.52615487
0.29476563 0.52616180
0.29484375 0.52616872
0.29492188 0.52617565
0.29500000 0.52618257
0.29507813 0.52618950
0.29515625 0.52619643
0.29523437 0.52620335
0.29531250 0.52621028
0.29539063 0.52621720
0.29546875 0.52622413
0.29554687 0.52623105
0.29562500 0.52623798
0.29570313 0.52624490
0.29578125 0.52625183
0.29585937 0.52625876
0.29593750 0.52626568
0.29601563 0.52627261
0.29609375 0.52627953
0.29617188 0.52628646
0.29625000 0.52629338
0.29632812 0.52630031
0.29640625 0.52630723
0.29648438 0.52631416
0.29656250 0.52632108
0.29664062 0.52632801
0.29671875 0.52633494
0.29679688 0.52634186
0.29687500 0.52634879
0.29695312 0.52635571
0.29703125 0.52636264
0.29710938 0.52636956
0.29718750 0.52637649
0.29726563 0.52638341
0.29734375 0.52639034
0.29742188 0.52639727
0.29750000 0.52640419
0.29757813 0.52641112
0.29765625 0.52641804
0.29773437 0.52642497
0.29781250 0.52643189
0.29789063 0.52643882
0.29796875 0.52644574
0.29804687 0.52645267
0.29812500 0.52645959
0.29820313 0.52646652
0.29828125 0.52647345
0.29835937 0.52648037
0.29843750 0.52648730
0.29851563 0.52649422
0.29859375 0.52650115
0.29867188 0.52650807
0.29875000 0.52651500
0.29882812 0.52652192
0.29890625 0.52652885
0.29898438 0.52653577
0.29906250 0.52654270
0.29914062 0.52654963
0.29921875 0.52655655
0.29929688 0.52656348
0.29937500 0.52657040
0.29945312 0.52657733
0.29953125 0.52658425
0.29960938 0.52659118
0.29968750 0.52659810
0.29976562 0.52660503
0.29984375 0.52661195
0.29992188 0.52661888
0.30000000 0.52662580
0.30007813 0.52663273
0.30015625 0.52663966
0.30023437 0.52664658
0.30031250 0.52665351
0.30039063 0.52666043
0.30046875 0.52666736
0.30054687 0.52667428
0.30062500 0.52668121
0.30070313 0.52668813
0.30078125 0.52669506
0.30085937 0.52670198
0.30093750 0.52670891
0.30101563 0.52671583
0.30109375 0.52672276
0.30117188 0.52672969
0.30125000 0.52673661
0.30132813 0.52674354
0.30140625 0.52675046
0.30148438 0.52675739
0.30156250 0.52676431
0.30164062 0.52677124
0.30171875 0.52677816
0.30179688 0.52678509
0.30187500 0.52679201
0.30195312 0.52679894
0.30203125 0.52680586
0.30210938 0.52681279
0.30218750 0.52681971
0.30226562 0.52682664
0.30234375 0.52683357
0.30242188 0.52684049
0.30250000 0.52684742
0.30257813 0.52685434
0.30265625 0.52686127
0.30273438 0.52686819
0.30281250 0.52687512
0.30289063 0.52688204
0.30296875 0.52688897
0.30304687 0.52689589
0.30312500 0.52690282
0.30320313 0.52690974
0.30328125 0.52691667
0.30335937 0.52692359
0.30343750 0.52693052
0.30351563 0.52693745
0.30359375 0.52694437
0.30367187 0.52695130
0.30375000 0.52695822
0.30382813 0.52696515
0.30390625 0.52697207
0.30398438 0.52697900
0.30406250 0.52698592
0.30414062 0.52699285
0.30421875 0.52699977
0.30429688 0.52700670
0.30437500 0.52701362
0.30445312 0.52702055
0.30453125 0.52702747
0.30460938 0.52703440
0.30468750 0.52704132
0.30476562 0.52704825
0.30484375 0.52705517
0.30492188 0.52706210
0.30500000 0.52706903
0.30507813 0.52707595
0.30515625 0.52708288
0.30523438 0.52708980
0.30531250 0.52709673
0.30539063 0.52710365
0.30546875 0.52711058
0.30554687 0.52711750
0.30562500 0.52712443
0.30570313 0.52713135
0.30578125 0.52713828
0.30585937 0.52714520
0.30593750 0.52715213
0.30601563 0.52715905
0.30609375 0.52716598
0.30617187 0.52717290
0.30625000 0.52717983
0.30632813 0.52718675
0.30640625 0.52719368
0.30648438 0.52720060
0.30656250 0.52720753
0.30664062 0.52721446
0.30671875 0.52722138
0.30679688 0.52722831
0.30687500 0.52723523
0.30695312 0.52724216
0.30703125 0.52724908
0.30710938 0.52725601
0.30718750 0.52726293
0.30726562 0.52726986
0.30734375 0.52727678
0.30742188 0.52728371
0.30750000 0.52729063
0.30757812 0.52729756
0.30765625 0.52730448
0.30773438 0.52731141
0.30781250 0.52731833
0.30789063 0.52732526
0.30796875 0.52733218
0.30804687 0.52733911
0.30812500 0.52734603
0.30820313 0.52735296
0.30828125 0.52735988
0.30835937 0.52736681
0.30843750 0.52737373
0.30851563 0.52738066
0.30859375 0.52738758
0.30867187 0.52739451
0.30875000 0.52740143
0.30882813 0.52740836
0.30890625 0.52741528
0.30898438 0.52742221
0.30906250 0.52742913
0.30914063 0.52743606
0.30921875 0.52744299
0.30929688 0.52744991
0.30937500 0.52745684
0.30945312 0.52746376
0.30953125 0.52747069
0.30960938 0.52747761
0.30968750 0.52748454
0.30976562 0.52749146
0.30984375 0.52749839
0.30992188 0.52750531
0.31000000 0.52751224
0.31007812 0.52751916
0.31015625 0.52752609
0.31023438 0.52753301
0.31031250 0.52753994
0.31039063 0.52754686
0.31046875 0.52755379
0.31054688 0.52756071
0.31062500 0.52756764
0.31070313 0.52757456
0.31078125 0.52758149
0.31085937 0.52758841
0.31093750 0.52759534
0.31101563 0.52760226
0.31109375 0.52760919
0.31117187 0.52761611
0.31125000 0.52762304
0.31132813 0.52762996
0.31140625 0.52763689
0.31148437 0.52764381
0.31156250 0.52765074
0.31164063 0.52765766
0.31171875 0.52766459
0.31179688 0.52767151
0.31187500 0.52767844
0.31195312 0.52768536
0.31203125 0.52769229
0.31210938 0.52769921
0.31218750 0.52770614
0.31226562 0.52771306
0.31234375 0.52771999
0.31242188 0.52772691
0.31250000 0.52773384
0.31257812 0.52774076
0.31265625 0.52774769
0.31273438 0.52775461
0.31281250 0.52776154
0.31289063 0.52776846
0.31296875 0.52777539
0.31304688 0.52778231
0.31312500 0.52778924
0.31320313 0.52779616
0.31328125 0.52780309
0.31335937 0.52781001
0.31343750 0.52781694
0.31351563 0.52782386
0.31359375 0.52783079
0.31367187 0.52783771
0.31375000 0.52784464
0.31382813 0.52785156
0.31390625 0.52785849
0.31398437 0.52786541
0.31406250 0.52787234
0.31414063 0.52787926
0.31421875 0.52788619
0.31429688 0.52789311
0.31437500 0.52790004
0.31445312 0.52790696
0.31453125 0.52791389
0.31460938 0.52792081
0.31468750 0.52792774
0.31476562 0.52793466
0.31484375 0.52794159
0.31492188 0.52794851
0.31500000 0.52795544
0.31507812 0.52796236
0.31515625 0.52796929
0.31523438 0.52797621
0.31531250 0.52798314
0.31539062 0.52799006
0.31546875 0.52799699
0.31554688 0.52800391
0.31562500 0.52801084
0.31570313 0.52801776
0.31578125 0.52802469
0.31585937 0.52803161
0.31593750 0.52803854
0.31601563 0.52804546
0.31609375 0.52805239
0.31617187 0.52805931
0.31625000 0.52806624
0.31632813 0.52807316
0.31640625 0.52808009
0.31648437 0.52808701
0.31656250 0.52809394
0.31664063 0.52810086
0.31671875 0.52810779
0.31679688 0.52811471
0.31687500 0.52812163
0.31695313 0.52812856
0.31703125 0.52813548
0.31710938 0.52814241
0.31718750 0.52814933
0.31726562 0.52815626
0.31734375 0.52816318
0.31742188 0.52817011
0.31750000 0.52817703
0.31757812 0.52818396
0.31765625 0.52819088
0.31773438 0.52819781
0.31781250 0.52820473
0.31789062 0.52821166
0.31796875 0.52821858
0.31804688 0.52822551
0.31812500 0.52823243
0.31820313 0.52823936
0.31828125 0.52824628
0.31835938 0.52825321
0.31843750 0.52826013
0.31851563 0.52826706
0.31859375 0.52827398
0.31867187 0.52828091
0.31875000 0.52828783
0.31882813 0.52829476
0.31890625 0.52830168
0.31898437 0.52830861
0.31906250 0.52831553
0.31914063 0.52832246
0.31921875 0.52832938
0.31929687 0.52833630
0.31937500 0.52834323
0.31945313 0.52835015
0.31953125 0.52835708
0.31960938 0.52836400
0.31968750 0.52837093
0.31976562 0.52837785
0.31984375 0.52838478
0.31992188 0.52839170
0.32000000 0.52839863
0.32007812 0.52840555
0.32015625 0.52841248
0.32023438 0.52841940
0.32031250 0.52842633
0.32039062 0.52843325
0.32046875 0.52844018
0.32054688 0.52844710
0.32062500 0.52845403
0.32070313 0.52846095
0.32078125 0.52846788
0.32085938 0.52847480
0.32093750 0.52848172
0.32101563 0.52848865
0.32109375 0.52849557
0.32117187 0.52850250
0.32125000 0.52850942
0.32132813 0.52851635
0.32140625 0.52852327
0.32148437 0.52853020
0.32156250 0.52853712
0.32164063 0.52854405
0.32171875 0.52855097
0.32179687 0.52855790
0.32187500 0.52856482
0.32195313 0.52857175
0.32203125 0.52857867
0.32210938 0.52858560
0.32218750 0.52859252
0.32226562 0.52859945
0.32234375 0.52860637
0.32242188 0.52861329
0.32250000 0.52862022
0.32257812 0.52862714
0.32265625 0.52863407
0.32273438 0.52864099
0.32281250 0.52864792
0.32289062 0.52865484
0.32296875 0.52866177
0.32304688 0.52866869
0.32312500 0.52867562
0.32320312 0.52868254
0.32328125 0.52868947
0.32335938 0.52869639
0.32343750 0.52870332
0.32351563 0.52871024
0.32359375 0.52871716
0.32367187 0.52872409
0.32375000 0.52873101
0.32382813 0.52873794
0.32390625 0.52874486
0.32398437 0.52875179
0.32406250 0.52875871
0.32414063 0.52876564
0.32421875 0.52877256
0.32429687 0.52877949
0.32437500 0.52878641
0.32445313 0.52879334
0.32453125 0.52880026
0.32460938 0.52880719
0.32468750 0.52881411
0.32476563 0.52882103
0.32484375 0.52882796
0.32492188 0.52883488
0.32500000 0.52884181
0.32507812 0.52884873
0.32515625 0.52885566
0.32523438 0.52886258
0.32531250 0.52886951
0.32539062 0.52887643
0.32546875 0.52888336
0.32554688 0.52889028
0.32562500 0.52889721
0.32570312 0.52890413
0.32578125 0.52891105
0.32585938 0.52891798
0.32593750 0.52892490
0.32601563 0.52893183
0.32609375 0.52893875
0.32617188 0.52894568
0.32625000 0.52895260
0.32632813 0.52895953
0.32640625 0.52896645
0.32648437 0.52897338
0.32656250 0.52898030
0.32664063 0.52898722
0.32671875 0.52899415
0.32679687 0.52900107
0.32687500 0.52900800
0.32695313 0.52901492
0.32703125 0.52902185
0.32710937 0.52902877
0.32718750 0.52903570
0.32726563 0.52904262
0.32734375 0.52904955
0.32742188 0.52905647
0.32750000 0.52906339
0.32757812 0.52907032
0.32765625 0.52907724
0.32773438 0.52908417
0.32781250 0.52909109
0.32789062 0.52909802
0.32796875 0.52910494
0.32804688 0.52911187
0.32812500 0.52911879
0.32820312 0.52912572
0.32828125 0.52913264
0.32835938 0.52913956
0.32843750 0.52914649
0.32851563 0.52915341
0.32859375 0.52916034
0.32867188 0.52916726
0.32875000 0.52917419
0.32882813 0.52918111
0.32890625 0.52918804
0.32898437 0.52919496
0.32906250 0.52920188
0.32914063 0.52920881
0.32921875 0.52921573
0.32929687 0.52922266
0.32937500 0.52922958
0.32945313 0.52923651
0.32953125 0.52924343
0.32960937 0.52925036
0.32968750 0.52925728
0.32976563 0.52926420
0.32984375 0.52927113
0.32992188 0.52927805
0.33000000 0.52928498
0.33007812 0.52929190
0.33015625 0.52929883
0.33023438 0.52930575
0.33031250 0.52931268
0.33039062 0.52931960
0.33046875 0.52932652
0.33054688 0.52933345
0.33062500 0.52934037
0.33070312 0.52934730
0.33078125 0.52935422
0.33085938 0.52936115
0.33093750 0.52936807
0.33101562 0.52937500
0.33109375 0.52938192
0.33117188 0.52938884
0.33125000 0.52939577
0.33132813 0.52940269
0.33140625 0.52940962
0.33148437 0.52941654
0.33156250 0.52942347
0.33164063 0.52943039
0.33171875 0.52943732
0.33179687 0.52944424
0.33187500 0.52945116
0.33195313 0.52945809
0.33203125 0.52946501
0.33210937 0.52947194
0.33218750 0.52947886
0.33226563 0.52948579
0.33234375 0.52949271
0.33242188 0.52949963
0.33250000 0.52950656
0.33257813 0.52951348
0.33265625 0.52952041
0.33273438 0.52952733
0.33281250 0.52953426
0.33289062 0.52954118
0.33296875 0.52954811
0.33304688 0.52955503
0.33312500 0.52956195
0.33320312 0.52956888
0.33328125 0.52957580
0.33335938 0.52958273
0.33343750 0.52958965
0.33351562 0.52959658
0.33359375 0.52960350
0.33367188 0.52961042
0.33375000 0.52961735
0.33382813 0.52962427
0.33390625 0.52963120
0.33398438 0.52963812
0.33406250 0.52964505
0.33414063 0.52965197
0.33421875 0.52965889
0.33429687 0.52966582
0.33437500 0.52967274
0.33445313 0.52967967
0.33453125 0.52968659
0.33460937 0.52969352
0.33468750 0.52970044
0.33476563 0.52970736
0.33484375 0.52971429
0.33492187 0.52972121
0.33500000 0.52972814
0.33507813 0.52973506
0.33515625 0.52974199
0.33523438 0.52974891
0.33531250 0.52975583
0.33539062 0.52976276
0.33546875 0.52976968
0.33554688 0.52977661
0.33562500 0.52978353
0.33570312 0.52979046
0.33578125 0.52979738
0.33585938 0.52980430
0.33593750 0.52981123
0.33601562 0.52981815
0.33609375 0.52982508
0.33617188 0.52983200
0.33625000 0.52983893
0.33632813 0.52984585
0.33640625 0.52985277
0.33648438 0.52985970
0.33656250 0.52986662
0.33664063 0.52987355
0.33671875 0.52988047
0.33679687 0.52988740
0.33687500 0.52989432
0.33695313 0.52990124
0.33703125 0.52990817
0.33710937 0.52991509
0.33718750 0.52992202
0.33726563 0.52992894
0.33734375 0.52993586
0.33742187 0.52994279
0.33750000 0.52994971
0.33757813 0.52995664
0.33765625 0.52996356
0.33773438 0.52997049
0.33781250 0.52997741
0.33789062 0.52998433
0.33796875 0.52999126
0.33804688 0.52999818
0.33812500 0.53000511
0.33820312 0.53001203
0.33828125 0.53001896
0.33835938 0.53002588
0.33843750 0.53003280
0.33851562 0.53003973
0.33859375 0.53004665
0.33867188 0.53005358
0.33875000 0.53006050
0.33882812 0.53006742
0.33890625 0.53007435
0.33898438 0.53008127
0.33906250 0.53008820
0.33914063 0.53009512
0.33921875 0.53010204
0.33929687 0.53010897
0.33937500 0.53011589
0.33945313 0.53012282
0.33953125 0.53012974
0.33960937 0.53013667
0.33968750 0.53014359
0.33976563 0.53015051
0.33984375 0.53015744
0.33992187 0.53016436
0.34000000 0.53017129
0.34007813 0.53017821
0.34015625 0.53018513
0.34023438 0.53019206
0.34031250 0.53019898
0.34039063 0.53020591
0.34046875 0.53021283
0.34054688 0.53021976
0.34062500 0.53022668
0.34070312 0.53023360
0.34078125 0.53024053
0.34085938 0.53024745
0.34093750 0.53025438
0.34101562 0.53026130
0.34109375 0.53026822
0.34117188 0.53027515
0.34125000 0.53028207
0.34132812 0.53028900
0.34140625 0.53029592
0.34148438 0.53030284
0.34156250 0.53030977
0.34164063 0.53031669
0.34171875 0.53032362
0.34179688 0.53033054
0.34187500 0.53033746
0.34195313 0.53034439
0.34203125 0.53035131
0.34210937 0.53035824
0.34218750 0.53036516
0.34226563 0.53037208
0.34234375 0.53037901
0.34242187 0.53038593
0.34250000 0.53039286
0.34257813 0.53039978
0.34265625 0.53040670
0.34273437 0.53041363
0.34281250 0.53042055
0.34289063 0.53042748
0.34296875 0.53043440
0.34304688 0.53044132
0.34312500 0.53044825
0.34320312 0.53045517
0.34328125 0.53046210
0.34335938 0.53046902
0.34343750 0.53047594
0.34351562 0.53048287
0.34359375 0.53048979
0.34367188 0.53049672
0.34375000 0.53050364
0.34382812 0.53051056
0.34390625 0.53051749
0.34398438 0.53052441
0.34406250 0.53053134
0.34414063 0.53053826
0.34421875 0.53054518
0.34429688 0.53055211
0.34437500 0.53055903
0.34445313 0.53056596
0.34453125 0.53057288
0.34460937 0.53057980
0.34468750 0.53058673
0.34476563 0.53059365
0.34484375 0.53060058
0.34492187 0.53060750
0.34500000 0.53061442
0.34507813 0.53062135
0.34515625 0.53062827
0.34523437 0.53063520
0.34531250 0.53064212
0.34539063 0.53064904
0.34546875 0.53065597
0.34554688 0.53066289
0.34562500 0.53066982
0.34570312 0.53067674
0.34578125 0.53068366
0.34585938 0.53069059
0.34593750 0.53069751
0.34601562 0.53070443
0.34609375 0.53071136
0.34617188 0.53071828
0.34625000 0.53072521
0.34632812 0.53073213
0.34640625 0.53073905
0.34648438 0.53074598
0.34656250 0.53075290
0.34664062 0.53075983
0.34671875 0.53076675
0.34679688 0.53077367
0.34687500 0.53078060
0.34695313 0.53078752
0.34703125 0.53079445
0.34710937 0.53080137
0.34718750 0.53080829
0.34726563 0.53081522
0.34734375 0.53082214
0.34742187 0.53082906
0.34750000 0.53083599
0.34757813 0.53084291
0.34765625 0.53084984
0.34773437 0.53085676
0.34781250 0.53086368
0.34789063 0.53087061
0.34796875 0.53087753
0.34804688 0.53088446
0.34812500 0.53089138
0.34820313 0.53089830
0.34828125 0.53090523
0.34835938 0.53091215
0.34843750 0.53091907
0.34851562 0.53092600
0.34859375 0.53093292
0.34867188 0.53093985
0.34875000 0.53094677
0.34882812 0.53095369
0.34890625 0.53096062
0.34898438 0.53096754
0.34906250 0.53097447
0.34914062 0.53098139
0.34921875 0.53098831
0.34929688 0.53099524
0.34937500 0.53100216
0.34945313 0.53100908
0.34953125 0.53101601
0.34960938 0.53102293
0.34968750 0.53102986
0.34976563 0.53103678
0.34984375 0.53104370
0.34992187 0.53105063
0.35000000 0.53105755
0.35007813 0.53106447
0.35015625 0.53107140
0.35023437 0.53107832
0.35031250 0.53108525
0.35039063 0.53109217
0.35046875 0.53109909
0.35054687 0.53110602
0.35062500 0.53111294
0.35070313 0.53111986
0.35078125 0.53112679
0.35085938 0.53113371
0.35093750 0.53114064
0.35101562 0.53114756
0.35109375 0.53115448
0.35117188 0.53116141
0.35125000 0.53116833
0.35132812 0.53117525
0.35140625 0.53118218
0.35148438 0.53118910
0.35156250 0.53119603
0.35164062 0.53120295
0.35171875 0.53120987
0.35179688 0.53121680
0.35187500 0.53122372
0.35195313 0.53123064
0.35203125 0.53123757
0.35210938 0.53124449
0.35218750 0.53125141
0.35226563 0.53125834
0.35234375 0.53126526
0.35242187 0.53127219
0.35250000 0.53127911
0.35257813 0.53128603
0.35265625 0.53129296
0.35273437 0.53129988
0.35281250 0.53130680
0.35289063 0.53131373
0.35296875 0.53132065
0.35304687 0.53132758
0.35312500 0.53133450
0.35320313 0.53134142
0.35328125 0.53134835
0.35335938 0.53135527
0.35343750 0.53136219
0.35351562 0.53136912
0.35359375 0.53137604
0.35367188 0.53138296
0.35375000 0.53138989
0.35382812 0.53139681
0.35390625 0.53140374
0.35398438 0.53141066
0.35406250 0.53141758
0.35414062 0.53142451
0.35421875 0.53143143
0.35429688 0.53143835
0.35437500 0.53144528
0.35445312 0.53145220
0.35453125 0.53145912
0.35460938 0.53146605
0.35468750 0.53147297
0.35476563 0.53147989
0.35484375 0.53148682
0.35492187 0.53149374
0.35500000 0.53150067
0.35507813 0.53150759
0.35515625 0.53151451
0.35523437 0.53152144
0.35531250 0.53152836
0.35539063 0.53153528
0.35546875 0.53154221
0.35554687 0.53154913
0.35562500 0.53155605
0.35570313 0.53156298
0.35578125 0.53156990
0.35585938 0.53157682
0.35593750 0.53158375
0.35601563 0.53159067
0.35609375 0.53159760
0.35617188 0.53160452
0.35625000 0.53161144
0.35632812 0.53161837
0.35640625 0.53162529
0.35648438 0.53163221
0.35656250 0.53163914
0.35664062 0.53164606
0.35671875 0.53165298
0.35679688 0.53165991
0.35687500 0.53166683
0.35695312 0.53167375
0.35703125 0.53168068
0.35710938 0.53168760
0.35718750 0.53169452
0.35726563 0.53170145
0.35734375 0.53170837
0.35742188 0.53171530
0.35750000 0.53172222
0.35757813 0.53172914
0.35765625 0.53173607
0.35773437 0.53174299
0.35781250 0.53174991
0.35789063 0.53175684
0.35796875 0.53176376
0.35804687 0.53177068
0.35812500 0.53177761
0.35820313 0.53178453
0.35828125 0.53179145
0.35835937 0.53179838
0.35843750 0.53180530
0.35851563 0.53181222
0.35859375 0.53181915
0.35867188 0.53182607
0.35875000 0.53183299
0.35882812 0.53183992
0.35890625 0.53184684
0.35898438 0.53185376
0.35906250 0.53186069
0.35914062 0.53186761
0.35921875 0.53187454
0.35929688 0.53188146
0.35937500 0.53188838
0.35945312 0.53189531
0.35953125 0.53190223
0.35960938 0.53190915
0.35968750 0.53191608
0.35976563 0.53192300
0.35984375 0.53192992
0.35992188 0.53193685
0.36000000 0.53194377
0.36007813 0.53195069
0.36015625 0.53195762
0.36023437 0.53196454
0.36031250 0.53197146
0.36039063 0.53197839
0.36046875 0.53198531
0.36054687 0.53199223
0.36062500 0.53199916
0.36070313 0.53200608
0.36078125 0.53201300
0.36085937 0.53201993
0.36093750 0.53202685
0.36101563 0.53203377
0.36109375 0.53204070
0.36117188 0.53204762
0.36125000 0.53205454
0.36132812 0.53206147
0.36140625 0.53206839
0.36148438 0.53207531
0.36156250 0.53208224
0.36164062 0.53208916
0.36171875 0.53209608
0.36179688 0.53210301
0.36187500 0.53210993
0.36195312 0.53211685
0.36203125 0.53212378
0.36210938 0.53213070
0.36218750 0.53213762
0.36226562 0.53214455
0.36234375 0.53215147
0.36242188 0.53215839
0.36250000 0.53216532
0.36257813 0.53217224
0.36265625 0.53217916
0.36273437 0.53218609
0.36281250 0.53219301
0.36289063 0.53219993
0.36296875 0.53220686
0.36304687 0.53221378
0.36312500 0.53222070
0.36320313 0.53222763
0.36328125 0.53223455
0.36335937 0.53224147
0.36343750 0.53224840
0.36351563 0.53225532
0.36359375 0.53226224
0.36367188 0.53226917
0.36375000 0.53227609
0.36382813 0.53228301
0.36390625 0.53228994
0.36398438 0.53229686
0.36406250 0.53230378
0.36414062 0.53231071
0.36421875 0.53231763
0.36429688 0.53232455
0.36437500 0.53233148
0.36445312 0.53233840
0.36453125 0.53234532
0.36460938 0.53235225
0.36468750 0.53235917
0.36476562 0.53236609
0.36484375 0.53237302
0.36492188 0.53237994
0.36500000 0.53238686
0.36507813 0.53239378
0.36515625 0.53240071
0.36523438 0.53240763
0.36531250 0.53241455
0.36539063 0.53242148
0.36546875 0.53242840
0.36554687 0.53243532
0.36562500 0.53244225
0.36570313 0.53244917
0.36578125 0.53245609
0.36585937 0.53246302
0.36593750 0.53246994
0.36601563 0.53247686
0.36609375 0.53248379
0.36617187 0.53249071
0.36625000 0.53249763
0.36632813 0.53250456
0.36640625 0.53251148
0.36648438 0.53251840
0.36656250 0.53252533
0.36664062 0.53253225
0.36671875 0.53253917
0.36679688 0.53254610
0.36687500 0.53255302
0.36695312 0.53255994
0.36703125 0.53256686
0.36710938 0.53257379
0.36718750 0.53258071
0.36726562 0.53258763
0.36734375 0.53259456
0.36742188 0.53260148
0.36750000 0.53260840
0.36757813 0.53261533
0.36765625 0.53262225
0.36773438 0.53262917
0.36781250 0.53263610
0.36789063 0.53264302
0.36796875 0.53264994
0.36804687 0.53265687
0.36812500 0.53266379
0.36820313 0.53267071
0.36828125 0.53267763
0.36835937 0.53268456
0.36843750 0.53269148
0.36851563 0.53269840
0.36859375 0.53270533
0.36867187 0.53271225
0.36875000 0.53271917
0.36882813 0.53272610
0.36890625 0.53273302
0.36898438 0.53273994
0.36906250 0.53274687
0.36914062 0.53275379
0.36921875 0.53276071
0.36929688 0.53276763
0.36937500 0.53277456
0.36945312 0.53278148
0.36953125 0.53278840
0.36960938 0.53279533
0.36968750 0.53280225
0.36976562 0.53280917
0.36984375 0.53281610
0.36992188 0.53282302
0.37000000 0.53282994
0.37007812 0.53283687
0.37015625 0.53284379
0.37023438 0.53285071
0.37031250 0.53285763
0.37039063 0.53286456
0.37046875 0.53287148
0.37054687 0.53287840
0.37062500 0.53288533
0.37070313 0.53289225
0.37078125 0.53289917
0.37085937 0.53290610
0.37093750 0.53291302
0.37101563 0.53291994
0.37109375 0.53292686
0.37117187 0.53293379
0.37125000 0.53294071
0.37132813 0.53294763
0.37140625 0.53295456
0.37148438 0.53296148
0.37156250 0.53296840
0.37164063 0.53297533
0.37171875 0.53298225
0.37179688 0.53298917
0.37187500 0.53299609
0.37195312 0.53300302
0.37203125 0.53300994
0.37210938 0.53301686
0.37218750 0.53302379
0.37226562 0.53303071
0.37234375 0.53303763
0.37242188 0.53304455
0.37250000 0.53305148
0.37257812 0.53305840
0.37265625 0.53306532
0.37273438 0.53307225
0.37281250 0.53307917
0.37289063 0.53308609
0.37296875 0.53309302
0.37304688 0.53309994
0.37312500 0.53310686
0.37320313 0.53311378
0.37328125 0.53312071
0.37335937 0.53312763
0.37343750 0.53313455
0.37351563 0.53314148
0.37359375 0.53314840
0.37367187 0.53315532
0.37375000 0.53316224
0.37382813 0.53316917
0.37390625 0.53317609
0.37398438 0.53318301
0.37406250 0.53318994
0.37414063 0.53319686
0.37421875 0.53320378
0.37429688 0.53321070
0.37437500 0.53321763
0.37445312 0.53322455
0.37453125 0.53323147
0.37460938 0.53323840
0.37468750 0.53324532
0.37476562 0.53325224
0.37484375 0.53325916
0.37492188 0.53326609
0.37500000 0.53327301
0.37507812 0.53327993
0.37515625 0.53328686
0.37523438 0.53329378
0.37531250 0.53330070
0.37539063 0.53330762
0.37546875 0.53331455
0.37554688 0.53332147
0.37562500 0.53332839
0.37570313 0.53333532
0.37578125 0.53334224
0.37585937 0.53334916
0.37593750 0.53335608
0.37601563 0.53336301
0.37609375 0.53336993
0.37617187 0.53337685
0.37625000 0.53338378
0.37632813 0.53339070
0.37640625 0.53339762
0.37648437 0.53340454
0.37656250 0.53341147
0.37664063 0.53341839
0.37671875 0.53342531
0.37679688 0.53343224
0.37687500 0.53343916
0.37695312 0.53344608
0.37703125 0.53345300
0.37710938 0.53345993
0.37718750 0.53346685
0.37726562 0.53347377
0.37734375 0.53348069
0.37742188 0.53348762
0.37750000 0.53349454
0.37757812 0.53350146
0.37765625 0.53350839
0.37773438 0.53351531
0.37781250 0.53352223
0.37789063 0.53352915
0.37796875 0.53353608
0.37804688 0.53354300
0.37812500 0.53354992
0.37820313 0.53355684
0.37828125 0.53356377
0.37835937 0.53357069
0.37843750 0.53357761
0.37851563 0.53358454
0.37859375 0.53359146
0.37867187 0.53359838
0.37875000 0.53360530
0.37882813 0.53361223
0.37890625 0.53361915
0.37898437 0.53362607
0.37906250 0.53363299
0.37914063 0.53363992
0.37921875 0.53364684
0.37929688 0.53365376
0.37937500 0.53366068
0.37945313 0.53366761
0.37953125 0.53367453
0.37960938 0.53368145
0.37968750 0.53368838
0.37976562 0.53369530
0.37984375 0.53370222
0.37992188 0.53370914
0.38000000 0.53371607
0.38007812 0.53372299
0.38015625 0.53372991
0.38023438 0.53373683
0.38031250 0.53374376
0.38039062 0.53375068
0.38046875 0.53375760
0.38054688 0.53376453
0.38062500 0.53377145
0.38070313 0.53377837
0.38078125 0.53378529
0.38085938 0.53379222
0.38093750 0.53379914
0.38101563 0.53380606
0.38109375 0.53381298
0.38117187 0.53381991
0.38125000 0.53382683
0.38132813 0.53383375
0.38140625 0.53384067
0.38148437 0.53384760
0.38156250 0.53385452
0.38164063 0.53386144
0.38171875 0.53386836
0.38179688 0.53387529
0.38187500 0.53388221
0.38195313 0.53388913
0.38203125 0.53389605
0.38210938 0.53390298
0.38218750 0.53390990
0.38226562 0.53391682
0.38234375 0.53392374
0.38242188 0.53393067
0.38250000 0.53393759
0.38257812 0.53394451
0.38265625 0.53395143
0.38273438 0.53395836
0.38281250 0.53396528
0.38289062 0.53397220
0.38296875 0.53397912
0.38304688 0.53398605
0.38312500 0.53399297
0.38320313 0.53399989
0.38328125 0.53400682
0.38335938 0.53401374
0.38343750 0.53402066
0.38351563 0.53402758
0.38359375 0.53403451
0.38367187 0.53404143
0.38375000 0.53404835
0.38382813 0.53405527
0.38390625 0.53406220
0.38398437 0.53406912
0.38406250 0.53407604
0.38414063 0.53408296
0.38421875 0.53408989
0.38429687 0.53409681
0.38437500 0.53410373
0.38445313 0.53411065
0.38453125 0.53411758
0.38460938 0.53412450
0.38468750 0.53413142
0.38476562 0.53413834
0.38484375 0.53414527
0.38492188 0.53415219
0.38500000 0.53415911
0.38507812 0.53416603
0.38515625 0.53417295
0.38523438 0.53417988
0.38531250 0.53418680
0.38539062 0.53419372
0.38546875 0.53420064
0.38554688 0.53420757
0.38562500 0.53421449
0.38570313 0.53422141
0.38578125 0.53422833
0.38585938 0.53423526
0.38593750 0.53424218
0.38601563 0.53424910
0.38609375 0.53425602
0.38617187 0.53426295
0.38625000 0.53426987
0.38632813 0.53427679
0.38640625 0.53428371
0.38648437 0.53429064
0.38656250 0.53429756
0.38664063 0.53430448
0.38671875 0.53431140
0.38679687 0.53431833
0.38687500 0.53432525
0.38695313 0.53433217
0.38703125 0.53433909
0.38710938 0.53434602
0.38718750 0.53435294
0.38726563 0.53435986
0.38734375 0.53436678
0.38742188 0.53437371
0.38750000 0.53438063
0.38757812 0.53438755
0.38765625 0.53439447
0.38773438 0.53440140
0.38781250 0.53440832
0.38789062 0.53441524
0.38796875 0.53442216
0.38804688 0.53442908
0.38812500 0.53443601
0.38820312 0.53444293
0.38828125 0.53444985
0.38835938 0.53445677
0.38843750 0.53446370
0.38851563 0.53447062
0.38859375 0.53447754
0.38867188 0.53448446
0.38875000 0.53449138
0.38882813 0.53449831
0.38890625 0.53450523
0.38898437 0.53451215
0.38906250 0.53451907
0.38914063 0.53452600
0.38921875 0.53453292
0.38929687 0.53453984
0.38937500 0.53454676
0.38945313 0.53455369
0.38953125 0.53456061
0.38960938 0.53456753
0.38968750 0.53457445
0.38976563 0.53458138
0.38984375 0.53458830
0.38992188 0.53459522
0.39000000 0.53460214
0.39007812 0.53460906
0.39015625 0.53461599
0.39023438 0.53462291
0.39031250 0.53462983
0.39039062 0.53463675
0.39046875 0.53464367
0.39054688 0.53465060
0.39062500 0.53465752
0.39070312 0.53466444
0.39078125 0.53467136
0.39085938 0.53467829
0.39093750 0.53468521
0.39101563 0.53469213
0.39109375 0.53469905
0.39117188 0.53470598
0.39125000 0.53471290
0.39132813 0.53471982
0.39140625 0.53472674
0.39148437 0.53473367
0.39156250 0.53474059
0.39164063 0.53474751
0.39171875 0.53475443
0.39179687 0.53476135
0.39187500 0.53476827
0.39195313 0.53477520
0.39203125 0.53478212
0.39210937 0.53478904
0.39218750 0.53479596
0.39226563 0.53480289
0.39234375 0.53480981
0.39242188 0.53481673
0.39250000 0.53482365
0.39257812 0.53483058
0.39265625 0.53483750
0.39273438 0.53484442
0.39281250 0.53485134
0.39289062 0.53485826
0.39296875 0.53486518
0.39304688 0.53487211
0.39312500 0.53487903
0.39320312 0.53488595
0.39328125 0.53489287
0.39335938 0.53489980
0.39343750 0.53490672
0.39351563 0.53491364
0.39359375 0.53492056
0.39367188 0.53492749
0.39375000 0.53493441
0.39382813 0.53494133
0.39390625 0.53494825
0.39398437 0.53495517
0.39406250 0.53496209
0.39414063 0.53496902
0.39421875 0.53497594
0.39429687 0.53498286
0.39437500 0.53498978
0.39445313 0.53499671
0.39453125 0.53500363
0.39460937 0.53501055
0.39468750 0.53501747
0.39476563 0.53502440
0.39484375 0.53503132
0.39492188 0.53503824
0.39500000 0.53504516
0.39507813 0.53505208
0.39515625 0.53505900
0.39523438 0.53506593
0.39531250 0.53507285
0.39539062 0.53507977
0.39546875 0.53508669
0.39554688 0.53509362
0.39562500 0.53510054
0.39570312 0.53510746
0.39578125 0.53511438
0.39585938 0.53512130
0.39593750 0.53512822
0.39601562 0.53513515
0.39609375 0.53514207
0.39617188 0.53514899
0.39625000 0.53515591
0.39632813 0.53516284
0.39640625 0.53516976
0.39648438 0.53517668
0.39656250 0.53518360
0.39664063 0.53519052
0.39671875 0.53519744
0.39679687 0.53520437
0.39687500 0.53521129
0.39695313 0.53521821
0.39703125 0.53522513
0.39710937 0.53523206
0.39718750 0.53523898
0.39726563 0.53524590
0.39734375 0.53525282
0.39742188 0.53525974
0.39750000 0.53526666
0.39757813 0.53527359
0.39765625 0.53528051
0.39773438 0.53528743
0.39781250 0.53529435
0.39789062 0.53530128
0.39796875 0.53530820
0.39804688 0.53531512
0.39812500 0.53532204
0.39820312 0.53532896
0.39828125 0.53533588
0.39835938 0.53534281
0.39843750 0.53534973
0.39851562 0.53535665
0.39859375 0.53536357
0.39867188 0.53537050
0.39875000 0.53537741
0.39882813 0.53538434
0.39890625 0.53539126
0.39898438 0.53539818
0.39906250 0.53540510
0.39914063 0.53541203
0.39921875 0.53541895
0.39929687 0.53542587
0.39937500 0.53543279
0.39945313 0.53543972
0.39953125 0.53544663
0.39960937 0.53545356
0.39968750 0.53546048
0.39976563 0.53546740
0.39984375 0.53547432
0.39992187 0.53548125
0.40000000 0.53548816
0.40007813 0.53549509
0.40015625 0.53550201
0.40023438 0.53550893
0.40031250 0.53551585
0.40039062 0.53552278
0.40046875 0.53552970
0.40054688 0.53553662
0.40062500 0.53554354
0.40070312 0.53555047
0.40078125 0.53555738
0.40085938 0.53556431
0.40093750 0.53557123
0.40101562 0.53557815
0.40109375 0.53558507
0.40117188 0.53559200
0.40125000 0.53559891
0.40132813 0.53560584
0.40140625 0.53561276
0.40148438 0.53561968
0.40156250 0.53562660
0.40164063 0.53563353
0.40171875 0.53564045
0.40179687 0.53564737
0.40187500 0.53565429
0.40195313 0.53566121
0.40203125 0.53566813
0.40210937 0.53567506
0.40218750 0.53568198
0.40226563 0.53568890
0.40234375 0.53569582
0.40242187 0.53570275
0.40250000 0.53570966
0.40257813 0.53571659
0.40265625 0.53572351
0.40273438 0.53573043
0.40281250 0.53573735
0.40289063 0.53574428
0.40296875 0.53575119
0.40304688 0.53575812
0.40312500 0.53576504
0.40320312 0.53577196
0.40328125 0.53577888
0.40335938 0.53578581
0.40343750 0.53579272
0.40351562 0.53579965
0.40359375 0.53580657
0.40367188 0.53581349
0.40375000 0.53582041
0.40382812 0.53582734
0.40390625 0.53583425
0.40398438 0.53584118
0.40406250 0.53584810
0.40414063 0.53585502
0.40421875 0.53586194
0.40429688 0.53586887
0.40437500 0.53587578
0.40445313 0.53588271
0.40453125 0.53588963
0.40460937 0.53589655
0.40468750 0.53590347
0.40476563 0.53591040
0.40484375 0.53591731
0.40492187 0.53592424
0.40500000 0.53593116
0.40507813 0.53593808
0.40515625 0.53594500
0.40523438 0.53595193
0.40531250 0.53595884
0.40539063 0.53596577
0.40546875 0.53597269
0.40554688 0.53597961
0.40562500 0.53598653
0.40570312 0.53599346
0.40578125 0.53600037
0.40585938 0.53600730
0.40593750 0.53601422
0.40601562 0.53602114
0.40609375 0.53602806
0.40617188 0.53603499
0.40625000 0.53604190
0.40632812 0.53604883
0.40640625 0.53605575
0.40648438 0.53606267
0.40656250 0.53606959
0.40664063 0.53607652
0.40671875 0.53608343
0.40679688 0.53609036
0.40687500 0.53609728
0.40695313 0.53610420
0.40703125 0.53611112
0.40710937 0.53611805
0.40718750 0.53612496
0.40726563 0.53613189
0.40734375 0.53613880
0.40742187 0.53614573
0.40750000 0.53615265
0.40757813 0.53615958
0.40765625 0.53616649
0.40773437 0.53617342
0.40781250 0.53618033
0.40789063 0.53618726
0.40796875 0.53619418
0.40804688 0.53620111
0.40812500 0.53620802
0.40820312 0.53621495
0.40828125 0.53622186
0.40835938 0.53622879
0.40843750 0.53623571
0.40851562 0.53624264
0.40859375 0.53624955
0.40867188 0.53625648
0.40875000 0.53626339
0.40882812 0.53627032
0.40890625 0.53627724
0.40898438 0.53628416
0.40906250 0.53629108
0.40914063 0.53629801
0.40921875 0.53630492
0.40929688 0.53631185
0.40937500 0.53631876
0.40945313 0.53632569
0.40953125 0.53633261
0.40960937 0.53633954
0.40968750 0.53634645
0.40976563 0.53635338
0.40984375 0.53636029
0.40992187 0.53636722
0.41000000 0.53637414
0.41007813 0.53638107
0.41015625 0.53638798
0.41023437 0.53639491
0.41031250 0.53640182
0.41039063 0.53640875
0.41046875 0.53641566
0.41054688 0.53642259
0.41062500 0.53642951
0.41070313 0.53643644
0.41078125 0.53644335
0.41085938 0.53645028
0.41093750 0.53645719
0.41101562 0.53646412
0.41109375 0.53647104
0.41117188 0.53647797
0.41125000 0.53648488
0.41132812 0.53649181
0.41140625 0.53649872
0.41148438 0.53650565
0.41156250 0.53651256
0.41164062 0.53651949
0.41171875 0.53652641
0.41179688 0.53653334
0.41187500 0.53654025
0.41195313 0.53654718
0.41203125 0.53655409
0.41210938 0.53656102
0.41218750 0.53656793
0.41226563 0.53657487
0.41234375 0.53658178
0.41242187 0.53658871
0.41250000 0.53659562
0.41257813 0.53660255
0.41265625 0.53660946
0.41273437 0.53661639
0.41281250 0.53662330
0.41289063 0.53663024
0.41296875 0.53663715
0.41304688 0.53664408
0.41312500 0.53665099
0.41320313 0.53665792
0.41328125 0.53666483
0.41335938 0.53667176
0.41343750 0.53667868
0.41351562 0.53668561
0.41359375 0.53669252
0.41367188 0.53669945
0.41375000 0.53670636
0.41382812 0.53671329
0.41390625 0.53672020
0.41398438 0.53672714
0.41406250 0.53673405
0.41414062 0.53674098
0.41421875 0.53674789
0.41429688 0.53675482
0.41437500 0.53676173
0.41445313 0.53676866
0.41453125 0.53677557
0.41460938 0.53678251
0.41468750 0.53678942
0.41476563 0.53679635
0.41484375 0.53680326
0.41492187 0.53681019
0.41500000 0.53681710
0.41507813 0.53682403
0.41515625 0.53683094
0.41523437 0.53683788
0.41531250 0.53684478
0.41539063 0.53685172
0.41546875 0.53685863
0.41554687 0.53686556
0.41562500 0.53687247
0.41570313 0.53687940
0.41578125 0.53688631
0.41585938 0.53689325
0.41593750 0.53690015
0.41601562 0.53690709
0.41609375 0.53691400
0.41617188 0.53692093
0.41625000 0.53692784
0.41632812 0.53693477
0.41640625 0.53694168
0.41648438 0.53694862
0.41656250 0.53695552
0.41664062 0.53696246
0.41671875 0.53696937
0.41679688 0.53697630
0.41687500 0.53698321
0.41695313 0.53699014
0.41703125 0.53699705
0.41710938 0.53700399
0.41718750 0.53701089
0.41726563 0.53701783
0.41734375 0.53702473
0.41742187 0.53703167
0.41750000 0.53703858
0.41757813 0.53704551
0.41765625 0.53705242
0.41773437 0.53705936
0.41781250 0.53706626
0.41789063 0.53707320
0.41796875 0.53708010
0.41804687 0.53708704
0.41812500 0.53709395
0.41820313 0.53710088
0.41828125 0.53710779
0.41835938 0.53711472
0.41843750 0.53712163
0.41851563 0.53712857
0.41859375 0.53713547
0.41867188 0.53714241
0.41875000 0.53714931
0.41882812 0.53715625
0.41890625 0.53716316
0.41898438 0.53717009
0.41906250 0.53717700
0.41914062 0.53718394
0.41921875 0.53719084
0.41929688 0.53719778
0.41937500 0.53720468
0.41945312 0.53721162
0.41953125 0.53721852
0.41960938 0.53722546
0.41968750 0.53723237
0.41976563 0.53723930
0.41984375 0.53724621
0.41992188 0.53725315
0.42000000 0.53726005
0.42007813 0.53726699
0.42015625 0.53727389
0.42023437 0.53728083
0.42031250 0.53728773
0.42039063 0.53729467
0.42046875 0.53730158
0.42054687 0.53730852
0.42062500 0.53731542
0.42070313 0.53732236
0.42078125 0.53732926
0.42085938 0.53733620
0.42093750 0.53734310
0.42101563 0.53735004
0.42109375 0.53735694
0.42117188 0.53736388
0.42125000 0.53737079
0.42132812 0.53737773
0.42140625 0.53738463
0.42148438 0.53739157
0.42156250 0.53739847
0.42164062 0.53740541
0.42171875 0.53741231
0.42179688 0.53741925
0.42187500 0.53742615
0.42195312 0.53743309
0.42203125 0.53743999
0.42210938 0.53744694
0.42218750 0.53745384
0.42226563 0.53746078
0.42234375 0.53746768
0.42242188 0.53747462
0.42250000 0.53748152
0.42257813 0.53748846
0.42265625 0.53749536
0.42273437 0.53750230
0.42281250 0.53750920
0.42289063 0.53751615
0.42296875 0.53752305
0.42304687 0.53752999
0.42312500 0.53753689
0.42320313 0.53754383
0.42328125 0.53755073
0.42335937 0.53755767
0.42343750 0.53756457
0.42351563 0.53757151
0.42359375 0.53757841
0.42367188 0.53758536
0.42375000 0.53759225
0.42382812 0.53759920
0.42390625 0.53760609
0.42398438 0.53761304
0.42406250 0.53761994
0.42414062 0.53762688
0.42421875 0.53763378
0.42429688 0.53764072
0.42437500 0.53764762
0.42445312 0.53765457
0.42453125 0.53766146
0.42460938 0.53766841
0.42468750 0.53767530
0.42476563 0.53768225
0.42484375 0.53768914
0.42492188 0.53769609
0.42500000 0.53770299
0.42507813 0.53770993
0.42515625 0.53771683
0.42523437 0.53772377
0.42531250 0.53773067
0.42539063 0.53773762
0.42546875 0.53774451
0.42554687 0.53775146
0.42562500 0.53775835
0.42570313 0.53776530
0.42578125 0.53777219
0.42585937 0.53777914
0.42593750 0.53778603
0.42601563 0.53779298
0.42609375 0.53779988
0.42617188 0.53780682
0.42625000 0.53781372
0.42632813 0.53782067
0.42640625 0.53782756
0.42648438 0.53783451
0.42656250 0.53784140
0.42664062 0.53784835
0.42671875 0.53785524
0.42679688 0.53786219
0.42687500 0.53786908
0.42695312 0.53787603
0.42703125 0.53788292
0.42710938 0.53788987
0.42718750 0.53789677
0.42726562 0.53790372
0.42734375 0.53791061
0.42742188 0.53791756
0.42750000 0.53792445
0.42757813 0.53793140
0.42765625 0.53793829
0.42773438 0.53794524
0.42781250 0.53795213
0.42789063 0.53795908
0.42796875 0.53796597
0.42804687 0.53797292
0.42812500 0.53797981
0.42820313 0.53798677
0.42828125 0.53799365
0.42835937 0.53800061
0.42843750 0.53800749
0.42851563 0.53801445
0.42859375 0.53802134
0.42867188 0.53802829
0.42875000 0.53803518
0.42882813 0.53804213
0.42890625 0.53804902
0.42898438 0.53805597
0.42906250 0.53806286
0.42914062 0.53806981
0.42921875 0.53807670
0.42929688 0.53808366
0.42937500 0.53809054
0.42945312 0.53809750
0.42953125 0.53810438
0.42960938 0.53811134
0.42968750 0.53811822
0.42976562 0.53812518
0.42984375 0.53813206
0.42992188 0.53813902
0.43000000 0.53814591
0.43007813 0.53815286
0.43015625 0.53815975
0.43023438 0.53816670
0.43031250 0.53817359
0.43039063 0.53818055
0.43046875 0.53818743
0.43054687 0.53819439
0.43062500 0.53820127
0.43070313 0.53820823
0.43078125 0.53821511
0.43085937 0.53822207
0.43093750 0.53822895
0.43101563 0.53823591
0.43109375 0.53824279
0.43117187 0.53824975
0.43125000 0.53825663
0.43132813 0.53826359
0.43140625 0.53827047
0.43148438 0.53827744
0.43156250 0.53828432
0.43164062 0.53829128
0.43171875 0.53829816
0.43179688 0.53830512
0.43187500 0.53831200
0.43195312 0.53831896
0.43203125 0.53832584
0.43210938 0.53833280
0.43218750 0.53833968
0.43226562 0.53834664
0.43234375 0.53835352
0.43242188 0.53836048
0.43250000 0.53836736
0.43257813 0.53837432
0.43265625 0.53838120
0.43273438 0.53838817
0.43281250 0.53839504
0.43289063 0.53840201
0.43296875 0.53840888
0.43304687 0.53841585
0.43312500 0.53842272
0.43320313 0.53842969
0.43328125 0.53843656
0.43335937 0.53844353
0.43343750 0.53845040
0.43351563 0.53845737
0.43359375 0.53846424
0.43367187 0.53847121
0.43375000 0.53847809
0.43382813 0.53848505
0.43390625 0.53849193
0.43398438 0.53849889
0.43406250 0.53850577
0.43414063 0.53851274
0.43421875 0.53851961
0.43429688 0.53852658
0.43437500 0.53853345
0.43445312 0.53854042
0.43453125 0.53854729
0.43460938 0.53855426
0.43468750 0.53856113
0.43476562 0.53856810
0.43484375 0.53857497
0.43492188 0.53858194
0.43500000 0.53858881
0.43507812 0.53859578
0.43515625 0.53860265
0.43523438 0.53860962
0.43531250 0.53861649
0.43539063 0.53862346
0.43546875 0.53863033
0.43554688 0.53863731
0.43562500 0.53864417
0.43570313 0.53865115
0.43578125 0.53865801
0.43585937 0.53866499
0.43593750 0.53867185
0.43601563 0.53867883
0.43609375 0.53868569
0.43617187 0.53869267
0.43625000 0.53869953
0.43632813 0.53870651
0.43640625 0.53871337
0.43648438 0.53872035
0.43656250 0.53872721
0.43664063 0.53873419
0.43671875 0.53874105
0.43679688 0.53874803
0.43687500 0.53875489
0.43695312 0.53876187
0.43703125 0.53876873
0.43710938 0.53877571
0.43718750 0.53878258
0.43726562 0.53878956
0.43734375 0.53879642
0.43742188 0.53880340
0.43750000 0.53881026
0.43757812 0.53881724
0.43765625 0.53882410
0.43773438 0.53883108
0.43781250 0.53883794
0.43789063 0.53884492
0.43796875 0.53885178
0.43804688 0.53885876
0.43812500 0.53886562
0.43820313 0.53887260
0.43828125 0.53887946
0.43835937 0.53888644
0.43843750 0.53889330
0.43851563 0.53890028
0.43859375 0.53890714
0.43867187 0.53891412
0.43875000 0.53892098
0.43882813 0.53892796
0.43890625 0.53893482
0.43898437 0.53894180
0.43906250 0.53894866
0.43914063 0.53895564
0.43921875 0.53896250
0.43929688 0.53896949
0.43937500 0.53897634
0.43945312 0.53898333
0.43953125 0.53899018
0.43960938 0.53899717
0.43968750 0.53900402
0.43976562 0.53901101
0.43984375 0.53901786
0.43992188 0.53902485
0.44000000 0.53903170
0.44007812 0.53903869
0.44015625 0.53904554
0.44023438 0.53905253
0.44031250 0.53905938
0.44039063 0.53906637
0.44046875 0.53907322
0.44054688 0.53908021
0.44062500 0.53908706
0.44070313 0.53909405
0.44078125 0.53910090
0.44085937 0.53910789
0.44093750 0.53911474
0.44101563 0.53912173
0.44109375 0.53912858
0.44117187 0.53913557
0.44125000 0.53914242
0.44132813 0.53914941
0.44140625 0.53915626
0.44148437 0.53916325
0.44156250 0.53917010
0.44164063 0.53917710
0.44171875 0.53918394
0.44179688 0.53919094
0.44187500 0.53919778
0.44195313 0.53920478
0.44203125 0.53921162
0.44210938 0.53921862
0.44218750 0.53922546
0.44226562 0.53923246
0.44234375 0.53923929
0.44242188 0.53924630
0.44250000 0.53925313
0.44257812 0.53926014
0.44265625 0.53926697
0.44273438 0.53927398
0.44281250 0.53928081
0.44289062 0.53928782
0.44296875 0.53929465
0.44304688 0.53930166
0.44312500 0.53930849
0.44320313 0.53931550
0.44328125 0.53932233
0.44335938 0.53932934
0.44343750 0.53933617
0.44351563 0.53934318
0.44359375 0.53935001
0.44367187 0.53935702
0.44375000 0.53936385
0.44382813 0.53937086
0.44390625 0.53937769
0.44398437 0.53938470
0.44406250 0.53939153
0.44414063 0.53939854
0.44421875 0.53940537
0.44429688 0.53941238
0.44437500 0.53941921
0.44445313 0.53942622
0.44453125 0.53943305
0.44460938 0.53944006
0.44468750 0.53944689
0.44476562 0.53945390
0.44484375 0.53946073
0.44492188 0.53946774
0.44500000 0.53947457
0.44507812 0.53948158
0.44515625 0.53948841
0.44523438 0.53949542
0.44531250 0.53950225
0.44539062 0.53950927
0.44546875 0.53951609
0.44554688 0.53952311
0.44562500 0.53952992
0.44570313 0.53953695
0.44578125 0.53954376
0.44585938 0.53955079
0.44593750 0.53955760
0.44601563 0.53956463
0.44609375 0.53957144
0.44617187 0.53957847
0.44625000 0.53958528
0.44632813 0.53959231
0.44640625 0.53959912
0.44648437 0.53960615
0.44656250 0.53961296
0.44664063 0.53961999
0.44671875 0.53962680
0.44679687 0.53963383
0.44687500 0.53964064
0.44695313 0.53964767
0.44703125 0.53965448
0.44710938 0.53966151
0.44718750 0.53966832
0.44726562 0.53967535
0.44734375 0.53968216
0.44742188 0.53968919
0.44750000 0.53969600
0.44757812 0.53970303
0.44765625 0.53970983
0.44773438 0.53971687
0.44781250 0.53972367
0.44789062 0.53973071
0.44796875 0.53973751
0.44804688 0.53974455
0.44812500 0.53975135
0.44820313 0.53975839
0.44828125 0.53976519
0.44835938 0.53977223
0.44843750 0.53977903
0.44851563 0.53978607
0.44859375 0.53979287
0.44867187 0.53979991
0.44875000 0.53980671
0.44882813 0.53981375
0.44890625 0.53982055
0.44898437 0.53982759
0.44906250 0.53983439
0.44914063 0.53984143
0.44921875 0.53984823
0.44929687 0.53985527
0.44937500 0.53986206
0.44945313 0.53986911
0.44953125 0.53987590
0.44960938 0.53988295
0.44968750 0.53988974
0.44976563 0.53989679
0.44984375 0.53990358
0.44992188 0.53991063
0.45000000 0.53991742
0.45007812 0.53992447
0.45015625 0.53993126
0.45023438 0.53993831
0.45031250 0.53994510
0.45039062 0.53995215
0.45046875 0.53995894
0.45054688 0.53996599
0.45062500 0.53997277
0.45070312 0.53997983
0.45078125 0.53998661
0.45085938 0.53999367
0.45093750 0.54000045
0.45101563 0.54000751
0.45109375 0.54001429
0.45117188 0.54002135
0.45125000 0.54002813
0.45132813 0.54003519
0.45140625 0.54004197
0.45148437 0.54004903
0.45156250 0.54005581
0.45164063 0.54006287
0.45171875 0.54006965
0.45179687 0.54007671
0.45187500 0.54008348
0.45195313 0.54009055
0.45203125 0.54009732
0.45210938 0.54010439
0.45218750 0.54011116
0.45226563 0.54011823
0.45234375 0.54012500
0.45242188 0.54013207
0.45250000 0.54013884
0.45257812 0.54014591
0.45265625 0.54015268
0.45273438 0.54015975
0.45281250 0.54016652
0.45289062 0.54017359
0.45296875 0.54018035
0.45304688 0.54018743
0.45312500 0.54019419
0.45320312 0.54020127
0.45328125 0.54020803
0.45335938 0.54021511
0.45343750 0.54022187
0.45351563 0.54022895
0.45359375 0.54023571
0.45367188 0.54024279
0.45375000 0.54024955
0.45382813 0.54025663
0.45390625 0.54026338
0.45398437 0.54027047
0.45406250 0.54027722
0.45414063 0.54028431
0.45421875 0.54029106
0.45429687 0.54029815
0.45437500 0.54030490
0.45445313 0.54031199
0.45453125 0.54031874
0.45460937 0.54032582
0.45468750 0.54033258
0.45476563 0.54033966
0.45484375 0.54034641
0.45492188 0.54035350
0.45500000 0.54036025
0.45507812 0.54036734
0.45515625 0.54037409
0.45523438 0.54038118
0.45531250 0.54038793
0.45539062 0.54039502
0.45546875 0.54040177
0.45554688 0.54040886
0.45562500 0.54041561
0.45570312 0.54042270
0.45578125 0.54042944
0.45585938 0.54043654
0.45593750 0.54044328
0.45601563 0.54045038
0.45609375 0.54045712
0.45617188 0.54046422
0.45625000 0.54047096
0.45632813 0.54047806
0.45640625 0.54048480
0.45648437 0.54049190
0.45656250 0.54049863
0.45664063 0.54050574
0.45671875 0.54051247
0.45679687 0.54051958
0.45687500 0.54052631
0.45695313 0.54053342
0.45703125 0.54054015
0.45710937 0.54054726
0.45718750 0.54055399
0.45726563 0.54056110
0.45734375 0.54056782
0.45742188 0.54057494
0.45750000 0.54058166
0.45757813 0.54058878
0.45765625 0.54059550
0.45773438 0.54060262
0.45781250 0.54060934
0.45789062 0.54061646
0.45796875 0.54062318
0.45804688 0.54063030
0.45812500 0.54063701
0.45820312 0.54064414
0.45828125 0.54065085
0.45835938 0.54065797
0.45843750 0.54066469
0.45851562 0.54067181
0.45859375 0.54067853
0.45867188 0.54068565
0.45875000 0.54069236
0.45882813 0.54069949
0.45890625 0.54070620
0.45898438 0.54071333
0.45906250 0.54072004
0.45914063 0.54072717
0.45921875 0.54073388
0.45929687 0.54074101
0.45937500 0.54074771
0.45945313 0.54075485
0.45953125 0.54076155
0.45960937 0.54076869
0.45968750 0.54077539
0.45976563 0.54078253
0.45984375 0.54078923
0.45992188 0.54079637
0.46000000 0.54080307
0.46007813 0.54081021
0.46015625 0.54081690
0.46023438 0.54082405
0.46031250 0.54083074
0.46039062 0.54083789
0.46046875 0.54084458
0.46054688 0.54085173
0.46062500 0.54085842
0.46070312 0.54086557
0.46078125 0.54087225
0.46085938 0.54087940
0.46093750 0.54088609
0.46101562 0.54089324
0.46109375 0.54089993
0.46117188 0.54090708
0.46125000 0.54091377
0.46132813 0.54092092
0.46140625 0.54092760
0.46148438 0.54093476
0.46156250 0.54094144
0.46164063 0.54094860
0.46171875 0.54095528
0.46179687 0.54096244
0.46187500 0.54096912
0.46195313 0.54097628
0.46203125 0.54098295
0.46210937 0.54099012
0.46218750 0.54099679
0.46226563 0.54100396
0.46234375 0.54101063
0.46242187 0.54101780
0.46250000 0.54102446
0.46257813 0.54103164
0.46265625 0.54103830
0.46273438 0.54104548
0.46281250 0.54105214
0.46289062 0.54105932
0.46296875 0.54106598
0.46304688 0.54107315
0.46312500 0.54107981
0.46320312 0.54108699
0.46328125 0.54109365
0.46335938 0.54110083
0.46343750 0.54110749
0.46351562 0.54111467
0.46359375 0.54112132
0.46367188 0.54112851
0.46375000 0.54113516
0.46382813 0.54114235
0.46390625 0.54114900
0.46398438 0.54115619
0.46406250 0.54116284
0.46414063 0.54117003
0.46421875 0.54117667
0.46429687 0.54118387
0.46437500 0.54119051
0.46445313 0.54119771
0.46453125 0.54120435
0.46460937 0.54121155
0.46468750 0.54121818
0.46476563 0.54122538
0.46484375 0.54123202
0.46492187 0.54123922
0.46500000 0.54124586
0.46507813 0.54125306
0.46515625 0.54125970
0.46523438 0.54126690
0.46531250 0.54127353
0.46539063 0.54128074
0.46546875 0.54128737
0.46554688 0.54129458
0.46562500 0.54130121
0.46570312 0.54130842
0.46578125 0.54131504
0.46585938 0.54132226
0.46593750 0.54132888
0.46601562 0.54133610
0.46609375 0.54134272
0.46617188 0.54134994
0.46625000 0.54135655
0.46632812 0.54136378
0.46640625 0.54137039
0.46648438 0.54137761
0.46656250 0.54138423
0.46664063 0.54139145
0.46671875 0.54139806
0.46679688 0.54140529
0.46687500 0.54141190
0.46695313 0.54141913
0.46703125 0.54142574
0.46710937 0.54143297
0.46718750 0.54143957
0.46726563 0.54144681
0.46734375 0.54145341
0.46742187 0.54146065
0.46750000 0.54146725
0.46757813 0.54147449
0.46765625 0.54148108
0.46773438 0.54148833
0.46781250 0.54149492
0.46789063 0.54150216
0.46796875 0.54150876
0.46804688 0.54151600
0.46812500 0.54152259
0.46820312 0.54152984
0.46828125 0.54153643
0.46835938 0.54154368
0.46843750 0.54155027
0.46851562 0.54155752
0.46859375 0.54156410
0.46867188 0.54157136
0.46875000 0.54157794
0.46882812 0.54158520
0.46890625 0.54159178
0.46898438 0.54159904
0.46906250 0.54160561
0.46914063 0.54161288
0.46921875 0.54161945
0.46929688 0.54162671
0.46937500 0.54163328
0.46945313 0.54164055
0.46953125 0.54164712
0.46960937 0.54165439
0.46968750 0.54166096
0.46976563 0.54166823
0.46984375 0.54167479
0.46992187 0.54168207
0.47000000 0.54168863
0.47007813 0.54169591
0.47015625 0.54170247
0.47023437 0.54170975
0.47031250 0.54171630
0.47039063 0.54172359
0.47046875 0.54173014
0.47054688 0.54173742
0.47062500 0.54174397
0.47070312 0.54175126
0.47078125 0.54175781
0.47085938 0.54176510
0.47093750 0.54177165
0.47101562 0.54177894
0.47109375 0.54178548
0.47117188 0.54179278
0.47125000 0.54179932
0.47132812 0.54180662
0.47140625 0.54181316
0.47148438 0.54182046
0.47156250 0.54182699
0.47164063 0.54183430
0.47171875 0.54184083
0.47179688 0.54184813
0.47187500 0.54185466
0.47195313 0.54186197
0.47203125 0.54186850
0.47210937 0.54187581
0.47218750 0.54188234
0.47226563 0.54188965
0.47234375 0.54189617
0.47242187 0.54190349
0.47250000 0.54191001
0.47257813 0.54191733
0.47265625 0.54192384
0.47273437 0.54193117
0.47281250 0.54193768
0.47289063 0.54194500
0.47296875 0.54195152
0.47304688 0.54195884
0.47312500 0.54196535
0.47320313 0.54197268
0.47328125 0.54197919
0.47335938 0.54198652
0.47343750 0.54199302
0.47351562 0.54200036
0.47359375 0.54200686
0.47367188 0.54201420
0.47375000 0.54202069
0.47382812 0.54202804
0.47390625 0.54203453
0.47398438 0.54204187
0.47406250 0.54204837
0.47414062 0.54205571
0.47421875 0.54206220
0.47429688 0.54206955
0.47437500 0.54207604
0.47445313 0.54208339
0.47453125 0.54208987
0.47460938 0.54209723
0.47468750 0.54210371
0.47476563 0.54211107
0.47484375 0.54211754
0.47492187 0.54212491
0.47500000 0.54213138
0.47507813 0.54213874
0.47515625 0.54214522
0.47523437 0.54215258
0.47531250 0.54215905
0.47539063 0.54216642
0.47546875 0.54217289
0.47554688 0.54218026
0.47562500 0.54218672
0.47570313 0.54219410
0.47578125 0.54220056
0.47585938 0.54220794
0.47593750 0.54221439
0.47601562 0.54222177
0.47609375 0.54222823
0.47617188 0.54223561
0.47625000 0.54224206
0.47632812 0.54224945
0.47640625 0.54225590
0.47648438 0.54226329
0.47656250 0.54226973
0.47664062 0.54227713
0.47671875 0.54228357
0.47679688 0.54229097
0.47687500 0.54229741
0.47695313 0.54230481
0.47703125 0.54231124
0.47710938 0.54231864
0.47718750 0.54232508
0.47726563 0.54233248
0.47734375 0.54233891
0.47742187 0.54234632
0.47750000 0.54235275
0.47757813 0.54236016
0.47765625 0.54236658
0.47773437 0.54237400
0.47781250 0.54238042
0.47789063 0.54238784
0.47796875 0.54239425
0.47804687 0.54240167
0.47812500 0.54240809
0.47820313 0.54241551
0.47828125 0.54242192
0.47835938 0.54242935
0.47843750 0.54243576
0.47851562 0.54244319
0.47859375 0.54244959
0.47867188 0.54245703
0.47875000 0.54246343
0.47882812 0.54247086
0.47890625 0.54247726
0.47898438 0.54248470
0.47906250 0.54249110
0.47914062 0.54249854
0.47921875 0.54250493
0.47929688 0.54251238
0.47937500 0.54251877
0.47945313 0.54252622
0.47953125 0.54253260
0.47960938 0.54254006
0.47968750 0.54254644
0.47976563 0.54255389
0.47984375 0.54256027
0.47992187 0.54256773
0.48000000 0.54257411
0.48007813 0.54258157
0.48015625 0.54258794
0.48023437 0.54259541
0.48031250 0.54260178
0.48039063 0.54260925
0.48046875 0.54261561
0.48054687 0.54262308
0.48062500 0.54262945
0.48070313 0.54263692
0.48078125 0.54264328
0.48085938 0.54265076
0.48093750 0.54265712
0.48101563 0.54266460
0.48109375 0.54267095
0.48117188 0.54267844
0.48125000 0.54268479
0.48132812 0.54269228
0.48140625 0.54269862
0.48148438 0.54270611
0.48156250 0.54271246
0.48164062 0.54271995
0.48171875 0.54272629
0.48179688 0.54273379
0.48187500 0.54274013
0.48195313 0.54274763
0.48203125 0.54275396
0.48210938 0.54276147
0.48218750 0.54276780
0.48226563 0.54277530
0.48234375 0.54278163
0.48242188 0.54278914
0.48250000 0.54279546
0.48257813 0.54280298
0.48265625 0.54280930
0.48273437 0.54281682
0.48281250 0.54282313
0.48289063 0.54283066
0.48296875 0.54283697
0.48304687 0.54284449
0.48312500 0.54285080
0.48320313 0.54285833
0.48328125 0.54286464
0.48335938 0.54287217
0.48343750 0.54287847
0.48351563 0.54288601
0.48359375 0.54289231
0.48367188 0.54289985
0.48375000 0.54290614
0.48382812 0.54291368
0.48390625 0.54291998
0.48398438 0.54292752
0.48406250 0.54293381
0.48414062 0.54294136
0.48421875 0.54294764
0.48429688 0.54295520
0.48437500 0.54296148
0.48445312 0.54296904
0.48453125 0.54297531
0.48460938 0.54298287
0.48468750 0.54298915
0.48476563 0.54299671
0.48484375 0.54300298
0.48492188 0.54301055
0.48500000 0.54301682
0.48507813 0.54302439
0.48515625 0.54303065
0.48523437 0.54303822
0.48531250 0.54304448
0.48539063 0.54305206
0.48546875 0.54305832
0.48554687 0.54306590
0.48562500 0.54307215
0.48570313 0.54307974
0.48578125 0.54308599
0.48585938 0.54309358
0.48593750 0.54309982
0.48601563 0.54310741
0.48609375 0.54311366
0.48617188 0.54312125
0.48625000 0.54312749
0.48632812 0.54313509
0.48640625 0.54314132
0.48648438 0.54314893
0.48656250 0.54315516
0.48664062 0.54316276
0.48671875 0.54316899
0.48679688 0.54317660
0.48687500 0.54318283
0.48695312 0.54319044
0.48703125 0.54319666
0.48710938 0.54320428
0.48718750 0.54321049
0.48726563 0.54321812
0.48734375 0.54322433
0.48742188 0.54323195
0.48750000 0.54323816
0.48757813 0.54324579
0.48765625 0.54325200
0.48773437 0.54325963
0.48781250 0.54326583
0.48789063 0.54327347
0.48796875 0.54327966
0.48804687 0.54328730
0.48812500 0.54329350
0.48820313 0.54330114
0.48828125 0.54330733
0.48835937 0.54331498
0.48843750 0.54332116
0.48851563 0.54332882
0.48859375 0.54333500
0.48867188 0.54334265
0.48875000 0.54334883
0.48882813 0.54335649
0.48890625 0.54336267
0.48898438 0.54337033
0.48906250 0.54337650
0.48914062 0.54338417
0.48921875 0.54339033
0.48929688 0.54339800
0.48937500 0.54340417
0.48945312 0.54341184
0.48953125 0.54341800
0.48960938 0.54342568
0.48968750 0.54343184
0.48976563 0.54343952
0.48984375 0.54344567
0.48992188 0.54345335
0.49000000 0.54345950
0.49007813 0.54346719
0.49015625 0.54347334
0.49023438 0.54348103
0.49031250 0.54348717
0.49039063 0.54349487
0.49046875 0.54350100
0.49054687 0.54350870
0.49062500 0.54351484
0.49070313 0.54352254
0.49078125 0.54352867
0.49085937 0.54353638
0.49093750 0.54354250
0.49101563 0.54355022
0.49109375 0.54355634
0.49117188 0.54356405
0.49125000 0.54357017
0.49132813 0.54357789
0.49140625 0.54358400
0.49148438 0.54359173
0.49156250 0.54359784
0.49164062 0.54360557
0.49171875 0.54361167
0.49179688 0.54361940
0.49187500 0.54362550
0.49195312 0.54363324
0.49203125 0.54363934
0.49210938 0.54364708
0.49218750 0.54365317
0.49226562 0.54366091
0.49234375 0.54366700
0.49242188 0.54367475
0.49250000 0.54368084
0.49257813 0.54368859
0.49265625 0.54369467
0.49273438 0.54370243
0.49281250 0.54370850
0.49289063 0.54371626
0.49296875 0.54372234
0.49304687 0.54373010
0.49312500 0.54373617
0.49320313 0.54374394
0.49328125 0.54375000
0.49335937 0.54375778
0.49343750 0.54376384
0.49351563 0.54377161
0.49359375 0.54377767
0.49367188 0.54378545
0.49375000 0.54379150
0.49382813 0.54379929
0.49390625 0.54380534
0.49398438 0.54381312
0.49406250 0.54381917
0.49414062 0.54382696
0.49421875 0.54383300
0.49429688 0.54384080
0.49437500 0.54384684
0.49445312 0.54385464
0.49453125 0.54386067
0.49460938 0.54386847
0.49468750 0.54387450
0.49476562 0.54388231
0.49484375 0.54388834
0.49492188 0.54389615
0.49500000 0.54390217
0.49507813 0.54390998
0.49515625 0.54391600
0.49523438 0.54392382
0.49531250 0.54392984
0.49539063 0.54393766
0.49546875 0.54394367
0.49554687 0.54395149
0.49562500 0.54395750
0.49570313 0.54396533
0.49578125 0.54397133
0.49585937 0.54397917
0.49593750 0.54398517
0.49601563 0.54399301
0.49609375 0.54399900
0.49617187 0.54400684
0.49625000 0.54401283
0.49632813 0.54402068
0.49640625 0.54402667
0.49648438 0.54403452
0.49656250 0.54404050
0.49664063 0.54404835
0.49671875 0.54405433
0.49679688 0.54406219
0.49687500 0.54406816
0.49695312 0.54407603
0.49703125 0.54408200
0.49710938 0.54408986
0.49718750 0.54409583
0.49726562 0.54410370
0.49734375 0.54410966
0.49742188 0.54411754
0.49750000 0.54412350
0.49757813 0.54413137
0.49765625 0.54413733
0.49773438 0.54414521
0.49781250 0.54415116
0.49789063 0.54415905
0.49796875 0.54416499
0.49804688 0.54417288
0.49812500 0.54417883
0.49820313 0.54418672
0.49828125 0.54419266
0.49835937 0.54420056
0.49843750 0.54420649
0.49851563 0.54421440
0.49859375 0.54422032
0.49867187 0.54422823
0.49875000 0.54423416
0.49882813 0.54424207
0.49890625 0.54424799
0.49898438 0.54425591
0.49906250 0.54426182
0.49914063 0.54426974
0.49921875 0.54427566
0.49929688 0.54428358
0.49937500 0.54428949
0.49945312 0.54429742
0.49953125 0.54430332
0.49960938 0.54431125
0.49968750 0.54431715
0.49976562 0.54432509
0.49984375 0.54433099
0.49992188 0.54433893
0.50000000 0.54434482
0.50007813 0.54435276
0.50015625 0.54435865
0.50023438 0.54436660
0.50031250 0.54437248
0.50039062 0.54438043
0.50046875 0.54438632
0.50054688 0.54439427
0.50062500 0.54440015
0.50070313 0.54440811
0.50078125 0.54441398
0.50085937 0.54442194
0.50093750 0.54442781
0.50101562 0.54443578
0.50109375 0.54444164
0.50117188 0.54444962
0.50125000 0.54445548
0.50132813 0.54446345
0.50140625 0.54446931
0.50148437 0.54447729
0.50156250 0.54448314
0.50164063 0.54449113
0.50171875 0.54449697
0.50179688 0.54450496
0.50187500 0.54451081
0.50195312 0.54451880
0.50203125 0.54452464
0.50210937 0.54453264
0.50218750 0.54453847
0.50226563 0.54454647
0.50234375 0.54455230
0.50242188 0.54456031
0.50250000 0.54456614
0.50257812 0.54457414
0.50265625 0.54457997
0.50273437 0.54458798
0.50281250 0.54459380
0.50289063 0.54460182
0.50296875 0.54460763
0.50304688 0.54461565
0.50312500 0.54462146
0.50320312 0.54462949
0.50328125 0.54463530
0.50335938 0.54464333
0.50343750 0.54464913
0.50351563 0.54465716
0.50359375 0.54466296
0.50367187 0.54467100
0.50375000 0.54467679
0.50382812 0.54468483
0.50390625 0.54469063
0.50398438 0.54469867
0.50406250 0.54470446
0.50414063 0.54471251
0.50421875 0.54471829
0.50429687 0.54472634
0.50437500 0.54473212
0.50445313 0.54474018
0.50453125 0.54474595
0.50460938 0.54475402
0.50468750 0.54475979
0.50476562 0.54476785
0.50484375 0.54477362
0.50492187 0.54478169
0.50500000 0.54478745
0.50507813 0.54479552
0.50515625 0.54480128
0.50523438 0.54480936
0.50531250 0.54481511
0.50539062 0.54482320
0.50546875 0.54482895
0.50554688 0.54483703
0.50562500 0.54484278
0.50570313 0.54485087
0.50578125 0.54485661
0.50585938 0.54486470
0.50593750 0.54487044
0.50601562 0.54487854
0.50609375 0.54488427
0.50617188 0.54489237
0.50625000 0.54489811
0.50632813 0.54490621
0.50640625 0.54491194
0.50648437 0.54492005
0.50656250 0.54492577
0.50664062 0.54493388
0.50671875 0.54493960
0.50679688 0.54494772
0.50687500 0.54495343
0.50695313 0.54496155
0.50703125 0.54496726
0.50710937 0.54497539
0.50718750 0.54498110
0.50726563 0.54498923
0.50734375 0.54499493
0.50742188 0.54500306
0.50750000 0.54500876
0.50757812 0.54501690
0.50765625 0.54502259
0.50773437 0.54503073
0.50781250 0.54503642
0.50789063 0.54504457
0.50796875 0.54505026
0.50804688 0.54505840
0.50812500 0.54506409
0.50820312 0.54507224
0.50828125 0.54507792
0.50835938 0.54508608
0.50843750 0.54509175
0.50851563 0.54509991
0.50859375 0.54510558
0.50867187 0.54511375
0.50875000 0.54511941
0.50882812 0.54512758
0.50890625 0.54513325
0.50898438 0.54514142
0.50906250 0.54514708
0.50914063 0.54515525
0.50921875 0.54516091
0.50929687 0.54516909
0.50937500 0.54517474
0.50945313 0.54518292
0.50953125 0.54518857
0.50960938 0.54519676
0.50968750 0.54520240
0.50976562 0.54521060
0.50984375 0.54521624
0.50992187 0.54522443
0.51000000 0.54523007
0.51007813 0.54523827
0.51015625 0.54524390
0.51023438 0.54525210
0.51031250 0.54525773
0.51039062 0.54526594
0.51046875 0.54527156
0.51054687 0.54527977
0.51062500 0.54528539
0.51070313 0.54529361
0.51078125 0.54529923
0.51085938 0.54530744
0.51093750 0.54531306
0.51101562 0.54532128
0.51109375 0.54532689
0.51117188 0.54533511
0.51125000 0.54534072
0.51132813 0.54534895
0.51140625 0.54535455
0.51148437 0.54536278
0.51156250 0.54536838
0.51164062 0.54537662
0.51171875 0.54538221
0.51179688 0.54539045
0.51187500 0.54539605
0.51195313 0.54540429
0.51203125 0.54540988
0.51210937 0.54541812
0.51218750 0.54542371
0.51226563 0.54543196
0.51234375 0.54543754
0.51242188 0.54544579
0.51250000 0.54545137
0.51257812 0.54545963
0.51265625 0.54546520
0.51273437 0.54547346
0.51281250 0.54547903
0.51289063 0.54548730
0.51296875 0.54549287
0.51304688 0.54550113
0.51312500 0.54550670
0.51320312 0.54551497
0.51328125 0.54552053
0.51335938 0.54552880
0.51343750 0.54553436
0.51351563 0.54554264
0.51359375 0.54554819
0.51367188 0.54555647
0.51375000 0.54556202
0.51382812 0.54557031
0.51390625 0.54557585
0.51398438 0.54558414
0.51406250 0.54558968
0.51414063 0.54559798
0.51421875 0.54560352
0.51429687 0.54561181
0.51437500 0.54561735
0.51445312 0.54562565
0.51453125 0.54563118
0.51460938 0.54563948
0.51468750 0.54564501
0.51476563 0.54565332
0.51484375 0.54565884
0.51492187 0.54566715
0.51500000 0.54567267
0.51507813 0.54568099
0.51515625 0.54568650
0.51523438 0.54569482
0.51531250 0.54570033
0.51539062 0.54570866
0.51546875 0.54571417
0.51554687 0.54572249
0.51562500 0.54572800
0.51570313 0.54573633
0.51578125 0.54574183
0.51585938 0.54575016
0.51593750 0.54575566
0.51601562 0.54576400
0.51609375 0.54576949
0.51617188 0.54577783
0.51625000 0.54578332
0.51632813 0.54579166
0.51640625 0.54579715
0.51648437 0.54580550
0.51656250 0.54581098
0.51664062 0.54581933
0.51671875 0.54582482
0.51679688 0.54583317
0.51687500 0.54583865
0.51695313 0.54584700
0.51703125 0.54585248
0.51710937 0.54586084
0.51718750 0.54586631
0.51726563 0.54587467
0.51734375 0.54588014
0.51742188 0.54588850
0.51750000 0.54589397
0.51757812 0.54590234
0.51765625 0.54590780
0.51773437 0.54591617
0.51781250 0.54592163
0.51789063 0.54593001
0.51796875 0.54593546
0.51804688 0.54594384
0.51812500 0.54594930
0.51820312 0.54595768
0.51828125 0.54596313
0.51835937 0.54597151
0.51843750 0.54597696
0.51851563 0.54598534
0.51859375 0.54599079
0.51867188 0.54599918
0.51875000 0.54600462
0.51882812 0.54601301
0.51890625 0.54601845
0.51898438 0.54602685
0.51906250 0.54603228
0.51914063 0.54604068
0.51921875 0.54604611
0.51929687 0.54605452
0.51937500 0.54605994
0.51945312 0.54606835
0.51953125 0.54607377
0.51960938 0.54608218
0.51968750 0.54608761
0.51976563 0.54609602
0.51984375 0.54610144
0.51992187 0.54610985
0.52000000 0.54611527
0.52007813 0.54612368
0.52015625 0.54612910
0.52023438 0.54613752
0.52031250 0.54614293
0.52039062 0.54615135
0.52046875 0.54615676
0.52054687 0.54616519
0.52062500 0.54617059
0.52070313 0.54617902
0.52078125 0.54618442
0.52085938 0.54619285
0.52093750 0.54619825
0.52101562 0.54620669
0.52109375 0.54621208
0.52117188 0.54622052
0.52125000 0.54622591
0.52132813 0.54623436
0.52140625 0.54623975
0.52148438 0.54624819
0.52156250 0.54625358
0.52164062 0.54626202
0.52171875 0.54626741
0.52179688 0.54627586
0.52187500 0.54628124
0.52195313 0.54628969
0.52203125 0.54629507
0.52210937 0.54630352
0.52218750 0.54630890
0.52226562 0.54631736
0.52234375 0.54632273
0.52242188 0.54633119
0.52250000 0.54633656
0.52257813 0.54634502
0.52265625 0.54635039
0.52273437 0.54635886
0.52281250 0.54636422
0.52289063 0.54637269
0.52296875 0.54637805
0.52304688 0.54638652
0.52312500 0.54639188
0.52320312 0.54640036
0.52328125 0.54640572
0.52335937 0.54641419
0.52343750 0.54641955
0.52351563 0.54642802
0.52359375 0.54643338
0.52367188 0.54644186
0.52375000 0.54644721
0.52382812 0.54645569
0.52390625 0.54646104
0.52398438 0.54646952
0.52406250 0.54647487
0.52414063 0.54648336
0.52421875 0.54648870
0.52429687 0.54649719
0.52437500 0.54650253
0.52445312 0.54651102
0.52453125 0.54651636
0.52460938 0.54652486
0.52468750 0.54653019
0.52476563 0.54653869
0.52484375 0.54654402
0.52492187 0.54655252
0.52500000 0.54655785
0.52507813 0.54656636
0.52515625 0.54657168
0.52523438 0.54658019
0.52531250 0.54658552
0.52539062 0.54659402
0.52546875 0.54659935
0.52554687 0.54660785
0.52562500 0.54661318
0.52570313 0.54662169
0.52578125 0.54662701
0.52585938 0.54663552
0.52593750 0.54664084
0.52601562 0.54664935
0.52609375 0.54665467
0.52617187 0.54666319
0.52625000 0.54666850
0.52632813 0.54667702
0.52640625 0.54668233
0.52648438 0.54669085
0.52656250 0.54669616
0.52664062 0.54670468
0.52671875 0.54670999
0.52679688 0.54671852
0.52687500 0.54672382
0.52695313 0.54673235
0.52703125 0.54673765
0.52710937 0.54674618
0.52718750 0.54675148
0.52726562 0.54676002
0.52734375 0.54676531
0.52742188 0.54677385
0.52750000 0.54677915
0.52757813 0.54678768
0.52765625 0.54679298
0.52773437 0.54680151
0.52781250 0.54680681
0.52789063 0.54681535
0.52796875 0.54682064
0.52804688 0.54682918
0.52812500 0.54683447
0.52820312 0.54684301
0.52828125 0.54684830
0.52835937 0.54685684
0.52843750 0.54686213
0.52851563 0.54687068
0.52859375 0.54687596
0.52867188 0.54688451
0.52875000 0.54688979
0.52882812 0.54689834
0.52890625 0.54690362
0.52898438 0.54691217
0.52906250 0.54691745
0.52914063 0.54692601
0.52921875 0.54693128
0.52929688 0.54693984
0.52937500 0.54694511
0.52945312 0.54695367
0.52953125 0.54695894
0.52960938 0.54696750
0.52968750 0.54697277
0.52976563 0.54698133
0.52984375 0.54698660
0.52992187 0.54699517
0.53000000 0.54700043
0.53007812 0.54700900
0.53015625 0.54701427
0.53023438 0.54702283
0.53031250 0.54702810
0.53039063 0.54703666
0.53046875 0.54704193
0.53054687 0.54705050
0.53062500 0.54705576
0.53070313 0.54706433
0.53078125 0.54706959
0.53085938 0.54707816
0.53093750 0.54708342
0.53101562 0.54709199
0.53109375 0.54709725
0.53117187 0.54710582
0.53125000 0.54711108
0.53132813 0.54711965
0.53140625 0.54712491
0.53148438 0.54713349
0.53156250 0.54713874
0.53164062 0.54714732
0.53171875 0.54715257
0.53179688 0.54716115
0.53187500 0.54716640
0.53195313 0.54717498
0.53203125 0.54718023
0.53210937 0.54718881
0.53218750 0.54719406
0.53226562 0.54720265
0.53234375 0.54720789
0.53242188 0.54721648
0.53250000 0.54722172
0.53257813 0.54723031
0.53265625 0.54723555
0.53273437 0.54724414
0.53281250 0.54724938
0.53289063 0.54725797
0.53296875 0.54726321
0.53304688 0.54727180
0.53312500 0.54727704
0.53320312 0.54728564
0.53328125 0.54729088
0.53335937 0.54729947
0.53343750 0.54730471
0.53351563 0.54731330
0.53359375 0.54731854
0.53367188 0.54732713
0.53375000 0.54733237
0.53382812 0.54734096
0.53390625 0.54734620
0.53398438 0.54735479
0.53406250 0.54736003
0.53414063 0.54736862
0.53421875 0.54737386
0.53429688 0.54738246
0.53437500 0.54738769
0.53445312 0.54739629
0.53453125 0.54740152
0.53460938 0.54741012
0.53468750 0.54741535
0.53476563 0.54742395
0.53484375 0.54742918
0.53492187 0.54743778
0.53500000 0.54744301
0.53507812 0.54745161
0.53515625 0.54745684
0.53523438 0.54746544
0.53531250 0.54747067
0.53539063 0.54747927
0.53546875 0.54748450
0.53554687 0.54749310
0.53562500 0.54749833
0.53570313 0.54750694
0.53578125 0.54751216
0.53585938 0.54752077
0.53593750 0.54752599
0.53601562 0.54753460
0.53609375 0.54753982
0.53617187 0.54754843
0.53625000 0.54755365
0.53632813 0.54756226
0.53640625 0.54756748
0.53648438 0.54757609
0.53656250 0.54758131
0.53664062 0.54758992
0.53671875 0.54759514
0.53679688 0.54760375
0.53687500 0.54760897
0.53695313 0.54761758
0.53703125 0.54762281
0.53710938 0.54763141
0.53718750 0.54763664
0.53726562 0.54764524
0.53734375 0.54765047
0.53742188 0.54765908
0.53750000 0.54766430
0.53757813 0.54767291
0.53765625 0.54767813
0.53773437 0.54768674
0.53781250 0.54769196
0.53789063 0.54770057
0.53796875 0.54770579
0.53804688 0.54771440
0.53812500 0.54771962
0.53820313 0.54772823
0.53828125 0.54773345
0.53835937 0.54774206
0.53843750 0.54774728
0.53851563 0.54775589
0.53859375 0.54776111
0.53867188 0.54776972
0.53875000 0.54777494
0.53882812 0.54778355
0.53890625 0.54778877
0.53898437 0.54779738
0.53906250 0.54780260
0.53914063 0.54781121
0.53921875 0.54781643
0.53929688 0.54782504
0.53937500 0.54783026
0.53945312 0.54783887
0.53953125 0.54784409
0.53960938 0.54785270
0.53968750 0.54785792
0.53976563 0.54786653
0.53984375 0.54787175
0.53992187 0.54788036
0.54000000 0.54788558
0.54007812 0.54789419
0.54015625 0.54789941
0.54023438 0.54790802
0.54031250 0.54791324
0.54039063 0.54792185
0.54046875 0.54792707
0.54054687 0.54793568
0.54062500 0.54794090
0.54070313 0.54794951
0.54078125 0.54795473
0.54085938 0.54796334
0.54093750 0.54796856
0.54101562 0.54797717
0.54109375 0.54798239
0.54117187 0.54799100
0.54125000 0.54799622
0.54132813 0.54800483
0.54140625 0.54801005
0.54148438 0.54801866
0.54156250 0.54802388
0.54164062 0.54803249
0.54171875 0.54803771
0.54179688 0.54804632
0.54187500 0.54805154
0.54195313 0.54806015
0.54203125 0.54806537
0.54210938 0.54807398
0.54218750 0.54807920
0.54226562 0.54808781
0.54234375 0.54809303
0.54242188 0.54810164
0.54250000 0.54810687
0.54257813 0.54811547
0.54265625 0.54812070
0.54273437 0.54812930
0.54281250 0.54813453
0.54289062 0.54814313
0.54296875 0.54814836
0.54304688 0.54815696
0.54312500 0.54816219
0.54320313 0.54817079
0.54328125 0.54817602
0.54335937 0.54818462
0.54343750 0.54818985
0.54351563 0.54819845
0.54359375 0.54820368
0.54367188 0.54821228
0.54375000 0.54821751
0.54382812 0.54822611
0.54390625 0.54823134
0.54398437 0.54823994
0.54406250 0.54824517
0.54414063 0.54825377
0.54421875 0.54825900
0.54429688 0.54826760
0.54437500 0.54827283
0.54445312 0.54828143
0.54453125 0.54828666
0.54460938 0.54829526
0.54468750 0.54830049
0.54476563 0.54830908
0.54484375 0.54831432
0.54492188 0.54832291
0.54500000 0.54832815
0.54507812 0.54833674
0.54515625 0.54834198
0.54523438 0.54835057
0.54531250 0.54835581
0.54539063 0.54836440
0.54546875 0.54836964
0.54554687 0.54837823
0.54562500 0.54838347
0.54570313 0.54839206
0.54578125 0.54839730
0.54585938 0.54840589
0.54593750 0.54841113
0.54601563 0.54841972
0.54609375 0.54842496
0.54617187 0.54843355
0.54625000 0.54843879
0.54632813 0.54844738
0.54640625 0.54845262
0.54648438 0.54846120
0.54656250 0.54846645
0.54664062 0.54847503
0.54671875 0.54848028
0.54679687 0.54848886
0.54687500 0.54849411
0.54695313 0.54850269
0.54703125 0.54850794
0.54710938 0.54851652
0.54718750 0.54852177
0.54726562 0.54853035
0.54734375 0.54853560
0.54742188 0.54854418
0.54750000 0.54854943
0.54757813 0.54855801
0.54765625 0.54856326
0.54773437 0.54857183
0.54781250 0.54857709
0.54789062 0.54858566
0.54796875 0.54859092
0.54804688 0.54859949
0.54812500 0.54860475
0.54820313 0.54861332
0.54828125 0.54861858
0.54835937 0.54862715
0.54843750 0.54863241
0.54851563 0.54864098
0.54859375 0.54864624
0.54867188 0.54865481
0.54875000 0.54866007
0.54882812 0.54866863
0.54890625 0.54867390
0.54898437 0.54868246
0.54906250 0.54868773
0.54914063 0.54869629
0.54921875 0.54870156
0.54929688 0.54871012
0.54937500 0.54871539
0.54945312 0.54872395
0.54953125 0.54872922
0.54960938 0.54873778
0.54968750 0.54874305
0.54976563 0.54875160
0.54984375 0.54875688
0.54992188 0.54876543
0.55000000 0.54877071
0.55007812 0.54877926
0.55015625 0.54878454
0.55023438 0.54879309
0.55031250 0.54879837
0.55039063 0.54880692
0.55046875 0.54881220
0.55054687 0.54882075
0.55062500 0.54882603
0.55070312 0.54883457
0.55078125 0.54883986
0.55085938 0.54884840
0.55093750 0.54885369
0.55101563 0.54886223
0.55109375 0.54886752
0.55117187 0.54887606
0.55125000 0.54888135
0.55132813 0.54888989
0.55140625 0.54889518
0.55148438 0.54890371
0.55156250 0.54890901
0.55164062 0.54891754
0.55171875 0.54892284
0.55179687 0.54893137
0.55187500 0.54893667
0.55195313 0.54894520
0.55203125 0.54895050
0.55210938 0.54895903
0.55218750 0.54896433
0.55226562 0.54897285
0.55234375 0.54897816
0.55242188 0.54898668
0.55250000 0.54899199
0.55257813 0.54900051
0.55265625 0.54900582
0.55273438 0.54901434
0.55281250 0.54901965
0.55289062 0.54902816
0.55296875 0.54903348
0.55304688 0.54904199
0.55312500 0.54904731
0.55320313 0.54905582
0.55328125 0.54906114
0.55335937 0.54906965
0.55343750 0.54907497
0.55351563 0.54908347
0.55359375 0.54908880
0.55367188 0.54909730
0.55375000 0.54910263
0.55382813 0.54911113
0.55390625 0.54911646
0.55398437 0.54912496
0.55406250 0.54913029
0.55414063 0.54913878
0.55421875 0.54914412
0.55429688 0.54915261
0.55437500 0.54915795
0.55445312 0.54916644
0.55453125 0.54917178
0.55460937 0.54918027
0.55468750 0.54918561
0.55476563 0.54919409
0.55484375 0.54919944
0.55492188 0.54920792
0.55500000 0.54921327
0.55507812 0.54922175
0.55515625 0.54922710
0.55523438 0.54923558
0.55531250 0.54924093
0.55539063 0.54924940
0.55546875 0.54925476
0.55554687 0.54926323
0.55562500 0.54926859
0.55570312 0.54927706
0.55578125 0.54928242
0.55585938 0.54929089
0.55593750 0.54929624
0.55601563 0.54930471
0.55609375 0.54931007
0.55617187 0.54931854
0.55625000 0.54932390
0.55632813 0.54933237
0.55640625 0.54933773
0.55648438 0.54934619
0.55656250 0.54935156
0.55664062 0.54936002
0.55671875 0.54936539
0.55679687 0.54937385
0.55687500 0.54937922
0.55695313 0.54938767
0.55703125 0.54939305
0.55710938 0.54940150
0.55718750 0.54940688
0.55726562 0.54941533
0.55734375 0.54942071
0.55742188 0.54942916
0.55750000 0.54943454
0.55757813 0.54944298
0.55765625 0.54944837
0.55773438 0.54945681
0.55781250 0.54946220
0.55789062 0.54947064
0.55796875 0.54947603
0.55804688 0.54948446
0.55812500 0.54948986
0.55820313 0.54949829
0.55828125 0.54950369
0.55835937 0.54951212
0.55843750 0.54951752
0.55851562 0.54952594
0.55859375 0.54953135
0.55867188 0.54953977
0.55875000 0.54954518
0.55882813 0.54955360
0.55890625 0.54955901
0.55898437 0.54956742
0.55906250 0.54957284
0.55914063 0.54958125
0.55921875 0.54958667
0.55929688 0.54959508
0.55937500 0.54960050
0.55945312 0.54960890
0.55953125 0.54961433
0.55960937 0.54962273
0.55968750 0.54962816
0.55976563 0.54963655
0.55984375 0.54964199
0.55992188 0.54965038
0.56000000 0.54965581
0.56007812 0.54966421
0.56015625 0.54966964
0.56023438 0.54967803
0.56031250 0.54968347
0.56039063 0.54969186
0.56046875 0.54969730
0.56054688 0.54970569
0.56062500 0.54971113
0.56070312 0.54971951
0.56078125 0.54972496
0.56085938 0.54973334
0.56093750 0.54973879
0.56101563 0.54974717
0.56109375 0.54975262
0.56117187 0.54976099
0.56125000 0.54976645
0.56132813 0.54977482
0.56140625 0.54978028
0.56148438 0.54978864
0.56156250 0.54979411
0.56164063 0.54980247
0.56171875 0.54980794
0.56179687 0.54981630
0.56187500 0.54982177
0.56195313 0.54983012
0.56203125 0.54983560
0.56210938 0.54984395
0.56218750 0.54984943
0.56226562 0.54985777
0.56234375 0.54986326
0.56242187 0.54987160
0.56250000 0.54987709
0.56257813 0.54988543
0.56265625 0.54989091
0.56273438 0.54989925
0.56281250 0.54990474
0.56289062 0.54991308
0.56296875 0.54991857
0.56304688 0.54992690
0.56312500 0.54993240
0.56320313 0.54994073
0.56328125 0.54994623
0.56335937 0.54995456
0.56343750 0.54996006
0.56351562 0.54996838
0.56359375 0.54997389
0.56367188 0.54998221
0.56375000 0.54998772
0.56382813 0.54999603
0.56390625 0.55000155
0.56398437 0.55000986
0.56406250 0.55001538
0.56414063 0.55002369
0.56421875 0.55002921
0.56429688 0.55003751
0.56437500 0.55004304
0.56445312 0.55005134
0.56453125 0.55005687
0.56460937 0.55006516
0.56468750 0.55007070
0.56476563 0.55007899
0.56484375 0.55008452
0.56492188 0.55009281
0.56500000 0.55009835
0.56507812 0.55010664
0.56515625 0.55011218
0.56523438 0.55012046
0.56531250 0.55012601
0.56539063 0.55013429
0.56546875 0.55013984
0.56554688 0.55014812
0.56562500 0.55015367
0.56570312 0.55016194
0.56578125 0.55016750
0.56585938 0.55017577
0.56593750 0.55018133
0.56601563 0.55018959
0.56609375 0.55019516
0.56617187 0.55020342
0.56625000 0.55020899
0.56632812 0.55021724
0.56640625 0.55022282
0.56648438 0.55023107
0.56656250 0.55023664
0.56664063 0.55024489
0.56671875 0.55025047
0.56679687 0.55025872
0.56687500 0.55026430
0.56695313 0.55027254
0.56703125 0.55027813
0.56710938 0.55028637
0.56718750 0.55029196
0.56726562 0.55030019
0.56734375 0.55030579
0.56742187 0.55031402
0.56750000 0.55031962
0.56757813 0.55032784
0.56765625 0.55033345
0.56773438 0.55034167
0.56781250 0.55034728
0.56789062 0.55035550
0.56796875 0.55036110
0.56804688 0.55036932
0.56812500 0.55037493
0.56820313 0.55038315
0.56828125 0.55038876
0.56835938 0.55039697
0.56843750 0.55040259
0.56851562 0.55041080
0.56859375 0.55041642
0.56867188 0.55042462
0.56875000 0.55043025
0.56882813 0.55043845
0.56890625 0.55044408
0.56898437 0.55045227
0.56906250 0.55045791
0.56914063 0.55046610
0.56921875 0.55047174
0.56929688 0.55047992
0.56937500 0.55048556
0.56945313 0.55049375
0.56953125 0.55049939
0.56960937 0.55050757
0.56968750 0.55051322
0.56976563 0.55052140
0.56984375 0.55052705
0.56992188 0.55053522
0.57000000 0.55054088
0.57007812 0.55054904
0.57015625 0.55055471
0.57023437 0.55056287
0.57031250 0.55056854
0.57039063 0.55057669
0.57046875 0.55058237
0.57054688 0.55059052
0.57062500 0.55059619
0.57070312 0.55060434
0.57078125 0.55061002
0.57085938 0.55061817
0.57093750 0.55062385
0.57101563 0.55063199
0.57109375 0.55063768
0.57117187 0.55064582
0.57125000 0.55065151
0.57132812 0.55065964
0.57140625 0.55066534
0.57148438 0.55067347
0.57156250 0.55067917
0.57164063 0.55068729
0.57171875 0.55069299
0.57179687 0.55070112
0.57187500 0.55070682
0.57195313 0.55071494
0.57203125 0.55072065
0.57210938 0.55072877
0.57218750 0.55073448
0.57226562 0.55074259
0.57234375 0.55074831
0.57242187 0.55075641
0.57250000 0.55076214
0.57257813 0.55077024
0.57265625 0.55077597
0.57273438 0.55078406
0.57281250 0.55078979
0.57289062 0.55079789
0.57296875 0.55080362
0.57304688 0.55081171
0.57312500 0.55081745
0.57320313 0.55082554
0.57328125 0.55083128
0.57335938 0.55083936
0.57343750 0.55084511
0.57351562 0.55085319
0.57359375 0.55085894
0.57367188 0.55086701
0.57375000 0.55087276
0.57382813 0.55088083
0.57390625 0.55088659
0.57398437 0.55089466
0.57406250 0.55090042
0.57414062 0.55090848
0.57421875 0.55091425
0.57429688 0.55092231
0.57437500 0.55092808
0.57445313 0.55093613
0.57453125 0.55094191
0.57460937 0.55094996
0.57468750 0.55095573
0.57476563 0.55096378
0.57484375 0.55096956
0.57492188 0.55097760
0.57500000 0.55098339
0.57507812 0.55099143
0.57515625 0.55099722
0.57523437 0.55100525
0.57531250 0.55101105
0.57539063 0.55101908
0.57546875 0.55102488
0.57554688 0.55103290
0.57562500 0.55103870
0.57570312 0.55104672
0.57578125 0.55105253
0.57585938 0.55106055
0.57593750 0.55106636
0.57601563 0.55107437
0.57609375 0.55108019
0.57617188 0.55108820
0.57625000 0.55109402
0.57632812 0.55110202
0.57640625 0.55110784
0.57648438 0.55111584
0.57656250 0.55112167
0.57664063 0.55112967
0.57671875 0.55113550
0.57679687 0.55114349
0.57687500 0.55114933
0.57695313 0.55115732
0.57703125 0.55116316
0.57710938 0.55117114
0.57718750 0.55117698
0.57726563 0.55118496
0.57734375 0.55119081
0.57742187 0.55119879
0.57750000 0.55120464
0.57757813 0.55121261
0.57765625 0.55121847
0.57773438 0.55122643
0.57781250 0.55123230
0.57789062 0.55124026
0.57796875 0.55124612
0.57804687 0.55125408
0.57812500 0.55125995
0.57820313 0.55126791
0.57828125 0.55127378
0.57835938 0.55128173
0.57843750 0.55128761
0.57851562 0.55129555
0.57859375 0.55130144
0.57867188 0.55130938
0.57875000 0.55131526
0.57882813 0.55132320
0.57890625 0.55132909
0.57898437 0.55133702
0.57906250 0.55134292
0.57914062 0.55135085
0.57921875 0.55135675
0.57929688 0.55136467
0.57937500 0.55137057
0.57945313 0.55137850
0.57953125 0.55138440
0.57960937 0.55139232
0.57968750 0.55139823
0.57976563 0.55140614
0.57984375 0.55141206
0.57992188 0.55141997
0.58000000 0.55142588
0.58007812 0.55143379
0.58015625 0.55143971
0.58023437 0.55144761
0.58031250 0.55145354
0.58039063 0.55146144
0.58046875 0.55146737
0.58054688 0.55147526
0.58062500 0.55148120
0.58070312 0.55148908
0.58078125 0.55149502
0.58085938 0.55150291
0.58093750 0.55150885
0.58101563 0.55151673
0.58109375 0.55152268
0.58117188 0.55153055
0.58125000 0.55153651
0.58132812 0.55154438
0.58140625 0.55155033
0.58148438 0.55155820
0.58156250 0.55156416
0.58164063 0.55157202
0.58171875 0.55157799
0.58179687 0.55158585
0.58187500 0.55159181
0.58195312 0.55159967
0.58203125 0.55160564
0.58210938 0.55161349
0.58218750 0.55161947
0.58226563 0.55162732
0.58234375 0.55163330
0.58242187 0.55164114
0.58250000 0.55164712
0.58257813 0.55165496
0.58265625 0.55166095
0.58273438 0.55166879
0.58281250 0.55167478
0.58289062 0.55168261
0.58296875 0.55168861
0.58304687 0.55169643
0.58312500 0.55170243
0.58320313 0.55171026
0.58328125 0.55171626
0.58335938 0.55172408
0.58343750 0.55173009
0.58351562 0.55173790
0.58359375 0.55174391
0.58367188 0.55175173
0.58375000 0.55175774
0.58382813 0.55176555
0.58390625 0.55177157
0.58398438 0.55177937
0.58406250 0.55178540
0.58414062 0.55179319
0.58421875 0.55179922
0.58429688 0.55180702
0.58437500 0.55181305
0.58445313 0.55182084
0.58453125 0.55182688
0.58460937 0.55183466
0.58468750 0.55184070
0.58476563 0.55184849
0.58484375 0.55185453
0.58492188 0.55186231
0.58500000 0.55186836
0.58507813 0.55187613
0.58515625 0.55188219
0.58523437 0.55188996
0.58531250 0.55189601
0.58539063 0.55190378
0.58546875 0.55190984
0.58554688 0.55191760
0.58562500 0.55192367
0.58570312 0.55193142
0.58578125 0.55193749
0.58585937 0.55194525
0.58593750 0.55195132
0.58601563 0.55195907
0.58609375 0.55196515
0.58617188 0.55197289
0.58625000 0.55197897
0.58632812 0.55198672
0.58640625 0.55199280
0.58648438 0.55200054
0.58656250 0.55200663
0.58664063 0.55201436
0.58671875 0.55202045
0.58679687 0.55202818
0.58687500 0.55203428
0.58695312 0.55204201
0.58703125 0.55204811
0.58710938 0.55205583
0.58718750 0.55206193
0.58726563 0.55206965
0.58734375 0.55207576
0.58742187 0.55208348
0.58750000 0.55208959
0.58757813 0.55209730
0.58765625 0.55210341
0.58773438 0.55211112
0.58781250 0.55211724
0.58789062 0.55212494
0.58796875 0.55213107
0.58804687 0.55213877
0.58812500 0.55214489
0.58820313 0.55215259
0.58828125 0.55215872
0.58835938 0.55216641
0.58843750 0.55217255
0.58851562 0.55218023
0.58859375 0.55218637
0.58867188 0.55219406
0.58875000 0.55220020
0.58882813 0.55220788
0.58890625 0.55221403
0.58898438 0.55222170
0.58906250 0.55222785
0.58914062 0.55223552
0.58921875 0.55224168
0.58929688 0.55224935
0.58937500 0.55225551
0.58945313 0.55226317
0.58953125 0.55226933
0.58960937 0.55227699
0.58968750 0.55228316
0.58976562 0.55229081
0.58984375 0.55229698
0.58992188 0.55230464
0.59000000 0.55231081
0.59007813 0.55231846
0.59015625 0.55232464
0.59023437 0.55233228
0.59031250 0.55233846
0.59039063 0.55234610
0.59046875 0.55235229
0.59054688 0.55235993
0.59062500 0.55236612
0.59070312 0.55237375
0.59078125 0.55237994
0.59085937 0.55238757
0.59093750 0.55239377
0.59101563 0.55240139
0.59109375 0.55240759
0.59117188 0.55241522
0.59125000 0.55242142
0.59132812 0.55242904
0.59140625 0.55243525
0.59148438 0.55244286
0.59156250 0.55244907
0.59164063 0.55245668
0.59171875 0.55246290
0.59179688 0.55247050
0.59187500 0.55247672
0.59195312 0.55248433
0.59203125 0.55249055
0.59210938 0.55249815
0.59218750 0.55250438
0.59226563 0.55251197
0.59234375 0.55251820
0.59242187 0.55252579
0.59250000 0.55253203
0.59257813 0.55253962
0.59265625 0.55254585
0.59273438 0.55255344
0.59281250 0.55255968
0.59289063 0.55256726
0.59296875 0.55257351
0.59304687 0.55258108
0.59312500 0.55258733
0.59320313 0.55259490
0.59328125 0.55260116
0.59335938 0.55260873
0.59343750 0.55261498
0.59351562 0.55262255
0.59359375 0.55262881
0.59367187 0.55263637
0.59375000 0.55264263
0.59382813 0.55265019
0.59390625 0.55265646
0.59398438 0.55266401
0.59406250 0.55267029
0.59414062 0.55267784
0.59421875 0.55268411
0.59429688 0.55269166
0.59437500 0.55269794
0.59445313 0.55270548
0.59453125 0.55271176
0.59460937 0.55271930
0.59468750 0.55272559
0.59476562 0.55273312
0.59484375 0.55273941
0.59492188 0.55274695
0.59500000 0.55275324
0.59507813 0.55276077
0.59515625 0.55276706
0.59523437 0.55277459
0.59531250 0.55278089
0.59539063 0.55278841
0.59546875 0.55279471
0.59554688 0.55280223
0.59562500 0.55280854
0.59570312 0.55281606
0.59578125 0.55282237
0.59585937 0.55282988
0.59593750 0.55283619
0.59601563 0.55284370
0.59609375 0.55285002
0.59617188 0.55285752
0.59625000 0.55286384
0.59632812 0.55287134
0.59640625 0.55287767
0.59648438 0.55288517
0.59656250 0.55289149
0.59664063 0.55289899
0.59671875 0.55290532
0.59679688 0.55291281
0.59687500 0.55291914
0.59695312 0.55292663
0.59703125 0.55293297
0.59710938 0.55294045
0.59718750 0.55294679
0.59726563 0.55295427
0.59734375 0.55296062
0.59742187 0.55296810
0.59750000 0.55297444
0.59757812 0.55298192
0.59765625 0.55298827
0.59773438 0.55299574
0.59781250 0.55300209
0.59789063 0.55300956
0.59796875 0.55301592
0.59804687 0.55302338
0.59812500 0.55302974
0.59820313 0.55303721
0.59828125 0.55304357
0.59835938 0.55305103
0.59843750 0.55305739
0.59851562 0.55306485
0.59859375 0.55307122
0.59867187 0.55307867
0.59875000 0.55308504
0.59882813 0.55309249
0.59890625 0.55309887
0.59898438 0.55310631
0.59906250 0.55311269
0.59914062 0.55312014
0.59921875 0.55312652
0.59929688 0.55313396
0.59937500 0.55314034
0.59945313 0.55314778
0.59953125 0.55315417
0.59960938 0.55316160
0.59968750 0.55316799
0.59976562 0.55317542
0.59984375 0.55318182
0.59992188 0.55318924
0.60000000 0.55319564
0.60007813 0.55320306
0.60015625 0.55320947
0.60023437 0.55321689
0.60031250 0.55322329
0.60039063 0.55323071
0.60046875 0.55323712
0.60054688 0.55324453
0.60062500 0.55325094
0.60070313 0.55325835
0.60078125 0.55326476
0.60085937 0.55327217
0.60093750 0.55327859
0.60101563 0.55328599
0.60109375 0.55329241
0.60117188 0.55329981
0.60125000 0.55330624
0.60132812 0.55331364
0.60140625 0.55332006
0.60148437 0.55332746
0.60156250 0.55333389
0.60164063 0.55334128
0.60171875 0.55334771
0.60179688 0.55335510
0.60187500 0.55336154
0.60195312 0.55336892
0.60203125 0.55337536
0.60210938 0.55338274
0.60218750 0.55338918
0.60226563 0.55339656
0.60234375 0.55340301
0.60242187 0.55341039
0.60250000 0.55341683
0.60257812 0.55342421
0.60265625 0.55343066
0.60273438 0.55343803
0.60281250 0.55344448
0.60289063 0.55345185
0.60296875 0.55345831
0.60304687 0.55346567
0.60312500 0.55347213
0.60320313 0.55347949
0.60328125 0.55348595
0.60335938 0.55349331
0.60343750 0.55349978
0.60351562 0.55350713
0.60359375 0.55351360
0.60367187 0.55352096
0.60375000 0.55352743
0.60382813 0.55353478
0.60390625 0.55354125
0.60398438 0.55354860
0.60406250 0.55355507
0.60414062 0.55356242
0.60421875 0.55356890
0.60429688 0.55357624
0.60437500 0.55358272
0.60445313 0.55359006
0.60453125 0.55359655
0.60460938 0.55360388
0.60468750 0.55361037
0.60476562 0.55361770
0.60484375 0.55362419
0.60492188 0.55363152
0.60500000 0.55363802
0.60507813 0.55364535
0.60515625 0.55365184
0.60523437 0.55365917
0.60531250 0.55366567
0.60539062 0.55367299
0.60546875 0.55367949
0.60554688 0.55368681
0.60562500 0.55369331
0.60570313 0.55370063
0.60578125 0.55370714
0.60585937 0.55371445
0.60593750 0.55372096
0.60601563 0.55372827
0.60609375 0.55373479
0.60617188 0.55374209
0.60625000 0.55374861
0.60632812 0.55375591
0.60640625 0.55376243
0.60648437 0.55376973
0.60656250 0.55377626
0.60664063 0.55378356
0.60671875 0.55379008
0.60679688 0.55379738
0.60687500 0.55380390
0.60695312 0.55381120
0.60703125 0.55381773
0.60710938 0.55382502
0.60718750 0.55383155
0.60726563 0.55383884
0.60734375 0.55384537
0.60742188 0.55385266
0.60750000 0.55385920
0.60757812 0.55386648
0.60765625 0.55387302
0.60773438 0.55388030
0.60781250 0.55388684
0.60789063 0.55389412
0.60796875 0.55390067
0.60804687 0.55390794
0.60812500 0.55391449
0.60820313 0.55392176
0.60828125 0.55392831
0.60835938 0.55393558
0.60843750 0.55394214
0.60851563 0.55394941
0.60859375 0.55395596
0.60867187 0.55396323
0.60875000 0.55396978
0.60882813 0.55397705
0.60890625 0.55398361
0.60898438 0.55399087
0.60906250 0.55399743
0.60914062 0.55400469
0.60921875 0.55401125
0.60929687 0.55401851
0.60937500 0.55402508
0.60945313 0.55403233
0.60953125 0.55403890
0.60960938 0.55404615
0.60968750 0.55405272
0.60976562 0.55405997
0.60984375 0.55406655
0.60992188 0.55407379
0.61000000 0.55408037
0.61007813 0.55408761
0.61015625 0.55409419
0.61023437 0.55410143
0.61031250 0.55410802
0.61039062 0.55411525
0.61046875 0.55412184
0.61054688 0.55412907
0.61062500 0.55413566
0.61070313 0.55414289
0.61078125 0.55414948
0.61085937 0.55415672
0.61093750 0.55416331
0.61101563 0.55417054
0.61109375 0.55417713
0.61117188 0.55418436
0.61125000 0.55419095
0.61132812 0.55419818
0.61140625 0.55420478
0.61148437 0.55421200
0.61156250 0.55421860
0.61164063 0.55422582
0.61171875 0.55423242
0.61179688 0.55423964
0.61187500 0.55424624
0.61195312 0.55425346
0.61203125 0.55426007
0.61210938 0.55426728
0.61218750 0.55427389
0.61226563 0.55428110
0.61234375 0.55428771
0.61242188 0.55429492
0.61250000 0.55430153
0.61257812 0.55430874
0.61265625 0.55431536
0.61273438 0.55432256
0.61281250 0.55432918
0.61289063 0.55433638
0.61296875 0.55434300
0.61304687 0.55435020
0.61312500 0.55435682
0.61320312 0.55436402
0.61328125 0.55437065
0.61335938 0.55437784
0.61343750 0.55438447
0.61351563 0.55439166
0.61359375 0.55439829
0.61367187 0.55440548
0.61375000 0.55441211
0.61382813 0.55441930
0.61390625 0.55442594
0.61398438 0.55443312
0.61406250 0.55443976
0.61414062 0.55444694
0.61421875 0.55445358
0.61429687 0.55446076
0.61437500 0.55446740
0.61445313 0.55447458
0.61453125 0.55448123
0.61460938 0.55448840
0.61468750 0.55449505
0.61476562 0.55450222
0.61484375 0.55450887
0.61492188 0.55451604
0.61500000 0.55452269
0.61507813 0.55452986
0.61515625 0.55453652
0.61523438 0.55454368
0.61531250 0.55455034
0.61539062 0.55455751
0.61546875 0.55456416
0.61554688 0.55457133
0.61562500 0.55457798
0.61570313 0.55458515
0.61578125 0.55459180
0.61585937 0.55459897
0.61593750 0.55460563
0.61601563 0.55461279
0.61609375 0.55461945
0.61617188 0.55462661
0.61625000 0.55463327
0.61632813 0.55464043
0.61640625 0.55464709
0.61648437 0.55465425
0.61656250 0.55466091
0.61664063 0.55466807
0.61671875 0.55467474
0.61679688 0.55468189
0.61687500 0.55468856
0.61695312 0.55469571
0.61703125 0.55470238
0.61710937 0.55470953
0.61718750 0.55471620
0.61726563 0.55472335
0.61734375 0.55473002
0.61742188 0.55473717
0.61750000 0.55474384
0.61757812 0.55475099
0.61765625 0.55475767
0.61773438 0.55476481
0.61781250 0.55477149
0.61789063 0.55477863
0.61796875 0.55478531
0.61804687 0.55479245
0.61812500 0.55479913
0.61820312 0.55480627
0.61828125 0.55481295
0.61835938 0.55482008
0.61843750 0.55482678
0.61851563 0.55483390
0.61859375 0.55484060
0.61867187 0.55484772
0.61875000 0.55485442
0.61882813 0.55486154
0.61890625 0.55486824
0.61898438 0.55487536
0.61906250 0.55488206
0.61914062 0.55488918
0.61921875 0.55489588
0.61929687 0.55490300
0.61937500 0.55490970
0.61945313 0.55491682
0.61953125 0.55492353
0.61960938 0.55493064
0.61968750 0.55493735
0.61976562 0.55494446
0.61984375 0.55495117
0.61992188 0.55495828
0.62000000 0.55496499
0.62007813 0.55497210
0.62015625 0.55497881
0.62023438 0.55498592
0.62031250 0.55499263
0.62039062 0.55499974
0.62046875 0.55500645
0.62054688 0.55501356
0.62062500 0.55502028
0.62070313 0.55502738
0.62078125 0.55503410
0.62085937 0.55504120
0.62093750 0.55504792
0.62101562 0.55505502
0.62109375 0.55506174
0.62117188 0.55506884
0.62125000 0.55507556
0.62132813 0.55508266
0.62140625 0.55508938
0.62148437 0.55509648
0.62156250 0.55510320
0.62164063 0.55511030
0.62171875 0.55511702
0.62179688 0.55512412
0.62187500 0.55513084
0.62195312 0.55513794
0.62203125 0.55514467
0.62210937 0.55515176
0.62218750 0.55515849
0.62226563 0.55516558
0.62234375 0.55517231
0.62242188 0.55517940
0.62250000 0.55518613
0.62257812 0.55519322
0.62265625 0.55519995
0.62273438 0.55520704
0.62281250 0.55521377
0.62289063 0.55522085
0.62296875 0.55522759
0.62304688 0.55523467
0.62312500 0.55524141
0.62320312 0.55524849
0.62328125 0.55525523
0.62335938 0.55526231
0.62343750 0.55526905
0.62351563 0.55527613
0.62359375 0.55528288
0.62367187 0.55528995
0.62375000 0.55529670
0.62382813 0.55530377
0.62390625 0.55531052
0.62398438 0.55531759
0.62406250 0.55532434
0.62414063 0.55533141
0.62421875 0.55533816
0.62429687 0.55534523
0.62437500 0.55535198
0.62445313 0.55535905
0.62453125 0.55536580
0.62460938 0.55537287
0.62468750 0.55537962
0.62476562 0.55538669
0.62484375 0.55539344
0.62492187 0.55540051
0.62500000 0.55540726
0.62507813 0.55541432
0.62515625 0.55542108
0.62523438 0.55542814
0.62531250 0.55543490
0.62539062 0.55544196
0.62546875 0.55544872
0.62554688 0.55545578
0.62562500 0.55546254
0.62570313 0.55546960
0.62578125 0.55547636
0.62585937 0.55548342
0.62593750 0.55549018
0.62601562 0.55549724
0.62609375 0.55550400
0.62617188 0.55551106
0.62625000 0.55551782
0.62632813 0.55552488
0.62640625 0.55553165
0.62648437 0.55553870
0.62656250 0.55554547
0.62664063 0.55555252
0.62671875 0.55555929
0.62679688 0.55556633
0.62687500 0.55557311
0.62695312 0.55558015
0.62703125 0.55558693
0.62710937 0.55559397
0.62718750 0.55560075
0.62726563 0.55560779
0.62734375 0.55561457
0.62742188 0.55562161
0.62750000 0.55562839
0.62757812 0.55563543
0.62765625 0.55564221
0.62773438 0.55564925
0.62781250 0.55565603
0.62789063 0.55566307
0.62796875 0.55566985
0.62804688 0.55567689
0.62812500 0.55568367
0.62820312 0.55569071
0.62828125 0.55569749
0.62835938 0.55570452
0.62843750 0.55571131
0.62851563 0.55571834
0.62859375 0.55572513
0.62867187 0.55573216
0.62875000 0.55573895
0.62882812 0.55574598
0.62890625 0.55575277
0.62898438 0.55575980
0.62906250 0.55576659
0.62914063 0.55577362
0.62921875 0.55578041
0.62929687 0.55578744
0.62937500 0.55579423
0.62945313 0.55580126
0.62953125 0.55580805
0.62960938 0.55581507
0.62968750 0.55582187
0.62976562 0.55582889
0.62984375 0.55583569
0.62992187 0.55584271
0.63000000 0.55584951
0.63007813 0.55585653
0.63015625 0.55586333
0.63023438 0.55587035
0.63031250 0.55587715
0.63039062 0.55588417
0.63046875 0.55589097
0.63054688 0.55589799
0.63062500 0.55590478
0.63070313 0.55591181
0.63078125 0.55591860
0.63085938 0.55592562
0.63093750 0.55593242
0.63101562 0.55593944
0.63109375 0.55594624
0.63117188 0.55595326
0.63125000 0.55596006
0.63132813 0.55596708
0.63140625 0.55597388
0.63148437 0.55598090
0.63156250 0.55598770
0.63164063 0.55599472
0.63171875 0.55600152
0.63179688 0.55600853
0.63187500 0.55601534
0.63195313 0.55602235
0.63203125 0.55602916
0.63210937 0.55603617
0.63218750 0.55604298
0.63226563 0.55604999
0.63234375 0.55605680
0.63242188 0.55606381
0.63250000 0.55607062
0.63257812 0.55607763
0.63265625 0.55608444
0.63273437 0.55609145
0.63281250 0.55609826
0.63289063 0.55610526
0.63296875 0.55611208
0.63304688 0.55611908
0.63312500 0.55612590
0.63320312 0.55613290
0.63328125 0.55613972
0.63335938 0.55614672
0.63343750 0.55615353
0.63351563 0.55616054
0.63359375 0.55616735
0.63367187 0.55617436
0.63375000 0.55618117
0.63382812 0.55618817
0.63390625 0.55619499
0.63398438 0.55620199
0.63406250 0.55620881
0.63414063 0.55621581
0.63421875 0.55622263
0.63429687 0.55622963
0.63437500 0.55623645
0.63445313 0.55624345
0.63453125 0.55625027
0.63460938 0.55625726
0.63468750 0.55626409
0.63476562 0.55627108
0.63484375 0.55627791
0.63492187 0.55628490
0.63500000 0.55629173
0.63507813 0.55629872
0.63515625 0.55630554
0.63523438 0.55631254
0.63531250 0.55631936
0.63539062 0.55632636
0.63546875 0.55633318
0.63554688 0.55634017
0.63562500 0.55634700
0.63570313 0.55635399
0.63578125 0.55636082
0.63585938 0.55636781
0.63593750 0.55637464
0.63601562 0.55638163
0.63609375 0.55638846
0.63617188 0.55639545
0.63625000 0.55640228
0.63632813 0.55640926
0.63640625 0.55641610
0.63648437 0.55642308
0.63656250 0.55642991
0.63664062 0.55643690
0.63671875 0.55644373
0.63679688 0.55645072
0.63687500 0.55645755
0.63695313 0.55646454
0.63703125 0.55647137
0.63710937 0.55647835
0.63718750 0.55648519
0.63726563 0.55649217
0.63734375 0.55649901
0.63742188 0.55650599
0.63750000 0.55651283
0.63757812 0.55651981
0.63765625 0.55652664
0.63773437 0.55653362
0.63781250 0.55654046
0.63789063 0.55654744
0.63796875 0.55655428
0.63804688 0.55656126
0.63812500 0.55656810
0.63820312 0.55657508
0.63828125 0.55658192
0.63835938 0.55658890
0.63843750 0.55659574
0.63851563 0.55660271
0.63859375 0.55660956
0.63867188 0.55661653
0.63875000 0.55662337
0.63882812 0.55663035
0.63890625 0.55663719
0.63898438 0.55664417
0.63906250 0.55665101
0.63914063 0.55665798
0.63921875 0.55666483
0.63929687 0.55667180
0.63937500 0.55667865
0.63945313 0.55668562
0.63953125 0.55669247
0.63960938 0.55669944
0.63968750 0.55670628
0.63976563 0.55671326
0.63984375 0.55672010
0.63992187 0.55672707
0.64000000 0.55673392
0.64007813 0.55674089
0.64015625 0.55674774
0.64023438 0.55675471
0.64031250 0.55676156
0.64039062 0.55676853
0.64046875 0.55677537
0.64054687 0.55678234
0.64062500 0.55678919
0.64070313 0.55679616
0.64078125 0.55680301
0.64085938 0.55680998
0.64093750 0.55681683
0.64101562 0.55682380
0.64109375 0.55683065
0.64117188 0.55683761
0.64125000 0.55684446
0.64132813 0.55685143
0.64140625 0.55685828
0.64148437 0.55686525
0.64156250 0.55687210
0.64164062 0.55687906
0.64171875 0.55688592
0.64179688 0.55689288
0.64187500 0.55689974
0.64195313 0.55690670
0.64203125 0.55691355
0.64210937 0.55692052
0.64218750 0.55692737
0.64226563 0.55693433
0.64234375 0.55694119
0.64242188 0.55694815
0.64250000 0.55695501
0.64257812 0.55696197
0.64265625 0.55696883
0.64273437 0.55697579
0.64281250 0.55698264
0.64289063 0.55698960
0.64296875 0.55699646
0.64304688 0.55700342
0.64312500 0.55701028
0.64320312 0.55701724
0.64328125 0.55702410
0.64335938 0.55703105
0.64343750 0.55703791
0.64351563 0.55704487
0.64359375 0.55705173
0.64367188 0.55705869
0.64375000 0.55706555
0.64382812 0.55707251
0.64390625 0.55707937
0.64398438 0.55708632
0.64406250 0.55709319
0.64414063 0.55710014
0.64421875 0.55710700
0.64429687 0.55711396
0.64437500 0.55712082
0.64445312 0.55712777
0.64453125 0.55713464
0.64460938 0.55714159
0.64468750 0.55714846
0.64476563 0.55715541
0.64484375 0.55716227
0.64492187 0.55716923
0.64500000 0.55717609
0.64507813 0.55718304
0.64515625 0.55718991
0.64523438 0.55719686
0.64531250 0.55720372
0.64539062 0.55721068
0.64546875 0.55721754
0.64554687 0.55722449
0.64562500 0.55723136
0.64570313 0.55723831
0.64578125 0.55724518
0.64585938 0.55725213
0.64593750 0.55725899
0.64601562 0.55726594
0.64609375 0.55727281
0.64617188 0.55727976
0.64625000 0.55728663
0.64632813 0.55729358
0.64640625 0.55730045
0.64648438 0.55730739
0.64656250 0.55731426
0.64664062 0.55732121
0.64671875 0.55732808
0.64679688 0.55733503
0.64687500 0.55734190
0.64695313 0.55734884
0.64703125 0.55735571
0.64710937 0.55736266
0.64718750 0.55736953
0.64726563 0.55737648
0.64734375 0.55738335
0.64742188 0.55739029
0.64750000 0.55739717
0.64757813 0.55740411
0.64765625 0.55741098
0.64773437 0.55741793
0.64781250 0.55742480
0.64789063 0.55743174
0.64796875 0.55743862
0.64804688 0.55744556
0.64812500 0.55745243
0.64820312 0.55745938
0.64828125 0.55746625
0.64835937 0.55747319
0.64843750 0.55748007
0.64851563 0.55748701
0.64859375 0.55749388
0.64867188 0.55750083
0.64875000 0.55750770
0.64882812 0.55751464
0.64890625 0.55752152
0.64898438 0.55752846
0.64906250 0.55753534
0.64914063 0.55754228
0.64921875 0.55754915
0.64929687 0.55755609
0.64937500 0.55756297
0.64945312 0.55756991
0.64953125 0.55757679
0.64960938 0.55758373
0.64968750 0.55759060
0.64976563 0.55759754
0.64984375 0.55760442
0.64992187 0.55761136
0.65000000 0.55761824
0.65007813 0.55762517
0.65015625 0.55763205
0.65023438 0.55763899
0.65031250 0.55764587
0.65039062 0.55765281
0.65046875 0.55765969
0.65054687 0.55766662
0.65062500 0.55767350
0.65070313 0.55768044
0.65078125 0.55768732
0.65085938 0.55769426
0.65093750 0.55770114
0.65101562 0.55770807
0.65109375 0.55771495
0.65117188 0.55772189
0.65125000 0.55772877
0.65132813 0.55773570
0.65140625 0.55774259
0.65148438 0.55774952
0.65156250 0.55775640
0.65164062 0.55776334
0.65171875 0.55777022
0.65179688 0.55777715
0.65187500 0.55778403
0.65195313 0.55779097
0.65203125 0.55779785
0.65210937 0.55780479
0.65218750 0.55781167
0.65226562 0.55781860
0.65234375 0.55782548
0.65242188 0.55783242
0.65250000 0.55783930
0.65257813 0.55784623
0.65265625 0.55785312
0.65273437 0.55786005
0.65281250 0.55786693
0.65289063 0.55787387
0.65296875 0.55788075
0.65304688 0.55788768
0.65312500 0.55789456
0.65320312 0.55790150
0.65328125 0.55790838
0.65335937 0.55791531
0.65343750 0.55792220
0.65351563 0.55792913
0.65359375 0.55793601
0.65367188 0.55794294
0.65375000 0.55794983
0.65382812 0.55795676
0.65390625 0.55796365
0.65398438 0.55797058
0.65406250 0.55797746
0.65414063 0.55798439
0.65421875 0.55799128
0.65429688 0.55799821
0.65437500 0.55800509
0.65445312 0.55801202
0.65453125 0.55801891
0.65460938 0.55802584
0.65468750 0.55803273
0.65476563 0.55803966
0.65484375 0.55804654
0.65492187 0.55805347
0.65500000 0.55806036
0.65507813 0.55806729
0.65515625 0.55807417
0.65523438 0.55808110
0.65531250 0.55808799
0.65539063 0.55809492
0.65546875 0.55810181
0.65554687 0.55810873
0.65562500 0.55811562
0.65570313 0.55812255
0.65578125 0.55812944
0.65585938 0.55813636
0.65593750 0.55814325
0.65601562 0.55815018
0.65609375 0.55815707
0.65617187 0.55816400
0.65625000 0.55817088
0.65632813 0.55817781
0.65640625 0.55818470
0.65648438 0.55819163
0.65656250 0.55819852
0.65664062 0.55820544
0.65671875 0.55821233
0.65679688 0.55821926
0.65687500 0.55822615
0.65695313 0.55823307
0.65703125 0.55823996
0.65710937 0.55824689
0.65718750 0.55825378
0.65726562 0.55826070
0.65734375 0.55826759
0.65742188 0.55827452
0.65750000 0.55828141
0.65757813 0.55828834
0.65765625 0.55829523
0.65773437 0.55830215
0.65781250 0.55830904
0.65789063 0.55831597
0.65796875 0.55832286
0.65804688 0.55832978
0.65812500 0.55833667
0.65820312 0.55834360
0.65828125 0.55835049
0.65835937 0.55835741
0.65843750 0.55836430
0.65851563 0.55837123
0.65859375 0.55837812
0.65867188 0.55838504
0.65875000 0.55839193
0.65882812 0.55839886
0.65890625 0.55840575
0.65898438 0.55841267
0.65906250 0.55841956
0.65914063 0.55842649
0.65921875 0.55843338
0.65929688 0.55844030
0.65937500 0.55844720
0.65945312 0.55845412
0.65953125 0.55846101
0.65960938 0.55846793
0.65968750 0.55847483
0.65976563 0.55848175
0.65984375 0.55848864
0.65992187 0.55849556
0.66000000 0.55850246
0.66007812 0.55850938
0.66015625 0.55851627
0.66023438 0.55852319
0.66031250 0.55853009
0.66039063 0.55853701
0.66046875 0.55854390
0.66054687 0.55855082
0.66062500 0.55855772
0.66070313 0.55856464
0.66078125 0.55857153
0.66085938 0.55857845
0.66093750 0.55858535
0.66101562 0.55859227
0.66109375 0.55859916
0.66117187 0.55860608
0.66125000 0.55861298
0.66132813 0.55861990
0.66140625 0.55862679
0.66148438 0.55863371
0.66156250 0.55864061
0.66164062 0.55864753
0.66171875 0.55865442
0.66179688 0.55866134
0.66187500 0.55866824
0.66195313 0.55867516
0.66203125 0.55868205
0.66210938 0.55868897
0.66218750 0.55869587
0.66226562 0.55870279
0.66234375 0.55870968
0.66242188 0.55871660
0.66250000 0.55872350
0.66257813 0.55873042
0.66265625 0.55873731
0.66273437 0.55874423
0.66281250 0.55875113
0.66289063 0.55875804
0.66296875 0.55876494
0.66304688 0.55877186
0.66312500 0.55877876
0.66320313 0.55878567
0.66328125 0.55879257
0.66335937 0.55879949
0.66343750 0.55880639
0.66351563 0.55881330
0.66359375 0.55882020
0.66367188 0.55882712
0.66375000 0.55883401
0.66382812 0.55884093
0.66390625 0.55884783
0.66398437 0.55885475
0.66406250 0.55886164
0.66414063 0.55886856
0.66421875 0.55887546
0.66429688 0.55888238
0.66437500 0.55888927
0.66445312 0.55889619
0.66453125 0.55890309
0.66460938 0.55891000
0.66468750 0.55891690
0.66476563 0.55892382
0.66484375 0.55893072
0.66492187 0.55893763
0.66500000 0.55894453
0.66507812 0.55895145
0.66515625 0.55895835
0.66523438 0.55896526
0.66531250 0.55897216
0.66539063 0.55897908
0.66546875 0.55898597
0.66554687 0.55899289
0.66562500 0.55899979
0.66570313 0.55900670
0.66578125 0.55901360
0.66585938 0.55902052
0.66593750 0.55902742
0.66601562 0.55903433
0.66609375 0.55904123
0.66617187 0.55904815
0.66625000 0.55905505
0.66632813 0.55906196
0.66640625 0.55906886
0.66648438 0.55907578
0.66656250 0.55908267
0.66664062 0.55908959
0.66671875 0.55909649
0.66679688 0.55910340
0.66687500 0.55911030
0.66695313 0.55911722
0.66703125 0.55912412
0.66710938 0.55913103
0.66718750 0.55913793
0.66726562 0.55914485
0.66734375 0.55915175
0.66742188 0.55915866
0.66750000 0.55916556
0.66757813 0.55917247
0.66765625 0.55917937
0.66773437 0.55918629
0.66781250 0.55919319
0.66789062 0.55920010
0.66796875 0.55920700
0.66804688 0.55921392
0.66812500 0.55922082
0.66820313 0.55922773
0.66828125 0.55923463
0.66835937 0.55924154
0.66843750 0.55924844
0.66851563 0.55925536
0.66859375 0.55926226
0.66867188 0.55926917
0.66875000 0.55927607
0.66882812 0.55928299
0.66890625 0.55928989
0.66898437 0.55929680
0.66906250 0.55930370
0.66914063 0.55931061
0.66921875 0.55931751
0.66929688 0.55932443
0.66937500 0.55933133
0.66945312 0.55933824
0.66953125 0.55934514
0.66960938 0.55935205
0.66968750 0.55935896
0.66976563 0.55936587
0.66984375 0.55937277
0.66992188 0.55937968
0.67000000 0.55938658
0.67007812 0.55939350
0.67015625 0.55940040
0.67023438 0.55940731
0.67031250 0.55941421
0.67039063 0.55942112
0.67046875 0.55942802
0.67054687 0.55943494
0.67062500 0.55944184
0.67070313 0.55944875
0.67078125 0.55945565
0.67085938 0.55946256
0.67093750 0.55946946
0.67101563 0.55947638
0.67109375 0.55948328
0.67117187 0.55949019
0.67125000 0.55949709
0.67132813 0.55950400
0.67140625 0.55951091
0.67148438 0.55951782
0.67156250 0.55952472
0.67164062 0.55953163
0.67171875 0.55953853
0.67179687 0.55954544
0.67187500 0.55955235
0.67195313 0.55955926
0.67203125 0.55956616
0.67210938 0.55957307
0.67218750 0.55957997
0.67226562 0.55958688
0.67234375 0.55959379
0.67242188 0.55960070
0.67250000 0.55960760
0.67257813 0.55961451
0.67265625 0.55962141
0.67273437 0.55962832
0.67281250 0.55963523
0.67289062 0.55964214
0.67296875 0.55964904
0.67304688 0.55965595
0.67312500 0.55966285
0.67320313 0.55966976
0.67328125 0.55967667
0.67335937 0.55968358
0.67343750 0.55969048
0.67351563 0.55969739
0.67359375 0.55970429
0.67367188 0.55971120
0.67375000 0.55971811
0.67382812 0.55972502
0.67390625 0.55973192
0.67398437 0.55973883
0.67406250 0.55974573
0.67414063 0.55975264
0.67421875 0.55975955
0.67429688 0.55976646
0.67437500 0.55977336
0.67445312 0.55978027
0.67453125 0.55978717
0.67460938 0.55979408
0.67468750 0.55980098
0.67476563 0.55980790
0.67484375 0.55981480
0.67492188 0.55982171
0.67500000 0.55982861
0.67507812 0.55983552
0.67515625 0.55984242
0.67523438 0.55984933
0.67531250 0.55985624
0.67539063 0.55986315
0.67546875 0.55987005
0.67554687 0.55987696
0.67562500 0.55988386
0.67570312 0.55989077
0.67578125 0.55989768
0.67585938 0.55990459
0.67593750 0.55991149
0.67601563 0.55991840
0.67609375 0.55992530
0.67617187 0.55993221
0.67625000 0.55993911
0.67632813 0.55994602
0.67640625 0.55995293
0.67648438 0.55995984
0.67656250 0.55996674
0.67664062 0.55997365
0.67671875 0.55998055
0.67679687 0.55998746
0.67687500 0.55999437
0.67695313 0.56000127
0.67703125 0.56000818
0.67710938 0.56001509
0.67718750 0.56002199
0.67726562 0.56002890
0.67734375 0.56003580
0.67742188 0.56004271
0.67750000 0.56004962
0.67757813 0.56005653
0.67765625 0.56006343
0.67773438 0.56007034
0.67781250 0.56007724
0.67789062 0.56008415
0.67796875 0.56009105
0.67804688 0.56009796
0.67812500 0.56010487
0.67820313 0.56011178
0.67828125 0.56011868
0.67835937 0.56012559
0.67843750 0.56013249
0.67851563 0.56013940
0.67859375 0.56014630
0.67867188 0.56015321
0.67875000 0.56016012
0.67882813 0.56016703
0.67890625 0.56017393
0.67898437 0.56018084
0.67906250 0.56018774
0.67914063 0.56019465
0.67921875 0.56020155
0.67929688 0.56020846
0.67937500 0.56021537
0.67945312 0.56022227
0.67953125 0.56022918
0.67960937 0.56023609
0.67968750 0.56024299
0.67976563 0.56024990
0.67984375 0.56025680
0.67992188 0.56026371
0.68000000 0.56027062
0.68007812 0.56027752
0.68015625 0.56028443
0.68023438 0.56029134
0.68031250 0.56029824
0.68039063 0.56030515
0.68046875 0.56031205
0.68054687 0.56031896
0.68062500 0.56032586
0.68070312 0.56033277
0.68078125 0.56033968
0.68085938 0.56034658
0.68093750 0.56035349
0.68101563 0.56036040
0.68109375 0.56036730
0.68117187 0.56037421
0.68125000 0.56038111
0.68132813 0.56038802
0.68140625 0.56039492
0.68148438 0.56040183
0.68156250 0.56040874
0.68164062 0.56041565
0.68171875 0.56042255
0.68179687 0.56042946
0.68187500 0.56043636
0.68195313 0.56044327
0.68203125 0.56045017
0.68210938 0.56045708
0.68218750 0.56046398
0.68226562 0.56047089
0.68234375 0.56047780
0.68242188 0.56048470
0.68250000 0.56049161
0.68257813 0.56049852
0.68265625 0.56050542
0.68273438 0.56051233
0.68281250 0.56051923
0.68289062 0.56052614
0.68296875 0.56053304
0.68304688 0.56053995
0.68312500 0.56054686
0.68320313 0.56055376
0.68328125 0.56056067
0.68335937 0.56056758
0.68343750 0.56057448
0.68351562 0.56058139
0.68359375 0.56058829
0.68367188 0.56059520
0.68375000 0.56060210
0.68382813 0.56060901
0.68390625 0.56061592
0.68398437 0.56062282
0.68406250 0.56062973
0.68414063 0.56063663
0.68421875 0.56064354
0.68429688 0.56065045
0.68437500 0.56065735
0.68445312 0.56066426
0.68453125 0.56067116
0.68460937 0.56067807
0.68468750 0.56068497
0.68476563 0.56069188
0.68484375 0.56069878
0.68492188 0.56070569
0.68500000 0.56071260
0.68507812 0.56071950
0.68515625 0.56072641
0.68523438 0.56073332
0.68531250 0.56074022
0.68539063 0.56074713
0.68546875 0.56075403
0.68554688 0.56076094
0.68562500 0.56076784
0.68570312 0.56077475
0.68578125 0.56078165
0.68585938 0.56078856
0.68593750 0.56079547
0.68601563 0.56080237
0.68609375 0.56080928
0.68617187 0.56081618
0.68625000 0.56082309
0.68632813 0.56083000
0.68640625 0.56083690
0.68648438 0.56084381
0.68656250 0.56085071
0.68664063 0.56085762
0.68671875 0.56086452
0.68679687 0.56087143
0.68687500 0.56087833
0.68695313 0.56088524
0.68703125 0.56089214
0.68710938 0.56089905
0.68718750 0.56090596
0.68726562 0.56091286
0.68734375 0.56091977
0.68742187 0.56092667
0.68750000 0.56093358
0.68757813 0.56094049
0.68765625 0.56094739
0.68773438 0.56095430
0.68781250 0.56096120
0.68789062 0.56096811
0.68796875 0.56097501
0.68804688 0.56098192
0.68812500 0.56098882
0.68820313 0.56099573
0.68828125 0.56100263
0.68835937 0.56100954
0.68843750 0.56101644
0.68851562 0.56102335
0.68859375 0.56103026
0.68867188 0.56103716
0.68875000 0.56104407
0.68882813 0.56105097
0.68890625 0.56105788
0.68898437 0.56106478
0.68906250 0.56107169
0.68914063 0.56107860
0.68921875 0.56108550
0.68929688 0.56109241
0.68937500 0.56109931
0.68945312 0.56110622
0.68953125 0.56111312
0.68960937 0.56112003
0.68968750 0.56112693
0.68976563 0.56113384
0.68984375 0.56114074
0.68992188 0.56114765
0.69000000 0.56115455
0.69007812 0.56116146
0.69015625 0.56116836
0.69023438 0.56117527
0.69031250 0.56118218
0.69039063 0.56118908
0.69046875 0.56119599
0.69054688 0.56120289
0.69062500 0.56120980
0.69070312 0.56121670
0.69078125 0.56122361
0.69085938 0.56123051
0.69093750 0.56123742
0.69101563 0.56124432
0.69109375 0.56125123
0.69117187 0.56125814
0.69125000 0.56126504
0.69132812 0.56127195
0.69140625 0.56127885
0.69148438 0.56128576
0.69156250 0.56129266
0.69164063 0.56129957
0.69171875 0.56130647
0.69179687 0.56131338
0.69187500 0.56132028
0.69195313 0.56132719
0.69203125 0.56133409
0.69210938 0.56134100
0.69218750 0.56134790
0.69226562 0.56135481
0.69234375 0.56136171
0.69242187 0.56136862
0.69250000 0.56137552
0.69257813 0.56138243
0.69265625 0.56138933
0.69273438 0.56139624
0.69281250 0.56140314
0.69289062 0.56141005
0.69296875 0.56141696
0.69304688 0.56142386
0.69312500 0.56143077
0.69320313 0.56143767
0.69328125 0.56144458
0.69335938 0.56145148
0.69343750 0.56145839
0.69351562 0.56146529
0.69359375 0.56147220
0.69367188 0.56147910
0.69375000 0.56148601
0.69382813 0.56149291
0.69390625 0.56149982
0.69398437 0.56150672
0.69406250 0.56151363
0.69414063 0.56152053
0.69421875 0.56152744
0.69429688 0.56153434
0.69437500 0.56154125
0.69445313 0.56154815
0.69453125 0.56155506
0.69460937 0.56156196
0.69468750 0.56156887
0.69476563 0.56157577
0.69484375 0.56158268
0.69492188 0.56158958
0.69500000 0.56159649
0.69507812 0.56160339
0.69515625 0.56161030
0.69523437 0.56161720
0.69531250 0.56162411
0.69539063 0.56163101
0.69546875 0.56163792
0.69554688 0.56164482
0.69562500 0.56165173
0.69570312 0.56165863
0.69578125 0.56166554
0.69585938 0.56167244
0.69593750 0.56167935
0.69601563 0.56168625
0.69609375 0.56169316
0.69617187 0.56170006
0.69625000 0.56170697
0.69632812 0.56171387
0.69640625 0.56172078
0.69648438 0.56172768
0.69656250 0.56173459
0.69664063 0.56174149
0.69671875 0.56174840
0.69679687 0.56175530
0.69687500 0.56176221
0.69695313 0.56176911
0.69703125 0.56177602
0.69710938 0.56178292
0.69718750 0.56178983
0.69726562 0.56179673
0.69734375 0.56180364
0.69742187 0.56181054
0.69750000 0.56181745
0.69757813 0.56182435
0.69765625 0.56183126
0.69773438 0.56183816
0.69781250 0.56184507
0.69789062 0.56185197
0.69796875 0.56185887
0.69804688 0.56186578
0.69812500 0.56187268
0.69820313 0.56187959
0.69828125 0.56188649
0.69835938 0.56189340
0.69843750 0.56190030
0.69851562 0.56190721
0.69859375 0.56191411
0.69867188 0.56192102
0.69875000 0.56192792
0.69882813 0.56193483
0.69890625 0.56194173
0.69898437 0.56194864
0.69906250 0.56195554
0.69914062 0.56196245
0.69921875 0.56196935
0.69929688 0.56197626
0.69937500 0.56198316
0.69945313 0.56199007
0.69953125 0.56199697
0.69960937 0.56200387
0.69968750 0.56201078
0.69976563 0.56201768
0.69984375 0.56202459
0.69992188 0.56203149
0.70000000 0.56203840
0.70007812 0.56204530
0.70015625 0.56205221
0.70023437 0.56205911
0.70031250 0.56206602
0.70039063 0.56207292
0.70046875 0.56207983
0.70054688 0.56208673
0.70062500 0.56209363
0.70070312 0.56210054
0.70078125 0.56210744
0.70085938 0.56211435
0.70093750 0.56212125
0.70101563 0.56212816
0.70109375 0.56213506
0.70117188 0.56214197
0.70125000 0.56214887
0.70132812 0.56215578
0.70140625 0.56216268
0.70148438 0.56216959
0.70156250 0.56217649
0.70164063 0.56218339
0.70171875 0.56219030
0.70179687 0.56219720
0.70187500 0.56220411
0.70195313 0.56221101
0.70203125 0.56221792
0.70210938 0.56222482
0.70218750 0.56223173
0.70226563 0.56223863
0.70234375 0.56224553
0.70242187 0.56225244
0.70250000 0.56225934
0.70257813 0.56226625
0.70265625 0.56227315
0.70273438 0.56228006
0.70281250 0.56228696
0.70289062 0.56229387
0.70296875 0.56230077
0.70304687 0.56230768
0.70312500 0.56231458
0.70320313 0.56232148
0.70328125 0.56232839
0.70335938 0.56233529
0.70343750 0.56234220
0.70351562 0.56234910
0.70359375 0.56235601
0.70367188 0.56236291
0.70375000 0.56236981
0.70382813 0.56237672
0.70390625 0.56238362
0.70398437 0.56239053
0.70406250 0.56239743
0.70414062 0.56240434
0.70421875 0.56241124
0.70429688 0.56241815
0.70437500 0.56242505
0.70445313 0.56243195
0.70453125 0.56243886
0.70460937 0.56244576
0.70468750 0.56245267
0.70476563 0.56245957
0.70484375 0.56246648
0.70492188 0.56247338
0.70500000 0.56248028
0.70507812 0.56248719
0.70515625 0.56249409
0.70523437 0.56250100
0.70531250 0.56250790
0.70539063 0.56251481
0.70546875 0.56252171
0.70554688 0.56252861
0.70562500 0.56253552
0.70570312 0.56254242
0.70578125 0.56254933
0.70585938 0.56255623
0.70593750 0.56256313
0.70601563 0.56257004
0.70609375 0.56257694
0.70617188 0.56258385
0.70625000 0.56259075
0.70632812 0.56259766
0.70640625 0.56260456
0.70648438 0.56261146
0.70656250 0.56261837
0.70664063 0.56262527
0.70671875 0.56263218
0.70679687 0.56263908
0.70687500 0.56264598
0.70695312 0.56265289
0.70703125 0.56265979
0.70710938 0.56266670
0.70718750 0.56267360
0.70726563 0.56268051
0.70734375 0.56268741
0.70742187 0.56269431
0.70750000 0.56270122
0.70757813 0.56270812
0.70765625 0.56271503
0.70773438 0.56272193
0.70781250 0.56272883
0.70789062 0.56273574
0.70796875 0.56274264
0.70804687 0.56274955
0.70812500 0.56275645
0.70820313 0.56276335
0.70828125 0.56277026
0.70835938 0.56277716
0.70843750 0.56278407
0.70851562 0.56279097
0.70859375 0.56279787
0.70867188 0.56280478
0.70875000 0.56281168
0.70882813 0.56281859
0.70890625 0.56282549
0.70898438 0.56283239
0.70906250 0.56283930
0.70914062 0.56284620
0.70921875 0.56285311
0.70929688 0.56286001
0.70937500 0.56286691
0.70945313 0.56287382
0.70953125 0.56288072
0.70960937 0.56288763
0.70968750 0.56289453
0.70976563 0.56290143
0.70984375 0.56290834
0.70992188 0.56291524
0.71000000 0.56292215
0.71007813 0.56292905
0.71015625 0.56293595
0.71023437 0.56294286
0.71031250 0.56294976
0.71039063 0.56295666
0.71046875 0.56296357
0.71054688 0.56297047
0.71062500 0.56297738
0.71070312 0.56298428
0.71078125 0.56299118
0.71085937 0.56299809
0.71093750 0.56300499
0.71101563 0.56301190
0.71109375 0.56301880
0.71117188 0.56302570
0.71125000 0.56303261
0.71132812 0.56303951
0.71140625 0.56304641
0.71148438 0.56305332
0.71156250 0.56306022
0.71164063 0.56306713
0.71171875 0.56307403
0.71179687 0.56308093
0.71187500 0.56308784
0.71195312 0.56309474
0.71203125 0.56310164
0.71210938 0.56310855
0.71218750 0.56311545
0.71226563 0.56312236
0.71234375 0.56312926
0.71242187 0.56313616
0.71250000 0.56314307
0.71257813 0.56314997
0.71265625 0.56315687
0.71273438 0.56316378
0.71281250 0.56317068
0.71289062 0.56317759
0.71296875 0.56318449
0.71304687 0.56319139
0.71312500 0.56319830
0.71320313 0.56320520
0.71328125 0.56321210
0.71335938 0.56321901
0.71343750 0.56322591
0.71351562 0.56323281
0.71359375 0.56323972
0.71367188 0.56324662
0.71375000 0.56325353
0.71382813 0.56326043
0.71390625 0.56326733
0.71398438 0.56327424
0.71406250 0.56328114
0.71414062 0.56328804
0.71421875 0.56329495
0.71429688 0.56330185
0.71437500 0.56330875
0.71445313 0.56331566
0.71453125 0.56332256
0.71460937 0.56332946
0.71468750 0.56333637
0.71476562 0.56334327
0.71484375 0.56335018
0.71492188 0.56335708
0.71500000 0.56336398
0.71507813 0.56337089
0.71515625 0.56337779
0.71523437 0.56338469
0.71531250 0.56339160
0.71539063 0.56339850
0.71546875 0.56340540
0.71554688 0.56341231
0.71562500 0.56341921
0.71570312 0.56342611
0.71578125 0.56343302
0.71585937 0.56343992
0.71593750 0.56344682
0.71601563 0.56345373
0.71609375 0.56346063
0.71617188 0.56346753
0.71625000 0.56347444
0.71632812 0.56348134
0.71640625 0.56348824
0.71648438 0.56349515
0.71656250 0.56350205
0.71664063 0.56350895
0.71671875 0.56351586
0.71679688 0.56352276
0.71687500 0.56352966
0.71695312 0.56353657
0.71703125 0.56354347
0.71710938 0.56355037
0.71718750 0.56355728
0.71726563 0.56356418
0.71734375 0.56357108
0.71742187 0.56357799
0.71750000 0.56358489
0.71757813 0.56359179
0.71765625 0.56359870
0.71773438 0.56360560
0.71781250 0.56361250
0.71789063 0.56361941
0.71796875 0.56362631
0.71804687 0.56363321
0.71812500 0.56364012
0.71820313 0.56364702
0.71828125 0.56365392
0.71835938 0.56366083
0.71843750 0.56366773
0.71851562 0.56367463
0.71859375 0.56368154
0.71867187 0.56368844
0.71875000 0.56369534
0.71882813 0.56370225
0.71890625 0.56370915
0.71898438 0.56371605
0.71906250 0.56372296
0.71914062 0.56372986
0.71921875 0.56373676
0.71929688 0.56374367
0.71937500 0.56375057
0.71945313 0.56375747
0.71953125 0.56376438
0.71960937 0.56377128
0.71968750 0.56377818
0.71976562 0.56378509
0.71984375 0.56379199
0.71992188 0.56379889
0.72000000 0.56380579
0.72007813 0.56381270
0.72015625 0.56381960
0.72023437 0.56382650
0.72031250 0.56383341
0.72039063 0.56384031
0.72046875 0.56384721
0.72054688 0.56385412
0.72062500 0.56386102
0.72070312 0.56386792
0.72078125 0.56387483
0.72085937 0.56388173
0.72093750 0.56388863
0.72101563 0.56389553
0.72109375 0.56390244
0.72117188 0.56390934
0.72125000 0.56391624
0.72132812 0.56392315
0.72140625 0.56393005
0.72148438 0.56393695
0.72156250 0.56394386
0.72164063 0.56395076
0.72171875 0.56395766
0.72179688 0.56396456
0.72187500 0.56397147
0.72195312 0.56397837
0.72203125 0.56398527
0.72210938 0.56399218
0.72218750 0.56399908
0.72226563 0.56400598
0.72234375 0.56401289
0.72242187 0.56401979
0.72250000 0.56402669
0.72257812 0.56403359
0.72265625 0.56404050
0.72273438 0.56404740
0.72281250 0.56405430
0.72289063 0.56406121
0.72296875 0.56406811
0.72304687 0.56407501
0.72312500 0.56408191
0.72320313 0.56408882
0.72328125 0.56409572
0.72335938 0.56410262
0.72343750 0.56410953
0.72351562 0.56411643
0.72359375 0.56412333
0.72367187 0.56413023
0.72375000 0.56413714
0.72382813 0.56414404
0.72390625 0.56415094
0.72398438 0.56415785
0.72406250 0.56416475
0.72414062 0.56417165
0.72421875 0.56417855
0.72429688 0.56418546
0.72437500 0.56419236
0.72445313 0.56419926
0.72453125 0.56420617
0.72460938 0.56421307
0.72468750 0.56421997
0.72476562 0.56422687
0.72484375 0.56423378
0.72492188 0.56424068
0.72500000 0.56424758
0.72507813 0.56425449
0.72515625 0.56426139
0.72523437 0.56426829
0.72531250 0.56427519
0.72539063 0.56428210
0.72546875 0.56428900
0.72554688 0.56429590
0.72562500 0.56430280
0.72570313 0.56430971
0.72578125 0.56431661
0.72585937 0.56432351
0.72593750 0.56433041
0.72601563 0.56433732
0.72609375 0.56434422
0.72617188 0.56435112
0.72625000 0.56435803
0.72632812 0.56436493
0.72640625 0.56437183
0.72648437 0.56437873
0.72656250 0.56438564
0.72664063 0.56439254
0.72671875 0.56439944
0.72679688 0.56440634
0.72687500 0.56441325
0.72695312 0.56442015
0.72703125 0.56442705
0.72710938 0.56443395
0.72718750 0.56444086
0.72726563 0.56444776
0.72734375 0.56445466
0.72742187 0.56446156
0.72750000 0.56446847
0.72757812 0.56447537
0.72765625 0.56448227
0.72773438 0.56448917
0.72781250 0.56449608
0.72789063 0.56450298
0.72796875 0.56450988
0.72804687 0.56451678
0.72812500 0.56452369
0.72820313 0.56453059
0.72828125 0.56453749
0.72835938 0.56454439
0.72843750 0.56455130
0.72851562 0.56455820
0.72859375 0.56456510
0.72867187 0.56457200
0.72875000 0.56457891
0.72882813 0.56458581
0.72890625 0.56459271
0.72898438 0.56459961
0.72906250 0.56460652
0.72914062 0.56461342
0.72921875 0.56462032
0.72929688 0.56462722
0.72937500 0.56463413
0.72945313 0.56464103
0.72953125 0.56464793
0.72960938 0.56465483
0.72968750 0.56466174
0.72976562 0.56466864
0.72984375 0.56467554
0.72992188 0.56468244
0.73000000 0.56468934
0.73007813 0.56469625
0.73015625 0.56470315
0.73023437 0.56471005
0.73031250 0.56471695
0.73039062 0.56472386
0.73046875 0.56473076
0.73054688 0.56473766
0.73062500 0.56474456
0.73070313 0.56475147
0.73078125 0.56475837
0.73085937 0.56476527
0.73093750 0.56477217
0.73101563 0.56477907
0.73109375 0.56478598
0.73117188 0.56479288
0.73125000 0.56479978
0.73132812 0.56480668
0.73140625 0.56481359
0.73148437 0.56482049
0.73156250 0.56482739
0.73164063 0.56483429
0.73171875 0.56484119
0.73179688 0.56484810
0.73187500 0.56485500
0.73195312 0.56486190
0.73203125 0.56486880
0.73210938 0.56487571
0.73218750 0.56488261
0.73226563 0.56488951
0.73234375 0.56489641
0.73242188 0.56490331
0.73250000 0.56491022
0.73257812 0.56491712
0.73265625 0.56492402
0.73273438 0.56493092
0.73281250 0.56493783
0.73289063 0.56494473
0.73296875 0.56495163
0.73304687 0.56495853
0.73312500 0.56496543
0.73320313 0.56497234
0.73328125 0.56497924
0.73335938 0.56498614
0.73343750 0.56499304
0.73351563 0.56499994
0.73359375 0.56500685
0.73367187 0.56501375
0.73375000 0.56502065
0.73382813 0.56502755
0.73390625 0.56503445
0.73398438 0.56504136
0.73406250 0.56504826
0.73414062 0.56505516
0.73421875 0.56506206
0.73429687 0.56506896
0.73437500 0.56507587
0.73445313 0.56508277
0.73453125 0.56508967
0.73460938 0.56509657
0.73468750 0.56510347
0.73476562 0.56511038
0.73484375 0.56511728
0.73492188 0.56512418
0.73500000 0.56513108
0.73507813 0.56513798
0.73515625 0.56514489
0.73523437 0.56515179
0.73531250 0.56515869
0.73539062 0.56516559
0.73546875 0.56517249
0.73554688 0.56517940
0.73562500 0.56518630
0.73570313 0.56519320
0.73578125 0.56520010
0.73585937 0.56520700
0.73593750 0.56521390
0.73601563 0.56522081
0.73609375 0.56522771
0.73617188 0.56523461
0.73625000 0.56524151
0.73632812 0.56524841
0.73640625 0.56525532
0.73648437 0.56526222
0.73656250 0.56526912
0.73664063 0.56527602
0.73671875 0.56528292
0.73679688 0.56528983
0.73687500 0.56529673
0.73695312 0.56530363
0.73703125 0.56531053
0.73710938 0.56531743
0.73718750 0.56532433
0.73726563 0.56533124
0.73734375 0.56533814
0.73742188 0.56534504
0.73750000 0.56535194
0.73757812 0.56535884
0.73765625 0.56536574
0.73773438 0.56537265
0.73781250 0.56537955
0.73789063 0.56538645
0.73796875 0.56539335
0.73804687 0.56540025
0.73812500 0.56540715
0.73820312 0.56541406
0.73828125 0.56542096
0.73835938 0.56542786
0.73843750 0.56543476
0.73851563 0.56544166
0.73859375 0.56544856
0.73867187 0.56545547
0.73875000 0.56546237
0.73882813 0.56546927
0.73890625 0.56547617
0.73898438 0.56548307
0.73906250 0.56548997
0.73914062 0.56549688
0.73921875 0.56550378
0.73929687 0.56551068
0.73937500 0.56551758
0.73945313 0.56552448
0.73953125 0.56553138
0.73960938 0.56553829
0.73968750 0.56554519
0.73976562 0.56555209
0.73984375 0.56555899
0.73992188 0.56556589
0.74000000 0.56557279
0.74007813 0.56557970
0.74015625 0.56558660
0.74023438 0.56559350
0.74031250 0.56560040
0.74039062 0.56560730
0.74046875 0.56561420
0.74054688 0.56562110
0.74062500 0.56562801
0.74070313 0.56563491
0.74078125 0.56564181
0.74085937 0.56564871
0.74093750 0.56565561
0.74101563 0.56566251
0.74109375 0.56566941
0.74117188 0.56567632
0.74125000 0.56568322
0.74132813 0.56569012
0.74140625 0.56569702
0.74148437 0.56570392
0.74156250 0.56571082
0.74164063 0.56571772
0.74171875 0.56572463
0.74179688 0.56573153
0.74187500 0.56573843
0.74195312 0.56574533
0.74203125 0.56575223
0.74210937 0.56575913
0.74218750 0.56576603
0.74226563 0.56577294
0.74234375 0.56577984
0.74242188 0.56578674
0.74250000 0.56579364
0.74257812 0.56580054
0.74265625 0.56580744
0.74273438 0.56581434
0.74281250 0.56582125
0.74289063 0.56582815
0.74296875 0.56583505
0.74304687 0.56584195
0.74312500 0.56584885
0.74320312 0.56585575
0.74328125 0.56586265
0.74335938 0.56586955
0.74343750 0.56587646
0.74351563 0.56588336
0.74359375 0.56589026
0.74367187 0.56589716
0.74375000 0.56590406
0.74382813 0.56591096
0.74390625 0.56591786
0.74398438 0.56592476
0.74406250 0.56593167
0.74414062 0.56593857
0.74421875 0.56594547
0.74429687 0.56595237
0.74437500 0.56595927
0.74445313 0.56596617
0.74453125 0.56597307
0.74460938 0.56597997
0.74468750 0.56598688
0.74476562 0.56599378
0.74484375 0.56600068
0.74492188 0.56600758
0.74500000 0.56601448
0.74507813 0.56602138
0.74515625 0.56602828
0.74523438 0.56603518
0.74531250 0.56604208
0.74539062 0.56604899
0.74546875 0.56605589
0.74554688 0.56606279
0.74562500 0.56606969
0.74570313 0.56607659
0.74578125 0.56608349
0.74585937 0.56609039
0.74593750 0.56609729
0.74601562 0.56610419
0.74609375 0.56611110
0.74617188 0.56611800
0.74625000 0.56612490
0.74632813 0.56613180
0.74640625 0.56613870
0.74648437 0.56614560
0.74656250 0.56615250
0.74664063 0.56615940
0.74671875 0.56616630
0.74679688 0.56617320
0.74687500 0.56618011
0.74695312 0.56618701
0.74703125 0.56619391
0.74710937 0.56620081
0.74718750 0.56620771
0.74726563 0.56621461
0.74734375 0.56622151
0.74742188 0.56622841
0.74750000 0.56623531
0.74757812 0.56624221
0.74765625 0.56624912
0.74773438 0.56625602
0.74781250 0.56626292
0.74789063 0.56626982
0.74796875 0.56627672
0.74804688 0.56628362
0.74812500 0.56629052
0.74820312 0.56629742
0.74828125 0.56630432
0.74835938 0.56631122
0.74843750 0.56631812
0.74851563 0.56632502
0.74859375 0.56633193
0.74867187 0.56633883
0.74875000 0.56634573
0.74882813 0.56635263
0.74890625 0.56635953
0.74898438 0.56636643
0.74906250 0.56637333
0.74914063 0.56638023
0.74921875 0.56638713
0.74929687 0.56639403
0.74937500 0.56640093
0.74945313 0.56640783
0.74953125 0.56641474
0.74960938 0.56642164
0.74968750 0.56642854
0.74976562 0.56643544
0.74984375 0.56644234
0.74992188 0.56644924
0.75000000 0.56645614
0.75007813 0.56646304
0.75015625 0.56646994
0.75023438 0.56647684
0.75031250 0.56648374
0.75039062 0.56649064
0.75046875 0.56649754
0.75054688 0.56650445
0.75062500 0.56651135
0.75070313 0.56651825
0.75078125 0.56652515
0.75085937 0.56653205
0.75093750 0.56653895
0.75101562 0.56654585
0.75109375 0.56655275
0.75117188 0.56655965
0.75125000 0.56656655
0.75132813 0.56657345
0.75140625 0.56658035
0.75148437 0.56658725
0.75156250 0.56659415
0.75164063 0.56660105
0.75171875 0.56660795
0.75179688 0.56661486
0.75187500 0.56662176
0.75195312 0.56662866
0.75203125 0.56663556
0.75210937 0.56664246
0.75218750 0.56664936
0.75226563 0.56665626
0.75234375 0.56666316
0.75242188 0.56667006
0.75250000 0.56667696
0.75257812 0.56668386
0.75265625 0.56669076
0.75273438 0.56669766
0.75281250 0.56670456
0.75289063 0.56671146
0.75296875 0.56671836
0.75304688 0.56672526
0.75312500 0.56673216
0.75320312 0.56673907
0.75328125 0.56674597
0.75335938 0.56675287
0.75343750 0.56675977
0.75351563 0.56676667
0.75359375 0.56677357
0.75367187 0.56678047
0.75375000 0.56678737
0.75382813 0.56679427
0.75390625 0.56680117
0.75398438 0.56680807
0.75406250 0.56681497
0.75414063 0.56682187
0.75421875 0.56682877
0.75429687 0.56683567
0.75437500 0.56684257
0.75445313 0.56684947
0.75453125 0.56685637
0.75460938 0.56686327
0.75468750 0.56687017
0.75476562 0.56687707
0.75484375 0.56688397
0.75492187 0.56689087
0.75500000 0.56689777
0.75507813 0.56690467
0.75515625 0.56691157
0.75523438 0.56691848
0.75531250 0.56692538
0.75539062 0.56693228
0.75546875 0.56693918
0.75554688 0.56694608
0.75562500 0.56695298
0.75570313 0.56695988
0.75578125 0.56696678
0.75585938 0.56697368
0.75593750 0.56698058
0.75601562 0.56698748
0.75609375 0.56699438
0.75617188 0.56700128
0.75625000 0.56700818
0.75632813 0.56701508
0.75640625 0.56702198
0.75648437 0.56702888
0.75656250 0.56703578
0.75664063 0.56704268
0.75671875 0.56704958
0.75679688 0.56705648
0.75687500 0.56706338
0.75695313 0.56707028
0.75703125 0.56707718
0.75710937 0.56708408
0.75718750 0.56709098
0.75726563 0.56709788
0.75734375 0.56710478
0.75742188 0.56711168
0.75750000 0.56711858
0.75757812 0.56712548
0.75765625 0.56713238
0.75773438 0.56713928
0.75781250 0.56714618
0.75789063 0.56715308
0.75796875 0.56715998
0.75804688 0.56716688
0.75812500 0.56717378
0.75820312 0.56718068
0.75828125 0.56718758
0.75835938 0.56719448
0.75843750 0.56720138
0.75851563 0.56720828
0.75859375 0.56721518
0.75867187 0.56722208
0.75875000 0.56722898
0.75882812 0.56723588
0.75890625 0.56724278
0.75898438 0.56724968
0.75906250 0.56725658
0.75914063 0.56726348
0.75921875 0.56727038
0.75929687 0.56727728
0.75937500 0.56728418
0.75945313 0.56729108
0.75953125 0.56729798
0.75960938 0.56730488
0.75968750 0.56731178
0.75976562 0.56731868
0.75984375 0.56732558
0.75992187 0.56733248
0.76000000 0.56733938
0.76007813 0.56734628
0.76015625 0.56735318
0.76023438 0.56736008
0.76031250 0.56736698
0.76039062 0.56737388
0.76046875 0.56738078
0.76054688 0.56738768
0.76062500 0.56739458
0.76070313 0.56740148
0.76078125 0.56740838
0.76085938 0.56741528
0.76093750 0.56742218
0.76101562 0.56742908
0.76109375 0.56743598
0.76117188 0.56744288
0.76125000 0.56744978
0.76132813 0.56745668
0.76140625 0.56746358
0.76148437 0.56747048
0.76156250 0.56747738
0.76164063 0.56748428
0.76171875 0.56749118
0.76179688 0.56749808
0.76187500 0.56750498
0.76195313 0.56751188
0.76203125 0.56751878
0.76210937 0.56752568
0.76218750 0.56753258
0.76226563 0.56753948
0.76234375 0.56754638
0.76242188 0.56755328
0.76250000 0.56756018
0.76257812 0.56756708
0.76265625 0.56757398
0.76273437 0.56758088
0.76281250 0.56758777
0.76289063 0.56759467
0.76296875 0.56760157
0.76304688 0.56760847
0.76312500 0.56761537
0.76320312 0.56762227
0.76328125 0.56762917
0.76335938 0.56763607
0.76343750 0.56764297
0.76351563 0.56764987
0.76359375 0.56765677
0.76367188 0.56766367
0.76375000 0.56767057
0.76382812 0.56767747
0.76390625 0.56768437
0.76398438 0.56769127
0.76406250 0.56769817
0.76414063 0.56770507
0.76421875 0.56771197
0.76429687 0.56771887
0.76437500 0.56772577
0.76445313 0.56773267
0.76453125 0.56773957
0.76460938 0.56774647
0.76468750 0.56775337
0.76476563 0.56776026
0.76484375 0.56776716
0.76492187 0.56777406
0.76500000 0.56778096
0.76507813 0.56778786
0.76515625 0.56779476
0.76523438 0.56780166
0.76531250 0.56780856
0.76539062 0.56781546
0.76546875 0.56782236
0.76554688 0.56782926
0.76562500 0.56783616
0.76570313 0.56784306
0.76578125 0.56784996
0.76585938 0.56785686
0.76593750 0.56786376
0.76601562 0.56787066
0.76609375 0.56787756
0.76617188 0.56788446
0.76625000 0.56789135
0.76632813 0.56789825
0.76640625 0.56790515
0.76648437 0.56791205
0.76656250 0.56791895
0.76664062 0.56792585
0.76671875 0.56793275
0.76679688 0.56793965
0.76687500 0.56794655
0.76695313 0.56795345
0.76703125 0.56796035
0.76710937 0.56796725
0.76718750 0.56797415
0.76726563 0.56798105
0.76734375 0.56798795
0.76742188 0.56799484
0.76750000 0.56800174
0.76757812 0.56800864
0.76765625 0.56801554
0.76773437 0.56802244
0.76781250 0.56802934
0.76789063 0.56803624
0.76796875 0.56804314
0.76804688 0.56805004
0.76812500 0.56805694
0.76820312 0.56806384
0.76828125 0.56807074
0.76835938 0.56807764
0.76843750 0.56808454
0.76851563 0.56809143
0.76859375 0.56809833
0.76867188 0.56810523
0.76875000 0.56811213
0.76882812 0.56811903
0.76890625 0.56812593
0.76898438 0.56813283
0.76906250 0.56813973
0.76914063 0.56814663
0.76921875 0.56815353
0.76929687 0.56816043
0.76937500 0.56816733
0.76945313 0.56817422
0.76953125 0.56818112
0.76960938 0.56818802
0.76968750 0.56819492
0.76976563 0.56820182
0.76984375 0.56820872
0.76992187 0.56821562
0.77000000 0.56822252
0.77007813 0.56822942
0.77015625 0.56823632
0.77023438 0.56824322
0.77031250 0.56825011
0.77039062 0.56825701
0.77046875 0.56826391
0.77054687 0.56827081
0.77062500 0.56827771
0.77070313 0.56828461
0.77078125 0.56829151
0.77085938 0.56829841
0.77093750 0.56830531
0.77101562 0.56831221
0.77109375 0.56831910
0.77117188 0.56832600
0.77125000 0.56833290
0.77132813 0.56833980
0.77140625 0.56834670
0.77148438 0.56835360
0.77156250 0.56836050
0.77164062 0.56836740
0.77171875 0.56837430
0.77179688 0.56838120
0.77187500 0.56838809
0.77195313 0.56839499
0.77203125 0.56840189
0.77210937 0.56840879
0.77218750 0.56841569
0.77226563 0.56842259
0.77234375 0.56842949
0.77242188 0.56843639
0.77250000 0.56844329
0.77257813 0.56845018
0.77265625 0.56845708
0.77273437 0.56846398
0.77281250 0.56847088
0.77289063 0.56847778
0.77296875 0.56848468
0.77304688 0.56849158
0.77312500 0.56849848
0.77320312 0.56850537
0.77328125 0.56851227
0.77335938 0.56851917
0.77343750 0.56852607
0.77351563 0.56853297
0.77359375 0.56853987
0.77367188 0.56854677
0.77375000 0.56855367
0.77382812 0.56856057
0.77390625 0.56856746
0.77398438 0.56857436
0.77406250 0.56858126
0.77414063 0.56858816
0.77421875 0.56859506
0.77429687 0.56860196
0.77437500 0.56860886
0.77445312 0.56861576
0.77453125 0.56862265
0.77460938 0.56862955
0.77468750 0.56863645
0.77476563 0.56864335
0.77484375 0.56865025
0.77492187 0.56865715
0.77500000 0.56866405
0.77507813 0.56867094
0.77515625 0.56867784
0.77523438 0.56868474
0.77531250 0.56869164
0.77539062 0.56869854
0.77546875 0.56870544
0.77554687 0.56871234
0.77562500 0.56871923
0.77570313 0.56872613
0.77578125 0.56873303
0.77585938 0.56873993
0.77593750 0.56874683
0.77601562 0.56875373
0.77609375 0.56876063
0.77617188 0.56876752
0.77625000 0.56877442
0.77632813 0.56878132
0.77640625 0.56878822
0.77648438 0.56879512
0.77656250 0.56880202
0.77664062 0.56880892
0.77671875 0.56881581
0.77679688 0.56882271
0.77687500 0.56882961
0.77695313 0.56883651
0.77703125 0.56884341
0.77710937 0.56885031
0.77718750 0.56885721
0.77726563 0.56886410
0.77734375 0.56887100
0.77742188 0.56887790
0.77750000 0.56888480
0.77757813 0.56889170
0.77765625 0.56889860
0.77773437 0.56890549
0.77781250 0.56891239
0.77789063 0.56891929
0.77796875 0.56892619
0.77804688 0.56893309
0.77812500 0.56893999
0.77820312 0.56894689
0.77828125 0.56895378
0.77835937 0.56896068
0.77843750 0.56896758
0.77851563 0.56897448
0.77859375 0.56898138
0.77867188 0.56898828
0.77875000 0.56899517
0.77882812 0.56900207
0.77890625 0.56900897
0.77898438 0.56901587
0.77906250 0.56902277
0.77914063 0.56902967
0.77921875 0.56903656
0.77929688 0.56904346
0.77937500 0.56905036
0.77945312 0.56905726
0.77953125 0.56906416
0.77960938 0.56907106
0.77968750 0.56907795
0.77976563 0.56908485
0.77984375 0.56909175
0.77992187 0.56909865
0.78000000 0.56910555
0.78007813 0.56911244
0.78015625 0.56911934
0.78023438 0.56912624
0.78031250 0.56913314
0.78039063 0.56914004
0.78046875 0.56914694
0.78054687 0.56915383
0.78062500 0.56916073
0.78070313 0.56916763
0.78078125 0.56917453
0.78085938 0.56918143
0.78093750 0.56918832
0.78101562 0.56919522
0.78109375 0.56920212
0.78117188 0.56920902
0.78125000 0.56921592
0.78132813 0.56922282
0.78140625 0.56922971
0.78148438 0.56923661
0.78156250 0.56924351
0.78164062 0.56925041
0.78171875 0.56925731
0.78179688 0.56926420
0.78187500 0.56927110
0.78195313 0.56927800
0.78203125 0.56928490
0.78210937 0.56929180
0.78218750 0.56929869
0.78226562 0.56930559
0.78234375 0.56931249
0.78242188 0.56931939
0.78250000 0.56932629
0.78257813 0.56933318
0.78265625 0.56934008
0.78273437 0.56934698
0.78281250 0.56935388
0.78289063 0.56936078
0.78296875 0.56936767
0.78304688 0.56937457
0.78312500 0.56938147
0.78320312 0.56938837
0.78328125 0.56939527
0.78335937 0.56940216
0.78343750 0.56940906
0.78351563 0.56941596
0.78359375 0.56942286
0.78367188 0.56942976
0.78375000 0.56943665
0.78382812 0.56944355
0.78390625 0.56945045
0.78398438 0.56945735
0.78406250 0.56946425
0.78414063 0.56947114
0.78421875 0.56947804
0.78429688 0.56948494
0.78437500 0.56949184
0.78445312 0.56949873
0.78453125 0.56950563
0.78460938 0.56951253
0.78468750 0.56951943
0.78476563 0.56952633
0.78484375 0.56953322
0.78492187 0.56954012
0.78500000 0.56954702
0.78507813 0.56955392
0.78515625 0.56956082
0.78523438 0.56956771
0.78531250 0.56957461
0.78539063 0.56958151
0.78546875 0.56958841
0.78554687 0.56959530
0.78562500 0.56960220
0.78570313 0.56960910
0.78578125 0.56961600
0.78585938 0.56962290
0.78593750 0.56962979
0.78601562 0.56963669
0.78609375 0.56964359
0.78617187 0.56965049
0.78625000 0.56965738
0.78632813 0.56966428
0.78640625 0.56967118
0.78648438 0.56967808
0.78656250 0.56968497
0.78664062 0.56969187
0.78671875 0.56969877
0.78679688 0.56970567
0.78687500 0.56971256
0.78695313 0.56971946
0.78703125 0.56972636
0.78710938 0.56973326
0.78718750 0.56974016
0.78726562 0.56974705
0.78734375 0.56975395
0.78742188 0.56976085
0.78750000 0.56976775
0.78757813 0.56977464
0.78765625 0.56978154
0.78773437 0.56978844
0.78781250 0.56979534
0.78789063 0.56980223
0.78796875 0.56980913
0.78804688 0.56981603
0.78812500 0.56982293
0.78820313 0.56982982
0.78828125 0.56983672
0.78835937 0.56984362
0.78843750 0.56985052
0.78851563 0.56985741
0.78859375 0.56986431
0.78867188 0.56987121
0.78875000 0.56987811
0.78882812 0.56988500
0.78890625 0.56989190
0.78898438 0.56989880
0.78906250 0.56990570
0.78914063 0.56991259
0.78921875 0.56991949
0.78929688 0.56992639
0.78937500 0.56993329
0.78945312 0.56994018
0.78953125 0.56994708
0.78960938 0.56995398
0.78968750 0.56996088
0.78976563 0.56996777
0.78984375 0.56997467
0.78992187 0.56998157
0.79000000 0.56998847
0.79007812 0.56999536
0.79015625 0.57000226
0.79023438 0.57000916
0.79031250 0.57001605
0.79039063 0.57002295
0.79046875 0.57002985
0.79054687 0.57003675
0.79062500 0.57004364
0.79070313 0.57005054
0.79078125 0.57005744
0.79085938 0.57006434
0.79093750 0.57007123
0.79101562 0.57007813
0.79109375 0.57008503
0.79117187 0.57009193
0.79125000 0.57009882
0.79132813 0.57010572
0.79140625 0.57011262
0.79148438 0.57011951
0.79156250 0.57012641
0.79164062 0.57013331
0.79171875 0.57014021
0.79179688 0.57014710
0.79187500 0.57015400
0.79195313 0.57016090
0.79203125 0.57016779
0.79210938 0.57017469
0.79218750 0.57018159
0.79226562 0.57018849
0.79234375 0.57019538
0.79242188 0.57020228
0.79250000 0.57020918
0.79257813 0.57021607
0.79265625 0.57022297
0.79273437 0.57022987
0.79281250 0.57023677
0.79289063 0.57024366
0.79296875 0.57025056
0.79304688 0.57025746
0.79312500 0.57026435
0.79320313 0.57027125
0.79328125 0.57027815
0.79335937 0.57028505
0.79343750 0.57029194
0.79351563 0.57029884
0.79359375 0.57030574
0.79367188 0.57031263
0.79375000 0.57031953
0.79382812 0.57032643
0.79390625 0.57033333
0.79398437 0.57034022
0.79406250 0.57034712
0.79414063 0.57035402
0.79421875 0.57036091
0.79429688 0.57036781
0.79437500 0.57037471
0.79445312 0.57038160
0.79453125 0.57038850
0.79460938 0.57039540
0.79468750 0.57040230
0.79476563 0.57040919
0.79484375 0.57041609
0.79492188 0.57042299
0.79500000 0.57042988
0.79507812 0.57043678
0.79515625 0.57044368
0.79523438 0.57045057
0.79531250 0.57045747
0.79539063 0.57046437
0.79546875 0.57047126
0.79554687 0.57047816
0.79562500 0.57048506
0.79570313 0.57049196
0.79578125 0.57049885
0.79585938 0.57050575
0.79593750 0.57051265
0.79601563 0.57051954
0.79609375 0.57052644
0.79617187 0.57053334
0.79625000 0.57054023
0.79632813 0.57054713
0.79640625 0.57055403
0.79648438 0.57056092
0.79656250 0.57056782
0.79664062 0.57057472
0.79671875 0.57058161
0.79679688 0.57058851
0.79687500 0.57059541
0.79695313 0.57060230
0.79703125 0.57060920
0.79710938 0.57061610
0.79718750 0.57062299
0.79726562 0.57062989
0.79734375 0.57063679
0.79742188 0.57064368
0.79750000 0.57065058
0.79757813 0.57065748
0.79765625 0.57066437
0.79773437 0.57067127
0.79781250 0.57067817
0.79789062 0.57068507
0.79796875 0.57069196
0.79804688 0.57069886
0.79812500 0.57070575
0.79820313 0.57071265
0.79828125 0.57071955
0.79835937 0.57072645
0.79843750 0.57073334
0.79851563 0.57074024
0.79859375 0.57074713
0.79867188 0.57075403
0.79875000 0.57076093
0.79882812 0.57076782
0.79890625 0.57077472
0.79898437 0.57078162
0.79906250 0.57078851
0.79914063 0.57079541
0.79921875 0.57080231
0.79929688 0.57080920
0.79937500 0.57081610
0.79945312 0.57082300
0.79953125 0.57082989
0.79960938 0.57083679
0.79968750 0.57084369
0.79976563 0.57085058
0.79984375 0.57085748
0.79992188 0.57086438
0.80000000 0.57087127
0.80007812 0.57087817
0.80015625 0.57088507
0.80023438 0.57089196
0.80031250 0.57089886
0.80039063 0.57090576
0.80046875 0.57091265
0.80054687 0.57091955
0.80062500 0.57092644
0.80070313 0.57093334
0.80078125 0.57094024
0.80085938 0.57094713
0.80093750 0.57095403
0.80101563 0.57096093
0.80109375 0.57096782
0.80117187 0.57097472
0.80125000 0.57098162
0.80132813 0.57098851
0.80140625 0.57099541
0.80148438 0.57100231
0.80156250 0.57100920
0.80164062 0.57101610
0.80171875 0.57102299
0.80179687 0.57102989
0.80187500 0.57103679
0.80195313 0.57104368
0.80203125 0.57105058
0.80210938 0.57105748
0.80218750 0.57106437
0.80226562 0.57107127
0.80234375 0.57107816
0.80242188 0.57108506
0.80250000 0.57109196
0.80257813 0.57109885
0.80265625 0.57110575
0.80273438 0.57111265
0.80281250 0.57111954
0.80289062 0.57112644
0.80296875 0.57113333
0.80304688 0.57114023
0.80312500 0.57114713
0.80320313 0.57115402
0.80328125 0.57116092
0.80335937 0.57116782
0.80343750 0.57117471
0.80351563 0.57118161
0.80359375 0.57118850
0.80367188 0.57119540
0.80375000 0.57120230
0.80382813 0.57120919
0.80390625 0.57121609
0.80398437 0.57122299
0.80406250 0.57122988
0.80414063 0.57123678
0.80421875 0.57124367
0.80429688 0.57125057
0.80437500 0.57125747
0.80445312 0.57126436
0.80453125 0.57127126
0.80460938 0.57127815
0.80468750 0.57128505
0.80476563 0.57129195
0.80484375 0.57129884
0.80492188 0.57130574
0.80500000 0.57131263
0.80507812 0.57131953
0.80515625 0.57132643
0.80523438 0.57133332
0.80531250 0.57134022
0.80539063 0.57134712
0.80546875 0.57135401
0.80554687 0.57136091
0.80562500 0.57136780
0.80570312 0.57137470
0.80578125 0.57138159
0.80585938 0.57138849
0.80593750 0.57139539
0.80601563 0.57140228
0.80609375 0.57140918
0.80617187 0.57141607
0.80625000 0.57142297
0.80632813 0.57142987
0.80640625 0.57143676
0.80648438 0.57144366
0.80656250 0.57145055
0.80664062 0.57145745
0.80671875 0.57146435
0.80679687 0.57147124
0.80687500 0.57147814
0.80695313 0.57148503
0.80703125 0.57149193
0.80710938 0.57149883
0.80718750 0.57150572
0.80726562 0.57151262
0.80734375 0.57151951
0.80742188 0.57152641
0.80750000 0.57153330
0.80757813 0.57154020
0.80765625 0.57154710
0.80773438 0.57155399
0.80781250 0.57156089
0.80789062 0.57156778
0.80796875 0.57157468
0.80804688 0.57158158
0.80812500 0.57158847
0.80820313 0.57159537
0.80828125 0.57160226
0.80835937 0.57160916
0.80843750 0.57161605
0.80851563 0.57162295
0.80859375 0.57162985
0.80867188 0.57163674
0.80875000 0.57164364
0.80882813 0.57165053
0.80890625 0.57165743
0.80898437 0.57166432
0.80906250 0.57167122
0.80914063 0.57167812
0.80921875 0.57168501
0.80929688 0.57169191
0.80937500 0.57169880
0.80945312 0.57170570
0.80953125 0.57171259
0.80960937 0.57171949
0.80968750 0.57172638
0.80976563 0.57173328
0.80984375 0.57174018
0.80992188 0.57174707
0.81000000 0.57175397
0.81007812 0.57176086
0.81015625 0.57176776
0.81023438 0.57177466
0.81031250 0.57178155
0.81039063 0.57178845
0.81046875 0.57179534
0.81054688 0.57180224
0.81062500 0.57180913
0.81070312 0.57181603
0.81078125 0.57182292
0.81085938 0.57182982
0.81093750 0.57183671
0.81101563 0.57184361
0.81109375 0.57185051
0.81117187 0.57185740
0.81125000 0.57186430
0.81132813 0.57187119
0.81140625 0.57187809
0.81148438 0.57188498
0.81156250 0.57189188
0.81164063 0.57189877
0.81171875 0.57190567
0.81179687 0.57191257
0.81187500 0.57191946
0.81195313 0.57192636
0.81203125 0.57193325
0.81210938 0.57194015
0.81218750 0.57194704
0.81226562 0.57195394
0.81234375 0.57196083
0.81242188 0.57196773
0.81250000 0.57197462
0.81257813 0.57198152
0.81265625 0.57198841
0.81273438 0.57199531
0.81281250 0.57200220
0.81289062 0.57200910
0.81296875 0.57201600
0.81304688 0.57202289
0.81312500 0.57202979
0.81320313 0.57203668
0.81328125 0.57204358
0.81335937 0.57205047
0.81343750 0.57205737
0.81351562 0.57206426
0.81359375 0.57207116
0.81367188 0.57207805
0.81375000 0.57208495
0.81382813 0.57209184
0.81390625 0.57209874
0.81398437 0.57210564
0.81406250 0.57211253
0.81414063 0.57211943
0.81421875 0.57212632
0.81429688 0.57213322
0.81437500 0.57214011
0.81445312 0.57214701
0.81453125 0.57215390
0.81460937 0.57216080
0.81468750 0.57216769
0.81476563 0.57217459
0.81484375 0.57218148
0.81492188 0.57218838
0.81500000 0.57219527
0.81507812 0.57220217
0.81515625 0.57220906
0.81523438 0.57221596
0.81531250 0.57222285
0.81539063 0.57222975
0.81546875 0.57223664
0.81554688 0.57224354
0.81562500 0.57225043
0.81570312 0.57225733
0.81578125 0.57226422
0.81585938 0.57227112
0.81593750 0.57227801
0.81601563 0.57228491
0.81609375 0.57229180
0.81617187 0.57229870
0.81625000 0.57230559
0.81632813 0.57231249
0.81640625 0.57231938
0.81648438 0.57232628
0.81656250 0.57233317
0.81664063 0.57234007
0.81671875 0.57234696
0.81679687 0.57235386
0.81687500 0.57236075
0.81695313 0.57236765
0.81703125 0.57237454
0.81710938 0.57238144
0.81718750 0.57238833
0.81726562 0.57239523
0.81734375 0.57240212
0.81742187 0.57240902
0.81750000 0.57241591
0.81757813 0.57242281
0.81765625 0.57242970
0.81773438 0.57243660
0.81781250 0.57244349
0.81789062 0.57245039
0.81796875 0.57245728
0.81804688 0.57246418
0.81812500 0.57247107
0.81820313 0.57247797
0.81828125 0.57248486
0.81835938 0.57249176
0.81843750 0.57249865
0.81851562 0.57250555
0.81859375 0.57251244
0.81867188 0.57251934
0.81875000 0.57252623
0.81882813 0.57253313
0.81890625 0.57254002
0.81898437 0.57254692
0.81906250 0.57255381
0.81914063 0.57256071
0.81921875 0.57256760
0.81929688 0.57257450
0.81937500 0.57258139
0.81945313 0.57258829
0.81953125 0.57259518
0.81960937 0.57260208
0.81968750 0.57260897
0.81976563 0.57261586
0.81984375 0.57262276
0.81992188 0.57262965
0.82000000 0.57263655
0.82007812 0.57264344
0.82015625 0.57265034
0.82023438 0.57265723
0.82031250 0.57266413
0.82039063 0.57267102
0.82046875 0.57267792
0.82054688 0.57268481
0.82062500 0.57269170
0.82070312 0.57269860
0.82078125 0.57270549
0.82085938 0.57271239
0.82093750 0.57271928
0.82101563 0.57272618
0.82109375 0.57273307
0.82117187 0.57273997
0.82125000 0.57274686
0.82132812 0.57275376
0.82140625 0.57276065
0.82148438 0.57276755
0.82156250 0.57277444
0.82164063 0.57278134
0.82171875 0.57278823
0.82179687 0.57279513
0.82187500 0.57280202
0.82195313 0.57280891
0.82203125 0.57281581
0.82210938 0.57282270
0.82218750 0.57282960
0.82226562 0.57283649
0.82234375 0.57284338
0.82242187 0.57285028
0.82250000 0.57285717
0.82257813 0.57286407
0.82265625 0.57287096
0.82273438 0.57287786
0.82281250 0.57288475
0.82289062 0.57289165
0.82296875 0.57289854
0.82304688 0.57290544
0.82312500 0.57291233
0.82320313 0.57291923
0.82328125 0.57292612
0.82335938 0.57293302
0.82343750 0.57293991
0.82351562 0.57294680
0.82359375 0.57295370
0.82367188 0.57296059
0.82375000 0.57296748
0.82382813 0.57297438
0.82390625 0.57298127
0.82398437 0.57298817
0.82406250 0.57299506
0.82414063 0.57300196
0.82421875 0.57300885
0.82429688 0.57301575
0.82437500 0.57302264
0.82445313 0.57302954
0.82453125 0.57303643
0.82460937 0.57304332
0.82468750 0.57305022
0.82476563 0.57305711
0.82484375 0.57306400
0.82492188 0.57307090
0.82500000 0.57307779
0.82507812 0.57308469
0.82515625 0.57309158
0.82523437 0.57309848
0.82531250 0.57310537
0.82539063 0.57311227
0.82546875 0.57311916
0.82554688 0.57312606
0.82562500 0.57313295
0.82570312 0.57313984
0.82578125 0.57314674
0.82585938 0.57315363
0.82593750 0.57316052
0.82601563 0.57316742
0.82609375 0.57317431
0.82617188 0.57318121
0.82625000 0.57318810
0.82632812 0.57319500
0.82640625 0.57320189
0.82648438 0.57320879
0.82656250 0.57321568
0.82664063 0.57322257
0.82671875 0.57322946
0.82679687 0.57323636
0.82687500 0.57324325
0.82695313 0.57325015
0.82703125 0.57325704
0.82710938 0.57326394
0.82718750 0.57327083
0.82726563 0.57327773
0.82734375 0.57328462
0.82742187 0.57329151
0.82750000 0.57329841
0.82757813 0.57330530
0.82765625 0.57331219
0.82773438 0.57331909
0.82781250 0.57332598
0.82789062 0.57333288
0.82796875 0.57333977
0.82804688 0.57334667
0.82812500 0.57335356
0.82820313 0.57336045
0.82828125 0.57336735
0.82835938 0.57337424
0.82843750 0.57338113
0.82851562 0.57338803
0.82859375 0.57339492
0.82867188 0.57340182
0.82875000 0.57340871
0.82882813 0.57341561
0.82890625 0.57342250
0.82898437 0.57342939
0.82906250 0.57343628
0.82914062 0.57344318
0.82921875 0.57345007
0.82929688 0.57345697
0.82937500 0.57346386
0.82945313 0.57347076
0.82953125 0.57347765
0.82960937 0.57348454
0.82968750 0.57349143
0.82976563 0.57349833
0.82984375 0.57350522
0.82992188 0.57351212
0.83000000 0.57351901
0.83007812 0.57352591
0.83015625 0.57353280
0.83023437 0.57353970
0.83031250 0.57354659
0.83039063 0.57355348
0.83046875 0.57356037
0.83054688 0.57356727
0.83062500 0.57357416
0.83070312 0.57358106
0.83078125 0.57358795
0.83085938 0.57359485
0.83093750 0.57360173
0.83101563 0.57360863
0.83109375 0.57361552
0.83117188 0.57362242
0.83125000 0.57362931
0.83132812 0.57363621
0.83140625 0.57364310
0.83148438 0.57364999
0.83156250 0.57365688
0.83164063 0.57366378
0.83171875 0.57367067
0.83179687 0.57367757
0.83187500 0.57368446
0.83195313 0.57369136
0.83203125 0.57369825
0.83210938 0.57370514
0.83218750 0.57371203
0.83226563 0.57371893
0.83234375 0.57372582
0.83242187 0.57373272
0.83250000 0.57373961
0.83257813 0.57374651
0.83265625 0.57375339
0.83273438 0.57376029
0.83281250 0.57376718
0.83289062 0.57377408
0.83296875 0.57378097
0.83304687 0.57378787
0.83312500 0.57379476
0.83320313 0.57380165
0.83328125 0.57380854
0.83335938 0.57381544
0.83343750 0.57382233
0.83351562 0.57382923
0.83359375 0.57383612
0.83367188 0.57384301
0.83375000 0.57384990
0.83382813 0.57385680
0.83390625 0.57386369
0.83398438 0.57387059
0.83406250 0.57387748
0.83414062 0.57388438
0.83421875 0.57389126
0.83429688 0.57389816
0.83437500 0.57390505
0.83445313 0.57391195
0.83453125 0.57391884
0.83460937 0.57392574
0.83468750 0.57393262
0.83476563 0.57393952
0.83484375 0.57394641
0.83492188 0.57395331
0.83500000 0.57396020
0.83507813 0.57396710
0.83515625 0.57397398
0.83523437 0.57398088
0.83531250 0.57398777
0.83539063 0.57399467
0.83546875 0.57400156
0.83554688 0.57400846
0.83562500 0.57401534
0.83570312 0.57402224
0.83578125 0.57402913
0.83585938 0.57403603
0.83593750 0.57404292
0.83601563 0.57404982
0.83609375 0.57405670
0.83617188 0.57406360
0.83625000 0.57407049
0.83632812 0.57407739
0.83640625 0.57408428
0.83648438 0.57409117
0.83656250 0.57409806
0.83664063 0.57410496
0.83671875 0.57411185
0.83679687 0.57411875
0.83687500 0.57412563
0.83695312 0.57413253
0.83703125 0.57413942
0.83710938 0.57414632
0.83718750 0.57415321
0.83726563 0.57416011
0.83734375 0.57416699
0.83742187 0.57417389
0.83750000 0.57418078
0.83757813 0.57418768
0.83765625 0.57419457
0.83773438 0.57420147
0.83781250 0.57420835
0.83789062 0.57421525
0.83796875 0.57422214
0.83804687 0.57422904
0.83812500 0.57423592
0.83820313 0.57424282
0.83828125 0.57424971
0.83835938 0.57425661
0.83843750 0.57426350
0.83851562 0.57427040
0.83859375 0.57427728
0.83867188 0.57428418
0.83875000 0.57429107
0.83882813 0.57429797
0.83890625 0.57430485
0.83898438 0.57431175
0.83906250 0.57431864
0.83914062 0.57432554
0.83921875 0.57433243
0.83929688 0.57433933
0.83937500 0.57434621
0.83945313 0.57435311
0.83953125 0.57436000
0.83960937 0.57436690
0.83968750 0.57437378
0.83976563 0.57438068
0.83984375 0.57438757
0.83992188 0.57439447
0.84000000 0.57440135
0.84007813 0.57440825
0.84015625 0.57441514
0.84023437 0.57442204
0.84031250 0.57442893
0.84039063 0.57443583
0.84046875 0.57444271
0.84054688 0.57444961
0.84062500 0.57445650
0.84070312 0.57446340
0.84078125 0.57447028
0.84085937 0.57447718
0.84093750 0.57448407
0.84101563 0.57449097
0.84109375 0.57449785
0.84117188 0.57450475
0.84125000 0.57451164
0.84132812 0.57451854
0.84140625 0.57452542
0.84148438 0.57453233
0.84156250 0.57453921
0.84164063 0.57454611
0.84171875 0.57455299
0.84179688 0.57455990
0.84187500 0.57456678
0.84195312 0.57457368
0.84203125 0.57458057
0.84210938 0.57458747
0.84218750 0.57459435
0.84226563 0.57460125
0.84234375 0.57460814
0.84242187 0.57461504
0.84250000 0.57462192
0.84257813 0.57462882
0.84265625 0.57463571
0.84273438 0.57464261
0.84281250 0.57464949
0.84289063 0.57465639
0.84296875 0.57466328
0.84304687 0.57467018
0.84312500 0.57467706
0.84320313 0.57468396
0.84328125 0.57469085
0.84335938 0.57469775
0.84343750 0.57470463
0.84351562 0.57471153
0.84359375 0.57471842
0.84367188 0.57472532
0.84375000 0.57473220
0.84382813 0.57473910
0.84390625 0.57474599
0.84398438 0.57475289
0.84406250 0.57475977
0.84414062 0.57476667
0.84421875 0.57477356
0.84429688 0.57478046
0.84437500 0.57478734
0.84445313 0.57479424
0.84453125 0.57480113
0.84460937 0.57480803
0.84468750 0.57481491
0.84476562 0.57482181
0.84484375 0.57482870
0.84492188 0.57483560
0.84500000 0.57484248
0.84507813 0.57484938
0.84515625 0.57485627
0.84523437 0.57486317
0.84531250 0.57487005
0.84539063 0.57487695
0.84546875 0.57488383
0.84554688 0.57489074
0.84562500 0.57489762
0.84570312 0.57490452
0.84578125 0.57491140
0.84585937 0.57491831
0.84593750 0.57492519
0.84601563 0.57493209
0.84609375 0.57493897
0.84617188 0.57494588
0.84625000 0.57495276
0.84632812 0.57495966
0.84640625 0.57496654
0.84648438 0.57497345
0.84656250 0.57498033
0.84664063 0.57498723
0.84671875 0.57499411
0.84679688 0.57500101
0.84687500 0.57500790
0.84695312 0.57501480
0.84703125 0.57502168
0.84710938 0.57502858
0.84718750 0.57503546
0.84726563 0.57504237
0.84734375 0.57504925
0.84742187 0.57505615
0.84750000 0.57506303
0.84757813 0.57506994
0.84765625 0.57507682
0.84773438 0.57508372
0.84781250 0.57509060
0.84789063 0.57509751
0.84796875 0.57510439
0.84804687 0.57511129
0.84812500 0.57511817
0.84820313 0.57512507
0.84828125 0.57513195
0.84835938 0.57513886
0.84843750 0.57514574
0.84851562 0.57515264
0.84859375 0.57515952
0.84867187 0.57516643
0.84875000 0.57517331
0.84882813 0.57518021
0.84890625 0.57518709
0.84898438 0.57519400
0.84906250 0.57520087
0.84914062 0.57520778
0.84921875 0.57521466
0.84929688 0.57522156
0.84937500 0.57522844
0.84945313 0.57523535
0.84953125 0.57524223
0.84960938 0.57524913
0.84968750 0.57525601
0.84976562 0.57526292
0.84984375 0.57526979
0.84992188 0.57527670
0.85000000 0.57528358
0.85007813 0.57529048
0.85015625 0.57529736
0.85023437 0.57530427
0.85031250 0.57531114
0.85039063 0.57531805
0.85046875 0.57532493
0.85054688 0.57533183
0.85062500 0.57533871
0.85070313 0.57534562
0.85078125 0.57535250
0.85085937 0.57535940
0.85093750 0.57536628
0.85101563 0.57537319
0.85109375 0.57538006
0.85117188 0.57538697
0.85125000 0.57539385
0.85132812 0.57540075
0.85140625 0.57540763
0.85148438 0.57541454
0.85156250 0.57542141
0.85164063 0.57542832
0.85171875 0.57543520
0.85179688 0.57544210
0.85187500 0.57544898
0.85195312 0.57545589
0.85203125 0.57546276
0.85210938 0.57546967
0.85218750 0.57547655
0.85226563 0.57548345
0.85234375 0.57549033
0.85242187 0.57549724
0.85250000 0.57550411
0.85257812 0.57551102
0.85265625 0.57551790
0.85273438 0.57552480
0.85281250 0.57553168
0.85289063 0.57553859
0.85296875 0.57554546
0.85304687 0.57555237
0.85312500 0.57555925
0.85320313 0.57556615
0.85328125 0.57557303
0.85335938 0.57557994
0.85343750 0.57558681
0.85351562 0.57559372
0.85359375 0.57560060
0.85367187 0.57560750
0.85375000 0.57561438
0.85382813 0.57562129
0.85390625 0.57562816
0.85398438 0.57563507
0.85406250 0.57564194
0.85414062 0.57564885
0.85421875 0.57565573
0.85429688 0.57566264
0.85437500 0.57566951
0.85445313 0.57567642
0.85453125 0.57568329
0.85460938 0.57569020
0.85468750 0.57569708
0.85476562 0.57570399
0.85484375 0.57571086
0.85492188 0.57571777
0.85500000 0.57572464
0.85507813 0.57573155
0.85515625 0.57573842
0.85523437 0.57574534
0.85531250 0.57575221
0.85539063 0.57575912
0.85546875 0.57576599
0.85554688 0.57577290
0.85562500 0.57577977
0.85570313 0.57578668
0.85578125 0.57579356
0.85585937 0.57580047
0.85593750 0.57580734
0.85601563 0.57581425
0.85609375 0.57582112
0.85617188 0.57582803
0.85625000 0.57583490
0.85632812 0.57584182
0.85640625 0.57584869
0.85648437 0.57585560
0.85656250 0.57586247
0.85664063 0.57586938
0.85671875 0.57587625
0.85679688 0.57588316
0.85687500 0.57589003
0.85695312 0.57589695
0.85703125 0.57590382
0.85710938 0.57591073
0.85718750 0.57591760
0.85726563 0.57592451
0.85734375 0.57593138
0.85742188 0.57593829
0.85750000 0.57594516
0.85757812 0.57595208
0.85765625 0.57595894
0.85773438 0.57596586
0.85781250 0.57597273
0.85789063 0.57597964
0.85796875 0.57598651
0.85804687 0.57599342
0.85812500 0.57600029
0.85820313 0.57600721
0.85828125 0.57601407
0.85835938 0.57602099
0.85843750 0.57602786
0.85851563 0.57603477
0.85859375 0.57604164
0.85867187 0.57604855
0.85875000 0.57605542
0.85882813 0.57606233
0.85890625 0.57606920
0.85898438 0.57607612
0.85906250 0.57608298
0.85914062 0.57608990
0.85921875 0.57609677
0.85929688 0.57610368
0.85937500 0.57611055
0.85945313 0.57611746
0.85953125 0.57612433
0.85960938 0.57613125
0.85968750 0.57613811
0.85976562 0.57614503
0.85984375 0.57615189
0.85992188 0.57615881
0.86000000 0.57616568
0.86007813 0.57617259
0.86015625 0.57617946
0.86023437 0.57618637
0.86031250 0.57619324
0.86039062 0.57620016
0.86046875 0.57620702
0.86054688 0.57621394
0.86062500 0.57622080
0.86070313 0.57622772
0.86078125 0.57623458
0.86085937 0.57624150
0.86093750 0.57624837
0.86101563 0.57625528
0.86109375 0.57626215
0.86117188 0.57626907
0.86125000 0.57627593
0.86132812 0.57628285
0.86140625 0.57628971
0.86148437 0.57629663
0.86156250 0.57630349
0.86164063 0.57631041
0.86171875 0.57631727
0.86179688 0.57632419
0.86187500 0.57633105
0.86195312 0.57633797
0.86203125 0.57634484
0.86210938 0.57635176
0.86218750 0.57635862
0.86226563 0.57636554
0.86234375 0.57637240
0.86242188 0.57637932
0.86250000 0.57638618
0.86257812 0.57639310
0.86265625 0.57639996
0.86273438 0.57640688
0.86281250 0.57641374
0.86289063 0.57642066
0.86296875 0.57642752
0.86304687 0.57643444
0.86312500 0.57644131
0.86320313 0.57644823
0.86328125 0.57645509
0.86335938 0.57646201
0.86343750 0.57646887
0.86351563 0.57647579
0.86359375 0.57648265
0.86367187 0.57648957
0.86375000 0.57649643
0.86382813 0.57650335
0.86390625 0.57651021
0.86398438 0.57651713
0.86406250 0.57652399
0.86414062 0.57653091
0.86421875 0.57653777
0.86429687 0.57654470
0.86437500 0.57655155
0.86445313 0.57655848
0.86453125 0.57656533
0.86460938 0.57657226
0.86468750 0.57657912
0.86476562 0.57658604
0.86484375 0.57659290
0.86492188 0.57659982
0.86500000 0.57660668
0.86507813 0.57661360
0.86515625 0.57662046
0.86523438 0.57662738
0.86531250 0.57663424
0.86539062 0.57664116
0.86546875 0.57664802
0.86554688 0.57665494
0.86562500 0.57666180
0.86570313 0.57666873
0.86578125 0.57667558
0.86585937 0.57668251
0.86593750 0.57668936
0.86601563 0.57669629
0.86609375 0.57670314
0.86617188 0.57671007
0.86625000 0.57671692
0.86632813 0.57672385
0.86640625 0.57673070
0.86648437 0.57673763
0.86656250 0.57674448
0.86664063 0.57675141
0.86671875 0.57675826
0.86679688 0.57676519
0.86687500 0.57677204
0.86695312 0.57677897
0.86703125 0.57678583
0.86710938 0.57679275
0.86718750 0.57679961
0.86726563 0.57680653
0.86734375 0.57681339
0.86742188 0.57682031
0.86750000 0.57682717
0.86757812 0.57683409
0.86765625 0.57684095
0.86773438 0.57684788
0.86781250 0.57685473
0.86789063 0.57686166
0.86796875 0.57686851
0.86804687 0.57687544
0.86812500 0.57688229
0.86820312 0.57688922
0.86828125 0.57689607
0.86835938 0.57690300
0.86843750 0.57690985
0.86851563 0.57691678
0.86859375 0.57692363
0.86867187 0.57693056
0.86875000 0.57693741
0.86882813 0.57694434
0.86890625 0.57695119
0.86898438 0.57695812
0.86906250 0.57696497
0.86914062 0.57697190
0.86921875 0.57697875
0.86929687 0.57698568
0.86937500 0.57699253
0.86945313 0.57699946
0.86953125 0.57700631
0.86960938 0.57701324
0.86968750 0.57702009
0.86976562 0.57702702
0.86984375 0.57703387
0.86992188 0.57704080
0.87000000 0.57704765
0.87007813 0.57705458
0.87015625 0.57706143
0.87023438 0.57706836
0.87031250 0.57707521
0.87039062 0.57708214
0.87046875 0.57708899
0.87054688 0.57709592
0.87062500 0.57710277
0.87070313 0.57710970
0.87078125 0.57711655
0.87085937 0.57712348
0.87093750 0.57713033
0.87101563 0.57713726
0.87109375 0.57714411
0.87117188 0.57715104
0.87125000 0.57715788
0.87132813 0.57716482
0.87140625 0.57717166
0.87148437 0.57717860
0.87156250 0.57718544
0.87164063 0.57719238
0.87171875 0.57719922
0.87179688 0.57720616
0.87187500 0.57721300
0.87195312 0.57721994
0.87203125 0.57722678
0.87210937 0.57723372
0.87218750 0.57724056
0.87226563 0.57724750
0.87234375 0.57725434
0.87242188 0.57726128
0.87250000 0.57726812
0.87257812 0.57727506
0.87265625 0.57728190
0.87273438 0.57728884
0.87281250 0.57729568
0.87289063 0.57730262
0.87296875 0.57730946
0.87304688 0.57731640
0.87312500 0.57732324
0.87320312 0.57733018
0.87328125 0.57733702
0.87335938 0.57734396
0.87343750 0.57735080
0.87351563 0.57735774
0.87359375 0.57736457
0.87367187 0.57737152
0.87375000 0.57737835
0.87382813 0.57738530
0.87390625 0.57739213
0.87398438 0.57739907
0.87406250 0.57740591
0.87414063 0.57741285
0.87421875 0.57741969
0.87429687 0.57742663
0.87437500 0.57743347
0.87445313 0.57744041
0.87453125 0.57744725
0.87460938 0.57745419
0.87468750 0.57746103
0.87476562 0.57746797
0.87484375 0.57747481
0.87492188 0.57748175
0.87500000 0.57748858
0.87507813 0.57749553
0.87515625 0.57750236
0.87523438 0.57750931
0.87531250 0.57751614
0.87539062 0.57752309
0.87546875 0.57752992
0.87554688 0.57753687
0.87562500 0.57754370
0.87570313 0.57755065
0.87578125 0.57755748
0.87585937 0.57756443
0.87593750 0.57757126
0.87601562 0.57757820
0.87609375 0.57758504
0.87617188 0.57759198
0.87625000 0.57759881
0.87632813 0.57760576
0.87640625 0.57761259
0.87648437 0.57761954
0.87656250 0.57762637
0.87664063 0.57763332
0.87671875 0.57764015
0.87679688 0.57764710
0.87687500 0.57765393
0.87695312 0.57766088
0.87703125 0.57766771
0.87710937 0.57767466
0.87718750 0.57768148
0.87726563 0.57768844
0.87734375 0.57769526
0.87742188 0.57770221
0.87750000 0.57770904
0.87757812 0.57771599
0.87765625 0.57772282
0.87773438 0.57772977
0.87781250 0.57773660
0.87789063 0.57774355
0.87796875 0.57775038
0.87804688 0.57775733
0.87812500 0.57776415
0.87820312 0.57777111
0.87828125 0.57777793
0.87835938 0.57778489
0.87843750 0.57779171
0.87851563 0.57779866
0.87859375 0.57780549
0.87867187 0.57781244
0.87875000 0.57781927
0.87882813 0.57782622
0.87890625 0.57783304
0.87898438 0.57784000
0.87906250 0.57784682
0.87914063 0.57785378
0.87921875 0.57786060
0.87929687 0.57786756
0.87937500 0.57787438
0.87945313 0.57788134
0.87953125 0.57788816
0.87960938 0.57789511
0.87968750 0.57790193
0.87976562 0.57790889
0.87984375 0.57791571
0.87992187 0.57792267
0.88000000 0.57792949
0.88007813 0.57793645
0.88015625 0.57794327
0.88023438 0.57795023
0.88031250 0.57795704
0.88039062 0.57796400
0.88046875 0.57797082
0.88054688 0.57797778
0.88062500 0.57798460
0.88070313 0.57799156
0.88078125 0.57799838
0.88085938 0.57800534
0.88093750 0.57801216
0.88101562 0.57801912
0.88109375 0.57802593
0.88117188 0.57803290
0.88125000 0.57803971
0.88132813 0.57804667
0.88140625 0.57805349
0.88148437 0.57806045
0.88156250 0.57806727
0.88164063 0.57807423
0.88171875 0.57808104
0.88179688 0.57808801
0.88187500 0.57809482
0.88195313 0.57810179
0.88203125 0.57810860
0.88210937 0.57811556
0.88218750 0.57812237
0.88226563 0.57812934
0.88234375 0.57813615
0.88242188 0.57814312
0.88250000 0.57814993
0.88257812 0.57815690
0.88265625 0.57816371
0.88273438 0.57817067
0.88281250 0.57817748
0.88289063 0.57818445
0.88296875 0.57819126
0.88304688 0.57819823
0.88312500 0.57820504
0.88320312 0.57821201
0.88328125 0.57821882
0.88335938 0.57822578
0.88343750 0.57823259
0.88351563 0.57823956
0.88359375 0.57824637
0.88367187 0.57825334
0.88375000 0.57826015
0.88382812 0.57826712
0.88390625 0.57827392
0.88398438 0.57828090
0.88406250 0.57828770
0.88414063 0.57829467
0.88421875 0.57830148
0.88429687 0.57830845
0.88437500 0.57831525
0.88445313 0.57832223
0.88453125 0.57832903
0.88460938 0.57833600
0.88468750 0.57834281
0.88476562 0.57834978
0.88484375 0.57835658
0.88492187 0.57836356
0.88500000 0.57837036
0.88507813 0.57837734
0.88515625 0.57838414
0.88523438 0.57839111
0.88531250 0.57839791
0.88539062 0.57840489
0.88546875 0.57841169
0.88554688 0.57841867
0.88562500 0.57842547
0.88570313 0.57843245
0.88578125 0.57843924
0.88585938 0.57844622
0.88593750 0.57845302
0.88601562 0.57846000
0.88609375 0.57846680
0.88617188 0.57847378
0.88625000 0.57848057
0.88632813 0.57848755
0.88640625 0.57849435
0.88648437 0.57850133
0.88656250 0.57850813
0.88664063 0.57851511
0.88671875 0.57852190
0.88679688 0.57852889
0.88687500 0.57853568
0.88695313 0.57854266
0.88703125 0.57854946
0.88710937 0.57855644
0.88718750 0.57856323
0.88726563 0.57857022
0.88734375 0.57857701
0.88742188 0.57858399
0.88750000 0.57859078
0.88757812 0.57859777
0.88765625 0.57860456
0.88773437 0.57861155
0.88781250 0.57861834
0.88789063 0.57862532
0.88796875 0.57863211
0.88804688 0.57863910
0.88812500 0.57864589
0.88820312 0.57865288
0.88828125 0.57865966
0.88835938 0.57866665
0.88843750 0.57867344
0.88851563 0.57868043
0.88859375 0.57868722
0.88867188 0.57869421
0.88875000 0.57870099
0.88882812 0.57870798
0.88890625 0.57871477
0.88898438 0.57872176
0.88906250 0.57872854
0.88914063 0.57873554
0.88921875 0.57874232
0.88929687 0.57874931
0.88937500 0.57875610
0.88945313 0.57876309
0.88953125 0.57876987
0.88960938 0.57877687
0.88968750 0.57878365
0.88976563 0.57879064
0.88984375 0.57879742
0.88992187 0.57880442
0.89000000 0.57881120
0.89007813 0.57881820
0.89015625 0.57882497
0.89023438 0.57883197
0.89031250 0.57883875
0.89039062 0.57884575
0.89046875 0.57885253
0.89054688 0.57885952
0.89062500 0.57886630
0.89070313 0.57887330
0.89078125 0.57888008
0.89085938 0.57888708
0.89093750 0.57889385
0.89101562 0.57890085
0.89109375 0.57890763
0.89117188 0.57891463
0.89125000 0.57892140
0.89132813 0.57892840
0.89140625 0.57893518
0.89148437 0.57894218
0.89156250 0.57894895
0.89164062 0.57895596
0.89171875 0.57896273
0.89179688 0.57896973
0.89187500 0.57897650
0.89195313 0.57898351
0.89203125 0.57899028
0.89210937 0.57899728
0.89218750 0.57900405
0.89226563 0.57901106
0.89234375 0.57901783
0.89242188 0.57902484
0.89250000 0.57903160
0.89257812 0.57903861
0.89265625 0.57904538
0.89273437 0.57905239
0.89281250 0.57905915
0.89289063 0.57906616
0.89296875 0.57907293
0.89304688 0.57907994
0.89312500 0.57908670
0.89320312 0.57909372
0.89328125 0.57910048
0.89335938 0.57910749
0.89343750 0.57911425
0.89351563 0.57912127
0.89359375 0.57912803
0.89367188 0.57913504
0.89375000 0.57914180
0.89382812 0.57914882
0.89390625 0.57915558
0.89398438 0.57916259
0.89406250 0.57916935
0.89414063 0.57917637
0.89421875 0.57918313
0.89429687 0.57919015
0.89437500 0.57919690
0.89445313 0.57920392
0.89453125 0.57921068
0.89460938 0.57921770
0.89468750 0.57922445
0.89476563 0.57923147
0.89484375 0.57923823
0.89492187 0.57924525
0.89500000 0.57925200
0.89507813 0.57925902
0.89515625 0.57926578
0.89523438 0.57927280
0.89531250 0.57927955
0.89539062 0.57928657
0.89546875 0.57929333
0.89554687 0.57930035
0.89562500 0.57930710
0.89570313 0.57931412
0.89578125 0.57932087
0.89585938 0.57932790
0.89593750 0.57933465
0.89601562 0.57934167
0.89609375 0.57934842
0.89617188 0.57935545
0.89625000 0.57936220
0.89632813 0.57936922
0.89640625 0.57937597
0.89648438 0.57938300
0.89656250 0.57938975
0.89664062 0.57939678
0.89671875 0.57940352
0.89679688 0.57941055
0.89687500 0.57941729
0.89695313 0.57942433
0.89703125 0.57943107
0.89710937 0.57943810
0.89718750 0.57944484
0.89726563 0.57945188
0.89734375 0.57945862
0.89742188 0.57946565
0.89750000 0.57947239
0.89757813 0.57947943
0.89765625 0.57948617
0.89773437 0.57949320
0.89781250 0.57949994
0.89789063 0.57950697
0.89796875 0.57951371
0.89804688 0.57952075
0.89812500 0.57952749
0.89820312 0.57953452
0.89828125 0.57954126
0.89835938 0.57954830
0.89843750 0.57955503
0.89851563 0.57956207
0.89859375 0.57956881
0.89867188 0.57957585
0.89875000 0.57958258
0.89882812 0.57958962
0.89890625 0.57959636
0.89898438 0.57960340
0.89906250 0.57961013
0.89914063 0.57961717
0.89921875 0.57962390
0.89929687 0.57963095
0.89937500 0.57963768
0.89945312 0.57964472
0.89953125 0.57965145
0.89960938 0.57965850
0.89968750 0.57966522
0.89976563 0.57967227
0.89984375 0.57967900
0.89992187 0.57968605
0.90000000 0.57969277
0.90007813 0.57969982
0.90015625 0.57970655
0.90023438 0.57971359
0.90031250 0.57972032
0.90039062 0.57972737
0.90046875 0.57973409
0.90054687 0.57974114
0.90062500 0.57974787
0.90070313 0.57975492
0.90078125 0.57976164
0.90085938 0.57976869
0.90093750 0.57977541
0.90101562 0.57978247
0.90109375 0.57978919
0.90117188 0.57979624
0.90125000 0.57980296
0.90132813 0.57981001
0.90140625 0.57981673
0.90148438 0.57982379
0.90156250 0.57983050
0.90164062 0.57983756
0.90171875 0.57984428
0.90179688 0.57985134
0.90187500 0.57985805
0.90195313 0.57986511
0.90203125 0.57987182
0.90210937 0.57987888
0.90218750 0.57988560
0.90226563 0.57989266
0.90234375 0.57989937
0.90242188 0.57990643
0.90250000 0.57991314
0.90257813 0.57992021
0.90265625 0.57992692
0.90273437 0.57993398
0.90281250 0.57994069
0.90289063 0.57994775
0.90296875 0.57995446
0.90304688 0.57996153
0.90312500 0.57996823
0.90320312 0.57997530
0.90328125 0.57998201
0.90335937 0.57998908
0.90343750 0.57999578
0.90351563 0.58000285
0.90359375 0.58000955
0.90367188 0.58001662
0.90375000 0.58002333
0.90382812 0.58003040
0.90390625 0.58003710
0.90398438 0.58004417
0.90406250 0.58005087
0.90414063 0.58005794
0.90421875 0.58006464
0.90429688 0.58007172
0.90437500 0.58007842
0.90445312 0.58008549
0.90453125 0.58009219
0.90460938 0.58009927
0.90468750 0.58010596
0.90476563 0.58011304
0.90484375 0.58011973
0.90492187 0.58012681
0.90500000 0.58013351
0.90507813 0.58014059
0.90515625 0.58014728
0.90523438 0.58015436
0.90531250 0.58016105
0.90539063 0.58016813
0.90546875 0.58017482
0.90554687 0.58018191
0.90562500 0.58018860
0.90570313 0.58019568
0.90578125 0.58020237
0.90585938 0.58020945
0.90593750 0.58021614
0.90601562 0.58022323
0.90609375 0.58022991
0.90617188 0.58023700
0.90625000 0.58024368
0.90632813 0.58025077
0.90640625 0.58025746
0.90648438 0.58026455
0.90656250 0.58027123
0.90664062 0.58027832
0.90671875 0.58028500
0.90679688 0.58029209
0.90687500 0.58029877
0.90695313 0.58030587
0.90703125 0.58031254
0.90710937 0.58031964
0.90718750 0.58032632
0.90726562 0.58033341
0.90734375 0.58034009
0.90742188 0.58034718
0.90750000 0.58035386
0.90757813 0.58036096
0.90765625 0.58036763
0.90773437 0.58037473
0.90781250 0.58038140
0.90789063 0.58038850
0.90796875 0.58039518
0.90804688 0.58040228
0.90812500 0.58040895
0.90820312 0.58041605
0.90828125 0.58042272
0.90835937 0.58042982
0.90843750 0.58043649
0.90851563 0.58044359
0.90859375 0.58045026
0.90867188 0.58045737
0.90875000 0.58046403
0.90882812 0.58047114
0.90890625 0.58047781
0.90898438 0.58048491
0.90906250 0.58049158
0.90914063 0.58049869
0.90921875 0.58050535
0.90929688 0.58051246
0.90937500 0.58051912
0.90945312 0.58052623
0.90953125 0.58053289
0.90960938 0.58054000
0.90968750 0.58054666
0.90976563 0.58055378
0.90984375 0.58056043
0.90992187 0.58056755
0.91000000 0.58057421
0.91007813 0.58058132
0.91015625 0.58058798
0.91023438 0.58059509
0.91031250 0.58060175
0.91039063 0.58060887
0.91046875 0.58061552
0.91054687 0.58062264
0.91062500 0.58062929
0.91070313 0.58063641
0.91078125 0.58064306
0.91085938 0.58065018
0.91093750 0.58065683
0.91101562 0.58066396
0.91109375 0.58067060
0.91117187 0.58067773
0.91125000 0.58068438
0.91132813 0.58069150
0.91140625 0.58069815
0.91148438 0.58070527
0.91156250 0.58071192
0.91164062 0.58071904
0.91171875 0.58072569
0.91179688 0.58073282
0.91187500 0.58073946
0.91195313 0.58074659
0.91203125 0.58075323
0.91210938 0.58076036
0.91218750 0.58076700
0.91226562 0.58077413
0.91234375 0.58078077
0.91242188 0.58078790
0.91250000 0.58079454
0.91257813 0.58080168
0.91265625 0.58080831
0.91273437 0.58081545
0.91281250 0.58082208
0.91289063 0.58082922
0.91296875 0.58083586
0.91304688 0.58084299
0.91312500 0.58084963
0.91320313 0.58085676
0.91328125 0.58086340
0.91335937 0.58087054
0.91343750 0.58087717
0.91351563 0.58088431
0.91359375 0.58089094
0.91367188 0.58089808
0.91375000 0.58090471
0.91382812 0.58091185
0.91390625 0.58091848
0.91398438 0.58092562
0.91406250 0.58093225
0.91414063 0.58093940
0.91421875 0.58094602
0.91429688 0.58095317
0.91437500 0.58095979
0.91445312 0.58096694
0.91453125 0.58097356
0.91460938 0.58098071
0.91468750 0.58098733
0.91476563 0.58099448
0.91484375 0.58100110
0.91492187 0.58100825
0.91500000 0.58101487
0.91507812 0.58102202
0.91515625 0.58102864
0.91523438 0.58103580
0.91531250 0.58104241
0.91539063 0.58104957
0.91546875 0.58105618
0.91554687 0.58106334
0.91562500 0.58106995
0.91570313 0.58107711
0.91578125 0.58108372
0.91585938 0.58109088
0.91593750 0.58109749
0.91601562 0.58110465
0.91609375 0.58111126
0.91617187 0.58111842
0.91625000 0.58112503
0.91632813 0.58113220
0.91640625 0.58113880
0.91648438 0.58114597
0.91656250 0.58115257
0.91664062 0.58115974
0.91671875 0.58116634
0.91679688 0.58117351
0.91687500 0.58118011
0.91695313 0.58118728
0.91703125 0.58119388
0.91710938 0.58120105
0.91718750 0.58120765
0.91726562 0.58121482
0.91734375 0.58122142
0.91742188 0.58122859
0.91750000 0.58123519
0.91757813 0.58124236
0.91765625 0.58124896
0.91773437 0.58125614
0.91781250 0.58126273
0.91789063 0.58126991
0.91796875 0.58127650
0.91804688 0.58128368
0.91812500 0.58129027
0.91820313 0.58129745
0.91828125 0.58130404
0.91835937 0.58131122
0.91843750 0.58131781
0.91851563 0.58132499
0.91859375 0.58133158
0.91867188 0.58133876
0.91875000 0.58134535
0.91882812 0.58135253
0.91890625 0.58135912
0.91898437 0.58136630
0.91906250 0.58137289
0.91914063 0.58138007
0.91921875 0.58138665
0.91929688 0.58139384
0.91937500 0.58140042
0.91945312 0.58140761
0.91953125 0.58141419
0.91960938 0.58142139
0.91968750 0.58142796
0.91976563 0.58143516
0.91984375 0.58144173
0.91992188 0.58144893
0.92000000 0.58145550
0.92007812 0.58146270
0.92015625 0.58146927
0.92023438 0.58147647
0.92031250 0.58148304
0.92039063 0.58149024
0.92046875 0.58149681
0.92054687 0.58150401
0.92062500 0.58151058
0.92070313 0.58151778
0.92078125 0.58152435
0.92085938 0.58153155
0.92093750 0.58153811
0.92101563 0.58154532
0.92109375 0.58155188
0.92117187 0.58155909
0.92125000 0.58156565
0.92132813 0.58157286
0.92140625 0.58157942
0.92148438 0.58158663
0.92156250 0.58159319
0.92164062 0.58160040
0.92171875 0.58160696
0.92179688 0.58161417
0.92187500 0.58162073
0.92195313 0.58162794
0.92203125 0.58163450
0.92210938 0.58164171
0.92218750 0.58164827
0.92226562 0.58165548
0.92234375 0.58166203
0.92242188 0.58166925
0.92250000 0.58167580
0.92257813 0.58168302
0.92265625 0.58168957
0.92273437 0.58169679
0.92281250 0.58170334
0.92289062 0.58171056
0.92296875 0.58171711
0.92304688 0.58172433
0.92312500 0.58173088
0.92320313 0.58173810
0.92328125 0.58174464
0.92335937 0.58175187
0.92343750 0.58175841
0.92351563 0.58176564
0.92359375 0.58177218
0.92367188 0.58177941
0.92375000 0.58178595
0.92382812 0.58179318
0.92390625 0.58179972
0.92398437 0.58180695
0.92406250 0.58181349
0.92414063 0.58182072
0.92421875 0.58182725
0.92429688 0.58183449
0.92437500 0.58184102
0.92445312 0.58184826
0.92453125 0.58185479
0.92460938 0.58186203
0.92468750 0.58186856
0.92476563 0.58187580
0.92484375 0.58188233
0.92492188 0.58188957
0.92500000 0.58189610
0.92507812 0.58190334
0.92515625 0.58190986
0.92523438 0.58191711
0.92531250 0.58192363
0.92539063 0.58193088
0.92546875 0.58193740
0.92554687 0.58194464
0.92562500 0.58195117
0.92570313 0.58195841
0.92578125 0.58196494
0.92585938 0.58197218
0.92593750 0.58197870
0.92601563 0.58198595
0.92609375 0.58199247
0.92617187 0.58199972
0.92625000 0.58200624
0.92632813 0.58201349
0.92640625 0.58202001
0.92648438 0.58202726
0.92656250 0.58203377
0.92664062 0.58204103
0.92671875 0.58204754
0.92679687 0.58205480
0.92687500 0.58206131
0.92695313 0.58206857
0.92703125 0.58207508
0.92710938 0.58208234
0.92718750 0.58208884
0.92726562 0.58209611
0.92734375 0.58210261
0.92742188 0.58210988
0.92750000 0.58211638
0.92757813 0.58212364
0.92765625 0.58213015
0.92773438 0.58213741
0.92781250 0.58214391
0.92789062 0.58215118
0.92796875 0.58215768
0.92804688 0.58216495
0.92812500 0.58217145
0.92820313 0.58217872
0.92828125 0.58218522
0.92835937 0.58219249
0.92843750 0.58219898
0.92851563 0.58220626
0.92859375 0.58221275
0.92867188 0.58222003
0.92875000 0.58222652
0.92882813 0.58223379
0.92890625 0.58224029
0.92898437 0.58224756
0.92906250 0.58225405
0.92914063 0.58226133
0.92921875 0.58226782
0.92929688 0.58227510
0.92937500 0.58228159
0.92945312 0.58228887
0.92953125 0.58229535
0.92960938 0.58230264
0.92968750 0.58230912
0.92976563 0.58231641
0.92984375 0.58232289
0.92992188 0.58233018
0.93000000 0.58233665
0.93007812 0.58234394
0.93015625 0.58235042
0.93023438 0.58235771
0.93031250 0.58236419
0.93039063 0.58237148
0.93046875 0.58237796
0.93054687 0.58238525
0.93062500 0.58239172
0.93070312 0.58239902
0.93078125 0.58240549
0.93085938 0.58241279
0.93093750 0.58241926
0.93101563 0.58242655
0.93109375 0.58243302
0.93117187 0.58244032
0.93125000 0.58244679
0.93132813 0.58245409
0.93140625 0.58246056
0.93148438 0.58246786
0.93156250 0.58247432
0.93164062 0.58248163
0.93171875 0.58248809
0.93179687 0.58249539
0.93187500 0.58250186
0.93195313 0.58250916
0.93203125 0.58251562
0.93210938 0.58252293
0.93218750 0.58252939
0.93226562 0.58253670
0.93234375 0.58254316
0.93242188 0.58255047
0.93250000 0.58255692
0.93257813 0.58256423
0.93265625 0.58257069
0.93273438 0.58257800
0.93281250 0.58258445
0.93289062 0.58259177
0.93296875 0.58259822
0.93304688 0.58260554
0.93312500 0.58261199
0.93320313 0.58261931
0.93328125 0.58262575
0.93335937 0.58263307
0.93343750 0.58263952
0.93351563 0.58264684
0.93359375 0.58265329
0.93367188 0.58266061
0.93375000 0.58266705
0.93382813 0.58267438
0.93390625 0.58268082
0.93398437 0.58268814
0.93406250 0.58269458
0.93414063 0.58270191
0.93421875 0.58270835
0.93429688 0.58271568
0.93437500 0.58272212
0.93445312 0.58272945
0.93453125 0.58273588
0.93460937 0.58274321
0.93468750 0.58274965
0.93476563 0.58275698
0.93484375 0.58276341
0.93492188 0.58277075
0.93500000 0.58277718
0.93507812 0.58278452
0.93515625 0.58279095
0.93523438 0.58279828
0.93531250 0.58280471
0.93539063 0.58281205
0.93546875 0.58281848
0.93554688 0.58282582
0.93562500 0.58283224
0.93570312 0.58283959
0.93578125 0.58284601
0.93585938 0.58285335
0.93593750 0.58285977
0.93601563 0.58286712
0.93609375 0.58287354
0.93617187 0.58288089
0.93625000 0.58288731
0.93632813 0.58289466
0.93640625 0.58290107
0.93648438 0.58290842
0.93656250 0.58291484
0.93664063 0.58292219
0.93671875 0.58292860
0.93679687 0.58293596
0.93687500 0.58294237
0.93695313 0.58294972
0.93703125 0.58295613
0.93710938 0.58296349
0.93718750 0.58296990
0.93726562 0.58297726
0.93734375 0.58298366
0.93742188 0.58299102
0.93750000 0.58299743
0.93757813 0.58300479
0.93765625 0.58301119
0.93773438 0.58301856
0.93781250 0.58302496
0.93789062 0.58303232
0.93796875 0.58303872
0.93804688 0.58304609
0.93812500 0.58305249
0.93820313 0.58305986
0.93828125 0.58306625
0.93835937 0.58307363
0.93843750 0.58308002
0.93851562 0.58308739
0.93859375 0.58309379
0.93867188 0.58310116
0.93875000 0.58310755
0.93882813 0.58311492
0.93890625 0.58312132
0.93898437 0.58312869
0.93906250 0.58313508
0.93914063 0.58314246
0.93921875 0.58314885
0.93929688 0.58315622
0.93937500 0.58316261
0.93945312 0.58316999
0.93953125 0.58317637
0.93960937 0.58318376
0.93968750 0.58319014
0.93976563 0.58319752
0.93984375 0.58320390
0.93992188 0.58321129
0.94000000 0.58321767
0.94007812 0.58322506
0.94015625 0.58323143
0.94023438 0.58323882
0.94031250 0.58324520
0.94039063 0.58325259
0.94046875 0.58325896
0.94054688 0.58326636
0.94062500 0.58327273
0.94070312 0.58328012
0.94078125 0.58328649
0.94085938 0.58329389
0.94093750 0.58330026
0.94101563 0.58330765
0.94109375 0.58331402
0.94117187 0.58332142
0.94125000 0.58332779
0.94132813 0.58333519
0.94140625 0.58334155
0.94148438 0.58334895
0.94156250 0.58335532
0.94164063 0.58336272
0.94171875 0.58336908
0.94179687 0.58337648
0.94187500 0.58338284
0.94195313 0.58339025
0.94203125 0.58339661
0.94210938 0.58340402
0.94218750 0.58341037
0.94226562 0.58341778
0.94234375 0.58342414
0.94242187 0.58343155
0.94250000 0.58343790
0.94257813 0.58344531
0.94265625 0.58345167
0.94273438 0.58345908
0.94281250 0.58346543
0.94289062 0.58347284
0.94296875 0.58347919
0.94304688 0.58348661
0.94312500 0.58349296
0.94320313 0.58350038
0.94328125 0.58350672
0.94335938 0.58351414
0.94343750 0.58352049
0.94351562 0.58352791
0.94359375 0.58353425
0.94367188 0.58354167
0.94375000 0.58354801
0.94382813 0.58355544
0.94390625 0.58356178
0.94398437 0.58356920
0.94406250 0.58357554
0.94414063 0.58358297
0.94421875 0.58358931
0.94429688 0.58359673
0.94437500 0.58360307
0.94445313 0.58361050
0.94453125 0.58361683
0.94460937 0.58362427
0.94468750 0.58363060
0.94476563 0.58363803
0.94484375 0.58364436
0.94492188 0.58365180
0.94500000 0.58365813
0.94507812 0.58366556
0.94515625 0.58367189
0.94523438 0.58367933
0.94531250 0.58368565
0.94539063 0.58369309
0.94546875 0.58369942
0.94554688 0.58370686
0.94562500 0.58371318
0.94570312 0.58372062
0.94578125 0.58372694
0.94585938 0.58373439
0.94593750 0.58374071
0.94601563 0.58374815
0.94609375 0.58375447
0.94617187 0.58376192
0.94625000 0.58376823
0.94632812 0.58377568
0.94640625 0.58378200
0.94648438 0.58378945
0.94656250 0.58379576
0.94664063 0.58380321
0.94671875 0.58380952
0.94679687 0.58381698
0.94687500 0.58382329
0.94695313 0.58383074
0.94703125 0.58383705
0.94710938 0.58384451
0.94718750 0.58385081
0.94726562 0.58385827
0.94734375 0.58386458
0.94742187 0.58387204
0.94750000 0.58387834
0.94757813 0.58388580
0.94765625 0.58389210
0.94773438 0.58389956
0.94781250 0.58390587
0.94789062 0.58391333
0.94796875 0.58391963
0.94804688 0.58392709
0.94812500 0.58393339
0.94820313 0.58394086
0.94828125 0.58394716
0.94835938 0.58395462
0.94843750 0.58396092
0.94851562 0.58396839
0.94859375 0.58397468
0.94867188 0.58398215
0.94875000 0.58398844
0.94882813 0.58399592
0.94890625 0.58400221
0.94898437 0.58400968
0.94906250 0.58401597
0.94914063 0.58402344
0.94921875 0.58402973
0.94929688 0.58403721
0.94937500 0.58404350
0.94945313 0.58405097
0.94953125 0.58405726
0.94960937 0.58406474
0.94968750 0.58407102
0.94976563 0.58407850
0.94984375 0.58408478
0.94992188 0.58409227
0.95000000 0.58409855
0.95007812 0.58410603
0.95015625 0.58411231
0.95023437 0.58411979
0.95031250 0.58412607
0.95039063 0.58413356
0.95046875 0.58413983
0.95054688 0.58414732
0.95062500 0.58415360
0.95070312 0.58416109
0.95078125 0.58416736
0.95085938 0.58417485
0.95093750 0.58418112
0.95101563 0.58418861
0.95109375 0.58419488
0.95117188 0.58420238
0.95125000 0.58420865
0.95132812 0.58421614
0.95140625 0.58422241
0.95148438 0.58422990
0.95156250 0.58423617
0.95164063 0.58424367
0.95171875 0.58424993
0.95179687 0.58425743
0.95187500 0.58426370
0.95195313 0.58427120
0.95203125 0.58427746
0.95210938 0.58428496
0.95218750 0.58429122
0.95226563 0.58429872
0.95234375 0.58430498
0.95242187 0.58431249
0.95250000 0.58431875
0.95257813 0.58432625
0.95265625 0.58433251
0.95273438 0.58434001
0.95281250 0.58434627
0.95289062 0.58435378
0.95296875 0.58436003
0.95304688 0.58436754
0.95312500 0.58437379
0.95320313 0.58438130
0.95328125 0.58438756
0.95335938 0.58439507
0.95343750 0.58440132
0.95351562 0.58440883
0.95359375 0.58441508
0.95367188 0.58442259
0.95375000 0.58442884
0.95382813 0.58443636
0.95390625 0.58444260
0.95398437 0.58445012
0.95406250 0.58445636
0.95414062 0.58446388
0.95421875 0.58447013
0.95429688 0.58447765
0.95437500 0.58448389
0.95445313 0.58449141
0.95453125 0.58449765
0.95460937 0.58450517
0.95468750 0.58451141
0.95476563 0.58451894
0.95484375 0.58452517
0.95492188 0.58453270
0.95500000 0.58453893
0.95507812 0.58454646
0.95515625 0.58455270
0.95523437 0.58456022
0.95531250 0.58456646
0.95539063 0.58457399
0.95546875 0.58458022
0.95554688 0.58458775
0.95562500 0.58459398
0.95570312 0.58460151
0.95578125 0.58460774
0.95585938 0.58461528
0.95593750 0.58462150
0.95601563 0.58462904
0.95609375 0.58463527
0.95617188 0.58464280
0.95625000 0.58464903
0.95632812 0.58465656
0.95640625 0.58466279
0.95648438 0.58467033
0.95656250 0.58467655
0.95664063 0.58468409
0.95671875 0.58469031
0.95679687 0.58469785
0.95687500 0.58470407
0.95695313 0.58471161
0.95703125 0.58471783
0.95710938 0.58472538
0.95718750 0.58473159
0.95726563 0.58473914
0.95734375 0.58474536
0.95742187 0.58475290
0.95750000 0.58475912
0.95757813 0.58476666
0.95765625 0.58477288
0.95773438 0.58478043
0.95781250 0.58478664
0.95789062 0.58479419
0.95796875 0.58480040
0.95804687 0.58480795
0.95812500 0.58481416
0.95820313 0.58482171
0.95828125 0.58482792
0.95835938 0.58483547
0.95843750 0.58484168
0.95851562 0.58484924
0.95859375 0.58485544
0.95867188 0.58486300
0.95875000 0.58486920
0.95882813 0.58487676
0.95890625 0.58488296
0.95898438 0.58489052
0.95906250 0.58489673
0.95914062 0.58490429
0.95921875 0.58491049
0.95929688 0.58491805
0.95937500 0.58492425
0.95945313 0.58493181
0.95953125 0.58493801
0.95960937 0.58494557
0.95968750 0.58495177
0.95976563 0.58495933
0.95984375 0.58496553
0.95992188 0.58497309
0.96000000 0.58497929
0.96007813 0.58498686
0.96015625 0.58499305
0.96023437 0.58500062
0.96031250 0.58500681
0.96039063 0.58501438
0.96046875 0.58502057
0.96054688 0.58502814
0.96062500 0.58503433
0.96070312 0.58504190
0.96078125 0.58504809
0.96085938 0.58505566
0.96093750 0.58506185
0.96101563 0.58506943
0.96109375 0.58507561
0.96117188 0.58508319
0.96125000 0.58508937
0.96132812 0.58509695
0.96140625 0.58510313
0.96148438 0.58511071
0.96156250 0.58511689
0.96164063 0.58512447
0.96171875 0.58513065
0.96179687 0.58513823
0.96187500 0.58514441
0.96195313 0.58515199
0.96203125 0.58515817
0.96210938 0.58516576
0.96218750 0.58517193
0.96226563 0.58517952
0.96234375 0.58518569
0.96242187 0.58519328
0.96250000 0.58519945
0.96257813 0.58520704
0.96265625 0.58521321
0.96273438 0.58522080
0.96281250 0.58522697
0.96289062 0.58523456
0.96296875 0.58524073
0.96304687 0.58524832
0.96312500 0.58525449
0.96320313 0.58526208
0.96328125 0.58526825
0.96335938 0.58527584
0.96343750 0.58528201
0.96351562 0.58528961
0.96359375 0.58529577
0.96367188 0.58530337
0.96375000 0.58530953
0.96382813 0.58531713
0.96390625 0.58532329
0.96398438 0.58533089
0.96406250 0.58533705
0.96414062 0.58534465
0.96421875 0.58535081
0.96429688 0.58535841
0.96437500 0.58536457
0.96445313 0.58537217
0.96453125 0.58537833
0.96460937 0.58538593
0.96468750 0.58539209
0.96476563 0.58539969
0.96484375 0.58540585
0.96492188 0.58541345
0.96500000 0.58541961
0.96507813 0.58542721
0.96515625 0.58543337
0.96523437 0.58544097
0.96531250 0.58544713
0.96539063 0.58545473
0.96546875 0.58546089
0.96554688 0.58546849
0.96562500 0.58547465
0.96570312 0.58548225
0.96578125 0.58548841
0.96585938 0.58549601
0.96593750 0.58550217
0.96601563 0.58550977
0.96609375 0.58551593
0.96617188 0.58552354
0.96625000 0.58552969
0.96632812 0.58553730
0.96640625 0.58554345
0.96648438 0.58555106
0.96656250 0.58555721
0.96664063 0.58556482
0.96671875 0.58557096
0.96679688 0.58557858
0.96687500 0.58558472
0.96695312 0.58559234
0.96703125 0.58559848
0.96710938 0.58560610
0.96718750 0.58561224
0.96726563 0.58561986
0.96734375 0.58562600
0.96742187 0.58563362
0.96750000 0.58563976
0.96757813 0.58564738
0.96765625 0.58565352
0.96773438 0.58566114
0.96781250 0.58566728
0.96789063 0.58567490
0.96796875 0.58568104
0.96804687 0.58568866
0.96812500 0.58569480
0.96820313 0.58570242
0.96828125 0.58570856
0.96835938 0.58571617
0.96843750 0.58572231
0.96851562 0.58572993
0.96859375 0.58573607
0.96867188 0.58574369
0.96875000 0.58574983
0.96882813 0.58575745
0.96890625 0.58576359
0.96898438 0.58577121
0.96906250 0.58577735
0.96914062 0.58578497
0.96921875 0.58579111
0.96929688 0.58579873
0.96937500 0.58580487
0.96945313 0.58581249
0.96953125 0.58581863
0.96960937 0.58582625
0.96968750 0.58583238
0.96976563 0.58584001
0.96984375 0.58584614
0.96992188 0.58585377
0.97000000 0.58585990
0.97007813 0.58586753
0.97015625 0.58587366
0.97023437 0.58588129
0.97031250 0.58588742
0.97039063 0.58589505
0.97046875 0.58590118
0.97054688 0.58590881
0.97062500 0.58591493
0.97070312 0.58592257
0.97078125 0.58592869
0.97085937 0.58593633
0.97093750 0.58594245
0.97101563 0.58595008
0.97109375 0.58595621
0.97117188 0.58596384
0.97125000 0.58596997
0.97132812 0.58597760
0.97140625 0.58598373
0.97148438 0.58599136
0.97156250 0.58599748
0.97164063 0.58600512
0.97171875 0.58601124
0.97179688 0.58601888
0.97187500 0.58602500
0.97195312 0.58603264
0.97203125 0.58603876
0.97210938 0.58604640
0.97218750 0.58605252
0.97226563 0.58606016
0.97234375 0.58606628
0.97242187 0.58607391
0.97250000 0.58608003
0.97257813 0.58608767
0.97265625 0.58609379
0.97273438 0.58610143
0.97281250 0.58610755
0.97289063 0.58611519
0.97296875 0.58612131
0.97304687 0.58612895
0.97312500 0.58613507
0.97320313 0.58614271
0.97328125 0.58614882
0.97335938 0.58615647
0.97343750 0.58616258
0.97351562 0.58617022
0.97359375 0.58617634
0.97367188 0.58618398
0.97375000 0.58619010
0.97382813 0.58619774
0.97390625 0.58620385
0.97398438 0.58621150
0.97406250 0.58621761
0.97414062 0.58622526
0.97421875 0.58623137
0.97429688 0.58623902
0.97437500 0.58624513
0.97445313 0.58625277
0.97453125 0.58625889
0.97460938 0.58626653
0.97468750 0.58627264
0.97476562 0.58628029
0.97484375 0.58628640
0.97492188 0.58629405
0.97500000 0.58630016
0.97507813 0.58630781
0.97515625 0.58631392
0.97523437 0.58632156
0.97531250 0.58632767
0.97539063 0.58633532
0.97546875 0.58634143
0.97554688 0.58634908
0.97562500 0.58635519
0.97570313 0.58636284
0.97578125 0.58636895
0.97585937 0.58637660
0.97593750 0.58638270
0.97601563 0.58639035
0.97609375 0.58639646
0.97617188 0.58640411
0.97625000 0.58641022
0.97632812 0.58641787
0.97640625 0.58642397
0.97648438 0.58643163
0.97656250 0.58643773
0.97664063 0.58644538
0.97671875 0.58645149
0.97679688 0.58645914
0.97687500 0.58646525
0.97695312 0.58647290
0.97703125 0.58647900
0.97710938 0.58648666
0.97718750 0.58649276
0.97726563 0.58650042
0.97734375 0.58650652
0.97742187 0.58651417
0.97750000 0.58652027
0.97757813 0.58652793
0.97765625 0.58653403
0.97773438 0.58654169
0.97781250 0.58654779
0.97789063 0.58655544
0.97796875 0.58656155
0.97804687 0.58656920
0.97812500 0.58657530
0.97820313 0.58658296
0.97828125 0.58658906
0.97835938 0.58659672
0.97843750 0.58660282
0.97851562 0.58661047
0.97859375 0.58661657
0.97867187 0.58662423
0.97875000 0.58663033
0.97882813 0.58663799
0.97890625 0.58664409
0.97898438 0.58665174
0.97906250 0.58665784
0.97914062 0.58666550
0.97921875 0.58667160
0.97929688 0.58667926
0.97937500 0.58668536
0.97945313 0.58669302
0.97953125 0.58669911
0.97960938 0.58670677
0.97968750 0.58671287
0.97976562 0.58672053
0.97984375 0.58672663
0.97992188 0.58673429
0.98000000 0.58674038
0.98007813 0.58674804
0.98015625 0.58675414
0.98023437 0.58676180
0.98031250 0.58676790
0.98039063 0.58677556
0.98046875 0.58678165
0.98054688 0.58678931
0.98062500 0.58679541
0.98070313 0.58680307
0.98078125 0.58680916
0.98085937 0.58681683
0.98093750 0.58682292
0.98101563 0.58683058
0.98109375 0.58683668
0.98117188 0.58684434
0.98125000 0.58685043
0.98132812 0.58685810
0.98140625 0.58686419
0.98148438 0.58687185
0.98156250 0.58687795
0.98164063 0.58688561
0.98171875 0.58689170
0.98179688 0.58689937
0.98187500 0.58690546
0.98195312 0.58691312
0.98203125 0.58691921
0.98210938 0.58692688
0.98218750 0.58693297
0.98226563 0.58694063
0.98234375 0.58694673
0.98242188 0.58695439
0.98250000 0.58696048
0.98257812 0.58696815
0.98265625 0.58697424
0.98273438 0.58698190
0.98281250 0.58698799
0.98289063 0.58699566
0.98296875 0.58700175
0.98304687 0.58700941
0.98312500 0.58701551
0.98320313 0.58702317
0.98328125 0.58702926
0.98335938 0.58703693
0.98343750 0.58704302
0.98351563 0.58705068
0.98359375 0.58705677
0.98367187 0.58706444
0.98375000 0.58707053
0.98382813 0.58707819
0.98390625 0.58708429
0.98398438 0.58709195
0.98406250 0.58709804
0.98414062 0.58710571
0.98421875 0.58711180
0.98429688 0.58711946
0.98437500 0.58712555
0.98445313 0.58713322
0.98453125 0.58713931
0.98460938 0.58714697
0.98468750 0.58715306
0.98476562 0.58716073
0.98484375 0.58716682
0.98492188 0.58717448
0.98500000 0.58718057
0.98507813 0.58718824
0.98515625 0.58719433
0.98523437 0.58720199
0.98531250 0.58720809
0.98539063 0.58721575
0.98546875 0.58722184
0.98554688 0.58722951
0.98562500 0.58723560
0.98570313 0.58724326
0.98578125 0.58724935
0.98585937 0.58725702
0.98593750 0.58726311
0.98601563 0.58727077
0.98609375 0.58727686
0.98617188 0.58728453
0.98625000 0.58729062
0.98632812 0.58729828
0.98640625 0.58730437
0.98648437 0.58731204
0.98656250 0.58731813
0.98664063 0.58732579
0.98671875 0.58733188
0.98679688 0.58733955
0.98687500 0.58734564
0.98695312 0.58735330
0.98703125 0.58735939
0.98710938 0.58736706
0.98718750 0.58737315
0.98726563 0.58738081
0.98734375 0.58738690
0.98742188 0.58739457
0.98750000 0.58740066
0.98757812 0.58740832
0.98765625 0.58741441
0.98773438 0.58742208
0.98781250 0.58742817
0.98789063 0.58743583
0.98796875 0.58744192
0.98804687 0.58744959
0.98812500 0.58745568
0.98820313 0.58746334
0.98828125 0.58746943
0.98835938 0.58747710
0.98843750 0.58748319
0.98851563 0.58749085
0.98859375 0.58749694
0.98867187 0.58750460
0.98875000 0.58751070
0.98882813 0.58751836
0.98890625 0.58752445
0.98898438 0.58753211
0.98906250 0.58753821
0.98914062 0.58754587
0.98921875 0.58755196
0.98929688 0.58755962
0.98937500 0.58756572
0.98945313 0.58757338
0.98953125 0.58757947
0.98960938 0.58758713
0.98968750 0.58759323
0.98976562 0.58760089
0.98984375 0.58760698
0.98992188 0.58761464
0.99000000 0.58762073
0.99007813 0.58762839
0.99015625 0.58763449
0.99023438 0.58764215
0.99031250 0.58764824
0.99039062 0.58765590
0.99046875 0.58766200
0.99054688 0.58766966
0.99062500 0.58767575
0.99070313 0.58768341
0.99078125 0.58768951
0.99085937 0.58769716
0.99093750 0.58770326
0.99101563 0.58771092
0.99109375 0.58771701
0.99117188 0.58772467
0.99125000 0.58773077
0.99132813 0.58773843
0.99140625 0.58774452
0.99148437 0.58775218
0.99156250 0.58775828
0.99164063 0.58776593
0.99171875 0.58777203
0.99179688 0.58777969
0.99187500 0.58778579
0.99195312 0.58779344
0.99203125 0.58779954
0.99210938 0.58780719
0.99218750 0.58781329
0.99226563 0.58782095
0.99234375 0.58782705
0.99242188 0.58783470
0.99250000 0.58784080
0.99257812 0.58784846
0.99265625 0.58785456
0.99273438 0.58786221
0.99281250 0.58786831
0.99289063 0.58787596
0.99296875 0.58788206
0.99304687 0.58788972
0.99312500 0.58789582
0.99320313 0.58790347
0.99328125 0.58790957
0.99335938 0.58791722
0.99343750 0.58792332
0.99351563 0.58793098
0.99359375 0.58793708
0.99367187 0.58794473
0.99375000 0.58795083
0.99382813 0.58795848
0.99390625 0.58796459
0.99398438 0.58797224
0.99406250 0.58797834
0.99414062 0.58798599
0.99421875 0.58799209
0.99429687 0.58799974
0.99437500 0.58800585
0.99445313 0.58801350
0.99453125 0.58801960
0.99460938 0.58802725
0.99468750 0.58803335
0.99476562 0.58804100
0.99484375 0.58804711
0.99492188 0.58805475
0.99500000 0.58806086
0.99507813 0.58806851
0.99515625 0.58807461
0.99523438 0.58808226
0.99531250 0.58808837
0.99539062 0.58809601
0.99546875 0.58810212
0.99554688 0.58810976
0.99562500 0.58811587
0.99570313 0.58812351
0.99578125 0.58812962
0.99585937 0.58813726
0.99593750 0.58814337
0.99601563 0.58815100
0.99609375 0.58815711
0.99617188 0.58816474
0.99625000 0.58817083
0.99632813 0.58817845
0.99640625 0.58818454
0.99648437 0.58819213
0.99656250 0.58819819
0.99664063 0.58820575
0.99671875 0.58821174
0.99679688 0.58821922
0.99687500 0.58822511
0.99695312 0.58823244
0.99703125 0.58823811
0.99710938 0.58824514
0.99718750 0.58825039
0.99726563 0.58825683
0.99734375 0.58826127
0.99742188 0.58826656
0.99750000 0.58826939
0.99757812 0.58827244
0.99765625 0.58827215
0.99773438 0.58827081
0.99781250 0.58826439
0.99789063 0.58825450
0.99796875 0.58823611
0.99804688 0.58820950
0.99812500 0.58816775
0.99820312 0.58810851
0.99828125 0.58802122
0.99835938 0.58789847
0.99843750 0.58772268
0.99851563 0.58747677
0.99859375 0.58712997
0.99867187 0.58664723
0.99875000 0.58597367
0.99882813 0.58504247
0.99890625 0.58375786
0.99898438 0.58200233
0.99906250 0.57962050
0.99914063 0.57643096
0.99921875 0.57221997
0.99929687 0.56677112
0.99937500 0.55988401
0.99945313 0.55143314
0.99953125 0.54140714
0.99960938 0.52996651
0.99968750 0.51744367
0.99976562 0.50432872
0.99984375 0.49118210
0.99992188 0.47855905
1.00000000 0.46690804
1.00007812 0.45653897
1.00015625 0.44759251
1.00023438 0.44008289
1.00031250 0.43391406
1.00039063 0.42894342
1.00046875 0.42499182
1.00054687 0.42189193
1.00062500 0.41947752
1.00070313 0.41761569
1.00078125 0.41618310
1.00085938 0.41509089
1.00093750 0.41425615
1.00101562 0.41362526
1.00109375 0.41314464
1.00117188 0.41278454
1.00125000 0.41251036
1.00132813 0.41230729
1.00140625 0.41215236
1.00148437 0.41203973
1.00156250 0.41195333
1.00164063 0.41189258
1.00171875 0.41184544
1.00179687 0.41181439
1.00187500 0.41178971
1.00195312 0.41177563
1.00203125 0.41176379
1.00210938 0.41175940
1.00218750 0.41175489
1.00226562 0.41175603
1.00234375 0.41175572
1.00242188 0.41176002
1.00250000 0.41176209
1.00257813 0.41176819
1.00265625 0.41177164
1.00273437 0.41177876
1.00281250 0.41178299
1.00289063 0.41179069
1.00296875 0.41179537
1.00304688 0.41180341
1.00312500 0.41180834
1.00320312 0.41181656
1.00328125 0.41182165
1.00335938 0.41182998
1.00343750 0.41183515
1.00351562 0.41184353
1.00359375 0.41184876
1.00367187 0.41185717
1.00375000 0.41186244
1.00382813 0.41187086
1.00390625 0.41187614
1.00398437 0.41188457
1.00406250 0.41188987
1.00414063 0.41189830
1.00421875 0.41190361
1.00429688 0.41191204
1.00437500 0.41191736
1.00445312 0.41192579
1.00453125 0.41193111
1.00460938 0.41193953
1.00468750 0.41194487
1.00476563 0.41195328
1.00484375 0.41195862
1.00492187 0.41196703
1.00500000 0.41197238
1.00507813 0.41198078
1.00515625 0.41198613
1.00523438 0.41199453
1.00531250 0.41199989
1.00539062 0.41200828
1.00546875 0.41201364
1.00554688 0.41202203
1.00562500 0.41202740
1.00570312 0.41203578
1.00578125 0.41204116
1.00585938 0.41204953
1.00593750 0.41205491
1.00601563 0.41206328
1.00609375 0.41206867
1.00617187 0.41207703
1.00625000 0.41208243
1.00632813 0.41209078
1.00640625 0.41209618
1.00648438 0.41210453
1.00656250 0.41210994
1.00664062 0.41211828
1.00671875 0.41212370
1.00679688 0.41213203
1.00687500 0.41213746
1.00695313 0.41214578
1.00703125 0.41215121
1.00710937 0.41215953
1.00718750 0.41216497
1.00726563 0.41217328
1.00734375 0.41217873
1.00742187 0.41218703
1.00750000 0.41219249
1.00757812 0.41220078
1.00765625 0.41220624
1.00773438 0.41221453
1.00781250 0.41222000
1.00789062 0.41222828
1.00796875 0.41223376
1.00804688 0.41224203
1.00812500 0.41224752
1.00820313 0.41225578
1.00828125 0.41226127
1.00835937 0.41226953
1.00843750 0.41227503
1.00851563 0.41228328
1.00859375 0.41228879
1.00867188 0.41229703
1.00875000 0.41230255
1.00882812 0.41231078
1.00890625 0.41231630
1.00898438 0.41232453
1.00906250 0.41233006
1.00914063 0.41233828
1.00921875 0.41234382
1.00929687 0.41235204
1.00937500 0.41235758
1.00945313 0.41236579
1.00953125 0.41237134
1.00960937 0.41237954
1.00968750 0.41238509
1.00976562 0.41239329
1.00984375 0.41239885
1.00992188 0.41240704
1.01000000 0.41241261
1.01007812 0.41242079
1.01015625 0.41242637
1.01023438 0.41243454
1.01031250 0.41244013
1.01039063 0.41244829
1.01046875 0.41245389
1.01054687 0.41246204
1.01062500 0.41246764
1.01070313 0.41247579
1.01078125 0.41248140
1.01085938 0.41248954
1.01093750 0.41249516
1.01101562 0.41250329
1.01109375 0.41250892
1.01117188 0.41251704
1.01125000 0.41252268
1.01132812 0.41253079
1.01140625 0.41253644
1.01148437 0.41254454
1.01156250 0.41255020
1.01164063 0.41255830
1.01171875 0.41256395
1.01179687 0.41257205
1.01187500 0.41257771
1.01195313 0.41258580
1.01203125 0.41259147
1.01210938 0.41259955
1.01218750 0.41260523
1.01226562 0.41261330
1.01234375 0.41261899
1.01242188 0.41262705
1.01250000 0.41263275
1.01257813 0.41264080
1.01265625 0.41264651
1.01273437 0.41265455
1.01281250 0.41266027
1.01289063 0.41266830
1.01296875 0.41267403
1.01304688 0.41268205
1.01312500 0.41268779
1.01320312 0.41269581
1.01328125 0.41270154
1.01335938 0.41270956
1.01343750 0.41271530
1.01351562 0.41272331
1.01359375 0.41272906
1.01367188 0.41273706
1.01375000 0.41274282
1.01382813 0.41275081
1.01390625 0.41275658
1.01398437 0.41276456
1.01406250 0.41277034
1.01414063 0.41277831
1.01421875 0.41278410
1.01429688 0.41279206
1.01437500 0.41279786
1.01445312 0.41280582
1.01453125 0.41281162
1.01460938 0.41281957
1.01468750 0.41282538
1.01476563 0.41283332
1.01484375 0.41283914
1.01492187 0.41284707
1.01500000 0.41285290
1.01507813 0.41286082
1.01515625 0.41286666
1.01523437 0.41287457
1.01531250 0.41288042
1.01539062 0.41288833
1.01546875 0.41289418
1.01554688 0.41290208
1.01562500 0.41290794
1.01570312 0.41291583
1.01578125 0.41292170
1.01585938 0.41292958
1.01593750 0.41293546
1.01601563 0.41294333
1.01609375 0.41294922
1.01617187 0.41295708
1.01625000 0.41296298
1.01632813 0.41297084
1.01640625 0.41297674
1.01648438 0.41298459
1.01656250 0.41299050
1.01664062 0.41299834
1.01671875 0.41300426
1.01679688 0.41301209
1.01687500 0.41301802
1.01695313 0.41302584
1.01703125 0.41303178
1.01710937 0.41303960
1.01718750 0.41304554
1.01726563 0.41305335
1.01734375 0.41305930
1.01742187 0.41306710
1.01750000 0.41307306
1.01757812 0.41308085
1.01765625 0.41308682
1.01773438 0.41309461
1.01781250 0.41310058
1.01789062 0.41310836
1.01796875 0.41311434
1.01804688 0.41312211
1.01812500 0.41312810
1.01820313 0.41313586
1.01828125 0.41314186
1.01835937 0.41314962
1.01843750 0.41315562
1.01851563 0.41316337
1.01859375 0.41316938
1.01867188 0.41317712
1.01875000 0.41318314
1.01882812 0.41319087
1.01890625 0.41319690
1.01898438 0.41320463
1.01906250 0.41321066
1.01914062 0.41321838
1.01921875 0.41322442
1.01929687 0.41323213
1.01937500 0.41323818
1.01945313 0.41324588
1.01953125 0.41325194
1.01960937 0.41325964
1.01968750 0.41326570
1.01976563 0.41327339
1.01984375 0.41327946
1.01992188 0.41328714
1.02000000 0.41329322
1.02007812 0.41330090
1.02015625 0.41330698
1.02023438 0.41331465
1.02031250 0.41332074
1.02039063 0.41332840
1.02046875 0.41333450
1.02054687 0.41334216
1.02062500 0.41334826
1.02070313 0.41335591
1.02078125 0.41336202
1.02085938 0.41336966
1.02093750 0.41337578
1.02101562 0.41338341
1.02109375 0.41338954
1.02117188 0.41339717
1.02125000 0.41340330
1.02132812 0.41341092
1.02140625 0.41341706
1.02148438 0.41342468
1.02156250 0.41343083
1.02164063 0.41343843
1.02171875 0.41344459
1.02179687 0.41345218
1.02187500 0.41345835
1.02195313 0.41346594
1.02203125 0.41347211
1.02210938 0.41347969
1.02218750 0.41348587
1.02226562 0.41349344
1.02234375 0.41349963
1.02242188 0.41350720
1.02250000 0.41351339
1.02257813 0.41352095
1.02265625 0.41352715
1.02273437 0.41353471
1.02281250 0.41354091
1.02289063 0.41354846
1.02296875 0.41355467
1.02304687 0.41356221
1.02312500 0.41356843
1.02320312 0.41357597
1.02328125 0.41358219
1.02335938 0.41358972
1.02343750 0.41359595
1.02351562 0.41360348
1.02359375 0.41360971
1.02367188 0.41361723
1.02375000 0.41362348
1.02382813 0.41363098
1.02390625 0.41363724
1.02398437 0.41364474
1.02406250 0.41365100
1.02414063 0.41365849
1.02421875 0.41366476
1.02429688 0.41367225
1.02437500 0.41367852
1.02445312 0.41368600
1.02453125 0.41369228
1.02460938 0.41369976
1.02468750 0.41370604
1.02476563 0.41371351
1.02484375 0.41371980
1.02492187 0.41372727
1.02500000 0.41373356
1.02507813 0.41374102
1.02515625 0.41374732
1.02523437 0.41375477
1.02531250 0.41376109
1.02539062 0.41376853
1.02546875 0.41377485
1.02554688 0.41378228
1.02562500 0.41378861
1.02570312 0.41379604
1.02578125 0.41380237
1.02585938 0.41380979
1.02593750 0.41381613
1.02601563 0.41382355
1.02609375 0.41382989
1.02617187 0.41383730
1.02625000 0.41384365
1.02632813 0.41385106
1.02640625 0.41385741
1.02648438 0.41386481
1.02656250 0.41387118
1.02664062 0.41387857
1.02671875 0.41388494
1.02679688 0.41389232
1.02687500 0.41389870
1.02695312 0.41390608
1.02703125 0.41391246
1.02710937 0.41391984
1.02718750 0.41392622
1.02726563 0.41393359
1.02734375 0.41393998
1.02742187 0.41394735
1.02750000 0.41395374
1.02757813 0.41396110
1.02765625 0.41396750
1.02773438 0.41397486
1.02781250 0.41398127
1.02789062 0.41398861
1.02796875 0.41399503
1.02804688 0.41400237
1.02812500 0.41400879
1.02820313 0.41401612
1.02828125 0.41402255
1.02835937 0.41402988
1.02843750 0.41403631
1.02851563 0.41404364
1.02859375 0.41405007
1.02867188 0.41405739
1.02875000 0.41406384
1.02882812 0.41407115
1.02890625 0.41407760
1.02898438 0.41408490
1.02906250 0.41409136
1.02914062 0.41409866
1.02921875 0.41410512
1.02929688 0.41411242
1.02937500 0.41411888
1.02945313 0.41412617
1.02953125 0.41413264
1.02960937 0.41413993
1.02968750 0.41414640
1.02976563 0.41415368
1.02984375 0.41416017
1.02992188 0.41416744
1.03000000 0.41417393
1.03007812 0.41418120
1.03015625 0.41418769
1.03023438 0.41419495
1.03031250 0.41420145
1.03039063 0.41420871
1.03046875 0.41421521
1.03054687 0.41422247
1.03062500 0.41422897
1.03070313 0.41423622
1.03078125 0.41424274
1.03085937 0.41424998
1.03093750 0.41425650
1.03101562 0.41426374
1.03109375 0.41427026
1.03117188 0.41427749
1.03125000 0.41428402
1.03132812 0.41429125
1.03140625 0.41429778
1.03148438 0.41430501
1.03156250 0.41431154
1.03164063 0.41431877
1.03171875 0.41432531
1.03179687 0.41433252
1.03187500 0.41433907
1.03195313 0.41434628
1.03203125 0.41435283
1.03210938 0.41436004
1.03218750 0.41436659
1.03226562 0.41437379
1.03234375 0.41438035
1.03242188 0.41438755
1.03250000 0.41439411
1.03257813 0.41440131
1.03265625 0.41440788
1.03273437 0.41441507
1.03281250 0.41442164
1.03289063 0.41442882
1.03296875 0.41443540
1.03304687 0.41444258
1.03312500 0.41444916
1.03320312 0.41445634
1.03328125 0.41446292
1.03335938 0.41447010
1.03343750 0.41447668
1.03351562 0.41448385
1.03359375 0.41449045
1.03367188 0.41449761
1.03375000 0.41450421
1.03382813 0.41451137
1.03390625 0.41451797
1.03398437 0.41452513
1.03406250 0.41453173
1.03414063 0.41453889
1.03421875 0.41454549
1.03429688 0.41455264
1.03437500 0.41455926
1.03445312 0.41456640
1.03453125 0.41457302
1.03460938 0.41458016
1.03468750 0.41458678
1.03476562 0.41459392
1.03484375 0.41460054
1.03492187 0.41460768
1.03500000 0.41461430
1.03507813 0.41462143
1.03515625 0.41462807
1.03523437 0.41463519
1.03531250 0.41464183
1.03539063 0.41464895
1.03546875 0.41465559
1.03554688 0.41466271
1.03562500 0.41466935
1.03570312 0.41467647
1.03578125 0.41468311
1.03585938 0.41469023
1.03593750 0.41469688
1.03601563 0.41470399
1.03609375 0.41471064
1.03617187 0.41471774
1.03625000 0.41472440
1.03632813 0.41473150
1.03640625 0.41473816
1.03648438 0.41474526
1.03656250 0.41475192
1.03664062 0.41475902
1.03671875 0.41476569
1.03679688 0.41477278
1.03687500 0.41477945
1.03695312 0.41478654
1.03703125 0.41479321
1.03710938 0.41480030
1.03718750 0.41480697
1.03726563 0.41481406
1.03734375 0.41482073
1.03742187 0.41482782
1.03750000 0.41483450
1.03757813 0.41484158
1.03765625 0.41484826
1.03773438 0.41485533
1.03781250 0.41486202
1.03789062 0.41486909
1.03796875 0.41487578
1.03804688 0.41488285
1.03812500 0.41488955
1.03820313 0.41489661
1.03828125 0.41490331
1.03835937 0.41491037
1.03843750 0.41491707
1.03851563 0.41492413
1.03859375 0.41493083
1.03867187 0.41493789
1.03875000 0.41494460
1.03882812 0.41495165
1.03890625 0.41495836
1.03898438 0.41496541
1.03906250 0.41497212
1.03914062 0.41497917
1.03921875 0.41498588
1.03929688 0.41499293
1.03937500 0.41499964
1.03945313 0.41500669
1.03953125 0.41501341
1.03960937 0.41502045
1.03968750 0.41502717
1.03976563 0.41503421
1.03984375 0.41504093
1.03992188 0.41504797
1.04000000 0.41505469
1.04007812 0.41506173
1.04015625 0.41506846
1.04023438 0.41507549
1.04031250 0.41508222
1.04039063 0.41508925
1.04046875 0.41509598
1.04054687 0.41510301
1.04062500 0.41510974
1.04070313 0.41511677
1.04078125 0.41512351
1.04085937 0.41513053
1.04093750 0.41513727
1.04101562 0.41514429
1.04109375 0.41515103
1.04117188 0.41515805
1.04125000 0.41516480
1.04132812 0.41517181
1.04140625 0.41517856
1.04148438 0.41518557
1.04156250 0.41519232
1.04164063 0.41519933
1.04171875 0.41520608
1.04179687 0.41521309
1.04187500 0.41521985
1.04195313 0.41522685
1.04203125 0.41523361
1.04210938 0.41524061
1.04218750 0.41524737
1.04226562 0.41525437
1.04234375 0.41526113
1.04242188 0.41526813
1.04250000 0.41527490
1.04257812 0.41528190
1.04265625 0.41528866
1.04273437 0.41529566
1.04281250 0.41530242
1.04289063 0.41530942
1.04296875 0.41531619
1.04304687 0.41532318
1.04312500 0.41532995
1.04320313 0.41533694
1.04328125 0.41534371
1.04335938 0.41535070
1.04343750 0.41535747
1.04351562 0.41536446
1.04359375 0.41537124
1.04367188 0.41537822
1.04375000 0.41538500
1.04382813 0.41539198
1.04390625 0.41539876
1.04398437 0.41540574
1.04406250 0.41541253
1.04414063 0.41541951
1.04421875 0.41542629
1.04429688 0.41543327
1.04437500 0.41544005
1.04445312 0.41544703
1.04453125 0.41545382
1.04460938 0.41546079
1.04468750 0.41546758
1.04476562 0.41547455
1.04484375 0.41548134
1.04492188 0.41548831
1.04500000 0.41549510
1.04507813 0.41550207
1.04515625 0.41550887
1.04523437 0.41551584
1.04531250 0.41552263
1.04539063 0.41552960
1.04546875 0.41553639
1.04554688 0.41554336
1.04562500 0.41555016
1.04570312 0.41555712
1.04578125 0.41556392
1.04585938 0.41557088
1.04593750 0.41557768
1.04601563 0.41558465
1.04609375 0.41559145
1.04617187 0.41559841
1.04625000 0.41560521
1.04632813 0.41561217
1.04640625 0.41561897
1.04648437 0.41562593
1.04656250 0.41563274
1.04664062 0.41563969
1.04671875 0.41564650
1.04679688 0.41565345
1.04687500 0.41566026
1.04695312 0.41566722
1.04703125 0.41567403
1.04710938 0.41568098
1.04718750 0.41568779
1.04726563 0.41569474
1.04734375 0.41570155
1.04742187 0.41570850
1.04750000 0.41571532
1.04757813 0.41572227
1.04765625 0.41572908
1.04773438 0.41573603
1.04781250 0.41574285
1.04789062 0.41574979
1.04796875 0.41575661
1.04804688 0.41576355
1.04812500 0.41577037
1.04820313 0.41577732
1.04828125 0.41578414
1.04835937 0.41579108
1.04843750 0.41579790
1.04851563 0.41580484
1.04859375 0.41581166
1.04867187 0.41581860
1.04875000 0.41582543
1.04882812 0.41583237
1.04890625 0.41583919
1.04898438 0.41584613
1.04906250 0.41585296
1.04914062 0.41585989
1.04921875 0.41586672
1.04929688 0.41587365
1.04937500 0.41588048
1.04945313 0.41588742
1.04953125 0.41589425
1.04960937 0.41590118
1.04968750 0.41590801
1.04976563 0.41591494
1.04984375 0.41592177
1.04992188 0.41592871
1.05000000 0.41593554
1.05007812 0.41594247
1.05015625 0.41594930
1.05023438 0.41595623
1.05031250 0.41596307
1.05039062 0.41596999
1.05046875 0.41597683
1.05054687 0.41598376
1.05062500 0.41599059
1.05070313 0.41599752
1.05078125 0.41600436
1.05085937 0.41601128
1.05093750 0.41601812
1.05101563 0.41602505
1.05109375 0.41603189
1.05117188 0.41603881
1.05125000 0.41604565
1.05132812 0.41605257
1.05140625 0.41605941
1.05148438 0.41606634
1.05156250 0.41607318
1.05164063 0.41608010
1.05171875 0.41608694
1.05179687 0.41609386
1.05187500 0.41610071
1.05195313 0.41610763
1.05203125 0.41611447
1.05210938 0.41612139
1.05218750 0.41612824
1.05226562 0.41613515
1.05234375 0.41614200
1.05242188 0.41614892
1.05250000 0.41615576
1.05257812 0.41616268
1.05265625 0.41616953
1.05273438 0.41617645
1.05281250 0.41618329
1.05289063 0.41619021
1.05296875 0.41619706
1.05304687 0.41620397
1.05312500 0.41621082
1.05320313 0.41621774
1.05328125 0.41622459
1.05335938 0.41623150
1.05343750 0.41623835
1.05351562 0.41624526
1.05359375 0.41625212
1.05367188 0.41625903
1.05375000 0.41626588
1.05382813 0.41627279
1.05390625 0.41627965
1.05398437 0.41628656
1.05406250 0.41629341
1.05414063 0.41630032
1.05421875 0.41630717
1.05429687 0.41631408
1.05437500 0.41632094
1.05445312 0.41632785
1.05453125 0.41633470
1.05460938 0.41634161
1.05468750 0.41634847
1.05476562 0.41635538
1.05484375 0.41636223
1.05492188 0.41636914
1.05500000 0.41637600
1.05507813 0.41638291
1.05515625 0.41638976
1.05523437 0.41639667
1.05531250 0.41640353
1.05539063 0.41641043
1.05546875 0.41641729
1.05554688 0.41642420
1.05562500 0.41643106
1.05570312 0.41643796
1.05578125 0.41644482
1.05585938 0.41645173
1.05593750 0.41645859
1.05601563 0.41646549
1.05609375 0.41647235
1.05617187 0.41647926
1.05625000 0.41648612
1.05632813 0.41649302
1.05640625 0.41649988
1.05648437 0.41650679
1.05656250 0.41651365
1.05664062 0.41652055
1.05671875 0.41652741
1.05679688 0.41653432
1.05687500 0.41654118
1.05695312 0.41654808
1.05703125 0.41655494
1.05710938 0.41656184
1.05718750 0.41656871
1.05726563 0.41657561
1.05734375 0.41658247
1.05742187 0.41658937
1.05750000 0.41659624
1.05757813 0.41660314
1.05765625 0.41661000
1.05773438 0.41661690
1.05781250 0.41662377
1.05789062 0.41663067
1.05796875 0.41663754
1.05804688 0.41664443
1.05812500 0.41665130
1.05820312 0.41665820
1.05828125 0.41666507
1.05835937 0.41667196
1.05843750 0.41667883
1.05851563 0.41668573
1.05859375 0.41669260
1.05867187 0.41669949
1.05875000 0.41670636
1.05882813 0.41671326
1.05890625 0.41672013
1.05898438 0.41672703
1.05906250 0.41673389
1.05914062 0.41674079
1.05921875 0.41674766
1.05929688 0.41675456
1.05937500 0.41676142
1.05945313 0.41676832
1.05953125 0.41677519
1.05960937 0.41678209
1.05968750 0.41678896
1.05976563 0.41679585
1.05984375 0.41680272
1.05992188 0.41680962
1.06000000 0.41681649
1.06007812 0.41682338
1.06015625 0.41683025
1.06023438 0.41683715
1.06031250 0.41684402
1.06039062 0.41685091
1.06046875 0.41685779
1.06054688 0.41686468
1.06062500 0.41687155
1.06070313 0.41687845
1.06078125 0.41688532
1.06085937 0.41689221
1.06093750 0.41689908
1.06101563 0.41690598
1.06109375 0.41691285
1.06117188 0.41691974
1.06125000 0.41692661
1.06132812 0.41693351
1.06140625 0.41694038
1.06148438 0.41694727
1.06156250 0.41695415
1.06164063 0.41696104
1.06171875 0.41696791
1.06179687 0.41697481
1.06187500 0.41698168
1.06195313 0.41698857
1.06203125 0.41699545
1.06210937 0.41700234
1.06218750 0.41700921
1.06226562 0.41701610
1.06234375 0.41702298
1.06242188 0.41702987
1.06250000 0.41703674
1.06257812 0.41704364
1.06265625 0.41705051
1.06273438 0.41705740
1.06281250 0.41706428
1.06289063 0.41707117
1.06296875 0.41707804
1.06304687 0.41708493
1.06312500 0.41709181
1.06320313 0.41709870
1.06328125 0.41710558
1.06335938 0.41711247
1.06343750 0.41711934
1.06351562 0.41712623
1.06359375 0.41713311
1.06367188 0.41714000
1.06375000 0.41714688
1.06382813 0.41715377
1.06390625 0.41716064
1.06398437 0.41716753
1.06406250 0.41717441
1.06414063 0.41718130
1.06421875 0.41718818
1.06429687 0.41719506
1.06437500 0.41720194
1.06445312 0.41720883
1.06453125 0.41721571
1.06460938 0.41722260
1.06468750 0.41722948
1.06476562 0.41723636
1.06484375 0.41724324
1.06492188 0.41725013
1.06500000 0.41725701
1.06507813 0.41726390
1.06515625 0.41727078
1.06523437 0.41727766
1.06531250 0.41728454
1.06539063 0.41729143
1.06546875 0.41729831
1.06554688 0.41730520
1.06562500 0.41731208
1.06570312 0.41731896
1.06578125 0.41732584
1.06585938 0.41733273
1.06593750 0.41733961
1.06601562 0.41734650
1.06609375 0.41735338
1.06617187 0.41736027
1.06625000 0.41736714
1.06632813 0.41737403
1.06640625 0.41738091
1.06648437 0.41738780
1.06656250 0.41739468
1.06664063 0.41740157
1.06671875 0.41740845
1.06679688 0.41741533
1.06687500 0.41742221
1.06695312 0.41742910
1.06703125 0.41743598
1.06710938 0.41744287
1.06718750 0.41744975
1.06726563 0.41745663
1.06734375 0.41746351
1.06742187 0.41747040
1.06750000 0.41747728
1.06757813 0.41748417
1.06765625 0.41749105
1.06773438 0.41749794
1.06781250 0.41750482
1.06789062 0.41751170
1.06796875 0.41751858
1.06804688 0.41752547
1.06812500 0.41753235
1.06820312 0.41753924
1.06828125 0.41754612
1.06835938 0.41755301
1.06843750 0.41755989
1.06851563 0.41756677
1.06859375 0.41757365
1.06867187 0.41758054
1.06875000 0.41758742
1.06882813 0.41759431
1.06890625 0.41760119
1.06898438 0.41760808
1.06906250 0.41761496
1.06914062 0.41762184
1.06921875 0.41762872
1.06929688 0.41763561
1.06937500 0.41764249
1.06945313 0.41764938
1.06953125 0.41765626
1.06960937 0.41766315
1.06968750 0.41767003
1.06976563 0.41767691
1.06984375 0.41768379
1.06992188 0.41769068
1.07000000 0.41769756
1.07007812 0.41770445
1.07015625 0.41771133
1.07023438 0.41771822
1.07031250 0.41772510
1.07039062 0.41773198
1.07046875 0.41773887
1.07054688 0.41774575
1.07062500 0.41775263
1.07070313 0.41775952
1.07078125 0.41776640
1.07085937 0.41777329
1.07093750 0.41778017
1.07101563 0.41778706
1.07109375 0.41779394
1.07117188 0.41780082
1.07125000 0.41780771
1.07132812 0.41781459
1.07140625 0.41782147
1.07148438 0.41782836
1.07156250 0.41783524
1.07164063 0.41784213
1.07171875 0.41784901
1.07179687 0.41785590
1.07187500 0.41786278
1.07195313 0.41786966
1.07203125 0.41787655
1.07210937 0.41788343
1.07218750 0.41789031
1.07226562 0.41789720
1.07234375 0.41790408
1.07242188 0.41791097
1.07250000 0.41791785
1.07257812 0.41792474
1.07265625 0.41793162
1.07273438 0.41793851
1.07281250 0.41794539
1.07289063 0.41795227
1.07296875 0.41795916
1.07304687 0.41796604
1.07312500 0.41797293
1.07320313 0.41797981
1.07328125 0.41798669
1.07335938 0.41799358
1.07343750 0.41800046
1.07351562 0.41800735
1.07359375 0.41801423
1.07367188 0.41802112
1.07375000 0.41802800
1.07382813 0.41803488
1.07390625 0.41804177
1.07398437 0.41804865
1.07406250 0.41805554
1.07414063 0.41806242
1.07421875 0.41806931
1.07429687 0.41807619
1.07437500 0.41808307
1.07445313 0.41808996
1.07453125 0.41809684
1.07460938 0.41810373
1.07468750 0.41811061
1.07476562 0.41811750
1.07484375 0.41812438
1.07492188 0.41813127
1.07500000 0.41813815
1.07507813 0.41814503
1.07515625 0.41815192
1.07523437 0.41815880
1.07531250 0.41816569
1.07539063 0.41817257
1.07546875 0.41817946
1.07554688 0.41818634
1.07562500 0.41819322
1.07570312 0.41820011
1.07578125 0.41820699
1.07585938 0.41821388
1.07593750 0.41822076
1.07601562 0.41822765
1.07609375 0.41823453
1.07617188 0.41824142
1.07625000 0.41824830
1.07632813 0.41825519
1.07640625 0.41826207
1.07648437 0.41826896
1.07656250 0.41827584
1.07664063 0.41828272
1.07671875 0.41828961
1.07679688 0.41829649
1.07687500 0.41830338
1.07695312 0.41831026
1.07703125 0.41831715
1.07710938 0.41832403
1.07718750 0.41833092
1.07726563 0.41833780
1.07734375 0.41834469
1.07742187 0.41835157
1.07750000 0.41835846
1.07757813 0.41836534
1.07765625 0.41837222
1.07773438 0.41837911
1.07781250 0.41838599
1.07789062 0.41839288
1.07796875 0.41839976
1.07804688 0.41840665
1.07812500 0.41841353
1.07820312 0.41842042
1.07828125 0.41842730
1.07835938 0.41843419
1.07843750 0.41844107
1.07851563 0.41844796
1.07859375 0.41845484
1.07867187 0.41846173
1.07875000 0.41846861
1.07882813 0.41847550
1.07890625 0.41848238
1.07898438 0.41848927
1.07906250 0.41849615
1.07914062 0.41850304
1.07921875 0.41850992
1.07929688 0.41851681
1.07937500 0.41852369
1.07945313 0.41853058
1.07953125 0.41853746
1.07960937 0.41854435
1.07968750 0.41855123
1.07976563 0.41855812
1.07984375 0.41856500
1.07992187 0.41857189
1.08000000 0.41857877
1.08007812 0.41858565
1.08015625 0.41859254
1.08023438 0.41859942
1.08031250 0.41860631
1.08039062 0.41861319
1.08046875 0.41862008
1.08054688 0.41862696
1.08062500 0.41863385
1.08070313 0.41864073
1.08078125 0.41864762
1.08085937 0.41865450
1.08093750 0.41866139
1.08101563 0.41866828
1.08109375 0.41867516
1.08117188 0.41868205
1.08125000 0.41868893
1.08132812 0.41869582
1.08140625 0.41870270
1.08148438 0.41870959
1.08156250 0.41871647
1.08164063 0.41872336
1.08171875 0.41873024
1.08179687 0.41873713
1.08187500 0.41874401
1.08195313 0.41875090
1.08203125 0.41875778
1.08210937 0.41876467
1.08218750 0.41877155
1.08226563 0.41877844
1.08234375 0.41878532
1.08242188 0.41879221
1.08250000 0.41879909
1.08257812 0.41880598
1.08265625 0.41881286
1.08273438 0.41881975
1.08281250 0.41882663
1.08289063 0.41883352
1.08296875 0.41884040
1.08304687 0.41884729
1.08312500 0.41885417
1.08320313 0.41886106
1.08328125 0.41886794
1.08335938 0.41887483
1.08343750 0.41888172
1.08351562 0.41888860
1.08359375 0.41889549
1.08367188 0.41890237
1.08375000 0.41890926
1.08382812 0.41891614
1.08390625 0.41892303
1.08398438 0.41892991
1.08406250 0.41893680
1.08414063 0.41894368
1.08421875 0.41895057
1.08429687 0.41895745
1.08437500 0.41896434
1.08445313 0.41897123
1.08453125 0.41897811
1.08460938 0.41898500
1.08468750 0.41899188
1.08476562 0.41899877
1.08484375 0.41900565
1.08492188 0.41901254
1.08500000 0.41901942
1.08507813 0.41902631
1.08515625 0.41903319
1.08523437 0.41904008
1.08531250 0.41904697
1.08539063 0.41905385
1.08546875 0.41906074
1.08554688 0.41906762
1.08562500 0.41907451
1.08570312 0.41908139
1.08578125 0.41908828
1.08585938 0.41909516
1.08593750 0.41910205
1.08601562 0.41910894
1.08609375 0.41911582
1.08617188 0.41912271
1.08625000 0.41912959
1.08632813 0.41913648
1.08640625 0.41914336
1.08648437 0.41915025
1.08656250 0.41915713
1.08664063 0.41916402
1.08671875 0.41917091
1.08679688 0.41917779
1.08687500 0.41918468
1.08695312 0.41919156
1.08703125 0.41919845
1.08710938 0.41920533
1.08718750 0.41921222
1.08726563 0.41921911
1.08734375 0.41922599
1.08742187 0.41923288
1.08750000 0.41923976
1.08757813 0.41924665
1.08765625 0.41925353
1.08773437 0.41926042
1.08781250 0.41926731
1.08789062 0.41927419
1.08796875 0.41928108
1.08804688 0.41928796
1.08812500 0.41929485
1.08820312 0.41930173
1.08828125 0.41930862
1.08835938 0.41931551
1.08843750 0.41932239
1.08851563 0.41932928
1.08859375 0.41933616
1.08867187 0.41934305
1.08875000 0.41934994
1.08882813 0.41935682
1.08890625 0.41936371
1.08898438 0.41937059
1.08906250 0.41937748
1.08914062 0.41938437
1.08921875 0.41939125
1.08929688 0.41939814
1.08937500 0.41940502
1.08945313 0.41941191
1.08953125 0.41941879
1.08960937 0.41942568
1.08968750 0.41943257
1.08976563 0.41943945
1.08984375 0.41944634
1.08992187 0.41945322
1.09000000 0.41946011
1.09007813 0.41946700
1.09015625 0.41947388
1.09023438 0.41948077
1.09031250 0.41948765
1.09039062 0.41949454
1.09046875 0.41950143
1.09054688 0.41950831
1.09062500 0.41951520
1.09070313 0.41952209
1.09078125 0.41952897
1.09085937 0.41953586
1.09093750 0.41954274
1.09101563 0.41954963
1.09109375 0.41955652
1.09117188 0.41956340
1.09125000 0.41957029
1.09132812 0.41957717
1.09140625 0.41958406
1.09148438 0.41959095
1.09156250 0.41959783
1.09164062 0.41960472
1.09171875 0.41961160
1.09179688 0.41961849
1.09187500 0.41962538
1.09195313 0.41963226
1.09203125 0.41963915
1.09210937 0.41964604
1.09218750 0.41965292
1.09226563 0.41965981
1.09234375 0.41966669
1.09242188 0.41967358
1.09250000 0.41968047
1.09257812 0.41968735
1.09265625 0.41969424
1.09273438 0.41970113
1.09281250 0.41970801
1.09289063 0.41971490
1.09296875 0.41972178
1.09304687 0.41972867
1.09312500 0.41973556
1.09320313 0.41974244
1.09328125 0.41974933
1.09335938 0.41975622
1.09343750 0.41976310
1.09351562 0.41976999
1.09359375 0.41977688
1.09367188 0.41978376
1.09375000 0.41979065
1.09382812 0.41979753
1.09390625 0.41980442
1.09398438 0.41981131
1.09406250 0.41981819
1.09414063 0.41982508
1.09421875 0.41983197
1.09429687 0.41983885
1.09437500 0.41984574
1.09445313 0.41985263
1.09453125 0.41985951
1.09460938 0.41986640
1.09468750 0.41987328
1.09476562 0.41988017
1.09484375 0.41988706
1.09492188 0.41989394
1.09500000 0.41990083
1.09507813 0.41990772
1.09515625 0.41991460
1.09523437 0.41992149
1.09531250 0.41992838
1.09539063 0.41993526
1.09546875 0.41994215
1.09554687 0.41994904
1.09562500 0.41995592
1.09570312 0.41996281
1.09578125 0.41996970
1.09585938 0.41997658
1.09593750 0.41998347
1.09601562 0.41999036
1.09609375 0.41999724
1.09617188 0.42000413
1.09625000 0.42001102
1.09632813 0.42001790
1.09640625 0.42002479
1.09648437 0.42003168
1.09656250 0.42003856
1.09664063 0.42004545
1.09671875 0.42005234
1.09679688 0.42005922
1.09687500 0.42006611
1.09695312 0.42007300
1.09703125 0.42007988
1.09710938 0.42008677
1.09718750 0.42009366
1.09726563 0.42010054
1.09734375 0.42010743
1.09742187 0.42011432
1.09750000 0.42012120
1.09757813 0.42012809
1.09765625 0.42013498
1.09773437 0.42014186
1.09781250 0.42014875
1.09789063 0.42015564
1.09796875 0.42016252
1.09804688 0.42016941
1.09812500 0.42017630
1.09820312 0.42018318
1.09828125 0.42019007
1.09835938 0.42019696
1.09843750 0.42020385
1.09851563 0.42021073
1.09859375 0.42021762
1.09867187 0.42022451
1.09875000 0.42023139
1.09882813 0.42023828
1.09890625 0.42024517
1.09898438 0.42025205
1.09906250 0.42025894
1.09914062 0.42026583
1.09921875 0.42027271
1.09929688 0.42027960
1.09937500 0.42028649
1.09945312 0.42029338
1.09953125 0.42030026
1.09960938 0.42030715
1.09968750 0.42031404
1.09976563 0.42032092
1.09984375 0.42032781
1.09992187 0.42033470
1.10000000 0.42034158
1.10007813 0.42034847
1.10015625 0.42035536
1.10023438 0.42036225
1.10031250 0.42036913
1.10039062 0.42037602
1.10046875 0.42038291
1.10054688 0.42038979
1.10062500 0.42039668
1.10070313 0.42040357
1.10078125 0.42041045
1.10085937 0.42041734
1.10093750 0.42042423
1.10101563 0.42043112
1.10109375 0.42043800
1.10117188 0.42044489
1.10125000 0.42045178
1.10132812 0.42045866
1.10140625 0.42046555
1.10148438 0.42047244
1.10156250 0.42047933
1.10164062 0.42048621
1.10171875 0.42049310
1.10179688 0.42049999
1.10187500 0.42050688
1.10195313 0.42051376
1.10203125 0.42052065
1.10210937 0.42052754
1.10218750 0.42053442
1.10226563 0.42054131
1.10234375 0.42054820
1.10242188 0.42055509
1.10250000 0.42056197
1.10257812 0.42056886
1.10265625 0.42057575
1.10273438 0.42058264
1.10281250 0.42058952
1.10289063 0.42059641
1.10296875 0.42060330
1.10304687 0.42061018
1.10312500 0.42061707
1.10320313 0.42062396
1.10328125 0.42063085
1.10335937 0.42063773
1.10343750 0.42064462
1.10351562 0.42065151
1.10359375 0.42065840
1.10367188 0.42066528
1.10375000 0.42067217
1.10382812 0.42067906
1.10390625 0.42068595
1.10398438 0.42069283
1.10406250 0.42069972
1.10414063 0.42070661
1.10421875 0.42071350
1.10429687 0.42072038
1.10437500 0.42072727
1.10445313 0.42073416
1.10453125 0.42074105
1.10460938 0.42074793
1.10468750 0.42075482
1.10476562 0.42076171
1.10484375 0.42076860
1.10492188 0.42077548
1.10500000 0.42078237
1.10507813 0.42078926
1.10515625 0.42079615
1.10523437 0.42080303
1.10531250 0.42080992
1.10539063 0.42081681
1.10546875 0.42082370
1.10554687 0.42083058
1.10562500 0.42083747
1.10570313 0.42084436
1.10578125 0.42085125
1.10585938 0.42085813
1.10593750 0.42086502
1.10601562 0.42087191
1.10609375 0.42087880
1.10617188 0.42088568
1.10625000 0.42089257
1.10632813 0.42089946
1.10640625 0.42090635
1.10648437 0.42091323
1.10656250 0.42092012
1.10664063 0.42092701
1.10671875 0.42093390
1.10679688 0.42094079
1.10687500 0.42094767
1.10695312 0.42095456
1.10703125 0.42096145
1.10710938 0.42096834
1.10718750 0.42097522
1.10726562 0.42098211
1.10734375 0.42098900
1.10742188 0.42099589
1.10750000 0.42100278
1.10757813 0.42100966
1.10765625 0.42101655
1.10773437 0.42102344
1.10781250 0.42103033
1.10789063 0.42103721
1.10796875 0.42104410
1.10804688 0.42105099
1.10812500 0.42105788
1.10820312 0.42106477
1.10828125 0.42107165
1.10835938 0.42107854
1.10843750 0.42108543
1.10851563 0.42109232
1.10859375 0.42109921
1.10867187 0.42110609
1.10875000 0.42111298
1.10882813 0.42111987
1.10890625 0.42112676
1.10898438 0.42113364
1.10906250 0.42114053
1.10914062 0.42114742
1.10921875 0.42115431
1.10929688 0.42116120
1.10937500 0.42116808
1.10945312 0.42117497
1.10953125 0.42118186
1.10960938 0.42118875
1.10968750 0.42119564
1.10976563 0.42120252
1.10984375 0.42120941
1.10992187 0.42121630
1.11000000 0.42122319
1.11007813 0.42123008
1.11015625 0.42123696
1.11023438 0.42124385
1.11031250 0.42125074
1.11039062 0.42125763
1.11046875 0.42126452
1.11054688 0.42127141
1.11062500 0.42127829
1.11070313 0.42128518
1.11078125 0.42129207
1.11085937 0.42129896
1.11093750 0.42130585
1.11101563 0.42131273
1.11109375 0.42131962
1.11117187 0.42132651
1.11125000 0.42133340
1.11132812 0.42134029
1.11140625 0.42134717
1.11148438 0.42135406
1.11156250 0.42136095
1.11164062 0.42136784
1.11171875 0.42137473
1.11179688 0.42138162
1.11187500 0.42138850
1.11195313 0.42139539
1.11203125 0.42140228
1.11210937 0.42140917
1.11218750 0.42141606
1.11226563 0.42142295
1.11234375 0.42142983
1.11242188 0.42143672
1.11250000 0.42144361
1.11257812 0.42145050
1.11265625 0.42145739
1.11273438 0.42146427
1.11281250 0.42147116
1.11289063 0.42147805
1.11296875 0.42148494
1.11304687 0.42149183
1.11312500 0.42149872
1.11320313 0.42150560
1.11328125 0.42151249
1.11335937 0.42151938
1.11343750 0.42152627
1.11351563 0.42153316
1.11359375 0.42154005
1.11367188 0.42154694
1.11375000 0.42155382
1.11382812 0.42156071
1.11390625 0.42156760
1.11398438 0.42157449
1.11406250 0.42158138
1.11414063 0.42158827
1.11421875 0.42159515
1.11429687 0.42160204
1.11437500 0.42160893
1.11445313 0.42161582
1.11453125 0.42162271
1.11460938 0.42162960
1.11468750 0.42163649
1.11476562 0.42164337
1.11484375 0.42165026
1.11492188 0.42165715
1.11500000 0.42166404
1.11507812 0.42167093
1.11515625 0.42167782
1.11523438 0.42168471
1.11531250 0.42169159
1.11539063 0.42169848
1.11546875 0.42170537
1.11554687 0.42171226
1.11562500 0.42171915
1.11570313 0.42172604
1.11578125 0.42173293
1.11585938 0.42173981
1.11593750 0.42174670
1.11601562 0.42175359
1.11609375 0.42176048
1.11617188 0.42176737
1.11625000 0.42177426
1.11632813 0.42178115
1.11640625 0.42178803
1.11648437 0.42179492
1.11656250 0.42180181
1.11664063 0.42180870
1.11671875 0.42181559
1.11679688 0.42182248
1.11687500 0.42182937
1.11695312 0.42183626
1.11703125 0.42184314
1.11710938 0.42185003
1.11718750 0.42185692
1.11726562 0.42186381
1.11734375 0.42187070
1.11742188 0.42187759
1.11750000 0.42188448
1.11757813 0.42189137
1.11765625 0.42189825
1.11773437 0.42190514
1.11781250 0.42191203
1.11789063 0.42191892
1.11796875 0.42192581
1.11804688 0.42193270
1.11812500 0.42193959
1.11820312 0.42194648
1.11828125 0.42195336
1.11835938 0.42196025
1.11843750 0.42196714
1.11851563 0.42197403
1.11859375 0.42198092
1.11867187 0.42198781
1.11875000 0.42199470
1.11882813 0.42200159
1.11890625 0.42200848
1.11898437 0.42201537
1.11906250 0.42202225
1.11914062 0.42202914
1.11921875 0.42203603
1.11929688 0.42204292
1.11937500 0.42204981
1.11945312 0.42205670
1.11953125 0.42206359
1.11960938 0.42207048
1.11968750 0.42207737
1.11976563 0.42208425
1.11984375 0.42209114
1.11992187 0.42209803
1.12000000 0.42210492
1.12007813 0.42211181
1.12015625 0.42211870
1.12023438 0.42212559
1.12031250 0.42213248
1.12039062 0.42213937
1.12046875 0.42214626
1.12054688 0.42215315
1.12062500 0.42216003
1.12070313 0.42216692
1.12078125 0.42217381
1.12085937 0.42218070
1.12093750 0.42218759
1.12101563 0.42219448
1.12109375 0.42220137
1.12117187 0.42220826
1.12125000 0.42221515
1.12132813 0.42222204
1.12140625 0.42222893
1.12148438 0.42223582
1.12156250 0.42224270
1.12164062 0.42224959
1.12171875 0.42225648
1.12179688 0.42226337
1.12187500 0.42227026
1.12195313 0.42227715
1.12203125 0.42228404
1.12210937 0.42229093
1.12218750 0.42229782
1.12226563 0.42230471
1.12234375 0.42231160
1.12242188 0.42231849
1.12250000 0.42232538
1.12257812 0.42233226
1.12265625 0.42233915
1.12273438 0.42234604
1.12281250 0.42235293
1.12289062 0.42235982
1.12296875 0.42236671
1.12304688 0.42237360
1.12312500 0.42238049
1.12320313 0.42238738
1.12328125 0.42239427
1.12335937 0.42240116
1.12343750 0.42240805
1.12351563 0.42241494
1.12359375 0.42242183
1.12367188 0.42242872
1.12375000 0.42243560
1.12382812 0.42244249
1.12390625 0.42244938
1.12398438 0.42245627
1.12406250 0.42246316
1.12414063 0.42247005
1.12421875 0.42247694
1.12429687 0.42248383
1.12437500 0.42249072
1.12445313 0.42249761
1.12453125 0.42250450
1.12460938 0.42251139
1.12468750 0.42251828
1.12476562 0.42252517
1.12484375 0.42253206
1.12492188 0.42253895
1.12500000 0.42254584
1.12507812 0.42255273
1.12515625 0.42255962
1.12523438 0.42256651
1.12531250 0.42257339
1.12539063 0.42258028
1.12546875 0.42258717
1.12554687 0.42259406
1.12562500 0.42260095
1.12570313 0.42260784
1.12578125 0.42261473
1.12585938 0.42262162
1.12593750 0.42262851
1.12601562 0.42263540
1.12609375 0.42264229
1.12617188 0.42264918
1.12625000 0.42265607
1.12632813 0.42266296
1.12640625 0.42266985
1.12648437 0.42267674
1.12656250 0.42268363
1.12664063 0.42269052
1.12671875 0.42269741
1.12679687 0.42270430
1.12687500 0.42271119
1.12695312 0.42271808
1.12703125 0.42272497
1.12710938 0.42273186
1.12718750 0.42273875
1.12726562 0.42274564
1.12734375 0.42275253
1.12742188 0.42275942
1.12750000 0.42276631
1.12757813 0.42277320
1.12765625 0.42278008
1.12773437 0.42278697
1.12781250 0.42279386
1.12789063 0.42280075
1.12796875 0.42280764
1.12804688 0.42281453
1.12812500 0.42282142
1.12820312 0.42282831
1.12828125 0.42283520
1.12835938 0.42284209
1.12843750 0.42284898
1.12851563 0.42285587
1.12859375 0.42286276
1.12867187 0.42286965
1.12875000 0.42287654
1.12882813 0.42288343
1.12890625 0.42289032
1.12898437 0.42289721
1.12906250 0.42290410
1.12914063 0.42291099
1.12921875 0.42291788
1.12929688 0.42292477
1.12937500 0.42293166
1.12945312 0.42293855
1.12953125 0.42294544
1.12960938 0.42295233
1.12968750 0.42295922
1.12976563 0.42296611
1.12984375 0.42297300
1.12992187 0.42297989
1.13000000 0.42298678
1.13007813 0.42299367
1.13015625 0.42300056
1.13023438 0.42300745
1.13031250 0.42301434
1.13039062 0.42302123
1.13046875 0.42302812
1.13054688 0.42303501
1.13062500 0.42304190
1.13070312 0.42304879
1.13078125 0.42305568
1.13085938 0.42306257
1.13093750 0.42306946
1.13101563 0.42307635
1.13109375 0.42308324
1.13117187 0.42309013
1.13125000 0.42309702
1.13132813 0.42310391
1.13140625 0.42311080
1.13148438 0.42311769
1.13156250 0.42312458
1.13164062 0.42313147
1.13171875 0.42313836
1.13179688 0.42314526
1.13187500 0.42315215
1.13195313 0.42315904
1.13203125 0.42316593
1.13210937 0.42317282
1.13218750 0.42317971
1.13226563 0.42318660
1.13234375 0.42319349
1.13242188 0.42320038
1.13250000 0.42320727
1.13257812 0.42321416
1.13265625 0.42322105
1.13273438 0.42322794
1.13281250 0.42323483
1.13289062 0.42324172
1.13296875 0.42324861
1.13304688 0.42325550
1.13312500 0.42326239
1.13320313 0.42326928
1.13328125 0.42327617
1.13335937 0.42328306
1.13343750 0.42328995
1.13351563 0.42329684
1.13359375 0.42330373
1.13367188 0.42331062
1.13375000 0.42331751
1.13382812 0.42332440
1.13390625 0.42333129
1.13398438 0.42333818
1.13406250 0.42334507
1.13414063 0.42335196
1.13421875 0.42335885
1.13429687 0.42336575
1.13437500 0.42337264
1.13445313 0.42337953
1.13453125 0.42338642
1.13460937 0.42339331
1.13468750 0.42340020
1.13476562 0.42340709
1.13484375 0.42341398
1.13492188 0.42342087
1.13500000 0.42342776
1.13507812 0.42343465
1.13515625 0.42344154
1.13523438 0.42344843
1.13531250 0.42345532
1.13539063 0.42346221
1.13546875 0.42346910
1.13554687 0.42347599
1.13562500 0.42348288
1.13570313 0.42348977
1.13578125 0.42349667
1.13585938 0.42350356
1.13593750 0.42351045
1.13601562 0.42351734
1.13609375 0.42352423
1.13617188 0.42353112
1.13625000 0.42353801
1.13632813 0.42354490
1.13640625 0.42355179
1.13648437 0.42355868
1.13656250 0.42356557
1.13664063 0.42357246
1.13671875 0.42357935
1.13679687 0.42358624
1.13687500 0.42359313
1.13695313 0.42360002
1.13703125 0.42360692
1.13710938 0.42361381
1.13718750 0.42362070
1.13726562 0.42362759
1.13734375 0.42363448
1.13742188 0.42364137
1.13750000 0.42364826
1.13757813 0.42365515
1.13765625 0.42366204
1.13773437 0.42366893
1.13781250 0.42367582
1.13789063 0.42368271
1.13796875 0.42368960
1.13804688 0.42369650
1.13812500 0.42370339
1.13820312 0.42371028
1.13828125 0.42371717
1.13835938 0.42372406
1.13843750 0.42373095
1.13851562 0.42373784
1.13859375 0.42374473
1.13867188 0.42375162
1.13875000 0.42375851
1.13882813 0.42376540
1.13890625 0.42377229
1.13898437 0.42377919
1.13906250 0.42378608
1.13914063 0.42379297
1.13921875 0.42379986
1.13929688 0.42380675
1.13937500 0.42381364
1.13945312 0.42382053
1.13953125 0.42382742
1.13960938 0.42383431
1.13968750 0.42384120
1.13976563 0.42384810
1.13984375 0.42385499
1.13992187 0.42386188
1.14000000 0.42386877
1.14007813 0.42387566
1.14015625 0.42388255
1.14023438 0.42388944
1.14031250 0.42389633
1.14039062 0.42390322
1.14046875 0.42391011
1.14054688 0.42391701
1.14062500 0.42392390
1.14070312 0.42393079
1.14078125 0.42393768
1.14085938 0.42394457
1.14093750 0.42395146
1.14101563 0.42395835
1.14109375 0.42396524
1.14117187 0.42397213
1.14125000 0.42397902
1.14132813 0.42398592
1.14140625 0.42399281
1.14148438 0.42399970
1.14156250 0.42400659
1.14164062 0.42401348
1.14171875 0.42402037
1.14179688 0.42402726
1.14187500 0.42403415
1.14195313 0.42404105
1.14203125 0.42404794
1.14210937 0.42405483
1.14218750 0.42406172
1.14226563 0.42406861
1.14234375 0.42407550
1.14242187 0.42408239
1.14250000 0.42408928
1.14257812 0.42409618
1.14265625 0.42410307
1.14273438 0.42410996
1.14281250 0.42411685
1.14289062 0.42412374
1.14296875 0.42413063
1.14304688 0.42413752
1.14312500 0.42414441
1.14320313 0.42415131
1.14328125 0.42415820
1.14335937 0.42416509
1.14343750 0.42417198
1.14351563 0.42417887
1.14359375 0.42418576
1.14367188 0.42419265
1.14375000 0.42419954
1.14382812 0.42420644
1.14390625 0.42421333
1.14398438 0.42422022
1.14406250 0.42422711
1.14414063 0.42423400
1.14421875 0.42424089
1.14429687 0.42424778
1.14437500 0.42425468
1.14445313 0.42426157
1.14453125 0.42426846
1.14460937 0.42427535
1.14468750 0.42428224
1.14476563 0.42428913
1.14484375 0.42429602
1.14492188 0.42430292
1.14500000 0.42430981
1.14507812 0.42431670
1.14515625 0.42432359
1.14523438 0.42433048
1.14531250 0.42433737
1.14539063 0.42434426
1.14546875 0.42435116
1.14554687 0.42435805
1.14562500 0.42436494
1.14570313 0.42437183
1.14578125 0.42437872
1.14585938 0.42438561
1.14593750 0.42439251
1.14601562 0.42439940
1.14609375 0.42440629
1.14617188 0.42441318
1.14625000 0.42442007
1.14632812 0.42442696
1.14640625 0.42443386
1.14648438 0.42444075
1.14656250 0.42444764
1.14664063 0.42445453
1.14671875 0.42446142
1.14679687 0.42446831
1.14687500 0.42447520
1.14695313 0.42448210
1.14703125 0.42448899
1.14710938 0.42449588
1.14718750 0.42450277
1.14726562 0.42450966
1.14734375 0.42451655
1.14742188 0.42452345
1.14750000 0.42453034
1.14757813 0.42453723
1.14765625 0.42454412
1.14773437 0.42455101
1.14781250 0.42455791
1.14789063 0.42456480
1.14796875 0.42457169
1.14804688 0.42457858
1.14812500 0.42458547
1.14820312 0.42459236
1.14828125 0.42459926
1.14835938 0.42460615
1.14843750 0.42461304
1.14851562 0.42461993
1.14859375 0.42462682
1.14867188 0.42463372
1.14875000 0.42464061
1.14882813 0.42464750
1.14890625 0.42465439
1.14898437 0.42466128
1.14906250 0.42466817
1.14914063 0.42467507
1.14921875 0.42468196
1.14929688 0.42468885
1.14937500 0.42469574
1.14945312 0.42470263
1.14953125 0.42470953
1.14960938 0.42471642
1.14968750 0.42472331
1.14976563 0.42473020
1.14984375 0.42473709
1.14992187 0.42474399
1.15000000 0.42475088
1.15007813 0.42475777
1.15015625 0.42476466
1.15023437 0.42477155
1.15031250 0.42477844
1.15039062 0.42478534
1.15046875 0.42479223
1.15054688 0.42479912
1.15062500 0.42480601
1.15070312 0.42481291
1.15078125 0.42481980
1.15085938 0.42482669
1.15093750 0.42483358
1.15101563 0.42484047
1.15109375 0.42484737
1.15117187 0.42485426
1.15125000 0.42486115
1.15132813 0.42486804
1.15140625 0.42487493
1.15148438 0.42488183
1.15156250 0.42488872
1.15164062 0.42489561
1.15171875 0.42490250
1.15179688 0.42490939
1.15187500 0.42491629
1.15195313 0.42492318
1.15203125 0.42493007
1.15210937 0.42493696
1.15218750 0.42494385
1.15226563 0.42495075
1.15234375 0.42495764
1.15242187 0.42496453
1.15250000 0.42497142
1.15257813 0.42497832
1.15265625 0.42498521
1.15273438 0.42499210
1.15281250 0.42499899
1.15289062 0.42500588
1.15296875 0.42501278
1.15304688 0.42501967
1.15312500 0.42502656
1.15320313 0.42503345
1.15328125 0.42504035
1.15335937 0.42504724
1.15343750 0.42505413
1.15351563 0.42506102
1.15359375 0.42506791
1.15367188 0.42507481
1.15375000 0.42508170
1.15382812 0.42508859
1.15390625 0.42509548
1.15398438 0.42510238
1.15406250 0.42510927
1.15414062 0.42511616
1.15421875 0.42512305
1.15429688 0.42512995
1.15437500 0.42513684
1.15445313 0.42514373
1.15453125 0.42515062
1.15460937 0.42515752
1.15468750 0.42516441
1.15476563 0.42517130
1.15484375 0.42517819
1.15492188 0.42518508
1.15500000 0.42519198
1.15507812 0.42519887
1.15515625 0.42520576
1.15523438 0.42521265
1.15531250 0.42521955
1.15539063 0.42522644
1.15546875 0.42523333
1.15554687 0.42524022
1.15562500 0.42524712
1.15570313 0.42525401
1.15578125 0.42526090
1.15585938 0.42526779
1.15593750 0.42527469
1.15601562 0.42528158
1.15609375 0.42528847
1.15617188 0.42529536
1.15625000 0.42530226
1.15632812 0.42530915
1.15640625 0.42531604
1.15648438 0.42532293
1.15656250 0.42532983
1.15664063 0.42533672
1.15671875 0.42534361
1.15679687 0.42535051
1.15687500 0.42535740
1.15695313 0.42536429
1.15703125 0.42537118
1.15710938 0.42537808
1.15718750 0.42538497
1.15726562 0.42539186
1.15734375 0.42539875
1.15742188 0.42540565
1.15750000 0.42541254
1.15757813 0.42541943
1.15765625 0.42542632
1.15773437 0.42543322
1.15781250 0.42544011
1.15789063 0.42544700
1.15796875 0.42545389
1.15804687 0.42546079
1.15812500 0.42546768
1.15820312 0.42547457
1.15828125 0.42548147
1.15835938 0.42548836
1.15843750 0.42549525
1.15851562 0.42550214
1.15859375 0.42550904
1.15867188 0.42551593
1.15875000 0.42552282
1.15882813 0.42552972
1.15890625 0.42553661
1.15898437 0.42554350
1.15906250 0.42555039
1.15914063 0.42555729
1.15921875 0.42556418
1.15929688 0.42557107
1.15937500 0.42557796
1.15945312 0.42558486
1.15953125 0.42559175
1.15960938 0.42559864
1.15968750 0.42560554
1.15976563 0.42561243
1.15984375 0.42561932
1.15992187 0.42562621
1.16000000 0.42563311
1.16007813 0.42564000
1.16015625 0.42564689
1.16023437 0.42565379
1.16031250 0.42566068
1.16039063 0.42566757
1.16046875 0.42567447
1.16054688 0.42568136
1.16062500 0.42568825
1.16070312 0.42569514
1.16078125 0.42570204
1.16085938 0.42570893
1.16093750 0.42571582
1.16101563 0.42572272
1.16109375 0.42572961
1.16117187 0.42573650
1.16125000 0.42574340
1.16132813 0.42575029
1.16140625 0.42575718
1.16148438 0.42576407
1.16156250 0.42577097
1.16164062 0.42577786
1.16171875 0.42578475
1.16179688 0.42579165
1.16187500 0.42579854
1.16195312 0.42580543
1.16203125 0.42581233
1.16210938 0.42581922
1.16218750 0.42582611
1.16226563 0.42583300
1.16234375 0.42583990
1.16242187 0.42584679
1.16250000 0.42585368
1.16257813 0.42586058
1.16265625 0.42586747
1.16273438 0.42587436
1.16281250 0.42588126
1.16289062 0.42588815
1.16296875 0.42589504
1.16304688 0.42590194
1.16312500 0.42590883
1.16320313 0.42591572
1.16328125 0.42592262
1.16335937 0.42592951
1.16343750 0.42593640
1.16351563 0.42594330
1.16359375 0.42595019
1.16367188 0.42595708
1.16375000 0.42596398
1.16382812 0.42597087
1.16390625 0.42597776
1.16398438 0.42598466
1.16406250 0.42599155
1.16414062 0.42599844
1.16421875 0.42600533
1.16429688 0.42601223
1.16437500 0.42601912
1.16445313 0.42602601
1.16453125 0.42603291
1.16460937 0.42603980
1.16468750 0.42604669
1.16476563 0.42605359
1.16484375 0.42606048
1.16492188 0.42606737
1.16500000 0.42607427
1.16507812 0.42608116
1.16515625 0.42608805
1.16523438 0.42609495
1.16531250 0.42610184
1.16539063 0.42610874
1.16546875 0.42611563
1.16554687 0.42612252
1.16562500 0.42612942
1.16570313 0.42613631
1.16578125 0.42614320
1.16585937 0.42615010
1.16593750 0.42615699
1.16601562 0.42616388
1.16609375 0.42617078
1.16617188 0.42617767
1.16625000 0.42618456
1.16632812 0.42619146
1.16640625 0.42619835
1.16648438 0.42620524
1.16656250 0.42621214
1.16664063 0.42621903
1.16671875 0.42622592
1.16679687 0.42623282
1.16687500 0.42623971
1.16695313 0.42624660
1.16703125 0.42625350
1.16710938 0.42626039
1.16718750 0.42626729
1.16726562 0.42627418
1.16734375 0.42628107
1.16742188 0.42628797
1.16750000 0.42629486
1.16757813 0.42630175
1.16765625 0.42630865
1.16773437 0.42631554
1.16781250 0.42632243
1.16789063 0.42632933
1.16796875 0.42633622
1.16804687 0.42634311
1.16812500 0.42635001
1.16820313 0.42635690
1.16828125 0.42636380
1.16835938 0.42637069
1.16843750 0.42637758
1.16851562 0.42638448
1.16859375 0.42639137
1.16867188 0.42639826
1.16875000 0.42640516
1.16882813 0.42641205
1.16890625 0.42641895
1.16898437 0.42642584
1.16906250 0.42643273
1.16914063 0.42643963
1.16921875 0.42644652
1.16929688 0.42645341
1.16937500 0.42646031
1.16945312 0.42646720
1.16953125 0.42647410
1.16960938 0.42648099
1.16968750 0.42648788
1.16976562 0.42649478
1.16984375 0.42650167
1.16992188 0.42650856
1.17000000 0.42651546
1.17007813 0.42652235
1.17015625 0.42652925
1.17023437 0.42653614
1.17031250 0.42654303
1.17039063 0.42654993
1.17046875 0.42655682
1.17054688 0.42656372
1.17062500 0.42657061
1.17070312 0.42657750
1.17078125 0.42658440
1.17085938 0.42659129
1.17093750 0.42659818
1.17101563 0.42660508
1.17109375 0.42661197
1.17117187 0.42661887
1.17125000 0.42662576
1.17132813 0.42663265
1.17140625 0.42663955
1.17148438 0.42664644
1.17156250 0.42665334
1.17164062 0.42666023
1.17171875 0.42666712
1.17179688 0.42667402
1.17187500 0.42668091
1.17195312 0.42668781
1.17203125 0.42669470
1.17210938 0.42670159
1.17218750 0.42670849
1.17226563 0.42671538
1.17234375 0.42672228
1.17242187 0.42672917
1.17250000 0.42673606
1.17257813 0.42674296
1.17265625 0.42674985
1.17273438 0.42675675
1.17281250 0.42676364
1.17289062 0.42677053
1.17296875 0.42677743
1.17304688 0.42678432
1.17312500 0.42679122
1.17320313 0.42679811
1.17328125 0.42680501
1.17335937 0.42681190
1.17343750 0.42681879
1.17351563 0.42682569
1.17359375 0.42683258
1.17367187 0.42683948
1.17375000 0.42684637
1.17382812 0.42685326
1.17390625 0.42686016
1.17398438 0.42686705
1.17406250 0.42687395
1.17414062 0.42688084
1.17421875 0.42688774
1.17429688 0.42689463
1.17437500 0.42690152
1.17445313 0.42690842
1.17453125 0.42691531
1.17460937 0.42692221
1.17468750 0.42692910
1.17476563 0.42693600
1.17484375 0.42694289
1.17492188 0.42694978
1.17500000 0.42695668
1.17507812 0.42696357
1.17515625 0.42697047
1.17523438 0.42697736
1.17531250 0.42698426
1.17539063 0.42699115
1.17546875 0.42699804
1.17554687 0.42700494
1.17562500 0.42701183
1.17570313 0.42701873
1.17578125 0.42702562
1.17585937 0.42703252
1.17593750 0.42703941
1.17601563 0.42704630
1.17609375 0.42705320
1.17617188 0.42706009
1.17625000 0.42706699
1.17632812 0.42707388
1.17640625 0.42708078
1.17648438 0.42708767
1.17656250 0.42709457
1.17664063 0.42710146
1.17671875 0.42710835
1.17679687 0.42711525
1.17687500 0.42712214
1.17695313 0.42712904
1.17703125 0.42713593
1.17710938 0.42714283
1.17718750 0.42714972
1.17726562 0.42715662
1.17734375 0.42716351
1.17742188 0.42717040
1.17750000 0.42717730
1.17757812 0.42718419
1.17765625 0.42719109
1.17773438 0.42719798
1.17781250 0.42720488
1.17789063 0.42721177
1.17796875 0.42721867
1.17804687 0.42722556
1.17812500 0.42723246
1.17820313 0.42723935
1.17828125 0.42724624
1.17835938 0.42725314
1.17843750 0.42726003
1.17851562 0.42726693
1.17859375 0.42727382
1.17867188 0.42728072
1.17875000 0.42728761
1.17882813 0.42729451
1.17890625 0.42730140
1.17898437 0.42730830
1.17906250 0.42731519
1.17914063 0.42732209
1.17921875 0.42732898
1.17929688 0.42733587
1.17937500 0.42734277
1.17945312 0.42734966
1.17953125 0.42735656
1.17960938 0.42736345
1.17968750 0.42737035
1.17976562 0.42737724
1.17984375 0.42738414
1.17992188 0.42739103
1.18000000 0.42739793
1.18007813 0.42740482
1.18015625 0.42741172
1.18023437 0.42741861
1.18031250 0.42742551
1.18039063 0.42743240
1.18046875 0.42743930
1.18054688 0.42744619
1.18062500 0.42745308
1.18070312 0.42745998
1.18078125 0.42746687
1.18085938 0.42747377
1.18093750 0.42748066
1.18101563 0.42748756
1.18109375 0.42749445
1.18117187 0.42750135
1.18125000 0.42750824
1.18132813 0.42751514
1.18140625 0.42752203
1.18148437 0.42752893
1.18156250 0.42753582
1.18164062 0.42754272
1.18171875 0.42754961
1.18179688 0.42755651
1.18187500 0.42756340
1.18195312 0.42757030
1.18203125 0.42757719
1.18210938 0.42758409
1.18218750 0.42759098
1.18226563 0.42759788
1.18234375 0.42760477
1.18242187 0.42761167
1.18250000 0.42761856
1.18257813 0.42762546
1.18265625 0.42763235
1.18273438 0.42763925
1.18281250 0.42764614
1.18289062 0.42765304
1.18296875 0.42765993
1.18304688 0.42766683
1.18312500 0.42767372
1.18320313 0.42768062
1.18328125 0.42768751
1.18335937 0.42769441
1.18343750 0.42770130
1.18351563 0.42770820
1.18359375 0.42771509
1.18367187 0.42772199
1.18375000 0.42772888
1.18382813 0.42773578
1.18390625 0.42774267
1.18398438 0.42774957
1.18406250 0.42775646
1.18414062 0.42776336
1.18421875 0.42777025
1.18429688 0.42777715
1.18437500 0.42778404
1.18445313 0.42779094
1.18453125 0.42779783
1.18460937 0.42780473
1.18468750 0.42781162
1.18476563 0.42781852
1.18484375 0.42782541
1.18492188 0.42783231
1.18500000 0.42783920
1.18507812 0.42784610
1.18515625 0.42785300
1.18523438 0.42785989
1.18531250 0.42786679
1.18539062 0.42787368
1.18546875 0.42788058
1.18554688 0.42788747
1.18562500 0.42789437
1.18570313 0.42790126
1.18578125 0.42790816
1.18585937 0.42791505
1.18593750 0.42792195
1.18601563 0.42792884
1.18609375 0.42793574
1.18617188 0.42794263
1.18625000 0.42794953
1.18632812 0.42795642
1.18640625 0.42796332
1.18648438 0.42797021
1.18656250 0.42797711
1.18664063 0.42798401
1.18671875 0.42799090
1.18679687 0.42799780
1.18687500 0.42800469
1.18695313 0.42801159
1.18703125 0.42801848
1.18710938 0.42802538
1.18718750 0.42803227
1.18726562 0.42803917
1.18734375 0.42804606
1.18742188 0.42805296
1.18750000 0.42805985
1.18757812 0.42806675
1.18765625 0.42807365
1.18773438 0.42808054
1.18781250 0.42808744
1.18789063 0.42809433
1.18796875 0.42810123
1.18804687 0.42810812
1.18812500 0.42811502
1.18820313 0.42812191
1.18828125 0.42812881
1.18835938 0.42813570
1.18843750 0.42814260
1.18851562 0.42814950
1.18859375 0.42815639
1.18867188 0.42816329
1.18875000 0.42817018
1.18882813 0.42817708
1.18890625 0.42818397
1.18898437 0.42819087
1.18906250 0.42819776
1.18914063 0.42820466
1.18921875 0.42821156
1.18929687 0.42821845
1.18937500 0.42822535
1.18945312 0.42823224
1.18953125 0.42823914
1.18960938 0.42824603
1.18968750 0.42825293
1.18976562 0.42825982
1.18984375 0.42826672
1.18992188 0.42827362
1.19000000 0.42828051
1.19007813 0.42828741
1.19015625 0.42829430
1.19023437 0.42830120
1.19031250 0.42830809
1.19039063 0.42831499
1.19046875 0.42832189
1.19054688 0.42832878
1.19062500 0.42833568
1.19070312 0.42834257
1.19078125 0.42834947
1.19085938 0.42835636
1.19093750 0.42836326
1.19101563 0.42837016
1.19109375 0.42837705
1.19117187 0.42838395
1.19125000 0.42839084
1.19132813 0.42839774
1.19140625 0.42840463
1.19148437 0.42841153
1.19156250 0.42841843
1.19164063 0.42842532
1.19171875 0.42843222
1.19179688 0.42843911
1.19187500 0.42844601
1.19195312 0.42845290
1.19203125 0.42845980
1.19210938 0.42846670
1.19218750 0.42847359
1.19226563 0.42848049
1.19234375 0.42848738
1.19242187 0.42849428
1.19250000 0.42850118
1.19257813 0.42850807
1.19265625 0.42851497
1.19273438 0.42852186
1.19281250 0.42852876
1.19289062 0.42853566
1.19296875 0.42854255
1.19304688 0.42854945
1.19312500 0.42855634
1.19320312 0.42856324
1.19328125 0.42857013
1.19335938 0.42857703
1.19343750 0.42858393
1.19351563 0.42859082
1.19359375 0.42859772
1.19367187 0.42860461
1.19375000 0.42861151
1.19382813 0.42861841
1.19390625 0.42862530
1.19398438 0.42863220
1.19406250 0.42863909
1.19414062 0.42864599
1.19421875 0.42865289
1.19429688 0.42865978
1.19437500 0.42866668
1.19445313 0.42867357
1.19453125 0.42868047
1.19460937 0.42868737
1.19468750 0.42869426
1.19476563 0.42870116
1.19484375 0.42870805
1.19492188 0.42871495
1.19500000 0.42872185
1.19507812 0.42872874
1.19515625 0.42873564
1.19523438 0.42874254
1.19531250 0.42874943
1.19539062 0.42875633
1.19546875 0.42876322
1.19554688 0.42877012
1.19562500 0.42877702
1.19570313 0.42878391
1.19578125 0.42879081
1.19585937 0.42879770
1.19593750 0.42880460
1.19601563 0.42881150
1.19609375 0.42881839
1.19617188 0.42882529
1.19625000 0.42883219
1.19632812 0.42883908
1.19640625 0.42884598
1.19648438 0.42885287
1.19656250 0.42885977
1.19664063 0.42886667
1.19671875 0.42887356
1.19679687 0.42888046
1.19687500 0.42888736
1.19695313 0.42889425
1.19703125 0.42890115
1.19710937 0.42890804
1.19718750 0.42891494
1.19726562 0.42892184
1.19734375 0.42892873
1.19742188 0.42893563
1.19750000 0.42894253
1.19757812 0.42894942
1.19765625 0.42895632
1.19773438 0.42896321
1.19781250 0.42897011
1.19789063 0.42897701
1.19796875 0.42898390
1.19804687 0.42899080
1.19812500 0.42899770
1.19820313 0.42900459
1.19828125 0.42901149
1.19835938 0.42901839
1.19843750 0.42902528
1.19851562 0.42903218
1.19859375 0.42903907
1.19867188 0.42904597
1.19875000 0.42905287
1.19882813 0.42905976
1.19890625 0.42906666
1.19898437 0.42907356
1.19906250 0.42908045
1.19914063 0.42908735
1.19921875 0.42909425
1.19929687 0.42910114
1.19937500 0.42910804
1.19945313 0.42911494
1.19953125 0.42912183
1.19960938 0.42912873
1.19968750 0.42913562
1.19976562 0.42914252
1.19984375 0.42914942
1.19992188 0.42915631
1.20000000 0.42916321
1.20007813 0.42917011
1.20015625 0.42917700
1.20023437 0.42918390
1.20031250 0.42919080
1.20039063 0.42919769
1.20046875 0.42920459
1.20054688 0.42921149
1.20062500 0.42921838
1.20070312 0.42922528
1.20078125 0.42923218
1.20085938 0.42923907
1.20093750 0.42924597
1.20101562 0.42925287
1.20109375 0.42925976
1.20117188 0.42926666
1.20125000 0.42927356
1.20132813 0.42928045
1.20140625 0.42928735
1.20148437 0.42929425
1.20156250 0.42930114
1.20164063 0.42930804
1.20171875 0.42931494
1.20179688 0.42932183
1.20187500 0.42932873
1.20195312 0.42933563
1.20203125 0.42934252
1.20210938 0.42934942
1.20218750 0.42935632
1.20226563 0.42936321
1.20234375 0.42937011
1.20242187 0.42937701
1.20250000 0.42938390
1.20257813 0.42939080
1.20265625 0.42939770
1.20273438 0.42940459
1.20281250 0.42941149
1.20289062 0.42941839
1.20296875 0.42942528
1.20304688 0.42943218
1.20312500 0.42943908
1.20320312 0.42944597
1.20328125 0.42945287
1.20335938 0.42945977
1.20343750 0.42946666
1.20351563 0.42947356
1.20359375 0.42948046
1.20367187 0.42948736
1.20375000 0.42949425
1.20382813 0.42950115
1.20390625 0.42950805
1.20398438 0.42951494
1.20406250 0.42952184
1.20414062 0.42952874
1.20421875 0.42953563
1.20429688 0.42954253
1.20437500 0.42954943
1.20445313 0.42955632
1.20453125 0.42956322
1.20460937 0.42957012
1.20468750 0.42957702
1.20476563 0.42958391
1.20484375 0.42959081
1.20492187 0.42959771
1.20500000 0.42960460
1.20507812 0.42961150
1.20515625 0.42961840
1.20523438 0.42962529
1.20531250 0.42963219
1.20539062 0.42963909
1.20546875 0.42964598
1.20554688 0.42965288
1.20562500 0.42965978
1.20570313 0.42966668
1.20578125 0.42967357
1.20585937 0.42968047
1.20593750 0.42968737
1.20601563 0.42969426
1.20609375 0.42970116
1.20617188 0.42970806
1.20625000 0.42971496
1.20632812 0.42972185
1.20640625 0.42972875
1.20648438 0.42973565
1.20656250 0.42974254
1.20664063 0.42974944
1.20671875 0.42975634
1.20679687 0.42976324
1.20687500 0.42977013
1.20695313 0.42977703
1.20703125 0.42978393
1.20710937 0.42979082
1.20718750 0.42979772
1.20726563 0.42980462
1.20734375 0.42981152
1.20742188 0.42981841
1.20750000 0.42982531
1.20757812 0.42983221
1.20765625 0.42983910
1.20773438 0.42984600
1.20781250 0.42985290
1.20789063 0.42985980
1.20796875 0.42986669
1.20804687 0.42987359
1.20812500 0.42988049
1.20820313 0.42988738
1.20828125 0.42989428
1.20835938 0.42990118
1.20843750 0.42990808
1.20851562 0.42991497
1.20859375 0.42992187
1.20867188 0.42992877
1.20875000 0.42993567
1.20882812 0.42994256
1.20890625 0.42994946
1.20898438 0.42995636
1.20906250 0.42996325
1.20914063 0.42997015
1.20921875 0.42997705
1.20929687 0.42998395
1.20937500 0.42999084
1.20945313 0.42999774
1.20953125 0.43000464
1.20960938 0.43001154
1.20968750 0.43001843
1.20976562 0.43002533
1.20984375 0.43003223
1.20992188 0.43003913
1.21000000 0.43004602
1.21007813 0.43005292
1.21015625 0.43005982
1.21023437 0.43006672
1.21031250 0.43007361
1.21039063 0.43008051
1.21046875 0.43008741
1.21054688 0.43009431
1.21062500 0.43010120
1.21070312 0.43010810
1.21078125 0.43011500
1.21085938 0.43012189
1.21093750 0.43012879
1.21101562 0.43013569
1.21109375 0.43014259
1.21117188 0.43014948
1.21125000 0.43015638
1.21132813 0.43016328
1.21140625 0.43017018
1.21148437 0.43017707
1.21156250 0.43018397
1.21164063 0.43019087
1.21171875 0.43019777
1.21179688 0.43020467
1.21187500 0.43021156
1.21195312 0.43021846
1.21203125 0.43022536
1.21210938 0.43023226
1.21218750 0.43023915
1.21226563 0.43024605
1.21234375 0.43025295
1.21242187 0.43025985
1.21250000 0.43026674
1.21257813 0.43027364
1.21265625 0.43028054
1.21273437 0.43028744
1.21281250 0.43029433
1.21289062 0.43030123
1.21296875 0.43030813
1.21304688 0.43031503
1.21312500 0.43032192
1.21320312 0.43032882
1.21328125 0.43033572
1.21335938 0.43034262
1.21343750 0.43034952
1.21351563 0.43035641
1.21359375 0.43036331
1.21367187 0.43037021
1.21375000 0.43037711
1.21382813 0.43038400
1.21390625 0.43039090
1.21398438 0.43039780
1.21406250 0.43040470
1.21414062 0.43041160
1.21421875 0.43041849
1.21429688 0.43042539
1.21437500 0.43043229
1.21445313 0.43043919
1.21453125 0.43044608
1.21460937 0.43045298
1.21468750 0.43045988
1.21476563 0.43046678
1.21484375 0.43047368
1.21492187 0.43048057
1.21500000 0.43048747
1.21507813 0.43049437
1.21515625 0.43050127
1.21523438 0.43050816
1.21531250 0.43051506
1.21539062 0.43052196
1.21546875 0.43052886
1.21554688 0.43053576
1.21562500 0.43054265
1.21570313 0.43054955
1.21578125 0.43055645
1.21585937 0.43056335
1.21593750 0.43057025
1.21601563 0.43057714
1.21609375 0.43058404
1.21617188 0.43059094
1.21625000 0.43059784
1.21632812 0.43060474
1.21640625 0.43061163
1.21648438 0.43061853
1.21656250 0.43062543
1.21664062 0.43063233
1.21671875 0.43063922
1.21679688 0.43064612
1.21687500 0.43065302
1.21695313 0.43065992
1.21703125 0.43066682
1.21710937 0.43067371
1.21718750 0.43068061
1.21726563 0.43068751
1.21734375 0.43069441
1.21742188 0.43070131
1.21750000 0.43070821
1.21757812 0.43071510
1.21765625 0.43072200
1.21773438 0.43072890
1.21781250 0.43073580
1.21789063 0.43074270
1.21796875 0.43074959
1.21804687 0.43075649
1.21812500 0.43076339
1.21820313 0.43077029
1.21828125 0.43077719
1.21835938 0.43078408
1.21843750 0.43079098
1.21851562 0.43079788
1.21859375 0.43080478
1.21867188 0.43081168
1.21875000 0.43081857
1.21882812 0.43082547
1.21890625 0.43083237
1.21898438 0.43083927
1.21906250 0.43084617
1.21914063 0.43085307
1.21921875 0.43085996
1.21929687 0.43086686
1.21937500 0.43087376
1.21945313 0.43088066
1.21953125 0.43088756
1.21960938 0.43089445
1.21968750 0.43090135
1.21976562 0.43090825
1.21984375 0.43091515
1.21992188 0.43092205
1.22000000 0.43092895
1.22007813 0.43093584
1.22015625 0.43094274
1.22023437 0.43094964
1.22031250 0.43095654
1.22039063 0.43096344
1.22046875 0.43097034
1.22054687 0.43097723
1.22062500 0.43098413
1.22070312 0.43099103
1.22078125 0.43099793
1.22085938 0.43100483
1.22093750 0.43101173
1.22101562 0.43101862
1.22109375 0.43102552
1.22117188 0.43103242
1.22125000 0.43103932
1.22132813 0.43104622
1.22140625 0.43105312
1.22148437 0.43106001
1.22156250 0.43106691
1.22164063 0.43107381
1.22171875 0.43108071
1.22179688 0.43108761
1.22187500 0.43109451
1.22195312 0.43110140
1.22203125 0.43110830
1.22210938 0.43111520
1.22218750 0.43112210
1.22226563 0.43112900
1.22234375 0.43113590
1.22242187 0.43114280
1.22250000 0.43114969
1.22257813 0.43115659
1.22265625 0.43116349
1.22273437 0.43117039
1.22281250 0.43117729
1.22289063 0.43118419
1.22296875 0.43119109
1.22304688 0.43119798
1.22312500 0.43120488
1.22320312 0.43121178
1.22328125 0.43121868
1.22335938 0.43122558
1.22343750 0.43123248
1.22351563 0.43123937
1.22359375 0.43124627
1.22367187 0.43125317
1.22375000 0.43126007
1.22382813 0.43126697
1.22390625 0.43127387
1.22398438 0.43128077
1.22406250 0.43128767
1.22414062 0.43129456
1.22421875 0.43130146
1.22429688 0.43130836
1.22437500 0.43131526
1.22445312 0.43132216
1.22453125 0.43132906
1.22460938 0.43133596
1.22468750 0.43134285
1.22476563 0.43134975
1.22484375 0.43135665
1.22492187 0.43136355
1.22500000 0.43137045
1.22507813 0.43137735
1.22515625 0.43138425
1.22523438 0.43139114
1.22531250 0.43139804
1.22539062 0.43140494
1.22546875 0.43141184
1.22554688 0.43141874
1.22562500 0.43142564
1.22570313 0.43143254
1.22578125 0.43143944
1.22585937 0.43144633
1.22593750 0.43145323
1.22601563 0.43146013
1.22609375 0.43146703
1.22617188 0.43147393
1.22625000 0.43148083
1.22632812 0.43148773
1.22640625 0.43149463
1.22648438 0.43150153
1.22656250 0.43150842
1.22664062 0.43151532
1.22671875 0.43152222
1.22679688 0.43152912
1.22687500 0.43153602
1.22695313 0.43154292
1.22703125 0.43154982
1.22710937 0.43155672
1.22718750 0.43156361
1.22726563 0.43157051
1.22734375 0.43157741
1.22742188 0.43158431
1.22750000 0.43159121
1.22757812 0.43159811
1.22765625 0.43160501
1.22773438 0.43161191
1.22781250 0.43161881
1.22789063 0.43162570
1.22796875 0.43163260
1.22804687 0.43163950
1.22812500 0.43164640
1.22820313 0.43165330
1.22828125 0.43166020
1.22835937 0.43166710
1.22843750 0.43167400
1.22851562 0.43168090
1.22859375 0.43168780
1.22867188 0.43169469
1.22875000 0.43170159
1.22882812 0.43170849
1.22890625 0.43171539
1.22898438 0.43172229
1.22906250 0.43172919
1.22914063 0.43173609
1.22921875 0.43174299
1.22929687 0.43174989
1.22937500 0.43175679
1.22945313 0.43176369
1.22953125 0.43177058
1.22960938 0.43177748
1.22968750 0.43178438
1.22976562 0.43179128
1.22984375 0.43179818
1.22992188 0.43180508
1.23000000 0.43181198
1.23007813 0.43181888
1.23015625 0.43182578
1.23023437 0.43183268
1.23031250 0.43183958
1.23039063 0.43184647
1.23046875 0.43185337
1.23054687 0.43186027
1.23062500 0.43186717
1.23070313 0.43187407
1.23078125 0.43188097
1.23085938 0.43188787
1.23093750 0.43189477
1.23101562 0.43190167
1.23109375 0.43190857
1.23117188 0.43191547
1.23125000 0.43192237
1.23132813 0.43192926
1.23140625 0.43193616
1.23148437 0.43194306
1.23156250 0.43194996
1.23164063 0.43195686
1.23171875 0.43196376
1.23179688 0.43197066
1.23187500 0.43197756
1.23195312 0.43198446
1.23203125 0.43199136
1.23210938 0.43199826
1.23218750 0.43200516
1.23226562 0.43201206
1.23234375 0.43201896
1.23242188 0.43202585
1.23250000 0.43203275
1.23257813 0.43203965
1.23265625 0.43204655
1.23273437 0.43205345
1.23281250 0.43206035
1.23289063 0.43206725
1.23296875 0.43207415
1.23304688 0.43208105
1.23312500 0.43208795
1.23320312 0.43209485
1.23328125 0.43210175
1.23335938 0.43210865
1.23343750 0.43211555
1.23351563 0.43212245
1.23359375 0.43212934
1.23367187 0.43213624
1.23375000 0.43214314
1.23382813 0.43215004
1.23390625 0.43215694
1.23398438 0.43216384
1.23406250 0.43217074
1.23414062 0.43217764
1.23421875 0.43218454
1.23429688 0.43219144
1.23437500 0.43219834
1.23445312 0.43220524
1.23453125 0.43221214
1.23460938 0.43221904
1.23468750 0.43222594
1.23476563 0.43223284
1.23484375 0.43223974
1.23492187 0.43224664
1.23500000 0.43225354
1.23507813 0.43226043
1.23515625 0.43226733
1.23523438 0.43227423
1.23531250 0.43228113
1.23539062 0.43228803
1.23546875 0.43229493
1.23554688 0.43230183
1.23562500 0.43230873
1.23570313 0.43231563
1.23578125 0.43232253
1.23585937 0.43232943
1.23593750 0.43233633
1.23601563 0.43234323
1.23609375 0.43235013
1.23617187 0.43235703
1.23625000 0.43236393
1.23632812 0.43237083
1.23640625 0.43237773
1.23648438 0.43238463
1.23656250 0.43239153
1.23664062 0.43239843
1.23671875 0.43240533
1.23679688 0.43241223
1.23687500 0.43241913
1.23695313 0.43242603
1.23703125 0.43243293
1.23710937 0.43243983
1.23718750 0.43244672
1.23726563 0.43245362
1.23734375 0.43246052
1.23742188 0.43246742
1.23750000 0.43247432
1.23757812 0.43248122
1.23765625 0.43248812
1.23773438 0.43249502
1.23781250 0.43250192
1.23789063 0.43250882
1.23796875 0.43251572
1.23804687 0.43252262
1.23812500 0.43252952
1.23820313 0.43253642
1.23828125 0.43254332
1.23835937 0.43255022
1.23843750 0.43255712
1.23851563 0.43256402
1.23859375 0.43257092
1.23867188 0.43257782
1.23875000 0.43258472
1.23882812 0.43259162
1.23890625 0.43259852
1.23898438 0.43260542
1.23906250 0.43261232
1.23914063 0.43261922
1.23921875 0.43262612
1.23929687 0.43263302
1.23937500 0.43263992
1.23945313 0.43264682
1.23953125 0.43265372
1.23960938 0.43266062
1.23968750 0.43266752
1.23976562 0.43267442
1.23984375 0.43268132
1.23992188 0.43268822
1.24000000 0.43269512
1.24007812 0.43270202
1.24015625 0.43270892
1.24023438 0.43271582
1.24031250 0.43272272
1.24039063 0.43272962
1.24046875 0.43273652
1.24054687 0.43274342
1.24062500 0.43275032
1.24070313 0.43275722
1.24078125 0.43276412
1.24085938 0.43277102
1.24093750 0.43277792
1.24101562 0.43278482
1.24109375 0.43279172
1.24117188 0.43279862
1.24125000 0.43280552
1.24132813 0.43281242
1.24140625 0.43281932
1.24148437 0.43282622
1.24156250 0.43283312
1.24164063 0.43284002
1.24171875 0.43284692
1.24179688 0.43285382
1.24187500 0.43286072
1.24195312 0.43286762
1.24203125 0.43287452
1.24210938 0.43288142
1.24218750 0.43288832
1.24226562 0.43289522
1.24234375 0.43290212
1.24242188 0.43290902
1.24250000 0.43291592
1.24257813 0.43292282
1.24265625 0.43292972
1.24273437 0.43293662
1.24281250 0.43294352
1.24289063 0.43295042
1.24296875 0.43295732
1.24304688 0.43296422
1.24312500 0.43297112
1.24320312 0.43297802
1.24328125 0.43298492
1.24335938 0.43299182
1.24343750 0.43299872
1.24351563 0.43300562
1.24359375 0.43301252
1.24367187 0.43301942
1.24375000 0.43302632
1.24382813 0.43303322
1.24390625 0.43304012
1.24398437 0.43304702
1.24406250 0.43305392
1.24414062 0.43306083
1.24421875 0.43306773
1.24429688 0.43307463
1.24437500 0.43308153
1.24445312 0.43308843
1.24453125 0.43309533
1.24460938 0.43310223
1.24468750 0.43310913
1.24476563 0.43311603
1.24484375 0.43312293
1.24492187 0.43312983
1.24500000 0.43313673
1.24507813 0.43314363
1.24515625 0.43315053
1.24523438 0.43315743
1.24531250 0.43316433
1.24539062 0.43317123
1.24546875 0.43317813
1.24554688 0.43318503
1.24562500 0.43319193
1.24570313 0.43319883
1.24578125 0.43320573
1.24585937 0.43321263
1.24593750 0.43321953
1.24601563 0.43322643
1.24609375 0.43323333
1.24617187 0.43324023
1.24625000 0.43324714
1.24632813 0.43325404
1.24640625 0.43326094
1.24648438 0.43326784
1.24656250 0.43327474
1.24664062 0.43328164
1.24671875 0.43328854
1.24679688 0.43329544
1.24687500 0.43330234
1.24695313 0.43330924
1.24703125 0.43331614
1.24710937 0.43332304
1.24718750 0.43332994
1.24726563 0.43333684
1.24734375 0.43334374
1.24742188 0.43335064
1.24750000 0.43335754
1.24757812 0.43336444
1.24765625 0.43337134
1.24773438 0.43337825
1.24781250 0.43338515
1.24789062 0.43339205
1.24796875 0.43339895
1.24804688 0.43340585
1.24812500 0.43341275
1.24820313 0.43341965
1.24828125 0.43342655
1.24835937 0.43343345
1.24843750 0.43344035
1.24851563 0.43344725
1.24859375 0.43345415
1.24867188 0.43346105
1.24875000 0.43346795
1.24882812 0.43347485
1.24890625 0.43348175
1.24898438 0.43348866
1.24906250 0.43349556
1.24914063 0.43350246
1.24921875 0.43350936
1.24929687 0.43351626
1.24937500 0.43352316
1.24945313 0.43353006
1.24953125 0.43353696
1.24960938 0.43354386
1.24968750 0.43355076
1.24976562 0.43355766
1.24984375 0.43356456
1.24992188 0.43357146
1.25000000 0.43357836
1.25007812 0.43358527
1.25015625 0.43359217
1.25023438 0.43359907
1.25031250 0.43360597
1.25039063 0.43361287
1.25046875 0.43361977
1.25054687 0.43362667
1.25062500 0.43363357
1.25070313 0.43364047
1.25078125 0.43364737
1.25085938 0.43365427
1.25093750 0.43366117
1.25101562 0.43366808
1.25109375 0.43367498
1.25117188 0.43368188
1.25125000 0.43368878
1.25132813 0.43369568
1.25140625 0.43370258
1.25148437 0.43370948
1.25156250 0.43371638
1.25164063 0.43372328
1.25171875 0.43373018
1.25179687 0.43373708
1.25187500 0.43374399
1.25195312 0.43375089
1.25203125 0.43375779
1.25210938 0.43376469
1.25218750 0.43377159
1.25226562 0.43377849
1.25234375 0.43378539
1.25242188 0.43379229
1.25250000 0.43379919
1.25257813 0.43380609
1.25265625 0.43381299
1.25273437 0.43381990
1.25281250 0.43382680
1.25289063 0.43383370
1.25296875 0.43384060
1.25304688 0.43384750
1.25312500 0.43385440
1.25320312 0.43386130
1.25328125 0.43386820
1.25335938 0.43387510
1.25343750 0.43388200
1.25351563 0.43388891
1.25359375 0.43389581
1.25367187 0.43390271
1.25375000 0.43390961
1.25382813 0.43391651
1.25390625 0.43392341
1.25398437 0.43393031
1.25406250 0.43393721
1.25414063 0.43394411
1.25421875 0.43395102
1.25429688 0.43395792
1.25437500 0.43396482
1.25445312 0.43397172
1.25453125 0.43397862
1.25460938 0.43398552
1.25468750 0.43399242
1.25476563 0.43399932
1.25484375 0.43400622
1.25492187 0.43401313
1.25500000 0.43402003
1.25507813 0.43402693
1.25515625 0.43403383
1.25523438 0.43404073
1.25531250 0.43404763
1.25539062 0.43405453
1.25546875 0.43406143
1.25554688 0.43406834
1.25562500 0.43407524
1.25570312 0.43408214
1.25578125 0.43408904
1.25585938 0.43409594
1.25593750 0.43410284
1.25601563 0.43410974
1.25609375 0.43411664
1.25617187 0.43412355
1.25625000 0.43413045
1.25632813 0.43413735
1.25640625 0.43414425
1.25648438 0.43415115
1.25656250 0.43415805
1.25664062 0.43416495
1.25671875 0.43417185
1.25679688 0.43417876
1.25687500 0.43418566
1.25695313 0.43419256
1.25703125 0.43419946
1.25710937 0.43420636
1.25718750 0.43421326
1.25726563 0.43422016
1.25734375 0.43422707
1.25742188 0.43423397
1.25750000 0.43424087
1.25757812 0.43424777
1.25765625 0.43425467
1.25773438 0.43426157
1.25781250 0.43426847
1.25789062 0.43427537
1.25796875 0.43428228
1.25804688 0.43428918
1.25812500 0.43429608
1.25820313 0.43430298
1.25828125 0.43430988
1.25835937 0.43431678
1.25843750 0.43432368
1.25851563 0.43433059
1.25859375 0.43433749
1.25867188 0.43434439
1.25875000 0.43435129
1.25882812 0.43435819
1.25890625 0.43436509
1.25898438 0.43437200
1.25906250 0.43437890
1.25914063 0.43438580
1.25921875 0.43439270
1.25929687 0.43439960
1.25937500 0.43440650
1.25945313 0.43441340
1.25953125 0.43442031
1.25960937 0.43442721
1.25968750 0.43443411
1.25976562 0.43444101
1.25984375 0.43444791
1.25992188 0.43445481
1.26000000 0.43446172
1.26007812 0.43446862
1.26015625 0.43447552
1.26023438 0.43448242
1.26031250 0.43448932
1.26039063 0.43449622
1.26046875 0.43450312
1.26054687 0.43451003
1.26062500 0.43451693
1.26070313 0.43452383
1.26078125 0.43453073
1.26085938 0.43453763
1.26093750 0.43454453
1.26101562 0.43455144
1.26109375 0.43455834
1.26117188 0.43456524
1.26125000 0.43457214
1.26132813 0.43457904
1.26140625 0.43458594
1.26148437 0.43459285
1.26156250 0.43459975
1.26164063 0.43460665
1.26171875 0.43461355
1.26179687 0.43462045
1.26187500 0.43462735
1.26195313 0.43463426
1.26203125 0.43464116
1.26210938 0.43464806
1.26218750 0.43465496
1.26226562 0.43466186
1.26234375 0.43466877
1.26242188 0.43467567
1.26250000 0.43468257
1.26257813 0.43468947
1.26265625 0.43469637
1.26273437 0.43470327
1.26281250 0.43471018
1.26289063 0.43471708
1.26296875 0.43472398
1.26304688 0.43473088
1.26312500 0.43473778
1.26320312 0.43474469
1.26328125 0.43475159
1.26335938 0.43475849
1.26343750 0.43476539
1.26351562 0.43477229
1.26359375 0.43477919
1.26367188 0.43478610
1.26375000 0.43479300
1.26382813 0.43479990
1.26390625 0.43480680
1.26398437 0.43481370
1.26406250 0.43482061
1.26414063 0.43482751
1.26421875 0.43483441
1.26429688 0.43484131
1.26437500 0.43484821
1.26445312 0.43485512
1.26453125 0.43486202
1.26460938 0.43486892
1.26468750 0.43487582
1.26476563 0.43488272
1.26484375 0.43488963
1.26492187 0.43489653
1.26500000 0.43490343
1.26507813 0.43491033
1.26515625 0.43491723
1.26523438 0.43492414
1.26531250 0.43493104
1.26539062 0.43493794
1.26546875 0.43494484
1.26554688 0.43495174
1.26562500 0.43495865
1.26570312 0.43496555
1.26578125 0.43497245
1.26585938 0.43497935
1.26593750 0.43498625
1.26601563 0.43499316
1.26609375 0.43500006
1.26617187 0.43500696
1.26625000 0.43501386
1.26632813 0.43502076
1.26640625 0.43502767
1.26648438 0.43503457
1.26656250 0.43504147
1.26664062 0.43504837
1.26671875 0.43505527
1.26679688 0.43506218
1.26687500 0.43506908
1.26695313 0.43507598
1.26703125 0.43508288
1.26710937 0.43508978
1.26718750 0.43509669
1.26726563 0.43510359
1.26734375 0.43511049
1.26742187 0.43511739
1.26750000 0.43512430
1.26757812 0.43513120
1.26765625 0.43513810
1.26773438 0.43514500
1.26781250 0.43515190
1.26789062 0.43515881
1.26796875 0.43516571
1.26804688 0.43517261
1.26812500 0.43517951
1.26820313 0.43518642
1.26828125 0.43519332
1.26835937 0.43520022
1.26843750 0.43520712
1.26851563 0.43521402
1.26859375 0.43522093
1.26867188 0.43522783
1.26875000 0.43523473
1.26882812 0.43524163
1.26890625 0.43524854
1.26898438 0.43525544
1.26906250 0.43526234
1.26914063 0.43526924
1.26921875 0.43527614
1.26929687 0.43528305
1.26937500 0.43528995
1.26945313 0.43529685
1.26953125 0.43530375
1.26960937 0.43531066
1.26968750 0.43531756
1.26976563 0.43532446
1.26984375 0.43533136
1.26992188 0.43533827
1.27000000 0.43534517
1.27007812 0.43535207
1.27015625 0.43535897
1.27023438 0.43536588
1.27031250 0.43537278
1.27039063 0.43537968
1.27046875 0.43538658
1.27054687 0.43539349
1.27062500 0.43540039
1.27070313 0.43540729
1.27078125 0.43541419
1.27085938 0.43542109
1.27093750 0.43542800
1.27101562 0.43543490
1.27109375 0.43544180
1.27117188 0.43544870
1.27125000 0.43545561
1.27132812 0.43546251
1.27140625 0.43546941
1.27148438 0.43547631
1.27156250 0.43548322
1.27164063 0.43549012
1.27171875 0.43549702
1.27179687 0.43550392
1.27187500 0.43551083
1.27195313 0.43551773
1.27203125 0.43552463
1.27210938 0.43553153
1.27218750 0.43553844
1.27226562 0.43554534
1.27234375 0.43555224
1.27242188 0.43555914
1.27250000 0.43556605
1.27257813 0.43557295
1.27265625 0.43557985
1.27273437 0.43558676
1.27281250 0.43559366
1.27289063 0.43560056
1.27296875 0.43560746
1.27304688 0.43561437
1.27312500 0.43562127
1.27320312 0.43562817
1.27328125 0.43563507
1.27335938 0.43564198
1.27343750 0.43564888
1.27351562 0.43565578
1.27359375 0.43566268
1.27367188 0.43566959
1.27375000 0.43567649
1.27382813 0.43568339
1.27390625 0.43569029
1.27398437 0.43569720
1.27406250 0.43570410
1.27414063 0.43571100
1.27421875 0.43571791
1.27429688 0.43572481
1.27437500 0.43573171
1.27445312 0.43573861
1.27453125 0.43574552
1.27460938 0.43575242
1.27468750 0.43575932
1.27476563 0.43576622
1.27484375 0.43577313
1.27492187 0.43578003
1.27500000 0.43578693
1.27507813 0.43579384
1.27515625 0.43580074
1.27523437 0.43580764
1.27531250 0.43581454
1.27539062 0.43582145
1.27546875 0.43582835
1.27554688 0.43583525
1.27562500 0.43584216
1.27570312 0.43584906
1.27578125 0.43585596
1.27585938 0.43586286
1.27593750 0.43586977
1.27601563 0.43587667
1.27609375 0.43588357
1.27617187 0.43589047
1.27625000 0.43589738
1.27632813 0.43590428
1.27640625 0.43591118
1.27648438 0.43591809
1.27656250 0.43592499
1.27664062 0.43593189
1.27671875 0.43593880
1.27679688 0.43594570
1.27687500 0.43595260
1.27695313 0.43595950
1.27703125 0.43596641
1.27710937 0.43597331
1.27718750 0.43598021
1.27726563 0.43598712
1.27734375 0.43599402
1.27742187 0.43600092
1.27750000 0.43600782
1.27757813 0.43601473
1.27765625 0.43602163
1.27773438 0.43602853
1.27781250 0.43603544
1.27789062 0.43604234
1.27796875 0.43604924
1.27804688 0.43605615
1.27812500 0.43606305
1.27820313 0.43606995
1.27828125 0.43607685
1.27835937 0.43608376
1.27843750 0.43609066
1.27851563 0.43609756
1.27859375 0.43610447
1.27867188 0.43611137
1.27875000 0.43611827
1.27882812 0.43612518
1.27890625 0.43613208
1.27898438 0.43613898
1.27906250 0.43614588
1.27914062 0.43615279
1.27921875 0.43615969
1.27929688 0.43616659
1.27937500 0.43617350
1.27945313 0.43618040
1.27953125 0.43618730
1.27960937 0.43619421
1.27968750 0.43620111
1.27976563 0.43620801
1.27984375 0.43621492
1.27992188 0.43622182
1.28000000 0.43622872
1.28007812 0.43623563
1.28015625 0.43624253
1.28023438 0.43624943
1.28031250 0.43625633
1.28039063 0.43626324
1.28046875 0.43627014
1.28054687 0.43627704
1.28062500 0.43628395
1.28070313 0.43629085
1.28078125 0.43629775
1.28085938 0.43630466
1.28093750 0.43631156
1.28101562 0.43631846
1.28109375 0.43632537
1.28117188 0.43633227
1.28125000 0.43633917
1.28132812 0.43634608
1.28140625 0.43635298
1.28148438 0.43635988
1.28156250 0.43636679
1.28164063 0.43637369
1.28171875 0.43638059
1.28179687 0.43638750
1.28187500 0.43639440
1.28195313 0.43640130
1.28203125 0.43640821
1.28210938 0.43641511
1.28218750 0.43642201
1.28226562 0.43642892
1.28234375 0.43643582
1.28242188 0.43644272
1.28250000 0.43644963
1.28257813 0.43645653
1.28265625 0.43646343
1.28273437 0.43647034
1.28281250 0.43647724
1.28289063 0.43648414
1.28296875 0.43649105
1.28304687 0.43649795
1.28312500 0.43650485
1.28320312 0.43651176
1.28328125 0.43651866
1.28335938 0.43652556
1.28343750 0.43653247
1.28351562 0.43653937
1.28359375 0.43654627
1.28367188 0.43655318
1.28375000 0.43656008
1.28382813 0.43656698
1.28390625 0.43657389
1.28398437 0.43658079
1.28406250 0.43658769
1.28414063 0.43659460
1.28421875 0.43660150
1.28429688 0.43660840
1.28437500 0.43661531
1.28445312 0.43662221
1.28453125 0.43662912
1.28460938 0.43663602
1.28468750 0.43664292
1.28476563 0.43664983
1.28484375 0.43665673
1.28492187 0.43666363
1.28500000 0.43667054
1.28507813 0.43667744
1.28515625 0.43668434
1.28523437 0.43669125
1.28531250 0.43669815
1.28539063 0.43670505
1.28546875 0.43671196
1.28554688 0.43671886
1.28562500 0.43672577
1.28570312 0.43673267
1.28578125 0.43673957
1.28585938 0.43674648
1.28593750 0.43675338
1.28601563 0.43676028
1.28609375 0.43676719
1.28617187 0.43677409
1.28625000 0.43678099
1.28632813 0.43678790
1.28640625 0.43679480
1.28648438 0.43680170
1.28656250 0.43680861
1.28664062 0.43681551
1.28671875 0.43682242
1.28679688 0.43682932
1.28687500 0.43683622
1.28695312 0.43684313
1.28703125 0.43685003
1.28710938 0.43685693
1.28718750 0.43686384
1.28726563 0.43687074
1.28734375 0.43687765
1.28742187 0.43688455
1.28750000 0.43689145
1.28757813 0.43689836
1.28765625 0.43690526
1.28773438 0.43691216
1.28781250 0.43691907
1.28789062 0.43692597
1.28796875 0.43693288
1.28804688 0.43693978
1.28812500 0.43694668
1.28820313 0.43695359
1.28828125 0.43696049
1.28835937 0.43696739
1.28843750 0.43697430
1.28851563 0.43698120
1.28859375 0.43698811
1.28867188 0.43699501
1.28875000 0.43700191
1.28882812 0.43700882
1.28890625 0.43701572
1.28898438 0.43702263
1.28906250 0.43702953
1.28914062 0.43703643
1.28921875 0.43704334
1.28929688 0.43705024
1.28937500 0.43705714
1.28945313 0.43706405
1.28953125 0.43707095
1.28960937 0.43707786
1.28968750 0.43708476
1.28976563 0.43709166
1.28984375 0.43709857
1.28992188 0.43710547
1.29000000 0.43711238
1.29007812 0.43711928
1.29015625 0.43712618
1.29023438 0.43713309
1.29031250 0.43713999
1.29039063 0.43714690
1.29046875 0.43715380
1.29054687 0.43716070
1.29062500 0.43716761
1.29070313 0.43717451
1.29078125 0.43718142
1.29085937 0.43718832
1.29093750 0.43719522
1.29101562 0.43720213
1.29109375 0.43720903
1.29117188 0.43721594
1.29125000 0.43722284
1.29132812 0.43722974
1.29140625 0.43723665
1.29148438 0.43724355
1.29156250 0.43725046
1.29164063 0.43725736
1.29171875 0.43726426
1.29179687 0.43727117
1.29187500 0.43727807
1.29195313 0.43728498
1.29203125 0.43729188
1.29210938 0.43729878
1.29218750 0.43730569
1.29226562 0.43731259
1.29234375 0.43731950
1.29242188 0.43732640
1.29250000 0.43733330
1.29257813 0.43734021
1.29265625 0.43734711
1.29273437 0.43735402
1.29281250 0.43736092
1.29289063 0.43736782
1.29296875 0.43737473
1.29304687 0.43738163
1.29312500 0.43738854
1.29320313 0.43739544
1.29328125 0.43740235
1.29335938 0.43740925
1.29343750 0.43741615
1.29351562 0.43742306
1.29359375 0.43742996
1.29367188 0.43743687
1.29375000 0.43744377
1.29382813 0.43745068
1.29390625 0.43745758
1.29398437 0.43746448
1.29406250 0.43747139
1.29414063 0.43747829
1.29421875 0.43748520
1.29429688 0.43749210
1.29437500 0.43749900
1.29445312 0.43750591
1.29453125 0.43751281
1.29460938 0.43751972
1.29468750 0.43752662
1.29476562 0.43753353
1.29484375 0.43754043
1.29492188 0.43754733
1.29500000 0.43755424
1.29507813 0.43756114
1.29515625 0.43756805
1.29523437 0.43757495
1.29531250 0.43758186
1.29539063 0.43758876
1.29546875 0.43759566
1.29554688 0.43760257
1.29562500 0.43760947
1.29570312 0.43761638
1.29578125 0.43762328
1.29585938 0.43763019
1.29593750 0.43763709
1.29601563 0.43764400
1.29609375 0.43765090
1.29617187 0.43765780
1.29625000 0.43766471
1.29632813 0.43767161
1.29640625 0.43767852
1.29648438 0.43768542
1.29656250 0.43769233
1.29664062 0.43769923
1.29671875 0.43770614
1.29679688 0.43771304
1.29687500 0.43771994
1.29695312 0.43772685
1.29703125 0.43773375
1.29710938 0.43774066
1.29718750 0.43774756
1.29726563 0.43775447
1.29734375 0.43776137
1.29742187 0.43776828
1.29750000 0.43777518
1.29757813 0.43778208
1.29765625 0.43778899
1.29773438 0.43779589
1.29781250 0.43780280
1.29789062 0.43780970
1.29796875 0.43781661
1.29804688 0.43782351
1.29812500 0.43783042
1.29820313 0.43783732
1.29828125 0.43784423
1.29835937 0.43785113
1.29843750 0.43785803
1.29851563 0.43786494
1.29859375 0.43787184
1.29867187 0.43787875
1.29875000 0.43788565
1.29882812 0.43789256
1.29890625 0.43789946
1.29898438 0.43790637
1.29906250 0.43791327
1.29914062 0.43792018
1.29921875 0.43792708
1.29929688 0.43793398
1.29937500 0.43794089
1.29945313 0.43794779
1.29953125 0.43795470
1.29960937 0.43796160
1.29968750 0.43796851
1.29976563 0.43797541
1.29984375 0.43798232
1.29992188 0.43798922
1.30000000 0.43799613
1.30007812 0.43800303
1.30015625 0.43800994
1.30023438 0.43801684
1.30031250 0.43802375
1.30039063 0.43803065
1.30046875 0.43803755
1.30054687 0.43804446
1.30062500 0.43805136
1.30070313 0.43805827
1.30078125 0.43806517
1.30085937 0.43807208
1.30093750 0.43807898
1.30101563 0.43808589
1.30109375 0.43809279
1.30117188 0.43809970
1.30125000 0.43810660
1.30132812 0.43811351
1.30140625 0.43812041
1.30148438 0.43812732
1.30156250 0.43813422
1.30164063 0.43814113
1.30171875 0.43814803
1.30179687 0.43815494
1.30187500 0.43816184
1.30195313 0.43816875
1.30203125 0.43817565
1.30210938 0.43818256
1.30218750 0.43818946
1.30226562 0.43819636
1.30234375 0.43820327
1.30242188 0.43821017
1.30250000 0.43821708
1.30257812 0.43822398
1.30265625 0.43823089
1.30273438 0.43823779
1.30281250 0.43824470
1.30289063 0.43825160
1.30296875 0.43825851
1.30304687 0.43826541
1.30312500 0.43827232
1.30320313 0.43827922
1.30328125 0.43828613
1.30335938 0.43829303
1.30343750 0.43829994
1.30351562 0.43830684
1.30359375 0.43831375
1.30367188 0.43832065
1.30375000 0.43832756
1.30382813 0.43833446
1.30390625 0.43834137
1.30398437 0.43834827
1.30406250 0.43835518
1.30414063 0.43836208
1.30421875 0.43836899
1.30429688 0.43837589
1.30437500 0.43838280
1.30445312 0.43838970
1.30453125 0.43839661
1.30460938 0.43840351
1.30468750 0.43841042
1.30476562 0.43841732
1.30484375 0.43842423
1.30492188 0.43843113
1.30500000 0.43843804
1.30507813 0.43844494
1.30515625 0.43845185
1.30523437 0.43845875
1.30531250 0.43846566
1.30539063 0.43847256
1.30546875 0.43847947
1.30554688 0.43848637
1.30562500 0.43849328
1.30570312 0.43850018
1.30578125 0.43850709
1.30585938 0.43851399
1.30593750 0.43852090
1.30601563 0.43852780
1.30609375 0.43853471
1.30617187 0.43854161
1.30625000 0.43854852
1.30632813 0.43855543
1.30640625 0.43856233
1.30648437 0.43856924
1.30656250 0.43857614
1.30664062 0.43858305
1.30671875 0.43858995
1.30679688 0.43859686
1.30687500 0.43860376
1.30695312 0.43861067
1.30703125 0.43861757
1.30710938 0.43862448
1.30718750 0.43863138
1.30726563 0.43863829
1.30734375 0.43864519
1.30742187 0.43865210
1.30750000 0.43865900
1.30757813 0.43866591
1.30765625 0.43867281
1.30773438 0.43867972
1.30781250 0.43868662
1.30789062 0.43869353
1.30796875 0.43870043
1.30804688 0.43870734
1.30812500 0.43871425
1.30820313 0.43872115
1.30828125 0.43872806
1.30835937 0.43873496
1.30843750 0.43874187
1.30851563 0.43874877
1.30859375 0.43875568
1.30867187 0.43876258
1.30875000 0.43876949
1.30882813 0.43877639
1.30890625 0.43878330
1.30898438 0.43879020
1.30906250 0.43879711
1.30914062 0.43880401
1.30921875 0.43881092
1.30929688 0.43881783
1.30937500 0.43882473
1.30945313 0.43883164
1.30953125 0.43883854
1.30960937 0.43884545
1.30968750 0.43885235
1.30976563 0.43885926
1.30984375 0.43886616
1.30992188 0.43887307
1.31000000 0.43887997
1.31007812 0.43888688
1.31015625 0.43889378
1.31023438 0.43890069
1.31031250 0.43890760
1.31039062 0.43891450
1.31046875 0.43892141
1.31054688 0.43892831
1.31062500 0.43893522
1.31070313 0.43894212
1.31078125 0.43894903
1.31085937 0.43895593
1.31093750 0.43896284
1.31101563 0.43896974
1.31109375 0.43897665
1.31117188 0.43898356
1.31125000 0.43899046
1.31132812 0.43899737
1.31140625 0.43900427
1.31148438 0.43901118
1.31156250 0.43901808
1.31164063 0.43902499
1.31171875 0.43903189
1.31179687 0.43903880
1.31187500 0.43904571
1.31195313 0.43905261
1.31203125 0.43905952
1.31210938 0.43906642
1.31218750 0.43907333
1.31226562 0.43908023
1.31234375 0.43908714
1.31242188 0.43909404
1.31250000 0.43910095
1.31257812 0.43910786
1.31265625 0.43911476
1.31273438 0.43912167
1.31281250 0.43912857
1.31289063 0.43913548
1.31296875 0.43914238
1.31304687 0.43914929
1.31312500 0.43915620
1.31320313 0.43916310
1.31328125 0.43917001
1.31335938 0.43917691
1.31343750 0.43918382
1.31351562 0.43919072
1.31359375 0.43919763
1.31367188 0.43920454
1.31375000 0.43921144
1.31382813 0.43921835
1.31390625 0.43922525
1.31398437 0.43923216
1.31406250 0.43923906
1.31414063 0.43924597
1.31421875 0.43925288
1.31429687 0.43925978
1.31437500 0.43926669
1.31445312 0.43927359
1.31453125 0.43928050
1.31460938 0.43928740
1.31468750 0.43929431
1.31476562 0.43930122
1.31484375 0.43930812
1.31492188 0.43931503
1.31500000 0.43932193
1.31507813 0.43932884
1.31515625 0.43933574
1.31523437 0.43934265
1.31531250 0.43934956
1.31539063 0.43935646
1.31546875 0.43936337
1.31554688 0.43937027
1.31562500 0.43937718
1.31570312 0.43938409
1.31578125 0.43939099
1.31585938 0.43939790
1.31593750 0.43940480
1.31601563 0.43941171
1.31609375 0.43941861
1.31617187 0.43942552
1.31625000 0.43943243
1.31632813 0.43943933
1.31640625 0.43944624
1.31648437 0.43945314
1.31656250 0.43946005
1.31664063 0.43946696
1.31671875 0.43947386
1.31679688 0.43948077
1.31687500 0.43948767
1.31695312 0.43949458
1.31703125 0.43950149
1.31710938 0.43950839
1.31718750 0.43951530
1.31726563 0.43952220
1.31734375 0.43952911
1.31742187 0.43953602
1.31750000 0.43954292
1.31757813 0.43954983
1.31765625 0.43955673
1.31773438 0.43956364
1.31781250 0.43957055
1.31789062 0.43957745
1.31796875 0.43958436
1.31804688 0.43959126
1.31812500 0.43959817
1.31820312 0.43960508
1.31828125 0.43961198
1.31835938 0.43961889
1.31843750 0.43962579
1.31851563 0.43963270
1.31859375 0.43963961
1.31867187 0.43964651
1.31875000 0.43965342
1.31882813 0.43966032
1.31890625 0.43966723
1.31898438 0.43967414
1.31906250 0.43968104
1.31914062 0.43968795
1.31921875 0.43969485
1.31929688 0.43970176
1.31937500 0.43970867
1.31945313 0.43971557
1.31953125 0.43972248
1.31960937 0.43972938
1.31968750 0.43973629
1.31976563 0.43974320
1.31984375 0.43975010
1.31992188 0.43975701
1.32000000 0.43976392
1.32007812 0.43977082
1.32015625 0.43977773
1.32023438 0.43978463
1.32031250 0.43979154
1.32039062 0.43979845
1.32046875 0.43980535
1.32054688 0.43981226
1.32062500 0.43981916
1.32070313 0.43982607
1.32078125 0.43983298
1.32085937 0.43983988
1.32093750 0.43984679
1.32101563 0.43985370
1.32109375 0.43986060
1.32117188 0.43986751
1.32125000 0.43987441
1.32132812 0.43988132
1.32140625 0.43988823
1.32148438 0.43989513
1.32156250 0.43990204
1.32164063 0.43990895
1.32171875 0.43991585
1.32179687 0.43992276
1.32187500 0.43992966
1.32195313 0.43993657
1.32203125 0.43994348
1.32210937 0.43995038
1.32218750 0.43995729
1.32226562 0.43996420
1.32234375 0.43997110
1.32242188 0.43997801
1.32250000 0.43998492
1.32257812 0.43999182
1.32265625 0.43999873
1.32273438 0.44000563
1.32281250 0.44001254
1.32289063 0.44001945
1.32296875 0.44002635
1.32304687 0.44003326
1.32312500 0.44004017
1.32320313 0.44004707
1.32328125 0.44005398
1.32335938 0.44006089
1.32343750 0.44006779
1.32351562 0.44007470
1.32359375 0.44008160
1.32367188 0.44008851
1.32375000 0.44009542
1.32382813 0.44010232
1.32390625 0.44010923
1.32398437 0.44011614
1.32406250 0.44012304
1.32414063 0.44012995
1.32421875 0.44013686
1.32429687 0.44014376
1.32437500 0.44015067
1.32445313 0.44015758
1.32453125 0.44016448
1.32460938 0.44017139
1.32468750 0.44017830
1.32476562 0.44018520
1.32484375 0.44019211
1.32492188 0.44019901
1.32500000 0.44020592
1.32507813 0.44021283
1.32515625 0.44021973
1.32523437 0.44022664
1.32531250 0.44023355
1.32539063 0.44024045
1.32546875 0.44024736
1.32554688 0.44025427
1.32562500 0.44026117
1.32570312 0.44026808
1.32578125 0.44027499
1.32585938 0.44028189
1.32593750 0.44028880
1.32601562 0.44029571
1.32609375 0.44030261
1.32617188 0.44030952
1.32625000 0.44031643
1.32632813 0.44032333
1.32640625 0.44033024
1.32648437 0.44033715
1.32656250 0.44034405
1.32664063 0.44035096
1.32671875 0.44035787
1.32679688 0.44036477
1.32687500 0.44037168
1.32695312 0.44037859
1.32703125 0.44038549
1.32710938 0.44039240
1.32718750 0.44039931
1.32726563 0.44040621
1.32734375 0.44041312
1.32742187 0.44042003
1.32750000 0.44042693
1.32757813 0.44043384
1.32765625 0.44044075
1.32773438 0.44044765
1.32781250 0.44045456
1.32789062 0.44046147
1.32796875 0.44046837
1.32804688 0.44047528
1.32812500 0.44048219
1.32820312 0.44048909
1.32828125 0.44049600
1.32835938 0.44050291
1.32843750 0.44050981
1.32851563 0.44051672
1.32859375 0.44052363
1.32867187 0.44053053
1.32875000 0.44053744
1.32882813 0.44054435
1.32890625 0.44055125
1.32898438 0.44055816
1.32906250 0.44056507
1.32914062 0.44057197
1.32921875 0.44057888
1.32929688 0.44058579
1.32937500 0.44059270
1.32945313 0.44059960
1.32953125 0.44060651
1.32960937 0.44061342
1.32968750 0.44062032
1.32976563 0.44062723
1.32984375 0.44063414
1.32992187 0.44064104
1.33000000 0.44064795
1.33007812 0.44065486
1.33015625 0.44066176
1.33023438 0.44066867
1.33031250 0.44067558
1.33039062 0.44068248
1.33046875 0.44068939
1.33054688 0.44069630
1.33062500 0.44070321
1.33070313 0.44071011
1.33078125 0.44071702
1.33085937 0.44072393
1.33093750 0.44073083
1.33101563 0.44073774
1.33109375 0.44074465
1.33117188 0.44075155
1.33125000 0.44075846
1.33132812 0.44076537
1.33140625 0.44077227
1.33148438 0.44077918
1.33156250 0.44078609
1.33164063 0.44079300
1.33171875 0.44079990
1.33179687 0.44080681
1.33187500 0.44081372
1.33195313 0.44082062
1.33203125 0.44082753
1.33210937 0.44083444
1.33218750 0.44084134
1.33226563 0.44084825
1.33234375 0.44085516
1.33242188 0.44086207
1.33250000 0.44086897
1.33257812 0.44087588
1.33265625 0.44088279
1.33273438 0.44088969
1.33281250 0.44089660
1.33289063 0.44090351
1.33296875 0.44091042
1.33304687 0.44091732
1.33312500 0.44092423
1.33320313 0.44093114
1.33328125 0.44093804
1.33335938 0.44094495
1.33343750 0.44095186
1.33351562 0.44095877
1.33359375 0.44096567
1.33367188 0.44097258
1.33375000 0.44097949
1.33382812 0.44098639
1.33390625 0.44099330
1.33398438 0.44100021
1.33406250 0.44100712
1.33414063 0.44101402
1.33421875 0.44102093
1.33429687 0.44102784
1.33437500 0.44103474
1.33445313 0.44104165
1.33453125 0.44104856
1.33460938 0.44105547
1.33468750 0.44106237
1.33476562 0.44106928
1.33484375 0.44107619
1.33492188 0.44108309
1.33500000 0.44109000
1.33507813 0.44109691
1.33515625 0.44110382
1.33523437 0.44111072
1.33531250 0.44111763
1.33539063 0.44112454
1.33546875 0.44113145
1.33554688 0.44113835
1.33562500 0.44114526
1.33570312 0.44115217
1.33578125 0.44115907
1.33585938 0.44116598
1.33593750 0.44117289
1.33601562 0.44117980
1.33609375 0.44118670
1.33617188 0.44119361
1.33625000 0.44120052
1.33632813 0.44120743
1.33640625 0.44121433
1.33648437 0.44122124
1.33656250 0.44122815
1.33664063 0.44123505
1.33671875 0.44124196
1.33679688 0.44124887
1.33687500 0.44125578
1.33695312 0.44126268
1.33703125 0.44126959
1.33710938 0.44127650
1.33718750 0.44128341
1.33726563 0.44129031
1.33734375 0.44129722
1.33742187 0.44130413
1.33750000 0.44131104
1.33757813 0.44131794
1.33765625 0.44132485
1.33773437 0.44133176
1.33781250 0.44133867
1.33789062 0.44134557
1.33796875 0.44135248
1.33804688 0.44135939
1.33812500 0.44136630
1.33820312 0.44137320
1.33828125 0.44138011
1.33835938 0.44138702
1.33843750 0.44139393
1.33851563 0.44140083
1.33859375 0.44140774
1.33867187 0.44141465
1.33875000 0.44142156
1.33882813 0.44142846
1.33890625 0.44143537
1.33898438 0.44144228
1.33906250 0.44144919
1.33914062 0.44145609
1.33921875 0.44146300
1.33929688 0.44146991
1.33937500 0.44147682
1.33945313 0.44148372
1.33953125 0.44149063
1.33960937 0.44149754
1.33968750 0.44150445
1.33976563 0.44151135
1.33984375 0.44151826
1.33992187 0.44152517
1.34000000 0.44153208
1.34007813 0.44153898
1.34015625 0.44154589
1.34023438 0.44155280
1.34031250 0.44155971
1.34039062 0.44156661
1.34046875 0.44157352
1.34054688 0.44158043
1.34062500 0.44158734
1.34070313 0.44159424
1.34078125 0.44160115
1.34085937 0.44160806
1.34093750 0.44161497
1.34101563 0.44162187
1.34109375 0.44162878
1.34117188 0.44163569
1.34125000 0.44164260
1.34132812 0.44164951
1.34140625 0.44165641
1.34148438 0.44166332
1.34156250 0.44167023
1.34164062 0.44167714
1.34171875 0.44168404
1.34179688 0.44169095
1.34187500 0.44169786
1.34195313 0.44170477
1.34203125 0.44171167
1.34210937 0.44171858
1.34218750 0.44172549
1.34226563 0.44173240
1.34234375 0.44173931
1.34242188 0.44174621
1.34250000 0.44175312
1.34257812 0.44176003
1.34265625 0.44176694
1.34273438 0.44177384
1.34281250 0.44178075
1.34289063 0.44178766
1.34296875 0.44179457
1.34304687 0.44180148
1.34312500 0.44180838
1.34320313 0.44181529
1.34328125 0.44182220
1.34335938 0.44182911
1.34343750 0.44183601
1.34351562 0.44184292
1.34359375 0.44184983
1.34367188 0.44185674
1.34375000 0.44186365
1.34382812 0.44187055
1.34390625 0.44187746
1.34398438 0.44188437
1.34406250 0.44189128
1.34414063 0.44189819
1.34421875 0.44190509
1.34429687 0.44191200
1.34437500 0.44191891
1.34445313 0.44192582
1.34453125 0.44193272
1.34460938 0.44193963
1.34468750 0.44194654
1.34476562 0.44195345
1.34484375 0.44196036
1.34492188 0.44196726
1.34500000 0.44197417
1.34507813 0.44198108
1.34515625 0.44198799
1.34523437 0.44199490
1.34531250 0.44200180
1.34539063 0.44200871
1.34546875 0.44201562
1.34554687 0.44202253
1.34562500 0.44202944
1.34570312 0.44203634
1.34578125 0.44204325
1.34585938 0.44205016
1.34593750 0.44205707
1.34601562 0.44206398
1.34609375 0.44207088
1.34617188 0.44207779
1.34625000 0.44208470
1.34632813 0.44209161
1.34640625 0.44209852
1.34648437 0.44210542
1.34656250 0.44211233
1.34664063 0.44211924
1.34671875 0.44212615
1.34679688 0.44213306
1.34687500 0.44213996
1.34695312 0.44214687
1.34703125 0.44215378
1.34710938 0.44216069
1.34718750 0.44216760
1.34726563 0.44217450
1.34734375 0.44218141
1.34742187 0.44218832
1.34750000 0.44219523
1.34757813 0.44220214
1.34765625 0.44220905
1.34773437 0.44221595
1.34781250 0.44222286
1.34789063 0.44222977
1.34796875 0.44223668
1.34804688 0.44224359
1.34812500 0.44225049
1.34820312 0.44225740
1.34828125 0.44226431
1.34835938 0.44227122
1.34843750 0.44227813
1.34851563 0.44228504
1.34859375 0.44229194
1.34867187 0.44229885
1.34875000 0.44230576
1.34882813 0.44231267
1.34890625 0.44231958
1.34898438 0.44232648
1.34906250 0.44233339
1.34914062 0.44234030
1.34921875 0.44234721
1.34929688 0.44235412
1.34937500 0.44236103
1.34945312 0.44236793
1.34953125 0.44237484
1.34960938 0.44238175
1.34968750 0.44238866
1.34976563 0.44239557
1.34984375 0.44240247
1.34992187 0.44240938
1.35000000 0.44241629
1.35007813 0.44242320
1.35015625 0.44243011
1.35023438 0.44243702
1.35031250 0.44244392
1.35039062 0.44245083
1.35046875 0.44245774
1.35054688 0.44246465
1.35062500 0.44247156
1.35070313 0.44247847
1.35078125 0.44248537
1.35085937 0.44249228
1.35093750 0.44249919
1.35101563 0.44250610
1.35109375 0.44251301
1.35117188 0.44251992
1.35125000 0.44252682
1.35132812 0.44253373
1.35140625 0.44254064
1.35148438 0.44254755
1.35156250 0.44255446
1.35164062 0.44256137
1.35171875 0.44256827
1.35179688 0.44257518
1.35187500 0.44258209
1.35195313 0.44258900
1.35203125 0.44259591
1.35210937 0.44260282
1.35218750 0.44260973
1.35226563 0.44261663
1.35234375 0.44262354
1.35242188 0.44263045
1.35250000 0.44263736
1.35257812 0.44264427
1.35265625 0.44265118
1.35273438 0.44265808
1.35281250 0.44266499
1.35289063 0.44267190
1.35296875 0.44267881
1.35304687 0.44268572
1.35312500 0.44269263
1.35320313 0.44269954
1.35328125 0.44270644
1.35335937 0.44271335
1.35343750 0.44272026
1.35351562 0.44272717
1.35359375 0.44273408
1.35367188 0.44274099
1.35375000 0.44274790
1.35382812 0.44275480
1.35390625 0.44276171
1.35398438 0.44276862
1.35406250 0.44277553
1.35414063 0.44278244
1.35421875 0.44278935
1.35429687 0.44279625
1.35437500 0.44280316
1.35445313 0.44281007
1.35453125 0.44281698
1.35460938 0.44282389
1.35468750 0.44283080
1.35476562 0.44283771
1.35484375 0.44284462
1.35492188 0.44285152
1.35500000 0.44285843
1.35507813 0.44286534
1.35515625 0.44287225
1.35523437 0.44287916
1.35531250 0.44288607
1.35539063 0.44289298
1.35546875 0.44289988
1.35554687 0.44290679
1.35562500 0.44291370
1.35570313 0.44292061
1.35578125 0.44292752
1.35585938 0.44293443
1.35593750 0.44294134
1.35601562 0.44294824
1.35609375 0.44295515
1.35617188 0.44296206
1.35625000 0.44296897
1.35632813 0.44297588
1.35640625 0.44298279
1.35648437 0.44298970
1.35656250 0.44299661
1.35664063 0.44300351
1.35671875 0.44301042
1.35679688 0.44301733
1.35687500 0.44302424
1.35695312 0.44303115
1.35703125 0.44303806
1.35710938 0.44304497
1.35718750 0.44305188
1.35726562 0.44305878
1.35734375 0.44306569
1.35742188 0.44307260
1.35750000 0.44307951
1.35757813 0.44308642
1.35765625 0.44309333
1.35773437 0.44310024
1.35781250 0.44310715
1.35789063 0.44311406
1.35796875 0.44312096
1.35804688 0.44312787
1.35812500 0.44313478
1.35820312 0.44314169
1.35828125 0.44314860
1.35835938 0.44315551
1.35843750 0.44316242
1.35851563 0.44316933
1.35859375 0.44317623
1.35867187 0.44318314
1.35875000 0.44319005
1.35882813 0.44319696
1.35890625 0.44320387
1.35898438 0.44321078
1.35906250 0.44321769
1.35914062 0.44322460
1.35921875 0.44323151
1.35929688 0.44323841
1.35937500 0.44324532
1.35945312 0.44325223
1.35953125 0.44325914
1.35960938 0.44326605
1.35968750 0.44327296
1.35976563 0.44327987
1.35984375 0.44328678
1.35992187 0.44329369
1.36000000 0.44330060
1.36007813 0.44330750
1.36015625 0.44331441
1.36023438 0.44332132
1.36031250 0.44332823
1.36039062 0.44333514
1.36046875 0.44334205
1.36054688 0.44334896
1.36062500 0.44335587
1.36070313 0.44336278
1.36078125 0.44336969
1.36085937 0.44337659
1.36093750 0.44338350
1.36101563 0.44339041
1.36109375 0.44339732
1.36117187 0.44340423
1.36125000 0.44341114
1.36132812 0.44341805
1.36140625 0.44342496
1.36148438 0.44343187
1.36156250 0.44343878
1.36164062 0.44344568
1.36171875 0.44345259
1.36179688 0.44345950
1.36187500 0.44346641
1.36195313 0.44347332
1.36203125 0.44348023
1.36210937 0.44348714
1.36218750 0.44349405
1.36226563 0.44350096
1.36234375 0.44350787
1.36242188 0.44351478
1.36250000 0.44352168
1.36257812 0.44352859
1.36265625 0.44353550
1.36273438 0.44354241
1.36281250 0.44354932
1.36289063 0.44355623
1.36296875 0.44356314
1.36304687 0.44357005
1.36312500 0.44357696
1.36320313 0.44358387
1.36328125 0.44359078
1.36335937 0.44359769
1.36343750 0.44360459
1.36351563 0.44361150
1.36359375 0.44361841
1.36367188 0.44362532
1.36375000 0.44363223
1.36382812 0.44363914
1.36390625 0.44364605
1.36398438 0.44365296
1.36406250 0.44365987
1.36414063 0.44366678
1.36421875 0.44367369
1.36429687 0.44368060
1.36437500 0.44368751
1.36445313 0.44369441
1.36453125 0.44370132
1.36460938 0.44370823
1.36468750 0.44371514
1.36476562 0.44372205
1.36484375 0.44372896
1.36492188 0.44373587
1.36500000 0.44374278
1.36507812 0.44374969
1.36515625 0.44375660
1.36523438 0.44376351
1.36531250 0.44377042
1.36539063 0.44377733
1.36546875 0.44378424
1.36554687 0.44379114
1.36562500 0.44379805
1.36570313 0.44380496
1.36578125 0.44381187
1.36585938 0.44381878
1.36593750 0.44382569
1.36601562 0.44383260
1.36609375 0.44383951
1.36617188 0.44384642
1.36625000 0.44385333
1.36632813 0.44386024
1.36640625 0.44386715
1.36648437 0.44387406
1.36656250 0.44388097
1.36664063 0.44388788
1.36671875 0.44389479
1.36679688 0.44390170
1.36687500 0.44390860
1.36695312 0.44391551
1.36703125 0.44392242
1.36710938 0.44392933
1.36718750 0.44393624
1.36726562 0.44394315
1.36734375 0.44395006
1.36742188 0.44395697
1.36750000 0.44396388
1.36757813 0.44397079
1.36765625 0.44397770
1.36773437 0.44398461
1.36781250 0.44399152
1.36789063 0.44399843
1.36796875 0.44400534
1.36804688 0.44401225
1.36812500 0.44401916
1.36820312 0.44402607
1.36828125 0.44403297
1.36835938 0.44403988
1.36843750 0.44404679
1.36851563 0.44405370
1.36859375 0.44406061
1.36867187 0.44406752
1.36875000 0.44407443
1.36882813 0.44408134
1.36890625 0.44408825
1.36898437 0.44409516
1.36906250 0.44410207
1.36914062 0.44410898
1.36921875 0.44411589
1.36929688 0.44412280
1.36937500 0.44412971
1.36945312 0.44413662
1.36953125 0.44414353
1.36960938 0.44415044
1.36968750 0.44415735
1.36976563 0.44416426
1.36984375 0.44417117
1.36992187 0.44417808
1.37000000 0.44418499
1.37007813 0.44419190
1.37015625 0.44419880
1.37023438 0.44420571
1.37031250 0.44421262
1.37039062 0.44421953
1.37046875 0.44422644
1.37054688 0.44423335
1.37062500 0.44424026
1.37070313 0.44424717
1.37078125 0.44425408
1.37085937 0.44426099
1.37093750 0.44426790
1.37101563 0.44427481
1.37109375 0.44428172
1.37117187 0.44428863
1.37125000 0.44429554
1.37132813 0.44430245
1.37140625 0.44430936
1.37148438 0.44431627
1.37156250 0.44432318
1.37164062 0.44433009
1.37171875 0.44433700
1.37179688 0.44434391
1.37187500 0.44435082
1.37195313 0.44435773
1.37203125 0.44436464
1.37210937 0.44437155
1.37218750 0.44437846
1.37226563 0.44438537
1.37234375 0.44439228
1.37242188 0.44439919
1.37250000 0.44440610
1.37257812 0.44441301
1.37265625 0.44441992
1.37273438 0.44442683
1.37281250 0.44443374
1.37289062 0.44444065
1.37296875 0.44444756
1.37304688 0.44445447
1.37312500 0.44446138
1.37320313 0.44446829
1.37328125 0.44447519
1.37335937 0.44448210
1.37343750 0.44448901
1.37351563 0.44449592
1.37359375 0.44450283
1.37367188 0.44450974
1.37375000 0.44451665
1.37382812 0.44452356
1.37390625 0.44453047
1.37398438 0.44453738
1.37406250 0.44454429
1.37414063 0.44455120
1.37421875 0.44455811
1.37429687 0.44456502
1.37437500 0.44457193
1.37445313 0.44457884
1.37453125 0.44458575
1.37460938 0.44459266
1.37468750 0.44459957
1.37476562 0.44460648
1.37484375 0.44461339
1.37492188 0.44462030
1.37500000 0.44462721
1.37507812 0.44463412
1.37515625 0.44464103
1.37523438 0.44464794
1.37531250 0.44465485
1.37539063 0.44466176
1.37546875 0.44466867
1.37554687 0.44467558
1.37562500 0.44468249
1.37570313 0.44468940
1.37578125 0.44469631
1.37585938 0.44470322
1.37593750 0.44471013
1.37601562 0.44471704
1.37609375 0.44472395
1.37617188 0.44473086
1.37625000 0.44473777
1.37632813 0.44474468
1.37640625 0.44475159
1.37648437 0.44475850
1.37656250 0.44476541
1.37664063 0.44477232
1.37671875 0.44477923
1.37679687 0.44478614
1.37687500 0.44479305
1.37695312 0.44479996
1.37703125 0.44480687
1.37710938 0.44481378
1.37718750 0.44482069
1.37726562 0.44482760
1.37734375 0.44483451
1.37742188 0.44484142
1.37750000 0.44484833
1.37757813 0.44485524
1.37765625 0.44486215
1.37773437 0.44486906
1.37781250 0.44487598
1.37789063 0.44488289
1.37796875 0.44488980
1.37804688 0.44489671
1.37812500 0.44490362
1.37820312 0.44491053
1.37828125 0.44491744
1.37835938 0.44492435
1.37843750 0.44493126
1.37851563 0.44493817
1.37859375 0.44494508
1.37867187 0.44495199
1.37875000 0.44495890
1.37882813 0.44496581
1.37890625 0.44497272
1.37898437 0.44497963
1.37906250 0.44498654
1.37914063 0.44499345
1.37921875 0.44500036
1.37929688 0.44500727
1.37937500 0.44501418
1.37945312 0.44502109
1.37953125 0.44502800
1.37960938 0.44503491
1.37968750 0.44504182
1.37976563 0.44504873
1.37984375 0.44505564
1.37992187 0.44506255
1.38000000 0.44506946
1.38007813 0.44507637
1.38015625 0.44508328
1.38023438 0.44509019
1.38031250 0.44509710
1.38039062 0.44510401
1.38046875 0.44511092
1.38054688 0.44511783
1.38062500 0.44512474
1.38070312 0.44513165
1.38078125 0.44513856
1.38085938 0.44514547
1.38093750 0.44515239
1.38101563 0.44515930
1.38109375 0.44516621
1.38117187 0.44517312
1.38125000 0.44518003
1.38132813 0.44518694
1.38140625 0.44519385
1.38148438 0.44520076
1.38156250 0.44520767
1.38164062 0.44521458
1.38171875 0.44522149
1.38179688 0.44522840
1.38187500 0.44523531
1.38195313 0.44524222
1.38203125 0.44524913
1.38210937 0.44525604
1.38218750 0.44526295
1.38226563 0.44526986
1.38234375 0.44527677
1.38242188 0.44528368
1.38250000 0.44529059
1.38257812 0.44529750
1.38265625 0.44530441
1.38273438 0.44531132
1.38281250 0.44531824
1.38289062 0.44532515
1.38296875 0.44533206
1.38304688 0.44533897
1.38312500 0.44534588
1.38320313 0.44535279
1.38328125 0.44535970
1.38335937 0.44536661
1.38343750 0.44537352
1.38351563 0.44538043
1.38359375 0.44538734
1.38367188 0.44539425
1.38375000 0.44540116
1.38382812 0.44540807
1.38390625 0.44541498
1.38398438 0.44542189
1.38406250 0.44542880
1.38414063 0.44543571
1.38421875 0.44544262
1.38429687 0.44544954
1.38437500 0.44545645
1.38445313 0.44546336
1.38453125 0.44547027
1.38460937 0.44547718
1.38468750 0.44548409
1.38476562 0.44549100
1.38484375 0.44549791
1.38492188 0.44550482
1.38500000 0.44551173
1.38507812 0.44551864
1.38515625 0.44552555
1.38523438 0.44553246
1.38531250 0.44553937
1.38539063 0.44554628
1.38546875 0.44555319
1.38554687 0.44556010
1.38562500 0.44556702
1.38570313 0.44557393
1.38578125 0.44558084
1.38585938 0.44558775
1.38593750 0.44559466
1.38601562 0.44560157
1.38609375 0.44560848
1.38617188 0.44561539
1.38625000 0.44562230
1.38632813 0.44562921
1.38640625 0.44563612
1.38648437 0.44564303
1.38656250 0.44564994
1.38664063 0.44565685
1.38671875 0.44566377
1.38679687 0.44567068
1.38687500 0.44567759
1.38695313 0.44568450
1.38703125 0.44569141
1.38710938 0.44569832
1.38718750 0.44570523
1.38726562 0.44571214
1.38734375 0.44571905
1.38742188 0.44572596
1.38750000 0.44573287
1.38757813 0.44573978
1.38765625 0.44574669
1.38773437 0.44575361
1.38781250 0.44576052
1.38789063 0.44576743
1.38796875 0.44577434
1.38804688 0.44578125
1.38812500 0.44578816
1.38820312 0.44579507
1.38828125 0.44580198
1.38835938 0.44580889
1.38843750 0.44581580
1.38851562 0.44582271
1.38859375 0.44582962
1.38867188 0.44583654
1.38875000 0.44584345
1.38882813 0.44585036
1.38890625 0.44585727
1.38898437 0.44586418
1.38906250 0.44587109
1.38914063 0.44587800
1.38921875 0.44588491
1.38929688 0.44589182
1.38937500 0.44589873
1.38945312 0.44590564
1.38953125 0.44591255
1.38960938 0.44591947
1.38968750 0.44592638
1.38976563 0.44593329
1.38984375 0.44594020
1.38992187 0.44594711
1.39000000 0.44595402
1.39007813 0.44596093
1.39015625 0.44596784
1.39023438 0.44597475
1.39031250 0.44598166
1.39039062 0.44598858
1.39046875 0.44599549
1.39054688 0.44600240
1.39062500 0.44600931
1.39070312 0.44601622
1.39078125 0.44602313
1.39085938 0.44603004
1.39093750 0.44603695
1.39101563 0.44604386
1.39109375 0.44605077
1.39117187 0.44605769
1.39125000 0.44606460
1.39132813 0.44607151
1.39140625 0.44607842
1.39148438 0.44608533
1.39156250 0.44609224
1.39164062 0.44609915
1.39171875 0.44610606
1.39179688 0.44611297
1.39187500 0.44611988
1.39195313 0.44612680
1.39203125 0.44613371
1.39210937 0.44614062
1.39218750 0.44614753
1.39226563 0.44615444
1.39234375 0.44616135
1.39242187 0.44616826
1.39250000 0.44617517
1.39257812 0.44618208
1.39265625 0.44618900
1.39273438 0.44619591
1.39281250 0.44620282
1.39289062 0.44620973
1.39296875 0.44621664
1.39304688 0.44622355
1.39312500 0.44623046
1.39320313 0.44623737
1.39328125 0.44624428
1.39335937 0.44625120
1.39343750 0.44625811
1.39351563 0.44626502
1.39359375 0.44627193
1.39367188 0.44627884
1.39375000 0.44628575
1.39382812 0.44629266
1.39390625 0.44629957
1.39398438 0.44630648
1.39406250 0.44631340
1.39414063 0.44632031
1.39421875 0.44632722
1.39429687 0.44633413
1.39437500 0.44634104
1.39445313 0.44634795
1.39453125 0.44635486
1.39460937 0.44636177
1.39468750 0.44636869
1.39476563 0.44637560
1.39484375 0.44638251
1.39492188 0.44638942
1.39500000 0.44639633
1.39507812 0.44640324
1.39515625 0.44641015
1.39523438 0.44641706
1.39531250 0.44642398
1.39539063 0.44643089
1.39546875 0.44643780
1.39554687 0.44644471
1.39562500 0.44645162
1.39570313 0.44645853
1.39578125 0.44646544
1.39585938 0.44647235
1.39593750 0.44647927
1.39601562 0.44648618
1.39609375 0.44649309
1.39617188 0.44650000
1.39625000 0.44650691
1.39632812 0.44651382
1.39640625 0.44652073
1.39648438 0.44652765
1.39656250 0.44653456
1.39664063 0.44654147
1.39671875 0.44654838
1.39679687 0.44655529
1.39687500 0.44656220
1.39695313 0.44656911
1.39703125 0.44657603
1.39710938 0.44658294
1.39718750 0.44658985
1.39726562 0.44659676
1.39734375 0.44660367
1.39742188 0.44661058
1.39750000 0.44661749
1.39757813 0.44662441
1.39765625 0.44663132
1.39773437 0.44663823
1.39781250 0.44664514
1.39789063 0.44665205
1.39796875 0.44665896
1.39804688 0.44666587
1.39812500 0.44667279
1.39820312 0.44667970
1.39828125 0.44668661
1.39835938 0.44669352
1.39843750 0.44670043
1.39851562 0.44670734
1.39859375 0.44671425
1.39867188 0.44672117
1.39875000 0.44672808
1.39882813 0.44673499
1.39890625 0.44674190
1.39898437 0.44674881
1.39906250 0.44675572
1.39914063 0.44676263
1.39921875 0.44676955
1.39929688 0.44677646
1.39937500 0.44678337
1.39945312 0.44679028
1.39953125 0.44679719
1.39960938 0.44680410
1.39968750 0.44681102
1.39976563 0.44681793
1.39984375 0.44682484
1.39992187 0.44683175
1.40000000 0.44683866
1.40007813 0.44684557
1.40015625 0.44685248
1.40023437 0.44685940
1.40031250 0.44686631
1.40039062 0.44687322
1.40046875 0.44688013
1.40054688 0.44688704
1.40062500 0.44689395
1.40070312 0.44690087
1.40078125 0.44690778
1.40085938 0.44691469
1.40093750 0.44692160
1.40101563 0.44692851
1.40109375 0.44693542
1.40117187 0.44694234
1.40125000 0.44694925
1.40132813 0.44695616
1.40140625 0.44696307
1.40148438 0.44696998
1.40156250 0.44697689
1.40164062 0.44698381
1.40171875 0.44699072
1.40179688 0.44699763
1.40187500 0.44700454
1.40195313 0.44701145
1.40203125 0.44701836
1.40210937 0.44702528
1.40218750 0.44703219
1.40226563 0.44703910
1.40234375 0.44704601
1.40242187 0.44705292
1.40250000 0.44705983
1.40257813 0.44706675
1.40265625 0.44707366
1.40273438 0.44708057
1.40281250 0.44708748
1.40289062 0.44709439
1.40296875 0.44710130
1.40304688 0.44710822
1.40312500 0.44711513
1.40320313 0.44712204
1.40328125 0.44712895
1.40335937 0.44713586
1.40343750 0.44714278
1.40351563 0.44714969
1.40359375 0.44715660
1.40367188 0.44716351
1.40375000 0.44717042
1.40382812 0.44717733
1.40390625 0.44718425
1.40398438 0.44719116
1.40406250 0.44719807
1.40414062 0.44720498
1.40421875 0.44721189
1.40429688 0.44721881
1.40437500 0.44722572
1.40445313 0.44723263
1.40453125 0.44723954
1.40460937 0.44724645
1.40468750 0.44725336
1.40476563 0.44726028
1.40484375 0.44726719
1.40492188 0.44727410
1.40500000 0.44728101
1.40507812 0.44728792
1.40515625 0.44729484
1.40523438 0.44730175
1.40531250 0.44730866
1.40539063 0.44731557
1.40546875 0.44732248
1.40554687 0.44732940
1.40562500 0.44733631
1.40570313 0.44734322
1.40578125 0.44735013
1.40585938 0.44735704
1.40593750 0.44736396
1.40601562 0.44737087
1.40609375 0.44737778
1.40617188 0.44738469
1.40625000 0.44739160
1.40632812 0.44739852
1.40640625 0.44740543
1.40648438 0.44741234
1.40656250 0.44741925
1.40664063 0.44742616
1.40671875 0.44743308
1.40679687 0.44743999
1.40687500 0.44744690
1.40695313 0.44745381
1.40703125 0.44746072
1.40710938 0.44746764
1.40718750 0.44747455
1.40726562 0.44748146
1.40734375 0.44748837
1.40742188 0.44749528
1.40750000 0.44750220
1.40757813 0.44750911
1.40765625 0.44751602
1.40773437 0.44752293
1.40781250 0.44752984
1.40789063 0.44753676
1.40796875 0.44754367
1.40804687 0.44755058
1.40812500 0.44755749
1.40820312 0.44756440
1.40828125 0.44757132
1.40835938 0.44757823
1.40843750 0.44758514
1.40851562 0.44759205
1.40859375 0.44759896
1.40867188 0.44760588
1.40875000 0.44761279
1.40882813 0.44761970
1.40890625 0.44762661
1.40898437 0.44763353
1.40906250 0.44764044
1.40914063 0.44764735
1.40921875 0.44765426
1.40929688 0.44766117
1.40937500 0.44766809
1.40945312 0.44767500
1.40953125 0.44768191
1.40960938 0.44768882
1.40968750 0.44769573
1.40976563 0.44770265
1.40984375 0.44770956
1.40992187 0.44771647
1.41000000 0.44772338
1.41007813 0.44773030
1.41015625 0.44773721
1.41023437 0.44774412
1.41031250 0.44775103
1.41039063 0.44775794
1.41046875 0.44776486
1.41054688 0.44777177
1.41062500 0.44777868
1.41070312 0.44778559
1.41078125 0.44779251
1.41085938 0.44779942
1.41093750 0.44780633
1.41101563 0.44781324
1.41109375 0.44782015
1.41117187 0.44782707
1.41125000 0.44783398
1.41132813 0.44784089
1.41140625 0.44784780
1.41148438 0.44785472
1.41156250 0.44786163
1.41164062 0.44786854
1.41171875 0.44787545
1.41179688 0.44788237
1.41187500 0.44788928
1.41195312 0.44789619
1.41203125 0.44790310
1.41210938 0.44791001
1.41218750 0.44791693
1.41226563 0.44792384
1.41234375 0.44793075
1.41242187 0.44793766
1.41250000 0.44794458
1.41257813 0.44795149
1.41265625 0.44795840
1.41273438 0.44796531
1.41281250 0.44797223
1.41289062 0.44797914
1.41296875 0.44798605
1.41304688 0.44799296
1.41312500 0.44799988
1.41320313 0.44800679
1.41328125 0.44801370
1.41335937 0.44802061
1.41343750 0.44802752
1.41351563 0.44803444
1.41359375 0.44804135
1.41367188 0.44804826
1.41375000 0.44805517
1.41382812 0.44806209
1.41390625 0.44806900
1.41398438 0.44807591
1.41406250 0.44808282
1.41414062 0.44808974
1.41421875 0.44809665
1.41429688 0.44810356
1.41437500 0.44811047
1.41445313 0.44811739
1.41453125 0.44812430
1.41460937 0.44813121
1.41468750 0.44813812
1.41476563 0.44814504
1.41484375 0.44815195
1.41492188 0.44815886
1.41500000 0.44816577
1.41507812 0.44817269
1.41515625 0.44817960
1.41523438 0.44818651
1.41531250 0.44819342
1.41539063 0.44820034
1.41546875 0.44820725
1.41554687 0.44821416
1.41562500 0.44822107
1.41570313 0.44822799
1.41578125 0.44823490
1.41585937 0.44824181
1.41593750 0.44824872
1.41601562 0.44825564
1.41609375 0.44826255
1.41617188 0.44826946
1.41625000 0.44827637
1.41632812 0.44828329
1.41640625 0.44829020
1.41648438 0.44829711
1.41656250 0.44830402
1.41664063 0.44831094
1.41671875 0.44831785
1.41679687 0.44832476
1.41687500 0.44833168
1.41695313 0.44833859
1.41703125 0.44834550
1.41710938 0.44835241
1.41718750 0.44835933
1.41726562 0.44836624
1.41734375 0.44837315
1.41742188 0.44838006
1.41750000 0.44838698
1.41757813 0.44839389
1.41765625 0.44840080
1.41773437 0.44840771
1.41781250 0.44841463
1.41789063 0.44842154
1.41796875 0.44842845
1.41804687 0.44843537
1.41812500 0.44844228
1.41820313 0.44844919
1.41828125 0.44845610
1.41835938 0.44846302
1.41843750 0.44846993
1.41851562 0.44847684
1.41859375 0.44848375
1.41867188 0.44849067
1.41875000 0.44849758
1.41882813 0.44850449
1.41890625 0.44851141
1.41898437 0.44851832
1.41906250 0.44852523
1.41914063 0.44853214
1.41921875 0.44853906
1.41929688 0.44854597
1.41937500 0.44855288
1.41945312 0.44855979
1.41953125 0.44856671
1.41960938 0.44857362
1.41968750 0.44858053
1.41976562 0.44858745
1.41984375 0.44859436
1.41992188 0.44860127
1.42000000 0.44860818
1.42007813 0.44861510
1.42015625 0.44862201
1.42023437 0.44862892
1.42031250 0.44863584
1.42039063 0.44864275
1.42046875 0.44864966
1.42054688 0.44865657
1.42062500 0.44866349
1.42070312 0.44867040
1.42078125 0.44867731
1.42085938 0.44868423
1.42093750 0.44869114
1.42101563 0.44869805
1.42109375 0.44870496
1.42117187 0.44871188
1.42125000 0.44871879
1.42132813 0.44872570
1.42140625 0.44873262
1.42148438 0.44873953
1.42156250 0.44874644
1.42164062 0.44875335
1.42171875 0.44876027
1.42179688 0.44876718
1.42187500 0.44877409
1.42195312 0.44878101
1.42203125 0.44878792
1.42210938 0.44879483
1.42218750 0.44880174
1.42226563 0.44880866
1.42234375 0.44881557
1.42242187 0.44882248
1.42250000 0.44882940
1.42257813 0.44883631
1.42265625 0.44884322
1.42273438 0.44885014
1.42281250 0.44885705
1.42289062 0.44886396
1.42296875 0.44887087
1.42304688 0.44887779
1.42312500 0.44888470
1.42320313 0.44889161
1.42328125 0.44889853
1.42335937 0.44890544
1.42343750 0.44891235
1.42351563 0.44891927
1.42359375 0.44892618
1.42367187 0.44893309
1.42375000 0.44894000
1.42382812 0.44894692
1.42390625 0.44895383
1.42398438 0.44896074
1.42406250 0.44896766
1.42414062 0.44897457
1.42421875 0.44898148
1.42429688 0.44898840
1.42437500 0.44899531
1.42445313 0.44900222
1.42453125 0.44900913
1.42460937 0.44901605
1.42468750 0.44902296
1.42476563 0.44902987
1.42484375 0.44903679
1.42492188 0.44904370
1.42500000 0.44905061
1.42507812 0.44905753
1.42515625 0.44906444
1.42523438 0.44907135
1.42531250 0.44907827
1.42539063 0.44908518
1.42546875 0.44909209
1.42554687 0.44909901
1.42562500 0.44910592
1.42570313 0.44911283
1.42578125 0.44911974
1.42585937 0.44912666
1.42593750 0.44913357
1.42601563 0.44914048
1.42609375 0.44914740
1.42617188 0.44915431
1.42625000 0.44916122
1.42632812 0.44916814
1.42640625 0.44917505
1.42648438 0.44918196
1.42656250 0.44918888
1.42664063 0.44919579
1.42671875 0.44920270
1.42679687 0.44920962
1.42687500 0.44921653
1.42695313 0.44922344
1.42703125 0.44923036
1.42710938 0.44923727
1.42718750 0.44924418
1.42726562 0.44925110
1.42734375 0.44925801
1.42742188 0.44926492
1.42750000 0.44927184
1.42757812 0.44927875
1.42765625 0.44928566
1.42773438 0.44929258
1.42781250 0.44929949
1.42789063 0.44930640
1.42796875 0.44931332
1.42804687 0.44932023
1.42812500 0.44932714
1.42820313 0.44933406
1.42828125 0.44934097
1.42835938 0.44934788
1.42843750 0.44935479
1.42851562 0.44936171
1.42859375 0.44936862
1.42867188 0.44937553
1.42875000 0.44938245
1.42882813 0.44938936
1.42890625 0.44939627
1.42898437 0.44940319
1.42906250 0.44941010
1.42914063 0.44941702
1.42921875 0.44942393
1.42929688 0.44943084
1.42937500 0.44943776
1.42945312 0.44944467
1.42953125 0.44945158
1.42960938 0.44945850
1.42968750 0.44946541
1.42976562 0.44947232
1.42984375 0.44947924
1.42992188 0.44948615
1.43000000 0.44949306
1.43007813 0.44949998
1.43015625 0.44950689
1.43023437 0.44951380
1.43031250 0.44952072
1.43039063 0.44952763
1.43046875 0.44953454
1.43054688 0.44954146
1.43062500 0.44954837
1.43070312 0.44955528
1.43078125 0.44956220
1.43085938 0.44956911
1.43093750 0.44957602
1.43101563 0.44958294
1.43109375 0.44958985
1.43117187 0.44959676
1.43125000 0.44960368
1.43132813 0.44961059
1.43140625 0.44961750
1.43148437 0.44962442
1.43156250 0.44963133
1.43164062 0.44963824
1.43171875 0.44964516
1.43179688 0.44965207
1.43187500 0.44965899
1.43195312 0.44966590
1.43203125 0.44967281
1.43210938 0.44967973
1.43218750 0.44968664
1.43226563 0.44969355
1.43234375 0.44970047
1.43242187 0.44970738
1.43250000 0.44971429
1.43257813 0.44972121
1.43265625 0.44972812
1.43273438 0.44973503
1.43281250 0.44974195
1.43289062 0.44974886
1.43296875 0.44975578
1.43304688 0.44976269
1.43312500 0.44976960
1.43320313 0.44977652
1.43328125 0.44978343
1.43335937 0.44979034
1.43343750 0.44979726
1.43351563 0.44980417
1.43359375 0.44981108
1.43367187 0.44981800
1.43375000 0.44982491
1.43382813 0.44983182
1.43390625 0.44983874
1.43398438 0.44984565
1.43406250 0.44985257
1.43414062 0.44985948
1.43421875 0.44986639
1.43429688 0.44987331
1.43437500 0.44988022
1.43445313 0.44988713
1.43453125 0.44989405
1.43460937 0.44990096
1.43468750 0.44990788
1.43476563 0.44991479
1.43484375 0.44992170
1.43492188 0.44992862
1.43500000 0.44993553
1.43507812 0.44994244
1.43515625 0.44994936
1.43523438 0.44995627
1.43531250 0.44996318
1.43539062 0.44997010
1.43546875 0.44997701
1.43554688 0.44998393
1.43562500 0.44999084
1.43570313 0.44999775
1.43578125 0.45000467
1.43585937 0.45001158
1.43593750 0.45001849
1.43601563 0.45002541
1.43609375 0.45003232
1.43617188 0.45003924
1.43625000 0.45004615
1.43632812 0.45005306
1.43640625 0.45005998
1.43648438 0.45006689
1.43656250 0.45007380
1.43664063 0.45008072
1.43671875 0.45008763
1.43679687 0.45009455
1.43687500 0.45010146
1.43695313 0.45010837
1.43703125 0.45011529
1.43710938 0.45012220
1.43718750 0.45012912
1.43726562 0.45013603
1.43734375 0.45014294
1.43742188 0.45014986
1.43750000 0.45015677
1.43757812 0.45016368
1.43765625 0.45017060
1.43773438 0.45017751
1.43781250 0.45018443
1.43789063 0.45019134
1.43796875 0.45019825
1.43804687 0.45020517
1.43812500 0.45021208
1.43820313 0.45021900
1.43828125 0.45022591
1.43835938 0.45023282
1.43843750 0.45023974
1.43851562 0.45024665
1.43859375 0.45025357
1.43867188 0.45026048
1.43875000 0.45026739
1.43882813 0.45027431
1.43890625 0.45028122
1.43898437 0.45028813
1.43906250 0.45029505
1.43914063 0.45030196
1.43921875 0.45030888
1.43929687 0.45031579
1.43937500 0.45032270
1.43945312 0.45032962
1.43953125 0.45033653
1.43960938 0.45034345
1.43968750 0.45035036
1.43976562 0.45035727
1.43984375 0.45036419
1.43992188 0.45037110
1.44000000 0.45037802
1.44007813 0.45038493
1.44015625 0.45039184
1.44023437 0.45039876
1.44031250 0.45040567
1.44039063 0.45041259
1.44046875 0.45041950
1.44054688 0.45042641
1.44062500 0.45043333
1.44070312 0.45044024
1.44078125 0.45044716
1.44085938 0.45045407
1.44093750 0.45046098
1.44101563 0.45046790
1.44109375 0.45047481
1.44117187 0.45048173
1.44125000 0.45048864
1.44132813 0.45049556
1.44140625 0.45050247
1.44148437 0.45050938
1.44156250 0.45051630
1.44164063 0.45052321
1.44171875 0.45053013
1.44179688 0.45053704
1.44187500 0.45054395
1.44195312 0.45055087
1.44203125 0.45055778
1.44210938 0.45056470
1.44218750 0.45057161
1.44226563 0.45057852
1.44234375 0.45058544
1.44242187 0.45059235
1.44250000 0.45059927
1.44257813 0.45060618
1.44265625 0.45061310
1.44273438 0.45062001
1.44281250 0.45062692
1.44289062 0.45063384
1.44296875 0.45064075
1.44304688 0.45064767
1.44312500 0.45065458
1.44320312 0.45066149
1.44328125 0.45066841
1.44335938 0.45067532
1.44343750 0.45068224
1.44351563 0.45068915
1.44359375 0.45069607
1.44367187 0.45070298
1.44375000 0.45070989
1.44382813 0.45071681
1.44390625 0.45072372
1.44398438 0.45073064
1.44406250 0.45073755
1.44414062 0.45074446
1.44421875 0.45075138
1.44429688 0.45075829
1.44437500 0.45076521
1.44445313 0.45077212
1.44453125 0.45077904
1.44460937 0.45078595
1.44468750 0.45079286
1.44476563 0.45079978
1.44484375 0.45080669
1.44492188 0.45081361
1.44500000 0.45082052
1.44507812 0.45082744
1.44515625 0.45083435
1.44523438 0.45084126
1.44531250 0.45084818
1.44539062 0.45085509
1.44546875 0.45086201
1.44554688 0.45086892
1.44562500 0.45087584
1.44570313 0.45088275
1.44578125 0.45088966
1.44585937 0.45089658
1.44593750 0.45090349
1.44601563 0.45091041
1.44609375 0.45091732
1.44617188 0.45092424
1.44625000 0.45093115
1.44632812 0.45093807
1.44640625 0.45094498
1.44648438 0.45095189
1.44656250 0.45095881
1.44664063 0.45096572
1.44671875 0.45097264
1.44679687 0.45097955
1.44687500 0.45098647
1.44695313 0.45099338
1.44703125 0.45100029
1.44710937 0.45100721
1.44718750 0.45101412
1.44726562 0.45102104
1.44734375 0.45102795
1.44742188 0.45103487
1.44750000 0.45104178
1.44757812 0.45104870
1.44765625 0.45105561
1.44773438 0.45106252
1.44781250 0.45106944
1.44789063 0.45107635
1.44796875 0.45108327
1.44804687 0.45109018
1.44812500 0.45109710
1.44820313 0.45110401
1.44828125 0.45111093
1.44835938 0.45111784
1.44843750 0.45112475
1.44851562 0.45113167
1.44859375 0.45113858
1.44867188 0.45114550
1.44875000 0.45115241
1.44882813 0.45115933
1.44890625 0.45116624
1.44898437 0.45117316
1.44906250 0.45118007
1.44914063 0.45118699
1.44921875 0.45119390
1.44929687 0.45120081
1.44937500 0.45120773
1.44945313 0.45121464
1.44953125 0.45122156
1.44960938 0.45122847
1.44968750 0.45123539
1.44976562 0.45124230
1.44984375 0.45124922
1.44992188 0.45125613
1.45000000 0.45126305
1.45007813 0.45126996
1.45015625 0.45127687
1.45023437 0.45128379
1.45031250 0.45129070
1.45039063 0.45129762
1.45046875 0.45130453
1.45054688 0.45131145
1.45062500 0.45131836
1.45070312 0.45132528
1.45078125 0.45133219
1.45085938 0.45133911
1.45093750 0.45134602
1.45101562 0.45135294
1.45109375 0.45135985
1.45117188 0.45136676
1.45125000 0.45137368
1.45132813 0.45138059
1.45140625 0.45138751
1.45148437 0.45139442
1.45156250 0.45140134
1.45164063 0.45140825
1.45171875 0.45141517
1.45179688 0.45142208
1.45187500 0.45142900
1.45195312 0.45143591
1.45203125 0.45144283
1.45210938 0.45144974
1.45218750 0.45145666
1.45226563 0.45146357
1.45234375 0.45147048
1.45242187 0.45147740
1.45250000 0.45148431
1.45257813 0.45149123
1.45265625 0.45149814
1.45273438 0.45150506
1.45281250 0.45151197
1.45289062 0.45151889
1.45296875 0.45152580
1.45304688 0.45153272
1.45312500 0.45153963
1.45320312 0.45154655
1.45328125 0.45155346
1.45335938 0.45156038
1.45343750 0.45156729
1.45351563 0.45157421
1.45359375 0.45158112
1.45367187 0.45158804
1.45375000 0.45159495
1.45382813 0.45160186
1.45390625 0.45160878
1.45398438 0.45161569
1.45406250 0.45162261
1.45414062 0.45162952
1.45421875 0.45163644
1.45429688 0.45164335
1.45437500 0.45165027
1.45445313 0.45165718
1.45453125 0.45166410
1.45460937 0.45167101
1.45468750 0.45167793
1.45476563 0.45168484
1.45484375 0.45169176
1.45492187 0.45169867
1.45500000 0.45170559
1.45507812 0.45171250
1.45515625 0.45171942
1.45523438 0.45172633
1.45531250 0.45173325
1.45539062 0.45174016
1.45546875 0.45174708
1.45554688 0.45175399
1.45562500 0.45176091
1.45570313 0.45176782
1.45578125 0.45177474
1.45585937 0.45178165
1.45593750 0.45178857
1.45601563 0.45179548
1.45609375 0.45180240
1.45617188 0.45180931
1.45625000 0.45181623
1.45632812 0.45182314
1.45640625 0.45183006
1.45648438 0.45183697
1.45656250 0.45184389
1.45664063 0.45185080
1.45671875 0.45185772
1.45679687 0.45186463
1.45687500 0.45187155
1.45695313 0.45187846
1.45703125 0.45188538
1.45710937 0.45189229
1.45718750 0.45189921
1.45726563 0.45190612
1.45734375 0.45191304
1.45742188 0.45191995
1.45750000 0.45192687
1.45757812 0.45193378
1.45765625 0.45194070
1.45773438 0.45194761
1.45781250 0.45195453
1.45789063 0.45196144
1.45796875 0.45196836
1.45804687 0.45197527
1.45812500 0.45198219
1.45820313 0.45198910
1.45828125 0.45199602
1.45835938 0.45200293
1.45843750 0.45200985
1.45851562 0.45201676
1.45859375 0.45202368
1.45867188 0.45203059
1.45875000 0.45203751
1.45882812 0.45204442
1.45890625 0.45205134
1.45898438 0.45205825
1.45906250 0.45206517
1.45914063 0.45207208
1.45921875 0.45207900
1.45929687 0.45208591
1.45937500 0.45209283
1.45945313 0.45209974
1.45953125 0.45210666
1.45960938 0.45211357
1.45968750 0.45212049
1.45976562 0.45212740
1.45984375 0.45213432
1.45992188 0.45214123
1.46000000 0.45214815
1.46007813 0.45215506
1.46015625 0.45216198
1.46023437 0.45216889
1.46031250 0.45217581
1.46039063 0.45218272
1.46046875 0.45218964
1.46054688 0.45219655
1.46062500 0.45220347
1.46070312 0.45221038
1.46078125 0.45221730
1.46085938 0.45222421
1.46093750 0.45223113
1.46101562 0.45223804
1.46109375 0.45224496
1.46117188 0.45225187
1.46125000 0.45225879
1.46132813 0.45226571
1.46140625 0.45227262
1.46148437 0.45227954
1.46156250 0.45228645
1.46164063 0.45229337
1.46171875 0.45230028
1.46179688 0.45230720
1.46187500 0.45231411
1.46195312 0.45232103
1.46203125 0.45232794
1.46210938 0.45233486
1.46218750 0.45234177
1.46226563 0.45234869
1.46234375 0.45235560
1.46242187 0.45236252
1.46250000 0.45236943
1.46257813 0.45237635
1.46265625 0.45238326
1.46273437 0.45239018
1.46281250 0.45239710
1.46289062 0.45240401
1.46296875 0.45241093
1.46304688 0.45241784
1.46312500 0.45242476
1.46320312 0.45243167
1.46328125 0.45243859
1.46335938 0.45244550
1.46343750 0.45245242
1.46351563 0.45245933
1.46359375 0.45246625
1.46367187 0.45247316
1.46375000 0.45248008
1.46382813 0.45248699
1.46390625 0.45249391
1.46398438 0.45250083
1.46406250 0.45250774
1.46414062 0.45251466
1.46421875 0.45252157
1.46429688 0.45252849
1.46437500 0.45253540
1.46445313 0.45254232
1.46453125 0.45254923
1.46460937 0.45255615
1.46468750 0.45256306
1.46476563 0.45256998
1.46484375 0.45257689
1.46492187 0.45258381
1.46500000 0.45259073
1.46507813 0.45259764
1.46515625 0.45260456
1.46523438 0.45261147
1.46531250 0.45261839
1.46539062 0.45262530
1.46546875 0.45263222
1.46554688 0.45263913
1.46562500 0.45264605
1.46570313 0.45265296
1.46578125 0.45265988
1.46585937 0.45266680
1.46593750 0.45267371
1.46601563 0.45268063
1.46609375 0.45268754
1.46617188 0.45269446
1.46625000 0.45270137
1.46632812 0.45270829
1.46640625 0.45271520
1.46648438 0.45272212
1.46656250 0.45272903
1.46664062 0.45273595
1.46671875 0.45274287
1.46679688 0.45274978
1.46687500 0.45275670
1.46695313 0.45276361
1.46703125 0.45277053
1.46710937 0.45277744
1.46718750 0.45278436
1.46726563 0.45279127
1.46734375 0.45279819
1.46742188 0.45280511
1.46750000 0.45281202
1.46757812 0.45281894
1.46765625 0.45282585
1.46773438 0.45283277
1.46781250 0.45283968
1.46789063 0.45284660
1.46796875 0.45285351
1.46804687 0.45286043
1.46812500 0.45286735
1.46820313 0.45287426
1.46828125 0.45288118
1.46835938 0.45288809
1.46843750 0.45289501
1.46851562 0.45290192
1.46859375 0.45290884
1.46867188 0.45291575
1.46875000 0.45292267
1.46882812 0.45292959
1.46890625 0.45293650
1.46898438 0.45294342
1.46906250 0.45295033
1.46914063 0.45295725
1.46921875 0.45296416
1.46929687 0.45297108
1.46937500 0.45297800
1.46945313 0.45298491
1.46953125 0.45299183
1.46960938 0.45299874
1.46968750 0.45300566
1.46976562 0.45301257
1.46984375 0.45301949
1.46992188 0.45302641
1.47000000 0.45303332
1.47007813 0.45304024
1.47015625 0.45304715
1.47023437 0.45305407
1.47031250 0.45306098
1.47039063 0.45306790
1.47046875 0.45307482
1.47054687 0.45308173
1.47062500 0.45308865
1.47070312 0.45309556
1.47078125 0.45310248
1.47085938 0.45310939
1.47093750 0.45311631
1.47101562 0.45312323
1.47109375 0.45313014
1.47117188 0.45313706
1.47125000 0.45314397
1.47132813 0.45315089
1.47140625 0.45315780
1.47148437 0.45316472
1.47156250 0.45317164
1.47164063 0.45317855
1.47171875 0.45318547
1.47179688 0.45319238
1.47187500 0.45319930
1.47195312 0.45320621
1.47203125 0.45321313
1.47210938 0.45322005
1.47218750 0.45322696
1.47226563 0.45323388
1.47234375 0.45324079
1.47242187 0.45324771
1.47250000 0.45325463
1.47257813 0.45326154
1.47265625 0.45326846
1.47273437 0.45327537
1.47281250 0.45328229
1.47289063 0.45328920
1.47296875 0.45329612
1.47304688 0.45330304
1.47312500 0.45330995
1.47320312 0.45331687
1.47328125 0.45332378
1.47335938 0.45333070
1.47343750 0.45333762
1.47351563 0.45334453
1.47359375 0.45335145
1.47367187 0.45335836
1.47375000 0.45336528
1.47382813 0.45337220
1.47390625 0.45337911
1.47398438 0.45338603
1.47406250 0.45339294
1.47414062 0.45339986
1.47421875 0.45340677
1.47429688 0.45341369
1.47437500 0.45342061
1.47445312 0.45342752
1.47453125 0.45343444
1.47460938 0.45344135
1.47468750 0.45344827
1.47476563 0.45345519
1.47484375 0.45346210
1.47492187 0.45346902
1.47500000 0.45347593
1.47507813 0.45348285
1.47515625 0.45348977
1.47523438 0.45349668
1.47531250 0.45350360
1.47539062 0.45351051
1.47546875 0.45351743
1.47554688 0.45352435
1.47562500 0.45353126
1.47570313 0.45353818
1.47578125 0.45354509
1.47585937 0.45355201
1.47593750 0.45355893
1.47601563 0.45356584
1.47609375 0.45357276
1.47617188 0.45357967
1.47625000 0.45358659
1.47632812 0.45359351
1.47640625 0.45360042
1.47648438 0.45360734
1.47656250 0.45361425
1.47664062 0.45362117
1.47671875 0.45362809
1.47679688 0.45363500
1.47687500 0.45364192
1.47695313 0.45364883
1.47703125 0.45365575
1.47710937 0.45366267
1.47718750 0.45366958
1.47726563 0.45367650
1.47734375 0.45368342
1.47742188 0.45369033
1.47750000 0.45369725
1.47757812 0.45370416
1.47765625 0.45371108
1.47773438 0.45371800
1.47781250 0.45372491
1.47789063 0.45373183
1.47796875 0.45373874
1.47804687 0.45374566
1.47812500 0.45375258
1.47820313 0.45375949
1.47828125 0.45376641
1.47835937 0.45377332
1.47843750 0.45378024
1.47851562 0.45378716
1.47859375 0.45379407
1.47867188 0.45380099
1.47875000 0.45380791
1.47882812 0.45381482
1.47890625 0.45382174
1.47898438 0.45382865
1.47906250 0.45383557
1.47914063 0.45384249
1.47921875 0.45384940
1.47929687 0.45385632
1.47937500 0.45386323
1.47945313 0.45387015
1.47953125 0.45387707
1.47960938 0.45388398
1.47968750 0.45389090
1.47976562 0.45389782
1.47984375 0.45390473
1.47992188 0.45391165
1.48000000 0.45391856
1.48007813 0.45392548
1.48015625 0.45393240
1.48023437 0.45393931
1.48031250 0.45394623
1.48039063 0.45395315
1.48046875 0.45396006
1.48054687 0.45396698
1.48062500 0.45397389
1.48070313 0.45398081
1.48078125 0.45398773
1.48085938 0.45399464
1.48093750 0.45400156
1.48101562 0.45400848
1.48109375 0.45401539
1.48117188 0.45402231
1.48125000 0.45402923
1.48132813 0.45403614
1.48140625 0.45404306
1.48148437 0.45404997
1.48156250 0.45405689
1.48164063 0.45406381
1.48171875 0.45407072
1.48179688 0.45407764
1.48187500 0.45408456
1.48195312 0.45409147
1.48203125 0.45409839
1.48210938 0.45410530
1.48218750 0.45411222
1.48226562 0.45411914
1.48234375 0.45412605
1.48242188 0.45413297
1.48250000 0.45413989
1.48257813 0.45414680
1.48265625 0.45415372
1.48273437 0.45416064
1.48281250 0.45416755
1.48289063 0.45417447
1.48296875 0.45418138
1.48304688 0.45418830
1.48312500 0.45419522
1.48320312 0.45420213
1.48328125 0.45420905
1.48335938 0.45421597
1.48343750 0.45422288
1.48351563 0.45422980
1.48359375 0.45423672
1.48367187 0.45424363
1.48375000 0.45425055
1.48382813 0.45425747
1.48390625 0.45426438
1.48398438 0.45427130
1.48406250 0.45427821
1.48414062 0.45428513
1.48421875 0.45429205
1.48429688 0.45429896
1.48437500 0.45430588
1.48445312 0.45431280
1.48453125 0.45431971
1.48460938 0.45432663
1.48468750 0.45433355
1.48476563 0.45434046
1.48484375 0.45434738
1.48492187 0.45435430
1.48500000 0.45436121
1.48507813 0.45436813
1.48515625 0.45437505
1.48523438 0.45438196
1.48531250 0.45438888
1.48539062 0.45439580
1.48546875 0.45440271
1.48554688 0.45440963
1.48562500 0.45441654
1.48570313 0.45442346
1.48578125 0.45443038
1.48585937 0.45443729
1.48593750 0.45444421
1.48601563 0.45445113
1.48609375 0.45445804
1.48617187 0.45446496
1.48625000 0.45447188
1.48632812 0.45447879
1.48640625 0.45448571
1.48648438 0.45449263
1.48656250 0.45449954
1.48664062 0.45450646
1.48671875 0.45451338
1.48679688 0.45452029
1.48687500 0.45452721
1.48695313 0.45453413
1.48703125 0.45454104
1.48710937 0.45454796
1.48718750 0.45455488
1.48726563 0.45456179
1.48734375 0.45456871
1.48742188 0.45457563
1.48750000 0.45458254
1.48757812 0.45458946
1.48765625 0.45459638
1.48773438 0.45460329
1.48781250 0.45461021
1.48789063 0.45461713
1.48796875 0.45462404
1.48804687 0.45463096
1.48812500 0.45463788
1.48820313 0.45464479
1.48828125 0.45465171
1.48835937 0.45465863
1.48843750 0.45466554
1.48851563 0.45467246
1.48859375 0.45467938
1.48867188 0.45468629
1.48875000 0.45469321
1.48882812 0.45470013
1.48890625 0.45470704
1.48898438 0.45471396
1.48906250 0.45472088
1.48914063 0.45472779
1.48921875 0.45473471
1.48929687 0.45474163
1.48937500 0.45474854
1.48945313 0.45475546
1.48953125 0.45476238
1.48960938 0.45476929
1.48968750 0.45477621
1.48976562 0.45478313
1.48984375 0.45479004
1.48992188 0.45479696
1.49000000 0.45480388
1.49007812 0.45481079
1.49015625 0.45481771
1.49023438 0.45482463
1.49031250 0.45483154
1.49039063 0.45483846
1.49046875 0.45484538
1.49054687 0.45485229
1.49062500 0.45485921
1.49070313 0.45486613
1.49078125 0.45487305
1.49085938 0.45487996
1.49093750 0.45488688
1.49101562 0.45489380
1.49109375 0.45490071
1.49117188 0.45490763
1.49125000 0.45491455
1.49132813 0.45492146
1.49140625 0.45492838
1.49148437 0.45493530
1.49156250 0.45494221
1.49164063 0.45494913
1.49171875 0.45495605
1.49179688 0.45496296
1.49187500 0.45496988
1.49195312 0.45497680
1.49203125 0.45498371
1.49210938 0.45499063
1.49218750 0.45499755
1.49226562 0.45500447
1.49234375 0.45501138
1.49242188 0.45501830
1.49250000 0.45502522
1.49257813 0.45503213
1.49265625 0.45503905
1.49273437 0.45504597
1.49281250 0.45505288
1.49289063 0.45505980
1.49296875 0.45506672
1.49304688 0.45507363
1.49312500 0.45508055
1.49320312 0.45508747
1.49328125 0.45509439
1.49335938 0.45510130
1.49343750 0.45510822
1.49351563 0.45511514
1.49359375 0.45512205
1.49367187 0.45512897
1.49375000 0.45513589
1.49382813 0.45514280
1.49390625 0.45514972
1.49398438 0.45515664
1.49406250 0.45516355
1.49414062 0.45517047
1.49421875 0.45517739
1.49429688 0.45518431
1.49437500 0.45519122
1.49445312 0.45519814
1.49453125 0.45520506
1.49460938 0.45521197
1.49468750 0.45521889
1.49476563 0.45522581
1.49484375 0.45523272
1.49492187 0.45523964
1.49500000 0.45524656
1.49507813 0.45525348
1.49515625 0.45526039
1.49523438 0.45526731
1.49531250 0.45527423
1.49539062 0.45528114
1.49546875 0.45528806
1.49554688 0.45529498
1.49562500 0.45530190
1.49570313 0.45530881
1.49578125 0.45531573
1.49585937 0.45532265
1.49593750 0.45532956
1.49601563 0.45533648
1.49609375 0.45534340
1.49617187 0.45535031
1.49625000 0.45535723
1.49632813 0.45536415
1.49640625 0.45537107
1.49648438 0.45537798
1.49656250 0.45538490
1.49664062 0.45539182
1.49671875 0.45539873
1.49679688 0.45540565
1.49687500 0.45541257
1.49695313 0.45541949
1.49703125 0.45542640
1.49710937 0.45543332
1.49718750 0.45544024
1.49726563 0.45544715
1.49734375 0.45545407
1.49742188 0.45546099
1.49750000 0.45546791
1.49757812 0.45547482
1.49765625 0.45548174
1.49773438 0.45548866
1.49781250 0.45549557
1.49789063 0.45550249
1.49796875 0.45550941
1.49804688 0.45551633
1.49812500 0.45552324
1.49820313 0.45553016
1.49828125 0.45553708
1.49835937 0.45554399
1.49843750 0.45555091
1.49851563 0.45555783
1.49859375 0.45556475
1.49867188 0.45557166
1.49875000 0.45557858
1.49882812 0.45558550
1.49890625 0.45559242
1.49898438 0.45559933
1.49906250 0.45560625
1.49914063 0.45561317
1.49921875 0.45562008
1.49929687 0.45562700
1.49937500 0.45563392
1.49945313 0.45564084
1.49953125 0.45564775
1.49960938 0.45565467
1.49968750 0.45566159
1.49976562 0.45566851
1.49984375 0.45567542
1.49992188 0.45568234
1.50000000 0.45568926
1.50007812 0.45569617
1.50015625 0.45570309
1.50023438 0.45571001
1.50031250 0.45571693
1.50039063 0.45572384
1.50046875 0.45573076
1.50054687 0.45573768
1.50062500 0.45574460
1.50070313 0.45575151
1.50078125 0.45575843
1.50085938 0.45576535
1.50093750 0.45577226
1.50101562 0.45577918
1.50109375 0.45578610
1.50117188 0.45579302
1.50125000 0.45579993
1.50132813 0.45580685
1.50140625 0.45581377
1.50148437 0.45582069
1.50156250 0.45582760
1.50164063 0.45583452
1.50171875 0.45584144
1.50179688 0.45584836
1.50187500 0.45585527
1.50195312 0.45586219
1.50203125 0.45586911
1.50210938 0.45587603
1.50218750 0.45588294
1.50226562 0.45588986
1.50234375 0.45589678
1.50242188 0.45590369
1.50250000 0.45591061
1.50257813 0.45591753
1.50265625 0.45592445
1.50273437 0.45593136
1.50281250 0.45593828
1.50289063 0.45594520
1.50296875 0.45595212
1.50304688 0.45595903
1.50312500 0.45596595
1.50320312 0.45597287
1.50328125 0.45597979
1.50335938 0.45598670
1.50343750 0.45599362
1.50351563 0.45600054
1.50359375 0.45600746
1.50367187 0.45601437
1.50375000 0.45602129
1.50382813 0.45602821
1.50390625 0.45603513
1.50398437 0.45604204
1.50406250 0.45604896
1.50414063 0.45605588
1.50421875 0.45606280
1.50429688 0.45606971
1.50437500 0.45607663
1.50445312 0.45608355
1.50453125 0.45609047
1.50460938 0.45609738
1.50468750 0.45610430
1.50476563 0.45611122
1.50484375 0.45611814
1.50492187 0.45612505
1.50500000 0.45613197
1.50507813 0.45613889
1.50515625 0.45614581
1.50523438 0.45615272
1.50531250 0.45615964
1.50539062 0.45616656
1.50546875 0.45617348
1.50554688 0.45618039
1.50562500 0.45618731
1.50570313 0.45619423
1.50578125 0.45620115
1.50585938 0.45620806
1.50593750 0.45621498
1.50601563 0.45622190
1.50609375 0.45622882
1.50617187 0.45623574
1.50625000 0.45624265
1.50632813 0.45624957
1.50640625 0.45625649
1.50648438 0.45626341
1.50656250 0.45627032
1.50664062 0.45627724
1.50671875 0.45628416
1.50679688 0.45629108
1.50687500 0.45629799
1.50695313 0.45630491
1.50703125 0.45631183
1.50710937 0.45631875
1.50718750 0.45632566
1.50726563 0.45633258
1.50734375 0.45633950
1.50742188 0.45634642
1.50750000 0.45635334
1.50757812 0.45636025
1.50765625 0.45636717
1.50773438 0.45637409
1.50781250 0.45638101
1.50789062 0.45638792
1.50796875 0.45639484
1.50804688 0.45640176
1.50812500 0.45640868
1.50820313 0.45641559
1.50828125 0.45642251
1.50835937 0.45642943
1.50843750 0.45643635
1.50851563 0.45644327
1.50859375 0.45645018
1.50867188 0.45645710
1.50875000 0.45646402
1.50882812 0.45647094
1.50890625 0.45647785
1.50898438 0.45648477
1.50906250 0.45649169
1.50914063 0.45649861
1.50921875 0.45650552
1.50929687 0.45651244
1.50937500 0.45651936
1.50945313 0.45652628
1.50953125 0.45653320
1.50960938 0.45654011
1.50968750 0.45654703
1.50976562 0.45655395
1.50984375 0.45656087
1.50992188 0.45656778
1.51000000 0.45657470
1.51007812 0.45658162
1.51015625 0.45658854
1.51023438 0.45659546
1.51031250 0.45660237
1.51039063 0.45660929
1.51046875 0.45661621
1.51054687 0.45662313
1.51062500 0.45663005
1.51070313 0.45663696
1.51078125 0.45664388
1.51085938 0.45665080
1.51093750 0.45665772
1.51101562 0.45666463
1.51109375 0.45667155
1.51117188 0.45667847
1.51125000 0.45668539
1.51132813 0.45669231
1.51140625 0.45669922
1.51148437 0.45670614
1.51156250 0.45671306
1.51164063 0.45671998
1.51171875 0.45672690
1.51179687 0.45673381
1.51187500 0.45674073
1.51195313 0.45674765
1.51203125 0.45675457
1.51210938 0.45676148
1.51218750 0.45676840
1.51226562 0.45677532
1.51234375 0.45678224
1.51242188 0.45678916
1.51250000 0.45679607
1.51257813 0.45680299
1.51265625 0.45680991
1.51273437 0.45681683
1.51281250 0.45682375
1.51289063 0.45683066
1.51296875 0.45683758
1.51304688 0.45684450
1.51312500 0.45685142
1.51320312 0.45685834
1.51328125 0.45686525
1.51335938 0.45687217
1.51343750 0.45687909
1.51351563 0.45688601
1.51359375 0.45689293
1.51367188 0.45689984
1.51375000 0.45690676
1.51382813 0.45691368
1.51390625 0.45692060
1.51398437 0.45692752
1.51406250 0.45693443
1.51414063 0.45694135
1.51421875 0.45694827
1.51429688 0.45695519
1.51437500 0.45696211
1.51445312 0.45696902
1.51453125 0.45697594
1.51460938 0.45698286
1.51468750 0.45698978
1.51476563 0.45699670
1.51484375 0.45700361
1.51492187 0.45701053
1.51500000 0.45701745
1.51507813 0.45702437
1.51515625 0.45703129
1.51523438 0.45703820
1.51531250 0.45704512
1.51539062 0.45705204
1.51546875 0.45705896
1.51554688 0.45706588
1.51562500 0.45707279
1.51570312 0.45707971
1.51578125 0.45708663
1.51585938 0.45709355
1.51593750 0.45710047
1.51601563 0.45710738
1.51609375 0.45711430
1.51617187 0.45712122
1.51625000 0.45712814
1.51632813 0.45713506
1.51640625 0.45714198
1.51648438 0.45714889
1.51656250 0.45715581
1.51664062 0.45716273
1.51671875 0.45716965
1.51679688 0.45717657
1.51687500 0.45718348
1.51695313 0.45719040
1.51703125 0.45719732
1.51710937 0.45720424
1.51718750 0.45721116
1.51726563 0.45721807
1.51734375 0.45722499
1.51742188 0.45723191
1.51750000 0.45723883
1.51757812 0.45724575
1.51765625 0.45725267
1.51773438 0.45725958
1.51781250 0.45726650
1.51789062 0.45727342
1.51796875 0.45728034
1.51804688 0.45728726
1.51812500 0.45729417
1.51820313 0.45730109
1.51828125 0.45730801
1.51835937 0.45731493
1.51843750 0.45732185
1.51851563 0.45732877
1.51859375 0.45733568
1.51867188 0.45734260
1.51875000 0.45734952
1.51882812 0.45735644
1.51890625 0.45736336
1.51898438 0.45737028
1.51906250 0.45737719
1.51914063 0.45738411
1.51921875 0.45739103
1.51929687 0.45739795
1.51937500 0.45740487
1.51945313 0.45741179
1.51953125 0.45741870
1.51960937 0.45742562
1.51968750 0.45743254
1.51976563 0.45743946
1.51984375 0.45744638
1.51992188 0.45745329
1.52000000 0.45746021
1.52007812 0.45746713
1.52015625 0.45747405
1.52023438 0.45748097
1.52031250 0.45748789
1.52039063 0.45749480
1.52046875 0.45750172
1.52054687 0.45750864
1.52062500 0.45751556
1.52070313 0.45752248
1.52078125 0.45752940
1.52085938 0.45753631
1.52093750 0.45754323
1.52101562 0.45755015
1.52109375 0.45755707
1.52117188 0.45756399
1.52125000 0.45757091
1.52132813 0.45757782
1.52140625 0.45758474
1.52148438 0.45759166
1.52156250 0.45759858
1.52164063 0.45760550
1.52171875 0.45761242
1.52179687 0.45761933
1.52187500 0.45762625
1.52195313 0.45763317
1.52203125 0.45764009
1.52210938 0.45764701
1.52218750 0.45765393
1.52226562 0.45766085
1.52234375 0.45766776
1.52242188 0.45767468
1.52250000 0.45768160
1.52257813 0.45768852
1.52265625 0.45769544
1.52273437 0.45770236
1.52281250 0.45770927
1.52289063 0.45771619
1.52296875 0.45772311
1.52304688 0.45773003
1.52312500 0.45773695
1.52320312 0.45774387
1.52328125 0.45775078
1.52335938 0.45775770
1.52343750 0.45776462
1.52351562 0.45777154
1.52359375 0.45777846
1.52367188 0.45778538
1.52375000 0.45779229
1.52382813 0.45779921
1.52390625 0.45780613
1.52398437 0.45781305
1.52406250 0.45781997
1.52414063 0.45782689
1.52421875 0.45783381
1.52429688 0.45784073
1.52437500 0.45784764
1.52445312 0.45785456
1.52453125 0.45786148
1.52460938 0.45786840
1.52468750 0.45787532
1.52476563 0.45788224
1.52484375 0.45788915
1.52492187 0.45789607
1.52500000 0.45790299
1.52507813 0.45790991
1.52515625 0.45791683
1.52523438 0.45792375
1.52531250 0.45793067
1.52539062 0.45793758
1.52546875 0.45794450
1.52554688 0.45795142
1.52562500 0.45795834
1.52570312 0.45796526
1.52578125 0.45797218
1.52585938 0.45797910
1.52593750 0.45798601
1.52601563 0.45799293
1.52609375 0.45799985
1.52617187 0.45800677
1.52625000 0.45801369
1.52632813 0.45802061
1.52640625 0.45802753
1.52648438 0.45803445
1.52656250 0.45804136
1.52664062 0.45804828
1.52671875 0.45805520
1.52679688 0.45806212
1.52687500 0.45806904
1.52695313 0.45807596
1.52703125 0.45808287
1.52710937 0.45808979
1.52718750 0.45809671
1.52726563 0.45810363
1.52734375 0.45811055
1.52742187 0.45811747
1.52750000 0.45812439
1.52757813 0.45813131
1.52765625 0.45813822
1.52773438 0.45814514
1.52781250 0.45815206
1.52789062 0.45815898
1.52796875 0.45816590
1.52804688 0.45817282
1.52812500 0.45817974
1.52820313 0.45818666
1.52828125 0.45819357
1.52835937 0.45820049
1.52843750 0.45820741
1.52851563 0.45821433
1.52859375 0.45822125
1.52867188 0.45822817
1.52875000 0.45823508
1.52882812 0.45824201
1.52890625 0.45824892
1.52898438 0.45825584
1.52906250 0.45826276
1.52914063 0.45826968
1.52921875 0.45827660
1.52929688 0.45828352
1.52937500 0.45829043
1.52945313 0.45829736
1.52953125 0.45830427
1.52960937 0.45831119
1.52968750 0.45831811
1.52976563 0.45832503
1.52984375 0.45833195
1.52992188 0.45833887
1.53000000 0.45834578
1.53007812 0.45835271
1.53015625 0.45835962
1.53023438 0.45836654
1.53031250 0.45837346
1.53039063 0.45838038
1.53046875 0.45838730
1.53054687 0.45839422
1.53062500 0.45840113
1.53070313 0.45840806
1.53078125 0.45841497
1.53085938 0.45842189
1.53093750 0.45842881
1.53101562 0.45843573
1.53109375 0.45844265
1.53117188 0.45844957
1.53125000 0.45845648
1.53132812 0.45846341
1.53140625 0.45847032
1.53148438 0.45847725
1.53156250 0.45848416
1.53164063 0.45849108
1.53171875 0.45849800
1.53179687 0.45850492
1.53187500 0.45851184
1.53195313 0.45851876
1.53203125 0.45852567
1.53210938 0.45853260
1.53218750 0.45853951
1.53226562 0.45854643
1.53234375 0.45855335
1.53242188 0.45856027
1.53250000 0.45856719
1.53257813 0.45857411
1.53265625 0.45858102
1.53273437 0.45858795
1.53281250 0.45859486
1.53289063 0.45860179
1.53296875 0.45860870
1.53304688 0.45861562
1.53312500 0.45862254
1.53320312 0.45862946
1.53328125 0.45863638
1.53335938 0.45864330
1.53343750 0.45865021
1.53351562 0.45865714
1.53359375 0.45866405
1.53367188 0.45867098
1.53375000 0.45867789
1.53382813 0.45868481
1.53390625 0.45869173
1.53398437 0.45869865
1.53406250 0.45870556
1.53414063 0.45871249
1.53421875 0.45871940
1.53429688 0.45872633
1.53437500 0.45873324
1.53445312 0.45874017
1.53453125 0.45874708
1.53460938 0.45875400
1.53468750 0.45876092
1.53476563 0.45876784
1.53484375 0.45877475
1.53492187 0.45878168
1.53500000 0.45878859
1.53507813 0.45879552
1.53515625 0.45880243
1.53523437 0.45880936
1.53531250 0.45881627
1.53539063 0.45882319
1.53546875 0.45883011
1.53554688 0.45883703
1.53562500 0.45884394
1.53570312 0.45885087
1.53578125 0.45885778
1.53585938 0.45886471
1.53593750 0.45887162
1.53601563 0.45887855
1.53609375 0.45888546
1.53617187 0.45889238
1.53625000 0.45889930
1.53632813 0.45890622
1.53640625 0.45891313
1.53648438 0.45892006
1.53656250 0.45892697
1.53664062 0.45893390
1.53671875 0.45894081
1.53679688 0.45894774
1.53687500 0.45895465
1.53695313 0.45896158
1.53703125 0.45896849
1.53710938 0.45897541
1.53718750 0.45898233
1.53726563 0.45898925
1.53734375 0.45899616
1.53742187 0.45900309
1.53750000 0.45901000
1.53757813 0.45901693
1.53765625 0.45902384
1.53773438 0.45903077
1.53781250 0.45903768
1.53789062 0.45904461
1.53796875 0.45905152
1.53804688 0.45905844
1.53812500 0.45906535
1.53820313 0.45907228
1.53828125 0.45907919
1.53835937 0.45908612
1.53843750 0.45909303
1.53851563 0.45909996
1.53859375 0.45910687
1.53867188 0.45911380
1.53875000 0.45912071
1.53882812 0.45912764
1.53890625 0.45913455
1.53898438 0.45914148
1.53906250 0.45914838
1.53914062 0.45915531
1.53921875 0.45916222
1.53929688 0.45916915
1.53937500 0.45917606
1.53945313 0.45918299
1.53953125 0.45918990
1.53960937 0.45919683
1.53968750 0.45920374
1.53976563 0.45921067
1.53984375 0.45921758
1.53992188 0.45922451
1.54000000 0.45923141
1.54007812 0.45923835
1.54015625 0.45924525
1.54023438 0.45925218
1.54031250 0.45925909
1.54039063 0.45926602
1.54046875 0.45927293
1.54054687 0.45927986
1.54062500 0.45928677
1.54070313 0.45929370
1.54078125 0.45930061
1.54085938 0.45930754
1.54093750 0.45931445
1.54101562 0.45932138
1.54109375 0.45932828
1.54117188 0.45933522
1.54125000 0.45934212
1.54132812 0.45934906
1.54140625 0.45935596
1.54148438 0.45936289
1.54156250 0.45936980
1.54164063 0.45937673
1.54171875 0.45938364
1.54179687 0.45939057
1.54187500 0.45939748
1.54195313 0.45940441
1.54203125 0.45941132
1.54210938 0.45941825
1.54218750 0.45942515
1.54226562 0.45943209
1.54234375 0.45943899
1.54242188 0.45944593
1.54250000 0.45945283
1.54257813 0.45945977
1.54265625 0.45946667
1.54273437 0.45947360
1.54281250 0.45948051
1.54289063 0.45948744
1.54296875 0.45949435
1.54304687 0.45950128
1.54312500 0.45950819
1.54320313 0.45951512
1.54328125 0.45952202
1.54335938 0.45952896
1.54343750 0.45953586
1.54351562 0.45954280
1.54359375 0.45954970
1.54367188 0.45955664
1.54375000 0.45956354
1.54382813 0.45957048
1.54390625 0.45957738
1.54398437 0.45958432
1.54406250 0.45959122
1.54414063 0.45959816
1.54421875 0.45960506
1.54429688 0.45961199
1.54437500 0.45961890
1.54445312 0.45962583
1.54453125 0.45963273
1.54460938 0.45963967
1.54468750 0.45964657
1.54476563 0.45965351
1.54484375 0.45966041
1.54492188 0.45966735
1.54500000 0.45967425
1.54507813 0.45968119
1.54515625 0.45968809
1.54523437 0.45969503
1.54531250 0.45970193
1.54539063 0.45970887
1.54546875 0.45971577
1.54554688 0.45972271
1.54562500 0.45972961
1.54570312 0.45973655
1.54578125 0.45974345
1.54585938 0.45975039
1.54593750 0.45975728
1.54601563 0.45976422
1.54609375 0.45977112
1.54617187 0.45977806
1.54625000 0.45978496
1.54632813 0.45979190
1.54640625 0.45979880
1.54648438 0.45980574
1.54656250 0.45981264
1.54664062 0.45981958
1.54671875 0.45982648
1.54679688 0.45983342
1.54687500 0.45984032
1.54695312 0.45984726
1.54703125 0.45985416
1.54710938 0.45986110
1.54718750 0.45986800
1.54726563 0.45987494
1.54734375 0.45988184
1.54742187 0.45988878
1.54750000 0.45989567
1.54757813 0.45990262
1.54765625 0.45990951
1.54773438 0.45991646
1.54781250 0.45992335
1.54789062 0.45993030
1.54796875 0.45993719
1.54804688 0.45994414
1.54812500 0.45995103
1.54820313 0.45995797
1.54828125 0.45996487
1.54835937 0.45997181
1.54843750 0.45997871
1.54851563 0.45998565
1.54859375 0.45999255
1.54867188 0.45999949
1.54875000 0.46000639
1.54882812 0.46001333
1.54890625 0.46002023
1.54898438 0.46002717
1.54906250 0.46003407
1.54914062 0.46004101
1.54921875 0.46004791
1.54929688 0.46005485
1.54937500 0.46006174
1.54945313 0.46006869
1.54953125 0.46007558
1.54960937 0.46008253
1.54968750 0.46008942
1.54976563 0.46009637
1.54984375 0.46010326
1.54992188 0.46011021
1.55000000 0.46011710
1.55007812 0.46012405
1.55015625 0.46013094
1.55023438 0.46013789
1.55031250 0.46014478
1.55039063 0.46015173
1.55046875 0.46015862
1.55054687 0.46016557
1.55062500 0.46017246
1.55070313 0.46017941
1.55078125 0.46018630
1.55085937 0.46019325
1.55093750 0.46020014
1.55101563 0.46020709
1.55109375 0.46021398
1.55117188 0.46022093
1.55125000 0.46022782
1.55132812 0.46023477
1.55140625 0.46024166
1.55148438 0.46024861
1.55156250 0.46025550
1.55164063 0.46026245
1.55171875 0.46026933
1.55179687 0.46027629
1.55187500 0.46028317
1.55195313 0.46029012
1.55203125 0.46029701
1.55210938 0.46030396
1.55218750 0.46031085
1.55226562 0.46031780
1.55234375 0.46032469
1.55242188 0.46033164
1.55250000 0.46033853
1.55257813 0.46034548
1.55265625 0.46035237
1.55273438 0.46035932
1.55281250 0.46036621
1.55289063 0.46037316
1.55296875 0.46038005
1.55304687 0.46038700
1.55312500 0.46039389
1.55320313 0.46040084
1.55328125 0.46040773
1.55335938 0.46041468
1.55343750 0.46042157
1.55351562 0.46042852
1.55359375 0.46043541
1.55367188 0.46044236
1.55375000 0.46044925
1.55382813 0.46045620
1.55390625 0.46046309
1.55398437 0.46047004
1.55406250 0.46047693
1.55414063 0.46048388
1.55421875 0.46049077
1.55429688 0.46049772
1.55437500 0.46050461
1.55445312 0.46051156
1.55453125 0.46051845
1.55460938 0.46052540
1.55468750 0.46053229
1.55476562 0.46053924
1.55484375 0.46054613
1.55492188 0.46055308
1.55500000 0.46055997
1.55507813 0.46056692
1.55515625 0.46057381
1.55523437 0.46058076
1.55531250 0.46058765
1.55539063 0.46059460
1.55546875 0.46060149
1.55554688 0.46060844
1.55562500 0.46061533
1.55570312 0.46062228
1.55578125 0.46062917
1.55585938 0.46063612
1.55593750 0.46064301
1.55601563 0.46064996
1.55609375 0.46065685
1.55617187 0.46066380
1.55625000 0.46067069
1.55632813 0.46067764
1.55640625 0.46068453
1.55648438 0.46069148
1.55656250 0.46069837
1.55664062 0.46070532
1.55671875 0.46071221
1.55679688 0.46071916
1.55687500 0.46072605
1.55695312 0.46073300
1.55703125 0.46073989
1.55710938 0.46074684
1.55718750 0.46075373
1.55726563 0.46076068
1.55734375 0.46076757
1.55742187 0.46077452
1.55750000 0.46078141
1.55757813 0.46078836
1.55765625 0.46079525
1.55773438 0.46080220
1.55781250 0.46080909
1.55789062 0.46081604
1.55796875 0.46082293
1.55804688 0.46082989
1.55812500 0.46083677
1.55820313 0.46084373
1.55828125 0.46085061
1.55835937 0.46085757
1.55843750 0.46086445
1.55851563 0.46087141
1.55859375 0.46087829
1.55867187 0.46088525
1.55875000 0.46089213
1.55882813 0.46089909
1.55890625 0.46090597
1.55898438 0.46091293
1.55906250 0.46091981
1.55914062 0.46092677
1.55921875 0.46093365
1.55929688 0.46094061
1.55937500 0.46094749
1.55945313 0.46095445
1.55953125 0.46096133
1.55960937 0.46096829
1.55968750 0.46097517
1.55976563 0.46098213
1.55984375 0.46098901
1.55992188 0.46099597
1.56000000 0.46100285
1.56007812 0.46100981
1.56015625 0.46101669
1.56023438 0.46102365
1.56031250 0.46103053
1.56039063 0.46103749
1.56046875 0.46104437
1.56054688 0.46105133
1.56062500 0.46105821
1.56070313 0.46106517
1.56078125 0.46107205
1.56085937 0.46107901
1.56093750 0.46108589
1.56101563 0.46109285
1.56109375 0.46109973
1.56117188 0.46110669
1.56125000 0.46111357
1.56132812 0.46112053
1.56140625 0.46112741
1.56148438 0.46113437
1.56156250 0.46114125
1.56164063 0.46114821
1.56171875 0.46115509
1.56179687 0.46116205
1.56187500 0.46116893
1.56195313 0.46117590
1.56203125 0.46118277
1.56210938 0.46118974
1.56218750 0.46119661
1.56226562 0.46120358
1.56234375 0.46121046
1.56242188 0.46121742
1.56250000 0.46122430
1.56257812 0.46123126
1.56265625 0.46123814
1.56273438 0.46124510
1.56281250 0.46125198
1.56289063 0.46125894
1.56296875 0.46126582
1.56304687 0.46127278
1.56312500 0.46127966
1.56320313 0.46128662
1.56328125 0.46129350
1.56335938 0.46130046
1.56343750 0.46130734
1.56351562 0.46131430
1.56359375 0.46132118
1.56367188 0.46132814
1.56375000 0.46133502
1.56382813 0.46134198
1.56390625 0.46134886
1.56398437 0.46135582
1.56406250 0.46136270
1.56414063 0.46136966
1.56421875 0.46137654
1.56429688 0.46138350
1.56437500 0.46139038
1.56445312 0.46139735
1.56453125 0.46140422
1.56460938 0.46141119
1.56468750 0.46141807
1.56476562 0.46142503
1.56484375 0.46143191
1.56492188 0.46143887
1.56500000 0.46144575
1.56507813 0.46145271
1.56515625 0.46145959
1.56523437 0.46146655
1.56531250 0.46147343
1.56539063 0.46148039
1.56546875 0.46148727
1.56554688 0.46149423
1.56562500 0.46150111
1.56570312 0.46150807
1.56578125 0.46151495
1.56585938 0.46152191
1.56593750 0.46152879
1.56601563 0.46153575
1.56609375 0.46154263
1.56617187 0.46154959
1.56625000 0.46155647
1.56632813 0.46156343
1.56640625 0.46157032
1.56648437 0.46157728
1.56656250 0.46158416
1.56664063 0.46159112
1.56671875 0.46159800
1.56679688 0.46160496
1.56687500 0.46161184
1.56695312 0.46161880
1.56703125 0.46162568
1.56710938 0.46163264
1.56718750 0.46163952
1.56726563 0.46164648
1.56734375 0.46165336
1.56742187 0.46166032
1.56750000 0.46166720
1.56757813 0.46167416
1.56765625 0.46168104
1.56773438 0.46168800
1.56781250 0.46169488
1.56789062 0.46170184
1.56796875 0.46170873
1.56804688 0.46171568
1.56812500 0.46172257
1.56820313 0.46172953
1.56828125 0.46173641
1.56835938 0.46174337
1.56843750 0.46175025
1.56851563 0.46175721
1.56859375 0.46176409
1.56867187 0.46177105
1.56875000 0.46177793
1.56882813 0.46178489
1.56890625 0.46179177
1.56898438 0.46179873
1.56906250 0.46180561
1.56914062 0.46181257
1.56921875 0.46181946
1.56929688 0.46182641
1.56937500 0.46183330
1.56945313 0.46184025
1.56953125 0.46184714
1.56960937 0.46185410
1.56968750 0.46186098
1.56976563 0.46186794
1.56984375 0.46187482
1.56992188 0.46188178
1.57000000 0.46188866
1.57007812 0.46189562
1.57015625 0.46190250
1.57023438 0.46190946
1.57031250 0.46191634
1.57039062 0.46192330
1.57046875 0.46193019
1.57054688 0.46193714
1.57062500 0.46194403
1.57070313 0.46195098
1.57078125 0.46195787
1.57085937 0.46196482
1.57093750 0.46197171
1.57101563 0.46197867
1.57109375 0.46198555
1.57117188 0.46199251
1.57125000 0.46199939
1.57132812 0.46200635
1.57140625 0.46201323
1.57148438 0.46202019
1.57156250 0.46202708
1.57164063 0.46203403
1.57171875 0.46204092
1.57179687 0.46204787
1.57187500 0.46205476
1.57195313 0.46206171
1.57203125 0.46206860
1.57210938 0.46207555
1.57218750 0.46208244
1.57226562 0.46208940
1.57234375 0.46209628
1.57242188 0.46210324
1.57250000 0.46211013
1.57257812 0.46211708
1.57265625 0.46212397
1.57273438 0.46213092
1.57281250 0.46213781
1.57289063 0.46214476
1.57296875 0.46215165
1.57304687 0.46215860
1.57312500 0.46216549
1.57320313 0.46217244
1.57328125 0.46217933
1.57335938 0.46218629
1.57343750 0.46219318
1.57351562 0.46220013
1.57359375 0.46220702
1.57367188 0.46221397
1.57375000 0.46222086
1.57382813 0.46222781
1.57390625 0.46223470
1.57398437 0.46224165
1.57406250 0.46224854
1.57414063 0.46225549
1.57421875 0.46226238
1.57429687 0.46226933
1.57437500 0.46227623
1.57445313 0.46228318
1.57453125 0.46229007
1.57460938 0.46229702
1.57468750 0.46230391
1.57476562 0.46231086
1.57484375 0.46231775
1.57492188 0.46232470
1.57500000 0.46233159
1.57507813 0.46233854
1.57515625 0.46234543
1.57523437 0.46235238
1.57531250 0.46235928
1.57539063 0.46236622
1.57546875 0.46237312
1.57554688 0.46238007
1.57562500 0.46238696
1.57570312 0.46239391
1.57578125 0.46240080
1.57585938 0.46240775
1.57593750 0.46241464
1.57601563 0.46242159
1.57609375 0.46242849
1.57617188 0.46243543
1.57625000 0.46244233
1.57632813 0.46244927
1.57640625 0.46245617
1.57648437 0.46246312
1.57656250 0.46247001
1.57664063 0.46247696
1.57671875 0.46248385
1.57679688 0.46249080
1.57687500 0.46249770
1.57695312 0.46250464
1.57703125 0.46251154
1.57710938 0.46251848
1.57718750 0.46252538
1.57726563 0.46253232
1.57734375 0.46253922
1.57742187 0.46254617
1.57750000 0.46255306
1.57757813 0.46256001
1.57765625 0.46256691
1.57773438 0.46257385
1.57781250 0.46258075
1.57789062 0.46258769
1.57796875 0.46259459
1.57804688 0.46260153
1.57812500 0.46260843
1.57820312 0.46261538
1.57828125 0.46262227
1.57835938 0.46262922
1.57843750 0.46263612
1.57851563 0.46264306
1.57859375 0.46264996
1.57867187 0.46265690
1.57875000 0.46266380
1.57882813 0.46267074
1.57890625 0.46267764
1.57898438 0.46268458
1.57906250 0.46269148
1.57914062 0.46269843
1.57921875 0.46270533
1.57929688 0.46271227
1.57937500 0.46271917
1.57945313 0.46272611
1.57953125 0.46273301
1.57960937 0.46273995
1.57968750 0.46274685
1.57976563 0.46275379
1.57984375 0.46276070
1.57992188 0.46276764
1.58000000 0.46277454
1.58007812 0.46278148
1.58015625 0.46278838
1.58023438 0.46279532
1.58031250 0.46280222
1.58039062 0.46280916
1.58046875 0.46281606
1.58054688 0.46282300
1.58062500 0.46282991
1.58070313 0.46283685
1.58078125 0.46284375
1.58085937 0.46285069
1.58093750 0.46285759
1.58101563 0.46286453
1.58109375 0.46287143
1.58117188 0.46287837
1.58125000 0.46288528
1.58132812 0.46289221
1.58140625 0.46289912
1.58148438 0.46290606
1.58156250 0.46291296
1.58164063 0.46291990
1.58171875 0.46292680
1.58179687 0.46293374
1.58187500 0.46294064
1.58195313 0.46294758
1.58203125 0.46295449
1.58210937 0.46296143
1.58218750 0.46296833
1.58226563 0.46297527
1.58234375 0.46298217
1.58242188 0.46298911
1.58250000 0.46299601
1.58257812 0.46300295
1.58265625 0.46300986
1.58273438 0.46301679
1.58281250 0.46302370
1.58289063 0.46303064
1.58296875 0.46303754
1.58304687 0.46304448
1.58312500 0.46305138
1.58320313 0.46305832
1.58328125 0.46306523
1.58335938 0.46307216
1.58343750 0.46307907
1.58351562 0.46308601
1.58359375 0.46309291
1.58367188 0.46309985
1.58375000 0.46310675
1.58382813 0.46311369
1.58390625 0.46312060
1.58398438 0.46312753
1.58406250 0.46313444
1.58414063 0.46314137
1.58421875 0.46314828
1.58429687 0.46315522
1.58437500 0.46316212
1.58445313 0.46316906
1.58453125 0.46317597
1.58460938 0.46318290
1.58468750 0.46318981
1.58476562 0.46319674
1.58484375 0.46320365
1.58492188 0.46321059
1.58500000 0.46321750
1.58507813 0.46322443
1.58515625 0.46323134
1.58523437 0.46323827
1.58531250 0.46324518
1.58539063 0.46325211
1.58546875 0.46325902
1.58554688 0.46326596
1.58562500 0.46327287
1.58570312 0.46327980
1.58578125 0.46328671
1.58585938 0.46329364
1.58593750 0.46330055
1.58601562 0.46330748
1.58609375 0.46331439
1.58617188 0.46332133
1.58625000 0.46332824
1.58632813 0.46333517
1.58640625 0.46334208
1.58648437 0.46334901
1.58656250 0.46335592
1.58664063 0.46336285
1.58671875 0.46336976
1.58679688 0.46337670
1.58687500 0.46338361
1.58695312 0.46339054
1.58703125 0.46339745
1.58710938 0.46340438
1.58718750 0.46341129
1.58726563 0.46341822
1.58734375 0.46342514
1.58742187 0.46343207
1.58750000 0.46343898
1.58757813 0.46344591
1.58765625 0.46345282
1.58773438 0.46345975
1.58781250 0.46346666
1.58789062 0.46347359
1.58796875 0.46348051
1.58804688 0.46348744
1.58812500 0.46349435
1.58820312 0.46350128
1.58828125 0.46350819
1.58835938 0.46351512
1.58843750 0.46352204
1.58851563 0.46352897
1.58859375 0.46353588
1.58867187 0.46354281
1.58875000 0.46354972
1.58882813 0.46355665
1.58890625 0.46356356
1.58898438 0.46357049
1.58906250 0.46357741
1.58914062 0.46358434
1.58921875 0.46359125
1.58929688 0.46359818
1.58937500 0.46360509
1.58945313 0.46361202
1.58953125 0.46361894
1.58960937 0.46362587
1.58968750 0.46363278
1.58976563 0.46363971
1.58984375 0.46364662
1.58992187 0.46365355
1.59000000 0.46366047
1.59007813 0.46366739
1.59015625 0.46367431
1.59023438 0.46368124
1.59031250 0.46368815
1.59039062 0.46369508
1.59046875 0.46370199
1.59054688 0.46370892
1.59062500 0.46371584
1.59070313 0.46372277
1.59078125 0.46372968
1.59085937 0.46373661
1.59093750 0.46374352
1.59101563 0.46375045
1.59109375 0.46375737
1.59117188 0.46376429
1.59125000 0.46377121
1.59132812 0.46377814
1.59140625 0.46378505
1.59148438 0.46379198
1.59156250 0.46379890
1.59164063 0.46380582
1.59171875 0.46381274
1.59179688 0.46381967
1.59187500 0.46382658
1.59195313 0.46383351
1.59203125 0.46384043
1.59210937 0.46384735
1.59218750 0.46385427
1.59226563 0.46386120
1.59234375 0.46386811
1.59242188 0.46387504
1.59250000 0.46388196
1.59257812 0.46388888
1.59265625 0.46389580
1.59273438 0.46390272
1.59281250 0.46390964
1.59289063 0.46391657
1.59296875 0.46392349
1.59304687 0.46393041
1.59312500 0.46393733
1.59320313 0.46394425
1.59328125 0.46395117
1.59335938 0.46395810
1.59343750 0.46396501
1.59351562 0.46397194
1.59359375 0.46397886
1.59367188 0.46398578
1.59375000 0.46399270
1.59382812 0.46399963
1.59390625 0.46400654
1.59398438 0.46401347
1.59406250 0.46402039
1.59414063 0.46402731
1.59421875 0.46403423
1.59429687 0.46404116
1.59437500 0.46404807
1.59445313 0.46405500
1.59453125 0.46406192
1.59460938 0.46406884
1.59468750 0.46407576
1.59476562 0.46408269
1.59484375 0.46408960
1.59492188 0.46409653
1.59500000 0.46410345
1.59507813 0.46411037
1.59515625 0.46411729
1.59523437 0.46412422
1.59531250 0.46413114
1.59539063 0.46413806
1.59546875 0.46414498
1.59554688 0.46415190
1.59562500 0.46415882
1.59570312 0.46416575
1.59578125 0.46417267
1.59585938 0.46417959
1.59593750 0.46418651
1.59601562 0.46419343
1.59609375 0.46420035
1.59617188 0.46420728
1.59625000 0.46421420
1.59632813 0.46422112
1.59640625 0.46422804
1.59648437 0.46423496
1.59656250 0.46424188
1.59664063 0.46424881
1.59671875 0.46425573
1.59679688 0.46426265
1.59687500 0.46426957
1.59695312 0.46427649
1.59703125 0.46428341
1.59710938 0.46429034
1.59718750 0.46429726
1.59726563 0.46430418
1.59734375 0.46431110
1.59742187 0.46431802
1.59750000 0.46432494
1.59757813 0.46433187
1.59765625 0.46433879
1.59773437 0.46434571
1.59781250 0.46435263
1.59789063 0.46435956
1.59796875 0.46436648
1.59804688 0.46437340
1.59812500 0.46438032
1.59820312 0.46438724
1.59828125 0.46439416
1.59835938 0.46440109
1.59843750 0.46440801
1.59851563 0.46441493
1.59859375 0.46442185
1.59867187 0.46442877
1.59875000 0.46443569
1.59882813 0.46444262
1.59890625 0.46444954
1.59898438 0.46445646
1.59906250 0.46446338
1.59914062 0.46447030
1.59921875 0.46447722
1.59929688 0.46448415
1.59937500 0.46449107
1.59945313 0.46449799
1.59953125 0.46450491
1.59960938 0.46451184
1.59968750 0.46451876
1.59976563 0.46452568
1.59984375 0.46453260
1.59992187 0.46453952
1.60000000 0.46454644
1.60007813 0.46455337
1.60015625 0.46456029
1.60023438 0.46456721
1.60031250 0.46457413
1.60039062 0.46458105
1.60046875 0.46458797
1.60054688 0.46459490
1.60062500 0.46460182
1.60070313 0.46460874
1.60078125 0.46461566
1.60085937 0.46462259
1.60093750 0.46462951
1.60101563 0.46463643
1.60109375 0.46464335
1.60117188 0.46465027
1.60125000 0.46465719
1.60132812 0.46466412
1.60140625 0.46467104
1.60148438 0.46467796
1.60156250 0.46468488
1.60164062 0.46469180
1.60171875 0.46469873
1.60179688 0.46470565
1.60187500 0.46471257
1.60195313 0.46471949
1.60203125 0.46472641
1.60210937 0.46473334
1.60218750 0.46474026
1.60226563 0.46474718
1.60234375 0.46475410
1.60242188 0.46476102
1.60250000 0.46476795
1.60257812 0.46477487
1.60265625 0.46478179
1.60273438 0.46478871
1.60281250 0.46479563
1.60289063 0.46480256
1.60296875 0.46480948
1.60304687 0.46481640
1.60312500 0.46482332
1.60320313 0.46483024
1.60328125 0.46483717
1.60335938 0.46484409
1.60343750 0.46485101
1.60351562 0.46485793
1.60359375 0.46486485
1.60367188 0.46487178
1.60375000 0.46487870
1.60382812 0.46488562
1.60390625 0.46489254
1.60398438 0.46489946
1.60406250 0.46490639
1.60414063 0.46491331
1.60421875 0.46492023
1.60429687 0.46492715
1.60437500 0.46493407
1.60445313 0.46494100
1.60453125 0.46494792
1.60460938 0.46495484
1.60468750 0.46496176
1.60476562 0.46496868
1.60484375 0.46497561
1.60492188 0.46498253
1.60500000 0.46498945
1.60507813 0.46499637
1.60515625 0.46500329
1.60523437 0.46501022
1.60531250 0.46501714
1.60539063 0.46502406
1.60546875 0.46503098
1.60554687 0.46503791
1.60562500 0.46504483
1.60570313 0.46505175
1.60578125 0.46505867
1.60585938 0.46506559
1.60593750 0.46507252
1.60601562 0.46507944
1.60609375 0.46508636
1.60617188 0.46509328
1.60625000 0.46510020
1.60632813 0.46510713
1.60640625 0.46511405
1.60648437 0.46512097
1.60656250 0.46512789
1.60664063 0.46513482
1.60671875 0.46514174
1.60679688 0.46514866
1.60687500 0.46515558
1.60695312 0.46516250
1.60703125 0.46516943
1.60710938 0.46517635
1.60718750 0.46518327
1.60726563 0.46519019
1.60734375 0.46519711
1.60742188 0.46520404
1.60750000 0.46521096
1.60757813 0.46521788
1.60765625 0.46522480
1.60773437 0.46523173
1.60781250 0.46523865
1.60789063 0.46524557
1.60796875 0.46525249
1.60804688 0.46525941
1.60812500 0.46526634
1.60820312 0.46527326
1.60828125 0.46528018
1.60835938 0.46528710
1.60843750 0.46529403
1.60851563 0.46530095
1.60859375 0.46530787
1.60867187 0.46531479
1.60875000 0.46532171
1.60882813 0.46532864
1.60890625 0.46533556
1.60898438 0.46534248
1.60906250 0.46534940
1.60914062 0.46535633
1.60921875 0.46536325
1.60929688 0.46537017
1.60937500 0.46537709
1.60945312 0.46538401
1.60953125 0.46539094
1.60960938 0.46539786
1.60968750 0.46540478
1.60976563 0.46541170
1.60984375 0.46541863
1.60992187 0.46542555
1.61000000 0.46543247
1.61007813 0.46543939
1.61015625 0.46544632
1.61023438 0.46545324
1.61031250 0.46546016
1.61039062 0.46546708
1.61046875 0.46547400
1.61054688 0.46548093
1.61062500 0.46548785
1.61070313 0.46549477
1.61078125 0.46550169
1.61085937 0.46550862
1.61093750 0.46551554
1.61101563 0.46552246
1.61109375 0.46552938
1.61117188 0.46553631
1.61125000 0.46554323
1.61132812 0.46555015
1.61140625 0.46555707
1.61148438 0.46556399
1.61156250 0.46557092
1.61164062 0.46557784
1.61171875 0.46558476
1.61179688 0.46559168
1.61187500 0.46559861
1.61195313 0.46560553
1.61203125 0.46561245
1.61210937 0.46561937
1.61218750 0.46562630
1.61226563 0.46563322
1.61234375 0.46564014
1.61242188 0.46564706
1.61250000 0.46565399
1.61257812 0.46566091
1.61265625 0.46566783
1.61273438 0.46567475
1.61281250 0.46568167
1.61289063 0.46568860
1.61296875 0.46569552
1.61304687 0.46570244
1.61312500 0.46570936
1.61320313 0.46571629
1.61328125 0.46572321
1.61335937 0.46573013
1.61343750 0.46573705
1.61351563 0.46574398
1.61359375 0.46575090
1.61367188 0.46575782
1.61375000 0.46576474
1.61382812 0.46577167
1.61390625 0.46577859
1.61398438 0.46578551
1.61406250 0.46579243
1.61414063 0.46579936
1.61421875 0.46580628
1.61429687 0.46581320
1.61437500 0.46582012
1.61445313 0.46582705
1.61453125 0.46583397
1.61460938 0.46584089
1.61468750 0.46584781
1.61476562 0.46585474
1.61484375 0.46586166
1.61492188 0.46586858
1.61500000 0.46587550
1.61507813 0.46588243
1.61515625 0.46588935
1.61523438 0.46589627
1.61531250 0.46590319
1.61539063 0.46591012
1.61546875 0.46591704
1.61554687 0.46592396
1.61562500 0.46593088
1.61570313 0.46593781
1.61578125 0.46594473
1.61585938 0.46595165
1.61593750 0.46595857
1.61601562 0.46596550
1.61609375 0.46597242
1.61617188 0.46597934
1.61625000 0.46598626
1.61632813 0.46599319
1.61640625 0.46600011
1.61648437 0.46600703
1.61656250 0.46601395
1.61664063 0.46602088
1.61671875 0.46602780
1.61679688 0.46603472
1.61687500 0.46604164
1.61695312 0.46604857
1.61703125 0.46605549
1.61710938 0.46606241
1.61718750 0.46606933
1.61726562 0.46607626
1.61734375 0.46608318
1.61742188 0.46609010
1.61750000 0.46609702
1.61757813 0.46610395
1.61765625 0.46611087
1.61773437 0.46611779
1.61781250 0.46612471
1.61789063 0.46613164
1.61796875 0.46613856
1.61804688 0.46614548
1.61812500 0.46615240
1.61820312 0.46615933
1.61828125 0.46616625
1.61835938 0.46617317
1.61843750 0.46618010
1.61851563 0.46618702
1.61859375 0.46619394
1.61867187 0.46620086
1.61875000 0.46620779
1.61882813 0.46621471
1.61890625 0.46622163
1.61898438 0.46622855
1.61906250 0.46623548
1.61914062 0.46624240
1.61921875 0.46624932
1.61929688 0.46625624
1.61937500 0.46626317
1.61945312 0.46627009
1.61953125 0.46627701
1.61960938 0.46628393
1.61968750 0.46629086
1.61976563 0.46629778
1.61984375 0.46630470
1.61992187 0.46631163
1.62000000 0.46631855
1.62007813 0.46632547
1.62015625 0.46633239
1.62023438 0.46633932
1.62031250 0.46634624
1.62039062 0.46635316
1.62046875 0.46636008
1.62054688 0.46636701
1.62062500 0.46637393
1.62070313 0.46638085
1.62078125 0.46638777
1.62085937 0.46639470
1.62093750 0.46640162
1.62101563 0.46640854
1.62109375 0.46641547
1.62117187 0.46642239
1.62125000 0.46642931
1.62132813 0.46643623
1.62140625 0.46644316
1.62148438 0.46645008
1.62156250 0.46645700
1.62164062 0.46646392
1.62171875 0.46647085
1.62179688 0.46647777
1.62187500 0.46648469
1.62195313 0.46649162
1.62203125 0.46649854
1.62210937 0.46650546
1.62218750 0.46651238
1.62226563 0.46651931
1.62234375 0.46652623
1.62242188 0.46653315
1.62250000 0.46654008
1.62257812 0.46654700
1.62265625 0.46655392
1.62273438 0.46656084
1.62281250 0.46656777
1.62289063 0.46657469
1.62296875 0.46658161
1.62304688 0.46658853
1.62312500 0.46659546
1.62320313 0.46660238
1.62328125 0.46660930
1.62335937 0.46661623
1.62343750 0.46662315
1.62351563 0.46663007
1.62359375 0.46663699
1.62367188 0.46664392
1.62375000 0.46665084
1.62382812 0.46665776
1.62390625 0.46666469
1.62398438 0.46667161
1.62406250 0.46667853
1.62414063 0.46668545
1.62421875 0.46669238
1.62429687 0.46669930
1.62437500 0.46670622
1.62445313 0.46671315
1.62453125 0.46672007
1.62460938 0.46672699
1.62468750 0.46673391
1.62476562 0.46674084
1.62484375 0.46674776
1.62492188 0.46675468
1.62500000 0.46676161
1.62507812 0.46676853
1.62515625 0.46677545
1.62523438 0.46678237
1.62531250 0.46678930
1.62539063 0.46679622
1.62546875 0.46680314
1.62554687 0.46681007
1.62562500 0.46681699
1.62570313 0.46682391
1.62578125 0.46683083
1.62585938 0.46683776
1.62593750 0.46684468
1.62601562 0.46685160
1.62609375 0.46685853
1.62617188 0.46686545
1.62625000 0.46687237
1.62632813 0.46687929
1.62640625 0.46688622
1.62648437 0.46689314
1.62656250 0.46690006
1.62664063 0.46690699
1.62671875 0.46691391
1.62679688 0.46692083
1.62687500 0.46692775
1.62695312 0.46693468
1.62703125 0.46694160
1.62710938 0.46694852
1.62718750 0.46695545
1.62726562 0.46696237
1.62734375 0.46696929
1.62742188 0.46697622
1.62750000 0.46698314
1.62757813 0.46699006
1.62765625 0.46699698
1.62773437 0.46700391
1.62781250 0.46701083
1.62789063 0.46701775
1.62796875 0.46702468
1.62804688 0.46703160
1.62812500 0.46703852
1.62820312 0.46704545
1.62828125 0.46705237
1.62835938 0.46705929
1.62843750 0.46706621
1.62851563 0.46707314
1.62859375 0.46708006
1.62867187 0.46708698
1.62875000 0.46709391
1.62882813 0.46710083
1.62890625 0.46710775
1.62898437 0.46711468
1.62906250 0.46712160
1.62914063 0.46712852
1.62921875 0.46713544
1.62929688 0.46714237
1.62937500 0.46714929
1.62945312 0.46715621
1.62953125 0.46716314
1.62960938 0.46717006
1.62968750 0.46717698
1.62976563 0.46718391
1.62984375 0.46719083
1.62992187 0.46719775
1.63000000 0.46720467
1.63007813 0.46721160
1.63015625 0.46721852
1.63023438 0.46722544
1.63031250 0.46723237
1.63039062 0.46723929
1.63046875 0.46724621
1.63054688 0.46725314
1.63062500 0.46726006
1.63070313 0.46726698
1.63078125 0.46727391
1.63085938 0.46728083
1.63093750 0.46728775
1.63101563 0.46729467
1.63109375 0.46730160
1.63117187 0.46730852
1.63125000 0.46731544
1.63132813 0.46732237
1.63140625 0.46732929
1.63148438 0.46733621
1.63156250 0.46734314
1.63164062 0.46735006
1.63171875 0.46735698
1.63179688 0.46736391
1.63187500 0.46737083
1.63195313 0.46737775
1.63203125 0.46738467
1.63210937 0.46739160
1.63218750 0.46739852
1.63226563 0.46740544
1.63234375 0.46741237
1.63242188 0.46741929
1.63250000 0.46742621
1.63257812 0.46743314
1.63265625 0.46744006
1.63273438 0.46744698
1.63281250 0.46745391
1.63289062 0.46746083
1.63296875 0.46746775
1.63304688 0.46747468
1.63312500 0.46748160
1.63320313 0.46748852
1.63328125 0.46749545
1.63335937 0.46750237
1.63343750 0.46750929
1.63351563 0.46751621
1.63359375 0.46752314
1.63367188 0.46753006
1.63375000 0.46753698
1.63382812 0.46754391
1.63390625 0.46755083
1.63398438 0.46755775
1.63406250 0.46756468
1.63414063 0.46757160
1.63421875 0.46757852
1.63429687 0.46758545
1.63437500 0.46759237
1.63445313 0.46759929
1.63453125 0.46760622
1.63460938 0.46761314
1.63468750 0.46762006
1.63476562 0.46762699
1.63484375 0.46763391
1.63492188 0.46764083
1.63500000 0.46764776
1.63507812 0.46765468
1.63515625 0.46766160
1.63523438 0.46766853
1.63531250 0.46767545
1.63539063 0.46768237
1.63546875 0.46768930
1.63554687 0.46769622
1.63562500 0.46770314
1.63570313 0.46771007
1.63578125 0.46771699
1.63585938 0.46772391
1.63593750 0.46773083
1.63601562 0.46773776
1.63609375 0.46774468
1.63617188 0.46775160
1.63625000 0.46775853
1.63632813 0.46776545
1.63640625 0.46777237
1.63648437 0.46777930
1.63656250 0.46778622
1.63664063 0.46779314
1.63671875 0.46780007
1.63679687 0.46780699
1.63687500 0.46781391
1.63695313 0.46782084
1.63703125 0.46782776
1.63710938 0.46783468
1.63718750 0.46784161
1.63726562 0.46784853
1.63734375 0.46785545
1.63742188 0.46786238
1.63750000 0.46786930
1.63757813 0.46787622
1.63765625 0.46788315
1.63773437 0.46789007
1.63781250 0.46789699
1.63789063 0.46790392
1.63796875 0.46791084
1.63804688 0.46791776
1.63812500 0.46792469
1.63820312 0.46793161
1.63828125 0.46793853
1.63835938 0.46794546
1.63843750 0.46795238
1.63851563 0.46795930
1.63859375 0.46796623
1.63867188 0.46797315
1.63875000 0.46798007
1.63882813 0.46798700
1.63890625 0.46799392
1.63898437 0.46800084
1.63906250 0.46800777
1.63914063 0.46801469
1.63921875 0.46802161
1.63929688 0.46802854
1.63937500 0.46803546
1.63945312 0.46804239
1.63953125 0.46804931
1.63960938 0.46805623
1.63968750 0.46806316
1.63976563 0.46807008
1.63984375 0.46807700
1.63992187 0.46808393
1.64000000 0.46809085
1.64007813 0.46809777
1.64015625 0.46810470
1.64023438 0.46811162
1.64031250 0.46811854
1.64039062 0.46812547
1.64046875 0.46813239
1.64054688 0.46813931
1.64062500 0.46814624
1.64070312 0.46815316
1.64078125 0.46816008
1.64085938 0.46816701
1.64093750 0.46817393
1.64101563 0.46818085
1.64109375 0.46818778
1.64117187 0.46819470
1.64125000 0.46820162
1.64132813 0.46820855
1.64140625 0.46821547
1.64148438 0.46822239
1.64156250 0.46822932
1.64164062 0.46823624
1.64171875 0.46824316
1.64179688 0.46825009
1.64187500 0.46825701
1.64195313 0.46826394
1.64203125 0.46827086
1.64210937 0.46827778
1.64218750 0.46828471
1.64226563 0.46829163
1.64234375 0.46829855
1.64242188 0.46830548
1.64250000 0.46831240
1.64257812 0.46831932
1.64265625 0.46832625
1.64273438 0.46833317
1.64281250 0.46834009
1.64289062 0.46834702
1.64296875 0.46835394
1.64304688 0.46836086
1.64312500 0.46836779
1.64320313 0.46837471
1.64328125 0.46838164
1.64335937 0.46838856
1.64343750 0.46839548
1.64351563 0.46840241
1.64359375 0.46840933
1.64367188 0.46841625
1.64375000 0.46842318
1.64382812 0.46843010
1.64390625 0.46843702
1.64398438 0.46844395
1.64406250 0.46845087
1.64414063 0.46845779
1.64421875 0.46846472
1.64429687 0.46847164
1.64437500 0.46847856
1.64445313 0.46848549
1.64453125 0.46849241
1.64460937 0.46849934
1.64468750 0.46850626
1.64476563 0.46851318
1.64484375 0.46852011
1.64492188 0.46852703
1.64500000 0.46853395
1.64507812 0.46854088
1.64515625 0.46854780
1.64523438 0.46855472
1.64531250 0.46856165
1.64539063 0.46856857
1.64546875 0.46857550
1.64554687 0.46858242
1.64562500 0.46858934
1.64570313 0.46859627
1.64578125 0.46860319
1.64585938 0.46861011
1.64593750 0.46861704
1.64601562 0.46862396
1.64609375 0.46863088
1.64617188 0.46863781
1.64625000 0.46864473
1.64632813 0.46865166
1.64640625 0.46865858
1.64648438 0.46866550
1.64656250 0.46867243
1.64664063 0.46867935
1.64671875 0.46868627
1.64679687 0.46869320
1.64687500 0.46870012
1.64695313 0.46870704
1.64703125 0.46871397
1.64710938 0.46872089
1.64718750 0.46872782
1.64726562 0.46873474
1.64734375 0.46874166
1.64742188 0.46874859
1.64750000 0.46875551
1.64757813 0.46876243
1.64765625 0.46876936
1.64773437 0.46877628
1.64781250 0.46878320
1.64789063 0.46879013
1.64796875 0.46879705
1.64804688 0.46880398
1.64812500 0.46881090
1.64820312 0.46881782
1.64828125 0.46882475
1.64835938 0.46883167
1.64843750 0.46883859
1.64851562 0.46884552
1.64859375 0.46885244
1.64867188 0.46885937
1.64875000 0.46886629
1.64882813 0.46887321
1.64890625 0.46888014
1.64898437 0.46888706
1.64906250 0.46889398
1.64914063 0.46890091
1.64921875 0.46890783
1.64929688 0.46891476
1.64937500 0.46892168
1.64945312 0.46892860
1.64953125 0.46893553
1.64960938 0.46894245
1.64968750 0.46894937
1.64976563 0.46895630
1.64984375 0.46896322
1.64992187 0.46897015
1.65000000 0.46897707
1.65007813 0.46898399
1.65015625 0.46899092
1.65023438 0.46899784
1.65031250 0.46900476
1.65039062 0.46901169
1.65046875 0.46901861
1.65054688 0.46902554
1.65062500 0.46903246
1.65070312 0.46903938
1.65078125 0.46904631
1.65085938 0.46905323
1.65093750 0.46906016
1.65101563 0.46906708
1.65109375 0.46907400
1.65117187 0.46908093
1.65125000 0.46908785
1.65132813 0.46909477
1.65140625 0.46910170
1.65148438 0.46910862
1.65156250 0.46911555
1.65164062 0.46912247
1.65171875 0.46912939
1.65179688 0.46913632
1.65187500 0.46914324
1.65195313 0.46915016
1.65203125 0.46915709
1.65210937 0.46916401
1.65218750 0.46917094
1.65226563 0.46917786
1.65234375 0.46918478
1.65242187 0.46919171
1.65250000 0.46919863
1.65257813 0.46920556
1.65265625 0.46921248
1.65273438 0.46921940
1.65281250 0.46922633
1.65289062 0.46923325
1.65296875 0.46924018
1.65304688 0.46924710
1.65312500 0.46925402
1.65320313 0.46926095
1.65328125 0.46926787
1.65335937 0.46927479
1.65343750 0.46928172
1.65351563 0.46928864
1.65359375 0.46929557
1.65367188 0.46930249
1.65375000 0.46930941
1.65382812 0.46931634
1.65390625 0.46932326
1.65398438 0.46933019
1.65406250 0.46933711
1.65414063 0.46934403
1.65421875 0.46935096
1.65429688 0.46935788
1.65437500 0.46936481
1.65445313 0.46937173
1.65453125 0.46937865
1.65460937 0.46938558
1.65468750 0.46939250
1.65476563 0.46939943
1.65484375 0.46940635
1.65492188 0.46941327
1.65500000 0.46942020
1.65507812 0.46942712
1.65515625 0.46943404
1.65523438 0.46944097
1.65531250 0.46944789
1.65539063 0.46945482
1.65546875 0.46946174
1.65554687 0.46946866
1.65562500 0.46947559
1.65570313 0.46948251
1.65578125 0.46948944
1.65585938 0.46949636
1.65593750 0.46950328
1.65601562 0.46951021
1.65609375 0.46951713
1.65617188 0.46952406
1.65625000 0.46953098
1.65632812 0.46953790
1.65640625 0.46954483
1.65648438 0.46955175
1.65656250 0.46955868
1.65664063 0.46956560
1.65671875 0.46957252
1.65679687 0.46957945
1.65687500 0.46958637
1.65695313 0.46959330
1.65703125 0.46960022
1.65710938 0.46960714
1.65718750 0.46961407
1.65726562 0.46962099
1.65734375 0.46962792
1.65742188 0.46963484
1.65750000 0.46964176
1.65757813 0.46964869
1.65765625 0.46965561
1.65773437 0.46966254
1.65781250 0.46966946
1.65789063 0.46967639
1.65796875 0.46968331
1.65804688 0.46969023
1.65812500 0.46969716
1.65820312 0.46970408
1.65828125 0.46971101
1.65835938 0.46971793
1.65843750 0.46972485
1.65851562 0.46973178
1.65859375 0.46973870
1.65867188 0.46974563
1.65875000 0.46975255
1.65882813 0.46975947
1.65890625 0.46976640
1.65898437 0.46977332
1.65906250 0.46978025
1.65914063 0.46978717
1.65921875 0.46979409
1.65929688 0.46980102
1.65937500 0.46980794
1.65945312 0.46981487
1.65953125 0.46982179
1.65960938 0.46982871
1.65968750 0.46983564
1.65976563 0.46984256
1.65984375 0.46984949
1.65992187 0.46985641
1.66000000 0.46986334
1.66007813 0.46987026
1.66015625 0.46987718
1.66023437 0.46988411
1.66031250 0.46989103
1.66039063 0.46989796
1.66046875 0.46990488
1.66054688 0.46991180
1.66062500 0.46991873
1.66070312 0.46992565
1.66078125 0.46993258
1.66085938 0.46993950
1.66093750 0.46994643
1.66101563 0.46995335
1.66109375 0.46996027
1.66117187 0.46996720
1.66125000 0.46997412
1.66132813 0.46998105
1.66140625 0.46998797
1.66148438 0.46999489
1.66156250 0.47000182
1.66164062 0.47000874
1.66171875 0.47001567
1.66179688 0.47002259
1.66187500 0.47002952
1.66195313 0.47003644
1.66203125 0.47004336
1.66210938 0.47005029
1.66218750 0.47005721
1.66226563 0.47006414
1.66234375 0.47007106
1.66242187 0.47007798
1.66250000 0.47008491
1.66257813 0.47009183
1.66265625 0.47009876
1.66273438 0.47010568
1.66281250 0.47011261
1.66289062 0.47011953
1.66296875 0.47012645
1.66304688 0.47013338
1.66312500 0.47014030
1.66320313 0.47014723
1.66328125 0.47015415
1.66335937 0.47016108
1.66343750 0.47016800
1.66351563 0.47017492
1.66359375 0.47018185
1.66367188 0.47018877
1.66375000 0.47019570
1.66382812 0.47020262
1.66390625 0.47020955
1.66398438 0.47021647
1.66406250 0.47022339
1.66414062 0.47023032
1.66421875 0.47023724
1.66429688 0.47024417
1.66437500 0.47025109
1.66445313 0.47025802
1.66453125 0.47026494
1.66460937 0.47027186
1.66468750 0.47027879
1.66476563 0.47028571
1.66484375 0.47029264
1.66492188 0.47029956
1.66500000 0.47030649
1.66507812 0.47031341
1.66515625 0.47032033
1.66523438 0.47032726
1.66531250 0.47033418
1.66539063 0.47034111
1.66546875 0.47034803
1.66554687 0.47035496
1.66562500 0.47036188
1.66570313 0.47036880
1.66578125 0.47037573
1.66585938 0.47038265
1.66593750 0.47038958
1.66601562 0.47039650
1.66609375 0.47040343
1.66617188 0.47041035
1.66625000 0.47041727
1.66632812 0.47042420
1.66640625 0.47043112
1.66648438 0.47043805
1.66656250 0.47044497
1.66664063 0.47045190
1.66671875 0.47045882
1.66679687 0.47046574
1.66687500 0.47047267
1.66695313 0.47047959
1.66703125 0.47048652
1.66710938 0.47049344
1.66718750 0.47050037
1.66726562 0.47050729
1.66734375 0.47051422
1.66742188 0.47052114
1.66750000 0.47052806
1.66757813 0.47053499
1.66765625 0.47054191
1.66773437 0.47054884
1.66781250 0.47055576
1.66789063 0.47056269
1.66796875 0.47056961
1.66804687 0.47057653
1.66812500 0.47058346
1.66820313 0.47059038
1.66828125 0.47059731
1.66835938 0.47060423
1.66843750 0.47061116
1.66851562 0.47061808
1.66859375 0.47062501
1.66867188 0.47063193
1.66875000 0.47063885
1.66882813 0.47064578
1.66890625 0.47065270
1.66898437 0.47065963
1.66906250 0.47066655
1.66914063 0.47067348
1.66921875 0.47068040
1.66929688 0.47068733
1.66937500 0.47069425
1.66945312 0.47070117
1.66953125 0.47070810
1.66960938 0.47071502
1.66968750 0.47072195
1.66976563 0.47072887
1.66984375 0.47073580
1.66992188 0.47074272
1.67000000 0.47074965
1.67007813 0.47075657
1.67015625 0.47076349
1.67023437 0.47077042
1.67031250 0.47077734
1.67039063 0.47078427
1.67046875 0.47079119
1.67054688 0.47079812
1.67062500 0.47080504
1.67070312 0.47081197
1.67078125 0.47081889
1.67085938 0.47082581
1.67093750 0.47083274
1.67101563 0.47083966
1.67109375 0.47084659
1.67117187 0.47085351
1.67125000 0.47086044
1.67132813 0.47086736
1.67140625 0.47087429
1.67148438 0.47088121
1.67156250 0.47088813
1.67164062 0.47089506
1.67171875 0.47090198
1.67179688 0.47090891
1.67187500 0.47091583
1.67195312 0.47092276
1.67203125 0.47092968
1.67210938 0.47093661
1.67218750 0.47094353
1.67226563 0.47095046
1.67234375 0.47095738
1.67242187 0.47096430
1.67250000 0.47097123
1.67257813 0.47097815
1.67265625 0.47098508
1.67273438 0.47099200
1.67281250 0.47099893
1.67289062 0.47100585
1.67296875 0.47101278
1.67304688 0.47101970
1.67312500 0.47102663
1.67320313 0.47103355
1.67328125 0.47104047
1.67335937 0.47104740
1.67343750 0.47105432
1.67351563 0.47106125
1.67359375 0.47106817
1.67367188 0.47107510
1.67375000 0.47108202
1.67382812 0.47108895
1.67390625 0.47109587
1.67398438 0.47110280
1.67406250 0.47110972
1.67414062 0.47111665
1.67421875 0.47112357
1.67429688 0.47113049
1.67437500 0.47113742
1.67445313 0.47114434
1.67453125 0.47115127
1.67460937 0.47115819
1.67468750 0.47116512
1.67476563 0.47117204
1.67484375 0.47117897
1.67492188 0.47118589
1.67500000 0.47119282
1.67507812 0.47119974
1.67515625 0.47120667
1.67523438 0.47121359
1.67531250 0.47122051
1.67539063 0.47122744
1.67546875 0.47123436
1.67554687 0.47124129
1.67562500 0.47124821
1.67570313 0.47125514
1.67578125 0.47126206
1.67585937 0.47126899
1.67593750 0.47127591
1.67601563 0.47128284
1.67609375 0.47128976
1.67617188 0.47129669
1.67625000 0.47130361
1.67632812 0.47131054
1.67640625 0.47131746
1.67648438 0.47132438
1.67656250 0.47133131
1.67664063 0.47133823
1.67671875 0.47134516
1.67679687 0.47135208
1.67687500 0.47135901
1.67695313 0.47136593
1.67703125 0.47137286
1.67710938 0.47137978
1.67718750 0.47138671
1.67726562 0.47139363
1.67734375 0.47140056
1.67742188 0.47140748
1.67750000 0.47141441
1.67757813 0.47142133
1.67765625 0.47142825
1.67773438 0.47143518
1.67781250 0.47144210
1.67789063 0.47144903
1.67796875 0.47145595
1.67804687 0.47146288
1.67812500 0.47146980
1.67820313 0.47147673
1.67828125 0.47148365
1.67835938 0.47149058
1.67843750 0.47149750
1.67851562 0.47150443
1.67859375 0.47151135
1.67867188 0.47151828
1.67875000 0.47152520
1.67882813 0.47153213
1.67890625 0.47153905
1.67898437 0.47154598
1.67906250 0.47155290
1.67914063 0.47155982
1.67921875 0.47156675
1.67929688 0.47157367
1.67937500 0.47158060
1.67945312 0.47158752
1.67953125 0.47159445
1.67960938 0.47160137
1.67968750 0.47160830
1.67976562 0.47161522
1.67984375 0.47162215
1.67992188 0.47162907
1.68000000 0.47163600
1.68007813 0.47164292
1.68015625 0.47164985
1.68023437 0.47165677
1.68031250 0.47166370
1.68039063 0.47167062
1.68046875 0.47167755
1.68054688 0.47168447
1.68062500 0.47169140
1.68070312 0.47169832
1.68078125 0.47170525
1.68085938 0.47171217
1.68093750 0.47171909
1.68101563 0.47172602
1.68109375 0.47173294
1.68117187 0.47173987
1.68125000 0.47174679
1.68132813 0.47175372
1.68140625 0.47176064
1.68148438 0.47176757
1.68156250 0.47177449
1.68164062 0.47178142
1.68171875 0.47178834
1.68179688 0.47179527
1.68187500 0.47180219
1.68195312 0.47180912
1.68203125 0.47181604
1.68210938 0.47182297
1.68218750 0.47182989
1.68226563 0.47183682
1.68234375 0.47184374
1.68242187 0.47185067
1.68250000 0.47185759
1.68257813 0.47186452
1.68265625 0.47187144
1.68273438 0.47187837
1.68281250 0.47188529
1.68289062 0.47189222
1.68296875 0.47189914
1.68304688 0.47190607
1.68312500 0.47191299
1.68320313 0.47191992
1.68328125 0.47192684
1.68335937 0.47193377
1.68343750 0.47194069
1.68351563 0.47194762
1.68359375 0.47195454
1.68367187 0.47196147
1.68375000 0.47196839
1.68382813 0.47197531
1.68390625 0.47198224
1.68398438 0.47198916
1.68406250 0.47199609
1.68414062 0.47200301
1.68421875 0.47200994
1.68429688 0.47201686
1.68437500 0.47202379
1.68445313 0.47203071
1.68453125 0.47203764
1.68460937 0.47204456
1.68468750 0.47205149
1.68476563 0.47205841
1.68484375 0.47206534
1.68492188 0.47207226
1.68500000 0.47207919
1.68507812 0.47208611
1.68515625 0.47209304
1.68523438 0.47209996
1.68531250 0.47210689
1.68539063 0.47211381
1.68546875 0.47212074
1.68554688 0.47212766
1.68562500 0.47213459
1.68570313 0.47214151
1.68578125 0.47214844
1.68585937 0.47215536
1.68593750 0.47216229
1.68601563 0.47216921
1.68609375 0.47217614
1.68617188 0.47218306
1.68625000 0.47218999
1.68632812 0.47219691
1.68640625 0.47220384
1.68648438 0.47221076
1.68656250 0.47221769
1.68664063 0.47222461
1.68671875 0.47223154
1.68679687 0.47223846
1.68687500 0.47224539
1.68695313 0.47225231
1.68703125 0.47225924
1.68710938 0.47226616
1.68718750 0.47227309
1.68726562 0.47228001
1.68734375 0.47228694
1.68742188 0.47229386
1.68750000 0.47230079
1.68757812 0.47230771
1.68765625 0.47231464
1.68773438 0.47232156
1.68781250 0.47232849
1.68789063 0.47233541
1.68796875 0.47234234
1.68804687 0.47234926
1.68812500 0.47235619
1.68820313 0.47236311
1.68828125 0.47237004
1.68835938 0.47237696
1.68843750 0.47238389
1.68851562 0.47239081
1.68859375 0.47239774
1.68867188 0.47240466
1.68875000 0.47241159
1.68882813 0.47241851
1.68890625 0.47242544
1.68898437 0.47243236
1.68906250 0.47243929
1.68914063 0.47244621
1.68921875 0.47245314
1.68929688 0.47246006
1.68937500 0.47246699
1.68945312 0.47247391
1.68953125 0.47248084
1.68960938 0.47248777
1.68968750 0.47249469
1.68976562 0.47250162
1.68984375 0.47250854
1.68992188 0.47251547
1.69000000 0.47252239
1.69007813 0.47252932
1.69015625 0.47253624
1.69023437 0.47254317
1.69031250 0.47255009
1.69039063 0.47255702
1.69046875 0.47256394
1.69054688 0.47257087
1.69062500 0.47257779
1.69070312 0.47258472
1.69078125 0.47259164
1.69085938 0.47259857
1.69093750 0.47260549
1.69101563 0.47261242
1.69109375 0.47261934
1.69117187 0.47262627
1.69125000 0.47263319
1.69132813 0.47264012
1.69140625 0.47264704
1.69148437 0.47265397
1.69156250 0.47266089
1.69164063 0.47266782
1.69171875 0.47267474
1.69179688 0.47268167
1.69187500 0.47268859
1.69195312 0.47269552
1.69203125 0.47270244
1.69210938 0.47270937
1.69218750 0.47271629
1.69226563 0.47272322
1.69234375 0.47273014
1.69242187 0.47273707
1.69250000 0.47274400
1.69257813 0.47275092
1.69265625 0.47275785
1.69273438 0.47276477
1.69281250 0.47277170
1.69289062 0.47277862
1.69296875 0.47278555
1.69304688 0.47279247
1.69312500 0.47279940
1.69320313 0.47280632
1.69328125 0.47281325
1.69335938 0.47282017
1.69343750 0.47282710
1.69351563 0.47283402
1.69359375 0.47284095
1.69367187 0.47284787
1.69375000 0.47285480
1.69382813 0.47286172
1.69390625 0.47286865
1.69398438 0.47287557
1.69406250 0.47288250
1.69414062 0.47288942
1.69421875 0.47289635
1.69429688 0.47290327
1.69437500 0.47291020
1.69445313 0.47291713
1.69453125 0.47292405
1.69460937 0.47293098
1.69468750 0.47293790
1.69476563 0.47294483
1.69484375 0.47295175
1.69492188 0.47295868
1.69500000 0.47296560
1.69507812 0.47297253
1.69515625 0.47297945
1.69523438 0.47298638
1.69531250 0.47299330
1.69539062 0.47300023
1.69546875 0.47300715
1.69554688 0.47301408
1.69562500 0.47302100
1.69570313 0.47302793
1.69578125 0.47303485
1.69585937 0.47304178
1.69593750 0.47304871
1.69601563 0.47305563
1.69609375 0.47306256
1.69617188 0.47306948
1.69625000 0.47307641
1.69632812 0.47308333
1.69640625 0.47309026
1.69648438 0.47309718
1.69656250 0.47310411
1.69664063 0.47311103
1.69671875 0.47311796
1.69679687 0.47312488
1.69687500 0.47313181
1.69695313 0.47313873
1.69703125 0.47314566
1.69710938 0.47315258
1.69718750 0.47315951
1.69726562 0.47316644
1.69734375 0.47317336
1.69742188 0.47318029
1.69750000 0.47318721
1.69757812 0.47319414
1.69765625 0.47320106
1.69773438 0.47320799
1.69781250 0.47321491
1.69789063 0.47322184
1.69796875 0.47322876
1.69804687 0.47323569
1.69812500 0.47324261
1.69820313 0.47324954
1.69828125 0.47325647
1.69835938 0.47326339
1.69843750 0.47327032
1.69851562 0.47327724
1.69859375 0.47328417
1.69867188 0.47329109
1.69875000 0.47329802
1.69882813 0.47330494
1.69890625 0.47331187
1.69898437 0.47331879
1.69906250 0.47332572
1.69914063 0.47333264
1.69921875 0.47333957
1.69929687 0.47334649
1.69937500 0.47335342
1.69945313 0.47336035
1.69953125 0.47336727
1.69960938 0.47337420
1.69968750 0.47338112
1.69976562 0.47338805
1.69984375 0.47339497
1.69992188 0.47340190
1.70000000 0.47340882
1.70007813 0.47341575
1.70015625 0.47342267
1.70023437 0.47342960
1.70031250 0.47343653
1.70039063 0.47344345
1.70046875 0.47345038
1.70054688 0.47345730
1.70062500 0.47346423
1.70070312 0.47347115
1.70078125 0.47347808
1.70085938 0.47348500
1.70093750 0.47349193
1.70101563 0.47349885
1.70109375 0.47350578
1.70117188 0.47351270
1.70125000 0.47351963
1.70132813 0.47352656
1.70140625 0.47353348
1.70148437 0.47354041
1.70156250 0.47354733
1.70164063 0.47355426
1.70171875 0.47356118
1.70179688 0.47356811
1.70187500 0.47357503
1.70195312 0.47358196
1.70203125 0.47358888
1.70210938 0.47359581
1.70218750 0.47360274
1.70226563 0.47360966
1.70234375 0.47361659
1.70242187 0.47362351
1.70250000 0.47363044
1.70257813 0.47363736
1.70265625 0.47364429
1.70273438 0.47365121
1.70281250 0.47365814
1.70289062 0.47366507
1.70296875 0.47367199
1.70304688 0.47367892
1.70312500 0.47368584
1.70320312 0.47369277
1.70328125 0.47369969
1.70335938 0.47370662
1.70343750 0.47371354
1.70351563 0.47372047
1.70359375 0.47372739
1.70367187 0.47373432
1.70375000 0.47374125
1.70382813 0.47374817
1.70390625 0.47375510
1.70398438 0.47376202
1.70406250 0.47376895
1.70414062 0.47377587
1.70421875 0.47378280
1.70429688 0.47378972
1.70437500 0.47379665
1.70445313 0.47380358
1.70453125 0.47381050
1.70460937 0.47381743
1.70468750 0.47382435
1.70476563 0.47383128
1.70484375 0.47383820
1.70492188 0.47384513
1.70500000 0.47385205
1.70507812 0.47385898
1.70515625 0.47386591
1.70523438 0.47387283
1.70531250 0.47387976
1.70539062 0.47388668
1.70546875 0.47389361
1.70554688 0.47390053
1.70562500 0.47390746
1.70570313 0.47391438
1.70578125 0.47392131
1.70585937 0.47392824
1.70593750 0.47393516
1.70601563 0.47394209
1.70609375 0.47394901
1.70617188 0.47395594
1.70625000 0.47396286
1.70632812 0.47396979
1.70640625 0.47397671
1.70648438 0.47398364
1.70656250 0.47399057
1.70664063 0.47399749
1.70671875 0.47400442
1.70679687 0.47401134
1.70687500 0.47401827
1.70695313 0.47402519
1.70703125 0.47403212
1.70710937 0.47403905
1.70718750 0.47404597
1.70726563 0.47405290
1.70734375 0.47405982
1.70742188 0.47406675
1.70750000 0.47407367
1.70757812 0.47408060
1.70765625 0.47408752
1.70773438 0.47409445
1.70781250 0.47410138
1.70789063 0.47410830
1.70796875 0.47411523
1.70804687 0.47412215
1.70812500 0.47412908
1.70820313 0.47413600
1.70828125 0.47414293
1.70835938 0.47414986
1.70843750 0.47415678
1.70851562 0.47416371
1.70859375 0.47417063
1.70867188 0.47417756
1.70875000 0.47418448
1.70882813 0.47419141
1.70890625 0.47419834
1.70898438 0.47420526
1.70906250 0.47421219
1.70914063 0.47421911
1.70921875 0.47422604
1.70929687 0.47423296
1.70937500 0.47423989
1.70945313 0.47424682
1.70953125 0.47425374
1.70960938 0.47426067
1.70968750 0.47426759
1.70976562 0.47427452
1.70984375 0.47428144
1.70992188 0.47428837
1.71000000 0.47429529
1.71007813 0.47430222
1.71015625 0.47430915
1.71023437 0.47431607
1.71031250 0.47432300
1.71039063 0.47432992
1.71046875 0.47433685
1.71054688 0.47434377
1.71062500 0.47435070
1.71070312 0.47435763
1.71078125 0.47436455
1.71085938 0.47437148
1.71093750 0.47437840
1.71101562 0.47438533
1.71109375 0.47439226
1.71117188 0.47439918
1.71125000 0.47440611
1.71132813 0.47441303
1.71140625 0.47441996
1.71148437 0.47442688
1.71156250 0.47443381
1.71164063 0.47444074
1.71171875 0.47444766
1.71179688 0.47445459
1.71187500 0.47446151
1.71195312 0.47446844
1.71203125 0.47447536
1.71210938 0.47448229
1.71218750 0.47448922
1.71226563 0.47449614
1.71234375 0.47450307
1.71242187 0.47450999
1.71250000 0.47451692
1.71257813 0.47452384
1.71265625 0.47453077
1.71273438 0.47453770
1.71281250 0.47454462
1.71289062 0.47455155
1.71296875 0.47455847
1.71304688 0.47456540
1.71312500 0.47457232
1.71320312 0.47457925
1.71328125 0.47458618
1.71335938 0.47459310
1.71343750 0.47460003
1.71351563 0.47460695
1.71359375 0.47461388
1.71367187 0.47462081
1.71375000 0.47462773
1.71382813 0.47463466
1.71390625 0.47464158
1.71398438 0.47464851
1.71406250 0.47465543
1.71414062 0.47466236
1.71421875 0.47466929
1.71429688 0.47467621
1.71437500 0.47468314
1.71445313 0.47469006
1.71453125 0.47469699
1.71460937 0.47470392
1.71468750 0.47471084
1.71476563 0.47471777
1.71484375 0.47472469
1.71492187 0.47473162
1.71500000 0.47473854
1.71507813 0.47474547
1.71515625 0.47475240
1.71523438 0.47475932
1.71531250 0.47476625
1.71539062 0.47477317
1.71546875 0.47478010
1.71554688 0.47478703
1.71562500 0.47479395
1.71570313 0.47480088
1.71578125 0.47480780
1.71585937 0.47481473
1.71593750 0.47482166
1.71601563 0.47482858
1.71609375 0.47483551
1.71617188 0.47484243
1.71625000 0.47484936
1.71632812 0.47485628
1.71640625 0.47486321
1.71648438 0.47487014
1.71656250 0.47487706
1.71664063 0.47488399
1.71671875 0.47489091
1.71679688 0.47489784
1.71687500 0.47490477
1.71695313 0.47491169
1.71703125 0.47491862
1.71710937 0.47492554
1.71718750 0.47493247
1.71726563 0.47493940
1.71734375 0.47494632
1.71742188 0.47495325
1.71750000 0.47496017
1.71757812 0.47496710
1.71765625 0.47497402
1.71773438 0.47498095
1.71781250 0.47498788
1.71789063 0.47499480
1.71796875 0.47500173
1.71804687 0.47500865
1.71812500 0.47501558
1.71820313 0.47502251
1.71828125 0.47502943
1.71835938 0.47503636
1.71843750 0.47504328
1.71851562 0.47505021
1.71859375 0.47505714
1.71867188 0.47506406
1.71875000 0.47507099
1.71882812 0.47507791
1.71890625 0.47508484
1.71898438 0.47509177
1.71906250 0.47509869
1.71914063 0.47510562
1.71921875 0.47511254
1.71929687 0.47511947
1.71937500 0.47512640
1.71945313 0.47513332
1.71953125 0.47514025
1.71960938 0.47514717
1.71968750 0.47515410
1.71976562 0.47516103
1.71984375 0.47516795
1.71992188 0.47517488
1.72000000 0.47518180
1.72007813 0.47518873
1.72015625 0.47519566
1.72023437 0.47520258
1.72031250 0.47520951
1.72039063 0.47521643
1.72046875 0.47522336
1.72054688 0.47523029
1.72062500 0.47523721
1.72070312 0.47524414
1.72078125 0.47525106
1.72085938 0.47525799
1.72093750 0.47526492
1.72101562 0.47527184
1.72109375 0.47527877
1.72117188 0.47528569
1.72125000 0.47529262
1.72132813 0.47529955
1.72140625 0.47530647
1.72148437 0.47531340
1.72156250 0.47532032
1.72164063 0.47532725
1.72171875 0.47533418
1.72179688 0.47534110
1.72187500 0.47534803
1.72195312 0.47535495
1.72203125 0.47536188
1.72210938 0.47536881
1.72218750 0.47537573
1.72226563 0.47538266
1.72234375 0.47538958
1.72242187 0.47539651
1.72250000 0.47540344
1.72257813 0.47541036
1.72265625 0.47541729
1.72273437 0.47542421
1.72281250 0.47543114
1.72289063 0.47543807
1.72296875 0.47544499
1.72304688 0.47545192
1.72312500 0.47545884
1.72320312 0.47546577
1.72328125 0.47547270
1.72335938 0.47547962
1.72343750 0.47548655
1.72351563 0.47549348
1.72359375 0.47550040
1.72367187 0.47550733
1.72375000 0.47551425
1.72382813 0.47552118
1.72390625 0.47552811
1.72398438 0.47553503
1.72406250 0.47554196
1.72414062 0.47554888
1.72421875 0.47555581
1.72429688 0.47556274
1.72437500 0.47556966
1.72445313 0.47557659
1.72453125 0.47558351
1.72460938 0.47559044
1.72468750 0.47559737
1.72476563 0.47560429
1.72484375 0.47561122
1.72492187 0.47561815
1.72500000 0.47562507
1.72507813 0.47563200
1.72515625 0.47563892
1.72523438 0.47564585
1.72531250 0.47565278
1.72539062 0.47565970
1.72546875 0.47566663
1.72554688 0.47567355
1.72562500 0.47568048
1.72570313 0.47568741
1.72578125 0.47569433
1.72585937 0.47570126
1.72593750 0.47570818
1.72601563 0.47571511
1.72609375 0.47572204
1.72617188 0.47572896
1.72625000 0.47573589
1.72632812 0.47574282
1.72640625 0.47574974
1.72648438 0.47575667
1.72656250 0.47576359
1.72664062 0.47577052
1.72671875 0.47577745
1.72679688 0.47578437
1.72687500 0.47579130
1.72695313 0.47579823
1.72703125 0.47580515
1.72710937 0.47581208
1.72718750 0.47581900
1.72726563 0.47582593
1.72734375 0.47583286
1.72742188 0.47583978
1.72750000 0.47584671
1.72757812 0.47585363
1.72765625 0.47586056
1.72773438 0.47586749
1.72781250 0.47587441
1.72789063 0.47588134
1.72796875 0.47588827
1.72804687 0.47589519
1.72812500 0.47590212
1.72820313 0.47590904
1.72828125 0.47591597
1.72835938 0.47592290
1.72843750 0.47592982
1.72851562 0.47593675
1.72859375 0.47594368
1.72867188 0.47595060
1.72875000 0.47595753
1.72882812 0.47596445
1.72890625 0.47597138
1.72898438 0.47597831
1.72906250 0.47598523
1.72914063 0.47599216
1.72921875 0.47599909
1.72929687 0.47600601
1.72937500 0.47601294
1.72945313 0.47601986
1.72953125 0.47602679
1.72960938 0.47603372
1.72968750 0.47604064
1.72976562 0.47604757
1.72984375 0.47605450
1.72992188 0.47606142
1.73000000 0.47606835
1.73007813 0.47607527
1.73015625 0.47608220
1.73023437 0.47608913
1.73031250 0.47609605
1.73039063 0.47610298
1.73046875 0.47610991
1.73054687 0.47611683
1.73062500 0.47612376
1.73070313 0.47613068
1.73078125 0.47613761
1.73085938 0.47614454
1.73093750 0.47615146
1.73101562 0.47615839
1.73109375 0.47616532
1.73117188 0.47617224
1.73125000 0.47617917
1.73132813 0.47618609
1.73140625 0.47619302
1.73148437 0.47619995
1.73156250 0.47620687
1.73164063 0.47621380
1.73171875 0.47622073
1.73179688 0.47622765
1.73187500 0.47623458
1.73195312 0.47624151
1.73203125 0.47624843
1.73210938 0.47625536
1.73218750 0.47626228
1.73226563 0.47626921
1.73234375 0.47627614
1.73242188 0.47628306
1.73250000 0.47628999
1.73257813 0.47629692
1.73265625 0.47630384
1.73273437 0.47631077
1.73281250 0.47631769
1.73289063 0.47632462
1.73296875 0.47633155
1.73304688 0.47633847
1.73312500 0.47634540
1.73320312 0.47635233
1.73328125 0.47635925
1.73335938 0.47636618
1.73343750 0.47637311
1.73351563 0.47638003
1.73359375 0.47638696
1.73367187 0.47639388
1.73375000 0.47640081
1.73382813 0.47640774
1.73390625 0.47641466
1.73398438 0.47642159
1.73406250 0.47642852
1.73414062 0.47643544
1.73421875 0.47644237
1.73429688 0.47644930
1.73437500 0.47645622
1.73445312 0.47646315
1.73453125 0.47647007
1.73460938 0.47647700
1.73468750 0.47648393
1.73476563 0.47649085
1.73484375 0.47649778
1.73492187 0.47650471
1.73500000 0.47651163
1.73507813 0.47651856
1.73515625 0.47652549
1.73523438 0.47653241
1.73531250 0.47653934
1.73539062 0.47654627
1.73546875 0.47655319
1.73554688 0.47656012
1.73562500 0.47656704
1.73570313 0.47657397
1.73578125 0.47658090
1.73585937 0.47658782
1.73593750 0.47659475
1.73601563 0.47660168
1.73609375 0.47660860
1.73617188 0.47661553
1.73625000 0.47662246
1.73632812 0.47662938
1.73640625 0.47663631
1.73648438 0.47664324
1.73656250 0.47665016
1.73664062 0.47665709
1.73671875 0.47666401
1.73679688 0.47667094
1.73687500 0.47667787
1.73695313 0.47668479
1.73703125 0.47669172
1.73710937 0.47669865
1.73718750 0.47670557
1.73726563 0.47671250
1.73734375 0.47671943
1.73742188 0.47672635
1.73750000 0.47673328
1.73757812 0.47674021
1.73765625 0.47674713
1.73773438 0.47675406
1.73781250 0.47676098
1.73789063 0.47676791
1.73796875 0.47677484
1.73804687 0.47678176
1.73812500 0.47678869
1.73820313 0.47679562
1.73828125 0.47680254
1.73835937 0.47680947
1.73843750 0.47681640
1.73851563 0.47682332
1.73859375 0.47683025
1.73867188 0.47683718
1.73875000 0.47684410
1.73882812 0.47685103
1.73890625 0.47685796
1.73898438 0.47686488
1.73906250 0.47687181
1.73914063 0.47687874
1.73921875 0.47688566
1.73929687 0.47689259
1.73937500 0.47689951
1.73945313 0.47690644
1.73953125 0.47691337
1.73960938 0.47692029
1.73968750 0.47692722
1.73976562 0.47693415
1.73984375 0.47694107
1.73992188 0.47694800
1.74000000 0.47695493
1.74007813 0.47696185
1.74015625 0.47696878
1.74023438 0.47697571
1.74031250 0.47698263
1.74039063 0.47698956
1.74046875 0.47699649
1.74054687 0.47700341
1.74062500 0.47701034
1.74070313 0.47701727
1.74078125 0.47702419
1.74085938 0.47703112
1.74093750 0.47703805
1.74101562 0.47704497
1.74109375 0.47705190
1.74117188 0.47705882
1.74125000 0.47706575
1.74132813 0.47707268
1.74140625 0.47707960
1.74148437 0.47708653
1.74156250 0.47709346
1.74164063 0.47710038
1.74171875 0.47710731
1.74179688 0.47711424
1.74187500 0.47712116
1.74195312 0.47712809
1.74203125 0.47713502
1.74210938 0.47714194
1.74218750 0.47714887
1.74226562 0.47715580
1.74234375 0.47716272
1.74242188 0.47716965
1.74250000 0.47717658
1.74257813 0.47718350
1.74265625 0.47719043
1.74273437 0.47719736
1.74281250 0.47720428
1.74289063 0.47721121
1.74296875 0.47721814
1.74304688 0.47722506
1.74312500 0.47723199
1.74320312 0.47723892
1.74328125 0.47724584
1.74335938 0.47725277
1.74343750 0.47725970
1.74351563 0.47726662
1.74359375 0.47727355
1.74367187 0.47728048
1.74375000 0.47728740
1.74382813 0.47729433
1.74390625 0.47730126
1.74398438 0.47730818
1.74406250 0.47731511
1.74414062 0.47732204
1.74421875 0.47732896
1.74429688 0.47733589
1.74437500 0.47734282
1.74445312 0.47734974
1.74453125 0.47735667
1.74460938 0.47736360
1.74468750 0.47737052
1.74476563 0.47737745
1.74484375 0.47738438
1.74492187 0.47739130
1.74500000 0.47739823
1.74507813 0.47740516
1.74515625 0.47741208
1.74523438 0.47741901
1.74531250 0.47742594
1.74539062 0.47743286
1.74546875 0.47743979
1.74554688 0.47744672
1.74562500 0.47745364
1.74570313 0.47746057
1.74578125 0.47746750
1.74585937 0.47747442
1.74593750 0.47748135
1.74601563 0.47748828
1.74609375 0.47749520
1.74617187 0.47750213
1.74625000 0.47750906
1.74632813 0.47751598
1.74640625 0.47752291
1.74648438 0.47752984
1.74656250 0.47753676
1.74664062 0.47754369
1.74671875 0.47755062
1.74679688 0.47755754
1.74687500 0.47756447
1.74695313 0.47757140
1.74703125 0.47757832
1.74710937 0.47758525
1.74718750 0.47759218
1.74726563 0.47759910
1.74734375 0.47760603
1.74742188 0.47761296
1.74750000 0.47761988
1.74757812 0.47762681
1.74765625 0.47763374
1.74773438 0.47764066
1.74781250 0.47764759
1.74789063 0.47765452
1.74796875 0.47766144
1.74804688 0.47766837
1.74812500 0.47767530
1.74820313 0.47768222
1.74828125 0.47768915
1.74835937 0.47769608
1.74843750 0.47770300
1.74851563 0.47770993
1.74859375 0.47771686
1.74867188 0.47772378
1.74875000 0.47773071
1.74882812 0.47773764
1.74890625 0.47774456
1.74898438 0.47775149
1.74906250 0.47775842
1.74914063 0.47776534
1.74921875 0.47777227
1.74929687 0.47777920
1.74937500 0.47778612
1.74945313 0.47779305
1.74953125 0.47779998
1.74960938 0.47780690
1.74968750 0.47781383
1.74976562 0.47782076
1.74984375 0.47782769
1.74992188 0.47783461
1.75000000 0.47784154
1.75007812 0.47784847
1.75015625 0.47785539
1.75023438 0.47786232
1.75031250 0.47786925
1.75039063 0.47787617
1.75046875 0.47788310
1.75054687 0.47789003
1.75062500 0.47789695
1.75070313 0.47790388
1.75078125 0.47791081
1.75085938 0.47791773
1.75093750 0.47792466
1.75101562 0.47793159
1.75109375 0.47793851
1.75117188 0.47794544
1.75125000 0.47795237
1.75132813 0.47795929
1.75140625 0.47796622
1.75148437 0.47797315
1.75156250 0.47798007
1.75164063 0.47798700
1.75171875 0.47799393
1.75179688 0.47800086
1.75187500 0.47800778
1.75195312 0.47801471
1.75203125 0.47802164
1.75210938 0.47802856
1.75218750 0.47803549
1.75226562 0.47804242
1.75234375 0.47804934
1.75242188 0.47805627
1.75250000 0.47806320
1.75257813 0.47807012
1.75265625 0.47807705
1.75273437 0.47808398
1.75281250 0.47809090
1.75289063 0.47809783
1.75296875 0.47810476
1.75304688 0.47811168
1.75312500 0.47811861
1.75320312 0.47812554
1.75328125 0.47813247
1.75335938 0.47813939
1.75343750 0.47814632
1.75351563 0.47815325
1.75359375 0.47816017
1.75367187 0.47816710
1.75375000 0.47817403
1.75382813 0.47818095
1.75390625 0.47818788
1.75398437 0.47819481
1.75406250 0.47820173
1.75414063 0.47820866
1.75421875 0.47821559
1.75429688 0.47822251
1.75437500 0.47822944
1.75445312 0.47823637
1.75453125 0.47824330
1.75460938 0.47825022
1.75468750 0.47825715
1.75476563 0.47826408
1.75484375 0.47827100
1.75492187 0.47827793
1.75500000 0.47828486
1.75507813 0.47829178
1.75515625 0.47829871
1.75523438 0.47830564
1.75531250 0.47831256
1.75539062 0.47831949
1.75546875 0.47832642
1.75554688 0.47833335
1.75562500 0.47834027
1.75570313 0.47834720
1.75578125 0.47835413
1.75585938 0.47836105
1.75593750 0.47836798
1.75601563 0.47837491
1.75609375 0.47838183
1.75617187 0.47838876
1.75625000 0.47839569
1.75632813 0.47840261
1.75640625 0.47840954
1.75648438 0.47841647
1.75656250 0.47842340
1.75664062 0.47843032
1.75671875 0.47843725
1.75679688 0.47844418
1.75687500 0.47845110
1.75695313 0.47845803
1.75703125 0.47846496
1.75710937 0.47847188
1.75718750 0.47847881
1.75726563 0.47848574
1.75734375 0.47849267
1.75742188 0.47849959
1.75750000 0.47850652
1.75757812 0.47851345
1.75765625 0.47852037
1.75773438 0.47852730
1.75781250 0.47853423
1.75789062 0.47854115
1.75796875 0.47854808
1.75804688 0.47855501
1.75812500 0.47856193
1.75820313 0.47856886
1.75828125 0.47857579
1.75835937 0.47858272
1.75843750 0.47858964
1.75851563 0.47859657
1.75859375 0.47860350
1.75867188 0.47861042
1.75875000 0.47861735
1.75882812 0.47862428
1.75890625 0.47863120
1.75898438 0.47863813
1.75906250 0.47864506
1.75914063 0.47865199
1.75921875 0.47865891
1.75929687 0.47866584
1.75937500 0.47867277
1.75945313 0.47867969
1.75953125 0.47868662
1.75960938 0.47869355
1.75968750 0.47870047
1.75976562 0.47870740
1.75984375 0.47871433
1.75992188 0.47872126
1.76000000 0.47872818
1.76007812 0.47873511
1.76015625 0.47874204
1.76023438 0.47874896
1.76031250 0.47875589
1.76039063 0.47876282
1.76046875 0.47876975
1.76054687 0.47877667
1.76062500 0.47878360
1.76070313 0.47879053
1.76078125 0.47879745
1.76085938 0.47880438
1.76093750 0.47881131
1.76101562 0.47881823
1.76109375 0.47882516
1.76117188 0.47883209
1.76125000 0.47883902
1.76132813 0.47884594
1.76140625 0.47885287
1.76148437 0.47885980
1.76156250 0.47886672
1.76164063 0.47887365
1.76171875 0.47888058
1.76179687 0.47888750
1.76187500 0.47889443
1.76195313 0.47890136
1.76203125 0.47890829
1.76210938 0.47891521
1.76218750 0.47892214
1.76226562 0.47892907
1.76234375 0.47893599
1.76242188 0.47894292
1.76250000 0.47894985
1.76257813 0.47895678
1.76265625 0.47896370
1.76273437 0.47897063
1.76281250 0.47897756
1.76289063 0.47898448
1.76296875 0.47899141
1.76304688 0.47899834
1.76312500 0.47900527
1.76320312 0.47901219
1.76328125 0.47901912
1.76335938 0.47902605
1.76343750 0.47903297
1.76351563 0.47903990
1.76359375 0.47904683
1.76367188 0.47905376
1.76375000 0.47906068
1.76382813 0.47906761
1.76390625 0.47907454
1.76398437 0.47908146
1.76406250 0.47908839
1.76414063 0.47909532
1.76421875 0.47910225
1.76429688 0.47910917
1.76437500 0.47911610
1.76445312 0.47912303
1.76453125 0.47912995
1.76460938 0.47913688
1.76468750 0.47914381
1.76476563 0.47915073
1.76484375 0.47915766
1.76492187 0.47916459
1.76500000 0.47917152
1.76507813 0.47917844
1.76515625 0.47918537
1.76523438 0.47919230
1.76531250 0.47919923
1.76539062 0.47920615
1.76546875 0.47921308
1.76554688 0.47922001
1.76562500 0.47922693
1.76570312 0.47923386
1.76578125 0.47924079
1.76585938 0.47924772
1.76593750 0.47925464
1.76601563 0.47926157
1.76609375 0.47926850
1.76617187 0.47927542
1.76625000 0.47928235
1.76632813 0.47928928
1.76640625 0.47929621
1.76648438 0.47930313
1.76656250 0.47931006
1.76664062 0.47931699
1.76671875 0.47932391
1.76679688 0.47933084
1.76687500 0.47933777
1.76695313 0.47934470
1.76703125 0.47935162
1.76710937 0.47935855
1.76718750 0.47936548
1.76726563 0.47937240
1.76734375 0.47937933
1.76742188 0.47938626
1.76750000 0.47939319
1.76757812 0.47940011
1.76765625 0.47940704
1.76773438 0.47941397
1.76781250 0.47942089
1.76789062 0.47942782
1.76796875 0.47943475
1.76804688 0.47944168
1.76812500 0.47944860
1.76820313 0.47945553
1.76828125 0.47946246
1.76835937 0.47946939
1.76843750 0.47947631
1.76851563 0.47948324
1.76859375 0.47949017
1.76867188 0.47949709
1.76875000 0.47950402
1.76882812 0.47951095
1.76890625 0.47951788
1.76898438 0.47952480
1.76906250 0.47953173
1.76914063 0.47953866
1.76921875 0.47954558
1.76929687 0.47955251
1.76937500 0.47955944
1.76945313 0.47956637
1.76953125 0.47957329
1.76960937 0.47958022
1.76968750 0.47958715
1.76976563 0.47959408
1.76984375 0.47960100
1.76992188 0.47960793
1.77000000 0.47961486
1.77007812 0.47962178
1.77015625 0.47962871
1.77023438 0.47963564
1.77031250 0.47964257
1.77039063 0.47964949
1.77046875 0.47965642
1.77054687 0.47966335
1.77062500 0.47967028
1.77070313 0.47967720
1.77078125 0.47968413
1.77085938 0.47969106
1.77093750 0.47969798
1.77101562 0.47970491
1.77109375 0.47971184
1.77117188 0.47971877
1.77125000 0.47972569
1.77132813 0.47973262
1.77140625 0.47973955
1.77148438 0.47974648
1.77156250 0.47975340
1.77164063 0.47976033
1.77171875 0.47976726
1.77179687 0.47977418
1.77187500 0.47978111
1.77195313 0.47978804
1.77203125 0.47979497
1.77210938 0.47980189
1.77218750 0.47980882
1.77226562 0.47981575
1.77234375 0.47982268
1.77242188 0.47982960
1.77250000 0.47983653
1.77257813 0.47984346
1.77265625 0.47985039
1.77273437 0.47985731
1.77281250 0.47986424
1.77289063 0.47987117
1.77296875 0.47987809
1.77304688 0.47988502
1.77312500 0.47989195
1.77320312 0.47989888
1.77328125 0.47990580
1.77335938 0.47991273
1.77343750 0.47991966
1.77351562 0.47992659
1.77359375 0.47993351
1.77367188 0.47994044
1.77375000 0.47994737
1.77382813 0.47995430
1.77390625 0.47996122
1.77398437 0.47996815
1.77406250 0.47997508
1.77414063 0.47998200
1.77421875 0.47998893
1.77429688 0.47999586
1.77437500 0.48000279
1.77445312 0.48000971
1.77453125 0.48001664
1.77460938 0.48002357
1.77468750 0.48003050
1.77476563 0.48003742
1.77484375 0.48004435
1.77492187 0.48005128
1.77500000 0.48005821
1.77507813 0.48006513
1.77515625 0.48007206
1.77523438 0.48007899
1.77531250 0.48008592
1.77539062 0.48009284
1.77546875 0.48009977
1.77554688 0.48010670
1.77562500 0.48011362
1.77570312 0.48012055
1.77578125 0.48012748
1.77585938 0.48013441
1.77593750 0.48014133
1.77601563 0.48014826
1.77609375 0.48015519
1.77617187 0.48016212
1.77625000 0.48016904
1.77632813 0.48017597
1.77640625 0.48018290
1.77648438 0.48018983
1.77656250 0.48019675
1.77664062 0.48020368
1.77671875 0.48021061
1.77679688 0.48021754
1.77687500 0.48022446
1.77695313 0.48023139
1.77703125 0.48023832
1.77710937 0.48024525
1.77718750 0.48025217
1.77726563 0.48025910
1.77734375 0.48026603
1.77742187 0.48027296
1.77750000 0.48027988
1.77757813 0.48028681
1.77765625 0.48029374
1.77773438 0.48030066
1.77781250 0.48030759
1.77789062 0.48031452
1.77796875 0.48032145
1.77804688 0.48032837
1.77812500 0.48033530
1.77820313 0.48034223
1.77828125 0.48034916
1.77835937 0.48035608
1.77843750 0.48036301
1.77851563 0.48036994
1.77859375 0.48037687
1.77867188 0.48038379
1.77875000 0.48039072
1.77882812 0.48039765
1.77890625 0.48040458
1.77898438 0.48041150
1.77906250 0.48041843
1.77914063 0.48042536
1.77921875 0.48043229
1.77929688 0.48043921
1.77937500 0.48044614
1.77945313 0.48045307
1.77953125 0.48046000
1.77960937 0.48046692
1.77968750 0.48047385
1.77976563 0.48048078
1.77984375 0.48048771
1.77992188 0.48049463
1.78000000 0.48050156
1.78007812 0.48050849
1.78015625 0.48051542
1.78023438 0.48052234
1.78031250 0.48052927
1.78039063 0.48053620
1.78046875 0.48054313
1.78054687 0.48055005
1.78062500 0.48055698
1.78070313 0.48056391
1.78078125 0.48057084
1.78085938 0.48057776
1.78093750 0.48058469
1.78101562 0.48059162
1.78109375 0.48059855
1.78117188 0.48060547
1.78125000 0.48061240
1.78132812 0.48061933
1.78140625 0.48062626
1.78148438 0.48063318
1.78156250 0.48064011
1.78164063 0.48064704
1.78171875 0.48065397
1.78179687 0.48066089
1.78187500 0.48066782
1.78195313 0.48067475
1.78203125 0.48068168
1.78210938 0.48068860
1.78218750 0.48069553
1.78226562 0.48070246
1.78234375 0.48070939
1.78242188 0.48071631
1.78250000 0.48072324
1.78257813 0.48073017
1.78265625 0.48073710
1.78273437 0.48074402
1.78281250 0.48075095
1.78289063 0.48075788
1.78296875 0.48076481
1.78304688 0.48077173
1.78312500 0.48077866
1.78320312 0.48078559
1.78328125 0.48079252
1.78335938 0.48079944
1.78343750 0.48080637
1.78351562 0.48081330
1.78359375 0.48082023
1.78367188 0.48082715
1.78375000 0.48083408
1.78382813 0.48084101
1.78390625 0.48084794
1.78398437 0.48085487
1.78406250 0.48086179
1.78414063 0.48086872
1.78421875 0.48087565
1.78429688 0.48088258
1.78437500 0.48088950
1.78445312 0.48089643
1.78453125 0.48090336
1.78460938 0.48091029
1.78468750 0.48091721
1.78476563 0.48092414
1.78484375 0.48093107
1.78492187 0.48093800
1.78500000 0.48094492
1.78507813 0.48095185
1.78515625 0.48095878
1.78523437 0.48096571
1.78531250 0.48097263
1.78539063 0.48097956
1.78546875 0.48098649
1.78554688 0.48099342
1.78562500 0.48100034
1.78570312 0.48100727
1.78578125 0.48101420
1.78585938 0.48102113
1.78593750 0.48102806
1.78601563 0.48103498
1.78609375 0.48104191
1.78617187 0.48104884
1.78625000 0.48105577
1.78632813 0.48106269
1.78640625 0.48106962
1.78648438 0.48107655
1.78656250 0.48108348
1.78664062 0.48109040
1.78671875 0.48109733
1.78679688 0.48110426
1.78687500 0.48111119
1.78695313 0.48111811
1.78703125 0.48112504
1.78710938 0.48113197
1.78718750 0.48113890
1.78726563 0.48114582
1.78734375 0.48115275
1.78742187 0.48115968
1.78750000 0.48116661
1.78757813 0.48117354
1.78765625 0.48118046
1.78773438 0.48118739
1.78781250 0.48119432
1.78789062 0.48120125
1.78796875 0.48120817
1.78804688 0.48121510
1.78812500 0.48122203
1.78820313 0.48122896
1.78828125 0.48123588
1.78835937 0.48124281
1.78843750 0.48124974
1.78851563 0.48125667
1.78859375 0.48126359
1.78867188 0.48127052
1.78875000 0.48127745
1.78882812 0.48128438
1.78890625 0.48129131
1.78898438 0.48129823
1.78906250 0.48130516
1.78914062 0.48131209
1.78921875 0.48131902
1.78929688 0.48132594
1.78937500 0.48133287
1.78945313 0.48133980
1.78953125 0.48134673
1.78960937 0.48135365
1.78968750 0.48136058
1.78976563 0.48136751
1.78984375 0.48137444
1.78992188 0.48138137
1.79000000 0.48138829
1.79007812 0.48139522
1.79015625 0.48140215
1.79023438 0.48140908
1.79031250 0.48141600
1.79039063 0.48142293
1.79046875 0.48142986
1.79054687 0.48143679
1.79062500 0.48144371
1.79070313 0.48145064
1.79078125 0.48145757
1.79085938 0.48146450
1.79093750 0.48147143
1.79101562 0.48147835
1.79109375 0.48148528
1.79117188 0.48149221
1.79125000 0.48149914
1.79132812 0.48150606
1.79140625 0.48151299
1.79148438 0.48151992
1.79156250 0.48152685
1.79164063 0.48153378
1.79171875 0.48154070
1.79179687 0.48154763
1.79187500 0.48155456
1.79195313 0.48156149
1.79203125 0.48156841
1.79210938 0.48157534
1.79218750 0.48158227
1.79226562 0.48158920
1.79234375 0.48159612
1.79242188 0.48160305
1.79250000 0.48160998
1.79257813 0.48161691
1.79265625 0.48162384
1.79273437 0.48163076
1.79281250 0.48163769
1.79289063 0.48164462
1.79296875 0.48165155
1.79304687 0.48165847
1.79312500 0.48166540
1.79320313 0.48167233
1.79328125 0.48167926
1.79335938 0.48168619
1.79343750 0.48169311
1.79351562 0.48170004
1.79359375 0.48170697
1.79367188 0.48171390
1.79375000 0.48172082
1.79382813 0.48172775
1.79390625 0.48173468
1.79398437 0.48174161
1.79406250 0.48174854
1.79414063 0.48175546
1.79421875 0.48176239
1.79429688 0.48176932
1.79437500 0.48177625
1.79445312 0.48178317
1.79453125 0.48179010
1.79460938 0.48179703
1.79468750 0.48180396
1.79476563 0.48181089
1.79484375 0.48181781
1.79492188 0.48182474
1.79500000 0.48183167
1.79507813 0.48183860
1.79515625 0.48184552
1.79523437 0.48185245
1.79531250 0.48185938
1.79539063 0.48186631
1.79546875 0.48187324
1.79554688 0.48188016
1.79562500 0.48188709
1.79570312 0.48189402
1.79578125 0.48190095
1.79585938 0.48190788
1.79593750 0.48191480
1.79601563 0.48192173
1.79609375 0.48192866
1.79617187 0.48193559
1.79625000 0.48194251
1.79632813 0.48194944
1.79640625 0.48195637
1.79648438 0.48196330
1.79656250 0.48197023
1.79664062 0.48197715
1.79671875 0.48198408
1.79679688 0.48199101
1.79687500 0.48199794
1.79695312 0.48200486
1.79703125 0.48201179
1.79710938 0.48201872
1.79718750 0.48202565
1.79726563 0.48203258
1.79734375 0.48203950
1.79742187 0.48204643
1.79750000 0.48205336
1.79757813 0.48206029
1.79765625 0.48206722
1.79773438 0.48207414
1.79781250 0.48208107
1.79789062 0.48208800
1.79796875 0.48209493
1.79804688 0.48210185
1.79812500 0.48210878
1.79820313 0.48211571
1.79828125 0.48212264
1.79835937 0.48212957
1.79843750 0.48213649
1.79851563 0.48214342
1.79859375 0.48215035
1.79867188 0.48215728
1.79875000 0.48216421
1.79882812 0.48217113
1.79890625 0.48217806
1.79898438 0.48218499
1.79906250 0.48219192
1.79914062 0.48219884
1.79921875 0.48220577
1.79929688 0.48221270
1.79937500 0.48221963
1.79945313 0.48222656
1.79953125 0.48223348
1.79960937 0.48224041
1.79968750 0.48224734
1.79976563 0.48225427
1.79984375 0.48226120
1.79992188 0.48226812
1.80000000 0.48227505
1.80007812 0.48228198
1.80015625 0.48228891
1.80023438 0.48229584
1.80031250 0.48230276
1.80039063 0.48230969
1.80046875 0.48231662
1.80054687 0.48232355
1.80062500 0.48233048
1.80070313 0.48233740
1.80078125 0.48234433
1.80085937 0.48235126
1.80093750 0.48235819
1.80101563 0.48236511
1.80109375 0.48237204
1.80117188 0.48237897
1.80125000 0.48238590
1.80132812 0.48239283
1.80140625 0.48239975
1.80148438 0.48240668
1.80156250 0.48241361
1.80164063 0.48242054
1.80171875 0.48242747
1.80179687 0.48243439
1.80187500 0.48244132
1.80195313 0.48244825
1.80203125 0.48245518
1.80210938 0.48246211
1.80218750 0.48246903
1.80226562 0.48247596
1.80234375 0.48248289
1.80242188 0.48248982
1.80250000 0.48249675
1.80257813 0.48250367
1.80265625 0.48251060
1.80273438 0.48251753
1.80281250 0.48252446
1.80289063 0.48253139
1.80296875 0.48253831
1.80304687 0.48254524
1.80312500 0.48255217
1.80320313 0.48255910
1.80328125 0.48256603
1.80335938 0.48257295
1.80343750 0.48257988
1.80351562 0.48258681
1.80359375 0.48259374
1.80367188 0.48260066
1.80375000 0.48260759
1.80382813 0.48261452
1.80390625 0.48262145
1.80398437 0.48262838
1.80406250 0.48263530
1.80414063 0.48264223
1.80421875 0.48264916
1.80429688 0.48265609
1.80437500 0.48266302
1.80445312 0.48266994
1.80453125 0.48267687
1.80460938 0.48268380
1.80468750 0.48269073
1.80476562 0.48269766
1.80484375 0.48270458
1.80492188 0.48271151
1.80500000 0.48271844
1.80507813 0.48272537
1.80515625 0.48273230
1.80523437 0.48273922
1.80531250 0.48274615
1.80539063 0.48275308
1.80546875 0.48276001
1.80554688 0.48276694
1.80562500 0.48277386
1.80570312 0.48278079
1.80578125 0.48278772
1.80585938 0.48279465
1.80593750 0.48280158
1.80601563 0.48280850
1.80609375 0.48281543
1.80617187 0.48282236
1.80625000 0.48282929
1.80632813 0.48283622
1.80640625 0.48284314
1.80648438 0.48285007
1.80656250 0.48285700
1.80664062 0.48286393
1.80671875 0.48287086
1.80679688 0.48287779
1.80687500 0.48288471
1.80695312 0.48289164
1.80703125 0.48289857
1.80710938 0.48290550
1.80718750 0.48291243
1.80726563 0.48291935
1.80734375 0.48292628
1.80742187 0.48293321
1.80750000 0.48294014
1.80757813 0.48294707
1.80765625 0.48295399
1.80773438 0.48296092
1.80781250 0.48296785
1.80789062 0.48297478
1.80796875 0.48298171
1.80804688 0.48298863
1.80812500 0.48299556
1.80820313 0.48300249
1.80828125 0.48300942
1.80835937 0.48301635
1.80843750 0.48302327
1.80851563 0.48303020
1.80859375 0.48303713
1.80867187 0.48304406
1.80875000 0.48305099
1.80882813 0.48305791
1.80890625 0.48306484
1.80898438 0.48307177
1.80906250 0.48307870
1.80914062 0.48308563
1.80921875 0.48309255
1.80929688 0.48309948
1.80937500 0.48310641
1.80945313 0.48311334
1.80953125 0.48312027
1.80960937 0.48312720
1.80968750 0.48313412
1.80976563 0.48314105
1.80984375 0.48314798
1.80992188 0.48315491
1.81000000 0.48316184
1.81007812 0.48316876
1.81015625 0.48317569
1.81023438 0.48318262
1.81031250 0.48318955
1.81039063 0.48319648
1.81046875 0.48320340
1.81054688 0.48321033
1.81062500 0.48321726
1.81070313 0.48322419
1.81078125 0.48323112
1.81085937 0.48323804
1.81093750 0.48324497
1.81101563 0.48325190
1.81109375 0.48325883
1.81117188 0.48326576
1.81125000 0.48327269
1.81132812 0.48327961
1.81140625 0.48328654
1.81148438 0.48329347
1.81156250 0.48330040
1.81164063 0.48330733
1.81171875 0.48331425
1.81179687 0.48332118
1.81187500 0.48332811
1.81195313 0.48333504
1.81203125 0.48334197
1.81210938 0.48334889
1.81218750 0.48335582
1.81226562 0.48336275
1.81234375 0.48336968
1.81242188 0.48337661
1.81250000 0.48338354
1.81257812 0.48339046
1.81265625 0.48339739
1.81273438 0.48340432
1.81281250 0.48341125
1.81289063 0.48341818
1.81296875 0.48342510
1.81304687 0.48343203
1.81312500 0.48343896
1.81320313 0.48344589
1.81328125 0.48345282
1.81335938 0.48345975
1.81343750 0.48346667
1.81351562 0.48347360
1.81359375 0.48348053
1.81367188 0.48348746
1.81375000 0.48349439
1.81382813 0.48350131
1.81390625 0.48350824
1.81398437 0.48351517
1.81406250 0.48352210
1.81414063 0.48352903
1.81421875 0.48353596
1.81429688 0.48354288
1.81437500 0.48354981
1.81445312 0.48355674
1.81453125 0.48356367
1.81460938 0.48357060
1.81468750 0.48357752
1.81476562 0.48358445
1.81484375 0.48359138
1.81492188 0.48359831
1.81500000 0.48360524
1.81507813 0.48361217
1.81515625 0.48361909
1.81523437 0.48362602
1.81531250 0.48363295
1.81539063 0.48363988
1.81546875 0.48364681
1.81554688 0.48365373
1.81562500 0.48366066
1.81570312 0.48366759
1.81578125 0.48367452
1.81585938 0.48368145
1.81593750 0.48368838
1.81601563 0.48369530
1.81609375 0.48370223
1.81617187 0.48370916
1.81625000 0.48371609
1.81632813 0.48372302
1.81640625 0.48372994
1.81648437 0.48373687
1.81656250 0.48374380
1.81664063 0.48375073
1.81671875 0.48375766
1.81679688 0.48376459
1.81687500 0.48377151
1.81695312 0.48377844
1.81703125 0.48378537
1.81710938 0.48379230
1.81718750 0.48379923
1.81726563 0.48380615
1.81734375 0.48381308
1.81742187 0.48382001
1.81750000 0.48382694
1.81757813 0.48383387
1.81765625 0.48384080
1.81773438 0.48384772
1.81781250 0.48385465
1.81789062 0.48386158
1.81796875 0.48386851
1.81804688 0.48387544
1.81812500 0.48388237
1.81820313 0.48388929
1.81828125 0.48389622
1.81835938 0.48390315
1.81843750 0.48391008
1.81851563 0.48391701
1.81859375 0.48392394
1.81867187 0.48393086
1.81875000 0.48393779
1.81882813 0.48394472
1.81890625 0.48395165
1.81898438 0.48395858
1.81906250 0.48396550
1.81914062 0.48397243
1.81921875 0.48397936
1.81929688 0.48398629
1.81937500 0.48399322
1.81945313 0.48400015
1.81953125 0.48400707
1.81960937 0.48401400
1.81968750 0.48402093
1.81976563 0.48402786
1.81984375 0.48403479
1.81992188 0.48404172
1.82000000 0.48404864
1.82007812 0.48405557
1.82015625 0.48406250
1.82023438 0.48406943
1.82031250 0.48407636
1.82039062 0.48408329
1.82046875 0.48409021
1.82054688 0.48409714
1.82062500 0.48410407
1.82070313 0.48411100
1.82078125 0.48411793
1.82085937 0.48412486
1.82093750 0.48413178
1.82101563 0.48413871
1.82109375 0.48414564
1.82117188 0.48415257
1.82125000 0.48415950
1.82132812 0.48416642
1.82140625 0.48417335
1.82148438 0.48418028
1.82156250 0.48418721
1.82164063 0.48419414
1.82171875 0.48420107
1.82179687 0.48420799
1.82187500 0.48421492
1.82195313 0.48422185
1.82203125 0.48422878
1.82210938 0.48423571
1.82218750 0.48424264
1.82226562 0.48424956
1.82234375 0.48425649
1.82242188 0.48426342
1.82250000 0.48427035
1.82257812 0.48427728
1.82265625 0.48428421
1.82273438 0.48429113
1.82281250 0.48429806
1.82289063 0.48430499
1.82296875 0.48431192
1.82304687 0.48431885
1.82312500 0.48432578
1.82320313 0.48433270
1.82328125 0.48433963
1.82335938 0.48434656
1.82343750 0.48435349
1.82351562 0.48436042
1.82359375 0.48436735
1.82367188 0.48437427
1.82375000 0.48438120
1.82382813 0.48438813
1.82390625 0.48439506
1.82398437 0.48440199
1.82406250 0.48440892
1.82414063 0.48441584
1.82421875 0.48442277
1.82429687 0.48442970
1.82437500 0.48443663
1.82445313 0.48444356
1.82453125 0.48445049
1.82460938 0.48445741
1.82468750 0.48446434
1.82476562 0.48447127
1.82484375 0.48447820
1.82492188 0.48448513
1.82500000 0.48449206
1.82507813 0.48449898
1.82515625 0.48450591
1.82523437 0.48451284
1.82531250 0.48451977
1.82539063 0.48452670
1.82546875 0.48453363
1.82554688 0.48454056
1.82562500 0.48454748
1.82570312 0.48455441
1.82578125 0.48456134
1.82585938 0.48456827
1.82593750 0.48457520
1.82601563 0.48458213
1.82609375 0.48458905
1.82617188 0.48459598
1.82625000 0.48460291
1.82632813 0.48460984
1.82640625 0.48461677
1.82648437 0.48462370
1.82656250 0.48463062
1.82664063 0.48463755
1.82671875 0.48464448
1.82679688 0.48465141
1.82687500 0.48465834
1.82695312 0.48466527
1.82703125 0.48467219
1.82710938 0.48467912
1.82718750 0.48468605
1.82726563 0.48469298
1.82734375 0.48469991
1.82742187 0.48470684
1.82750000 0.48471377
1.82757813 0.48472069
1.82765625 0.48472762
1.82773438 0.48473455
1.82781250 0.48474148
1.82789062 0.48474841
1.82796875 0.48475534
1.82804688 0.48476226
1.82812500 0.48476919
1.82820312 0.48477612
1.82828125 0.48478305
1.82835938 0.48478998
1.82843750 0.48479691
1.82851563 0.48480383
1.82859375 0.48481076
1.82867187 0.48481769
1.82875000 0.48482462
1.82882813 0.48483155
1.82890625 0.48483848
1.82898438 0.48484541
1.82906250 0.48485233
1.82914062 0.48485926
1.82921875 0.48486619
1.82929688 0.48487312
1.82937500 0.48488005
1.82945313 0.48488698
1.82953125 0.48489390
1.82960937 0.48490083
1.82968750 0.48490776
1.82976563 0.48491469
1.82984375 0.48492162
1.82992188 0.48492855
1.83000000 0.48493547
1.83007812 0.48494240
1.83015625 0.48494933
1.83023438 0.48495626
1.83031250 0.48496319
1.83039062 0.48497012
1.83046875 0.48497705
1.83054688 0.48498397
1.83062500 0.48499090
1.83070313 0.48499783
1.83078125 0.48500476
1.83085937 0.48501169
1.83093750 0.48501862
1.83101563 0.48502554
1.83109375 0.48503247
1.83117188 0.48503940
1.83125000 0.48504633
1.83132812 0.48505326
1.83140625 0.48506019
1.83148438 0.48506712
1.83156250 0.48507404
1.83164063 0.48508097
1.83171875 0.48508790
1.83179687 0.48509483
1.83187500 0.48510176
1.83195313 0.48510869
1.83203125 0.48511562
1.83210937 0.48512254
1.83218750 0.48512947
1.83226563 0.48513640
1.83234375 0.48514333
1.83242188 0.48515026
1.83250000 0.48515719
1.83257812 0.48516411
1.83265625 0.48517104
1.83273438 0.48517797
1.83281250 0.48518490
1.83289063 0.48519183
1.83296875 0.48519876
1.83304687 0.48520569
1.83312500 0.48521261
1.83320313 0.48521954
1.83328125 0.48522647
1.83335938 0.48523340
1.83343750 0.48524033
1.83351562 0.48524726
1.83359375 0.48525419
1.83367188 0.48526111
1.83375000 0.48526804
1.83382813 0.48527497
1.83390625 0.48528190
1.83398438 0.48528883
1.83406250 0.48529576
1.83414063 0.48530268
1.83421875 0.48530961
1.83429687 0.48531654
1.83437500 0.48532347
1.83445313 0.48533040
1.83453125 0.48533733
1.83460938 0.48534426
1.83468750 0.48535118
1.83476562 0.48535811
1.83484375 0.48536504
1.83492188 0.48537197
1.83500000 0.48537890
1.83507813 0.48538583
1.83515625 0.48539276
1.83523437 0.48539968
1.83531250 0.48540661
1.83539063 0.48541354
1.83546875 0.48542047
1.83554688 0.48542740
1.83562500 0.48543433
1.83570312 0.48544126
1.83578125 0.48544818
1.83585938 0.48545511
1.83593750 0.48546204
1.83601562 0.48546897
1.83609375 0.48547590
1.83617188 0.48548283
1.83625000 0.48548976
1.83632813 0.48549668
1.83640625 0.48550361
1.83648437 0.48551054
1.83656250 0.48551747
1.83664063 0.48552440
1.83671875 0.48553133
1.83679688 0.48553826
1.83687500 0.48554518
1.83695312 0.48555211
1.83703125 0.48555904
1.83710938 0.48556597
1.83718750 0.48557290
1.83726563 0.48557983
1.83734375 0.48558676
1.83742187 0.48559368
1.83750000 0.48560061
1.83757813 0.48560754
1.83765625 0.48561447
1.83773438 0.48562140
1.83781250 0.48562833
1.83789062 0.48563526
1.83796875 0.48564218
1.83804688 0.48564911
1.83812500 0.48565604
1.83820312 0.48566297
1.83828125 0.48566990
1.83835938 0.48567683
1.83843750 0.48568376
1.83851563 0.48569068
1.83859375 0.48569761
1.83867187 0.48570454
1.83875000 0.48571147
1.83882813 0.48571840
1.83890625 0.48572533
1.83898438 0.48573226
1.83906250 0.48573918
1.83914062 0.48574611
1.83921875 0.48575304
1.83929688 0.48575997
1.83937500 0.48576690
1.83945313 0.48577383
1.83953125 0.48578076
1.83960937 0.48578768
1.83968750 0.48579461
1.83976563 0.48580154
1.83984375 0.48580847
1.83992187 0.48581540
1.84000000 0.48582233
1.84007813 0.48582926
1.84015625 0.48583618
1.84023438 0.48584311
1.84031250 0.48585004
1.84039062 0.48585697
1.84046875 0.48586390
1.84054688 0.48587083
1.84062500 0.48587776
1.84070313 0.48588468
1.84078125 0.48589161
1.84085937 0.48589854
1.84093750 0.48590547
1.84101563 0.48591240
1.84109375 0.48591933
1.84117188 0.48592626
1.84125000 0.48593319
1.84132812 0.48594011
1.84140625 0.48594704
1.84148438 0.48595397
1.84156250 0.48596090
1.84164063 0.48596783
1.84171875 0.48597476
1.84179688 0.48598169
1.84187500 0.48598861
1.84195313 0.48599554
1.84203125 0.48600247
1.84210937 0.48600940
1.84218750 0.48601633
1.84226563 0.48602326
1.84234375 0.48603019
1.84242188 0.48603712
1.84250000 0.48604404
1.84257812 0.48605097
1.84265625 0.48605790
1.84273438 0.48606483
1.84281250 0.48607176
1.84289063 0.48607869
1.84296875 0.48608562
1.84304687 0.48609254
1.84312500 0.48609947
1.84320313 0.48610640
1.84328125 0.48611333
1.84335938 0.48612026
1.84343750 0.48612719
1.84351562 0.48613412
1.84359375 0.48614105
1.84367188 0.48614797
1.84375000 0.48615490
1.84382812 0.48616183
1.84390625 0.48616876
1.84398438 0.48617569
1.84406250 0.48618262
1.84414063 0.48618955
1.84421875 0.48619647
1.84429687 0.48620340
1.84437500 0.48621033
1.84445313 0.48621726
1.84453125 0.48622419
1.84460938 0.48623112
1.84468750 0.48623805
1.84476562 0.48624498
1.84484375 0.48625190
1.84492188 0.48625883
1.84500000 0.48626576
1.84507813 0.48627269
1.84515625 0.48627962
1.84523437 0.48628655
1.84531250 0.48629348
1.84539063 0.48630040
1.84546875 0.48630733
1.84554688 0.48631426
1.84562500 0.48632119
1.84570312 0.48632812
1.84578125 0.48633505
1.84585938 0.48634198
1.84593750 0.48634891
1.84601562 0.48635583
1.84609375 0.48636276
1.84617188 0.48636969
1.84625000 0.48637662
1.84632813 0.48638355
1.84640625 0.48639048
1.84648437 0.48639741
1.84656250 0.48640434
1.84664063 0.48641126
1.84671875 0.48641819
1.84679688 0.48642512
1.84687500 0.48643205
1.84695312 0.48643898
1.84703125 0.48644591
1.84710938 0.48645284
1.84718750 0.48645977
1.84726563 0.48646669
1.84734375 0.48647362
1.84742187 0.48648055
1.84750000 0.48648748
1.84757813 0.48649441
1.84765625 0.48650134
1.84773437 0.48650827
1.84781250 0.48651520
1.84789063 0.48652212
1.84796875 0.48652905
1.84804688 0.48653598
1.84812500 0.48654291
1.84820312 0.48654984
1.84828125 0.48655677
1.84835938 0.48656370
1.84843750 0.48657063
1.84851563 0.48657755
1.84859375 0.48658448
1.84867187 0.48659141
1.84875000 0.48659834
1.84882813 0.48660527
1.84890625 0.48661220
1.84898438 0.48661913
1.84906250 0.48662606
1.84914062 0.48663298
1.84921875 0.48663991
1.84929688 0.48664684
1.84937500 0.48665377
1.84945313 0.48666070
1.84953125 0.48666763
1.84960938 0.48667456
1.84968750 0.48668149
1.84976563 0.48668841
1.84984375 0.48669534
1.84992187 0.48670227
1.85000000 0.48670920
1.85007813 0.48671613
1.85015625 0.48672306
1.85023438 0.48672999
1.85031250 0.48673692
1.85039062 0.48674384
1.85046875 0.48675077
1.85054688 0.48675770
1.85062500 0.48676463
1.85070313 0.48677156
1.85078125 0.48677849
1.85085937 0.48678542
1.85093750 0.48679235
1.85101563 0.48679927
1.85109375 0.48680620
1.85117188 0.48681313
1.85125000 0.48682006
1.85132812 0.48682699
1.85140625 0.48683392
1.85148438 0.48684085
1.85156250 0.48684778
1.85164062 0.48685470
1.85171875 0.48686163
1.85179688 0.48686856
1.85187500 0.48687549
1.85195313 0.48688242
1.85203125 0.48688935
1.85210937 0.48689628
1.85218750 0.48690321
1.85226563 0.48691014
1.85234375 0.48691706
1.85242188 0.48692399
1.85250000 0.48693092
1.85257812 0.48693785
1.85265625 0.48694478
1.85273438 0.48695171
1.85281250 0.48695864
1.85289063 0.48696557
1.85296875 0.48697249
1.85304687 0.48697942
1.85312500 0.48698635
1.85320313 0.48699328
1.85328125 0.48700021
1.85335938 0.48700714
1.85343750 0.48701407
1.85351562 0.48702100
1.85359375 0.48702792
1.85367188 0.48703485
1.85375000 0.48704178
1.85382812 0.48704871
1.85390625 0.48705564
1.85398438 0.48706257
1.85406250 0.48706950
1.85414063 0.48707643
1.85421875 0.48708336
1.85429687 0.48709028
1.85437500 0.48709721
1.85445313 0.48710414
1.85453125 0.48711107
1.85460938 0.48711800
1.85468750 0.48712493
1.85476562 0.48713186
1.85484375 0.48713879
1.85492188 0.48714571
1.85500000 0.48715264
1.85507813 0.48715957
1.85515625 0.48716650
1.85523437 0.48717343
1.85531250 0.48718036
1.85539063 0.48718729
1.85546875 0.48719422
1.85554687 0.48720115
1.85562500 0.48720807
1.85570313 0.48721500
1.85578125 0.48722193
1.85585938 0.48722886
1.85593750 0.48723579
1.85601562 0.48724272
1.85609375 0.48724965
1.85617188 0.48725658
1.85625000 0.48726351
1.85632813 0.48727043
1.85640625 0.48727736
1.85648437 0.48728429
1.85656250 0.48729122
1.85664063 0.48729815
1.85671875 0.48730508
1.85679688 0.48731201
1.85687500 0.48731894
1.85695312 0.48732587
1.85703125 0.48733279
1.85710938 0.48733972
1.85718750 0.48734665
1.85726563 0.48735358
1.85734375 0.48736051
1.85742188 0.48736744
1.85750000 0.48737437
1.85757813 0.48738130
1.85765625 0.48738823
1.85773437 0.48739515
1.85781250 0.48740208
1.85789063 0.48740901
1.85796875 0.48741594
1.85804688 0.48742287
1.85812500 0.48742980
1.85820312 0.48743673
1.85828125 0.48744366
1.85835938 0.48745059
1.85843750 0.48745751
1.85851563 0.48746444
1.85859375 0.48747137
1.85867187 0.48747830
1.85875000 0.48748523
1.85882813 0.48749216
1.85890625 0.48749909
1.85898438 0.48750602
1.85906250 0.48751295
1.85914062 0.48751987
1.85921875 0.48752680
1.85929688 0.48753373
1.85937500 0.48754066
1.85945312 0.48754759
1.85953125 0.48755452
1.85960938 0.48756145
1.85968750 0.48756838
1.85976563 0.48757531
1.85984375 0.48758223
1.85992187 0.48758916
1.86000000 0.48759609
1.86007813 0.48760302
1.86015625 0.48760995
1.86023438 0.48761688
1.86031250 0.48762381
1.86039062 0.48763074
1.86046875 0.48763767
1.86054688 0.48764459
1.86062500 0.48765152
1.86070313 0.48765845
1.86078125 0.48766538
1.86085937 0.48767231
1.86093750 0.48767924
1.86101563 0.48768617
1.86109375 0.48769310
1.86117188 0.48770003
1.86125000 0.48770695
1.86132812 0.48771388
1.86140625 0.48772081
1.86148438 0.48772774
1.86156250 0.48773467
1.86164062 0.48774160
1.86171875 0.48774853
1.86179688 0.48775546
1.86187500 0.48776239
1.86195313 0.48776932
1.86203125 0.48777624
1.86210937 0.48778317
1.86218750 0.48779010
1.86226563 0.48779703
1.86234375 0.48780396
1.86242188 0.48781089
1.86250000 0.48781782
1.86257812 0.48782475
1.86265625 0.48783168
1.86273438 0.48783860
1.86281250 0.48784553
1.86289063 0.48785246
1.86296875 0.48785939
1.86304687 0.48786632
1.86312500 0.48787325
1.86320313 0.48788018
1.86328125 0.48788711
1.86335937 0.48789404
1.86343750 0.48790097
1.86351563 0.48790789
1.86359375 0.48791482
1.86367188 0.48792175
1.86375000 0.48792868
1.86382812 0.48793561
1.86390625 0.48794254
1.86398438 0.48794947
1.86406250 0.48795640
1.86414063 0.48796333
1.86421875 0.48797025
1.86429687 0.48797718
1.86437500 0.48798411
1.86445313 0.48799104
1.86453125 0.48799797
1.86460938 0.48800490
1.86468750 0.48801183
1.86476562 0.48801876
1.86484375 0.48802569
1.86492188 0.48803262
1.86500000 0.48803954
1.86507813 0.48804647
1.86515625 0.48805340
1.86523438 0.48806033
1.86531250 0.48806726
1.86539063 0.48807419
1.86546875 0.48808112
1.86554687 0.48808805
1.86562500 0.48809498
1.86570313 0.48810191
1.86578125 0.48810883
1.86585938 0.48811576
1.86593750 0.48812269
1.86601562 0.48812962
1.86609375 0.48813655
1.86617188 0.48814348
1.86625000 0.48815041
1.86632813 0.48815734
1.86640625 0.48816427
1.86648437 0.48817120
1.86656250 0.48817812
1.86664063 0.48818505
1.86671875 0.48819198
1.86679688 0.48819891
1.86687500 0.48820584
1.86695312 0.48821277
1.86703125 0.48821970
1.86710938 0.48822663
1.86718750 0.48823356
1.86726562 0.48824049
1.86734375 0.48824741
1.86742188 0.48825434
1.86750000 0.48826127
1.86757813 0.48826820
1.86765625 0.48827513
1.86773437 0.48828206
1.86781250 0.48828899
1.86789063 0.48829592
1.86796875 0.48830285
1.86804688 0.48830978
1.86812500 0.48831670
1.86820312 0.48832363
1.86828125 0.48833056
1.86835938 0.48833749
1.86843750 0.48834442
1.86851563 0.48835135
1.86859375 0.48835828
1.86867187 0.48836521
1.86875000 0.48837214
1.86882813 0.48837907
1.86890625 0.48838600
1.86898438 0.48839292
1.86906250 0.48839985
1.86914062 0.48840678
1.86921875 0.48841371
1.86929688 0.48842064
1.86937500 0.48842757
1.86945312 0.48843450
1.86953125 0.48844143
1.86960938 0.48844836
1.86968750 0.48845529
1.86976563 0.48846221
1.86984375 0.48846914
1.86992187 0.48847607
1.87000000 0.48848300
1.87007813 0.48848993
1.87015625 0.48849686
1.87023438 0.48850379
1.87031250 0.48851072
1.87039062 0.48851765
1.87046875 0.48852458
1.87054688 0.48853150
1.87062500 0.48853843
1.87070313 0.48854536
1.87078125 0.48855229
1.87085937 0.48855922
1.87093750 0.48856615
1.87101563 0.48857308
1.87109375 0.48858001
1.87117187 0.48858694
1.87125000 0.48859387
1.87132813 0.48860080
1.87140625 0.48860772
1.87148438 0.48861465
1.87156250 0.48862158
1.87164062 0.48862851
1.87171875 0.48863544
1.87179688 0.48864237
1.87187500 0.48864930
1.87195313 0.48865623
1.87203125 0.48866316
1.87210937 0.48867009
1.87218750 0.48867702
1.87226563 0.48868394
1.87234375 0.48869087
1.87242188 0.48869780
1.87250000 0.48870473
1.87257812 0.48871166
1.87265625 0.48871859
1.87273438 0.48872552
1.87281250 0.48873245
1.87289063 0.48873938
1.87296875 0.48874631
1.87304688 0.48875324
1.87312500 0.48876016
1.87320313 0.48876709
1.87328125 0.48877402
1.87335937 0.48878095
1.87343750 0.48878788
1.87351563 0.48879481
1.87359375 0.48880174
1.87367188 0.48880867
1.87375000 0.48881560
1.87382812 0.48882253
1.87390625 0.48882946
1.87398438 0.48883638
1.87406250 0.48884331
1.87414063 0.48885024
1.87421875 0.48885717
1.87429687 0.48886410
1.87437500 0.48887103
1.87445313 0.48887796
1.87453125 0.48888489
1.87460938 0.48889182
1.87468750 0.48889875
1.87476562 0.48890568
1.87484375 0.48891260
1.87492188 0.48891953
1.87500000 0.48892646
1.87507812 0.48893339
1.87515625 0.48894032
1.87523438 0.48894725
1.87531250 0.48895418
1.87539063 0.48896111
1.87546875 0.48896804
1.87554687 0.48897497
1.87562500 0.48898190
1.87570313 0.48898882
1.87578125 0.48899575
1.87585938 0.48900268
1.87593750 0.48900961
1.87601562 0.48901654
1.87609375 0.48902347
1.87617188 0.48903040
1.87625000 0.48903733
1.87632813 0.48904426
1.87640625 0.48905119
1.87648437 0.48905812
1.87656250 0.48906504
1.87664063 0.48907197
1.87671875 0.48907890
1.87679688 0.48908583
1.87687500 0.48909276
1.87695312 0.48909969
1.87703125 0.48910662
1.87710938 0.48911355
1.87718750 0.48912048
1.87726562 0.48912741
1.87734375 0.48913434
1.87742188 0.48914127
1.87750000 0.48914819
1.87757813 0.48915512
1.87765625 0.48916205
1.87773437 0.48916898
1.87781250 0.48917591
1.87789063 0.48918284
1.87796875 0.48918977
1.87804688 0.48919670
1.87812500 0.48920363
1.87820312 0.48921056
1.87828125 0.48921749
1.87835938 0.48922442
1.87843750 0.48923134
1.87851563 0.48923827
1.87859375 0.48924520
1.87867187 0.48925213
1.87875000 0.48925906
1.87882813 0.48926599
1.87890625 0.48927292
1.87898437 0.48927985
1.87906250 0.48928678
1.87914063 0.48929371
1.87921875 0.48930064
1.87929688 0.48930757
1.87937500 0.48931449
1.87945312 0.48932142
1.87953125 0.48932835
1.87960938 0.48933528
1.87968750 0.48934221
1.87976563 0.48934914
1.87984375 0.48935607
1.87992187 0.48936300
1.88000000 0.48936993
1.88007813 0.48937686
1.88015625 0.48938379
1.88023438 0.48939072
1.88031250 0.48939764
1.88039062 0.48940457
1.88046875 0.48941150
1.88054688 0.48941843
1.88062500 0.48942536
1.88070313 0.48943229
1.88078125 0.48943922
1.88085938 0.48944615
1.88093750 0.48945308
1.88101563 0.48946001
1.88109375 0.48946694
1.88117187 0.48947387
1.88125000 0.48948079
1.88132813 0.48948772
1.88140625 0.48949465
1.88148438 0.48950158
1.88156250 0.48950851
1.88164062 0.48951544
1.88171875 0.48952237
1.88179688 0.48952930
1.88187500 0.48953623
1.88195313 0.48954316
1.88203125 0.48955009
1.88210937 0.48955702
1.88218750 0.48956394
1.88226563 0.48957087
1.88234375 0.48957780
1.88242188 0.48958473
1.88250000 0.48959166
1.88257812 0.48959859
1.88265625 0.48960552
1.88273438 0.48961245
1.88281250 0.48961938
1.88289062 0.48962631
1.88296875 0.48963324
1.88304688 0.48964017
1.88312500 0.48964710
1.88320313 0.48965402
1.88328125 0.48966095
1.88335937 0.48966788
1.88343750 0.48967481
1.88351563 0.48968174
1.88359375 0.48968867
1.88367188 0.48969560
1.88375000 0.48970253
1.88382812 0.48970946
1.88390625 0.48971639
1.88398438 0.48972332
1.88406250 0.48973025
1.88414063 0.48973717
1.88421875 0.48974410
1.88429687 0.48975103
1.88437500 0.48975796
1.88445313 0.48976489
1.88453125 0.48977182
1.88460938 0.48977875
1.88468750 0.48978568
1.88476562 0.48979261
1.88484375 0.48979954
1.88492188 0.48980647
1.88500000 0.48981340
1.88507812 0.48982033
1.88515625 0.48982725
1.88523438 0.48983418
1.88531250 0.48984111
1.88539063 0.48984804
1.88546875 0.48985497
1.88554687 0.48986190
1.88562500 0.48986883
1.88570313 0.48987576
1.88578125 0.48988269
1.88585938 0.48988962
1.88593750 0.48989655
1.88601562 0.48990348
1.88609375 0.48991041
1.88617188 0.48991733
1.88625000 0.48992426
1.88632813 0.48993119
1.88640625 0.48993812
1.88648437 0.48994505
1.88656250 0.48995198
1.88664063 0.48995891
1.88671875 0.48996584
1.88679687 0.48997277
1.88687500 0.48997970
1.88695313 0.48998663
1.88703125 0.48999356
1.88710938 0.49000049
1.88718750 0.49000742
1.88726562 0.49001434
1.88734375 0.49002127
1.88742188 0.49002820
1.88750000 0.49003513
1.88757813 0.49004206
1.88765625 0.49004899
1.88773437 0.49005592
1.88781250 0.49006285
1.88789063 0.49006978
1.88796875 0.49007671
1.88804688 0.49008364
1.88812500 0.49009057
1.88820312 0.49009750
1.88828125 0.49010442
1.88835938 0.49011135
1.88843750 0.49011828
1.88851563 0.49012521
1.88859375 0.49013214
1.88867188 0.49013907
1.88875000 0.49014600
1.88882813 0.49015293
1.88890625 0.49015986
1.88898437 0.49016679
1.88906250 0.49017372
1.88914063 0.49018065
1.88921875 0.49018758
1.88929688 0.49019451
1.88937500 0.49020143
1.88945312 0.49020836
1.88953125 0.49021529
1.88960938 0.49022222
1.88968750 0.49022915
1.88976563 0.49023608
1.88984375 0.49024301
1.88992187 0.49024994
1.89000000 0.49025687
1.89007813 0.49026380
1.89015625 0.49027073
1.89023438 0.49027766
1.89031250 0.49028459
1.89039062 0.49029152
1.89046875 0.49029844
1.89054688 0.49030537
1.89062500 0.49031230
1.89070312 0.49031923
1.89078125 0.49032616
1.89085938 0.49033309
1.89093750 0.49034002
1.89101563 0.49034695
1.89109375 0.49035388
1.89117187 0.49036081
1.89125000 0.49036774
1.89132813 0.49037467
1.89140625 0.49038160
1.89148438 0.49038853
1.89156250 0.49039545
1.89164062 0.49040238
1.89171875 0.49040931
1.89179688 0.49041624
1.89187500 0.49042317
1.89195313 0.49043010
1.89203125 0.49043703
1.89210937 0.49044396
1.89218750 0.49045089
1.89226563 0.49045782
1.89234375 0.49046475
1.89242188 0.49047168
1.89250000 0.49047861
1.89257812 0.49048554
1.89265625 0.49049246
1.89273438 0.49049939
1.89281250 0.49050632
1.89289062 0.49051325
1.89296875 0.49052018
1.89304688 0.49052711
1.89312500 0.49053404
1.89320313 0.49054097
1.89328125 0.49054790
1.89335937 0.49055483
1.89343750 0.49056176
1.89351563 0.49056869
1.89359375 0.49057562
1.89367188 0.49058255
1.89375000 0.49058948
1.89382812 0.49059640
1.89390625 0.49060333
1.89398438 0.49061026
1.89406250 0.49061719
1.89414063 0.49062412
1.89421875 0.49063105
1.89429687 0.49063798
1.89437500 0.49064491
1.89445313 0.49065184
1.89453125 0.49065877
1.89460937 0.49066570
1.89468750 0.49067263
1.89476563 0.49067956
1.89484375 0.49068649
1.89492188 0.49069342
1.89500000 0.49070034
1.89507812 0.49070727
1.89515625 0.49071420
1.89523438 0.49072113
1.89531250 0.49072806
1.89539063 0.49073499
1.89546875 0.49074192
1.89554687 0.49074885
1.89562500 0.49075578
1.89570313 0.49076271
1.89578125 0.49076964
1.89585938 0.49077657
1.89593750 0.49078350
1.89601562 0.49079043
1.89609375 0.49079736
1.89617188 0.49080428
1.89625000 0.49081121
1.89632813 0.49081814
1.89640625 0.49082507
1.89648438 0.49083200
1.89656250 0.49083893
1.89664063 0.49084586
1.89671875 0.49085279
1.89679687 0.49085972
1.89687500 0.49086665
1.89695313 0.49087358
1.89703125 0.49088051
1.89710938 0.49088744
1.89718750 0.49089437
1.89726562 0.49090130
1.89734375 0.49090823
1.89742188 0.49091515
1.89750000 0.49092208
1.89757813 0.49092901
1.89765625 0.49093594
1.89773437 0.49094287
1.89781250 0.49094980
1.89789063 0.49095673
1.89796875 0.49096366
1.89804688 0.49097059
1.89812500 0.49097752
1.89820312 0.49098445
1.89828125 0.49099138
1.89835938 0.49099831
1.89843750 0.49100524
1.89851562 0.49101217
1.89859375 0.49101909
1.89867188 0.49102602
1.89875000 0.49103295
1.89882813 0.49103988
1.89890625 0.49104681
1.89898437 0.49105374
1.89906250 0.49106067
1.89914063 0.49106760
1.89921875 0.49107453
1.89929688 0.49108146
1.89937500 0.49108839
1.89945312 0.49109532
1.89953125 0.49110225
1.89960938 0.49110918
1.89968750 0.49111611
1.89976563 0.49112304
1.89984375 0.49112997
1.89992187 0.49113689
1.90000000 0.49114382
1.90007813 0.49115075
1.90015625 0.49115768
1.90023438 0.49116461
1.90031250 0.49117154
1.90039062 0.49117847
1.90046875 0.49118540
1.90054688 0.49119233
1.90062500 0.49119926
1.90070312 0.49120619
1.90078125 0.49121312
1.90085938 0.49122005
1.90093750 0.49122698
1.90101563 0.49123391
1.90109375 0.49124084
1.90117187 0.49124776
1.90125000 0.49125469
1.90132813 0.49126162
1.90140625 0.49126855
1.90148438 0.49127548
1.90156250 0.49128241
1.90164062 0.49128934
1.90171875 0.49129627
1.90179688 0.49130320
1.90187500 0.49131013
1.90195313 0.49131706
1.90203125 0.49132399
1.90210937 0.49133092
1.90218750 0.49133785
1.90226563 0.49134478
1.90234375 0.49135171
1.90242187 0.49135864
1.90250000 0.49136556
1.90257813 0.49137249
1.90265625 0.49137942
1.90273438 0.49138635
1.90281250 0.49139328
1.90289062 0.49140021
1.90296875 0.49140714
1.90304688 0.49141407
1.90312500 0.49142100
1.90320313 0.49142793
1.90328125 0.49143486
1.90335937 0.49144179
1.90343750 0.49144872
1.90351563 0.49145565
1.90359375 0.49146258
1.90367188 0.49146951
1.90375000 0.49147644
1.90382812 0.49148336
1.90390625 0.49149029
1.90398438 0.49149722
1.90406250 0.49150415
1.90414063 0.49151108
1.90421875 0.49151801
1.90429688 0.49152494
1.90437500 0.49153187
1.90445313 0.49153880
1.90453125 0.49154573
1.90460937 0.49155266
1.90468750 0.49155959
1.90476563 0.49156652
1.90484375 0.49157345
1.90492188 0.49158038
1.90500000 0.49158731
1.90507812 0.49159424
1.90515625 0.49160117
1.90523438 0.49160809
1.90531250 0.49161502
1.90539063 0.49162195
1.90546875 0.49162888
1.90554687 0.49163581
1.90562500 0.49164274
1.90570313 0.49164967
1.90578125 0.49165660
1.90585938 0.49166353
1.90593750 0.49167046
1.90601562 0.49167739
1.90609375 0.49168432
1.90617188 0.49169125
1.90625000 0.49169818
1.90632812 0.49170511
1.90640625 0.49171204
1.90648438 0.49171897
1.90656250 0.49172589
1.90664063 0.49173282
1.90671875 0.49173975
1.90679687 0.49174668
1.90687500 0.49175361
1.90695313 0.49176054
1.90703125 0.49176747
1.90710938 0.49177440
1.90718750 0.49178133
1.90726562 0.49178826
1.90734375 0.49179519
1.90742188 0.49180212
1.90750000 0.49180905
1.90757813 0.49181598
1.90765625 0.49182291
1.90773437 0.49182984
1.90781250 0.49183677
1.90789063 0.49184370
1.90796875 0.49185063
1.90804688 0.49185755
1.90812500 0.49186448
1.90820312 0.49187141
1.90828125 0.49187834
1.90835938 0.49188527
1.90843750 0.49189220
1.90851562 0.49189913
1.90859375 0.49190606
1.90867188 0.49191299
1.90875000 0.49191992
1.90882813 0.49192685
1.90890625 0.49193378
1.90898437 0.49194071
1.90906250 0.49194764
1.90914063 0.49195457
1.90921875 0.49196150
1.90929688 0.49196843
1.90937500 0.49197536
1.90945312 0.49198229
1.90953125 0.49198921
1.90960938 0.49199614
1.90968750 0.49200307
1.90976563 0.49201000
1.90984375 0.49201693
1.90992187 0.49202386
1.91000000 0.49203079
1.91007813 0.49203772
1.91015625 0.49204465
1.91023437 0.49205158
1.91031250 0.49205851
1.91039063 0.49206544
1.91046875 0.49207237
1.91054688 0.49207930
1.91062500 0.49208623
1.91070312 0.49209316
1.91078125 0.49210009
1.91085938 0.49210702
1.91093750 0.49211395
1.91101563 0.49212087
1.91109375 0.49212780
1.91117187 0.49213473
1.91125000 0.49214166
1.91132813 0.49214859
1.91140625 0.49215552
1.91148438 0.49216245
1.91156250 0.49216938
1.91164062 0.49217631
1.91171875 0.49218324
1.91179688 0.49219017
1.91187500 0.49219710
1.91195313 0.49220403
1.91203125 0.49221096
1.91210938 0.49221789
1.91218750 0.49222482
1.91226563 0.49223175
1.91234375 0.49223868
1.91242187 0.49224561
1.91250000 0.49225254
1.91257813 0.49225946
1.91265625 0.49226639
1.91273438 0.49227332
1.91281250 0.49228025
1.91289062 0.49228718
1.91296875 0.49229411
1.91304688 0.49230104
1.91312500 0.49230797
1.91320313 0.49231490
1.91328125 0.49232183
1.91335937 0.49232876
1.91343750 0.49233569
1.91351563 0.49234262
1.91359375 0.49234955
1.91367188 0.49235648
1.91375000 0.49236341
1.91382812 0.49237034
1.91390625 0.49237727
1.91398438 0.49238420
1.91406250 0.49239113
1.91414062 0.49239805
1.91421875 0.49240498
1.91429688 0.49241191
1.91437500 0.49241884
1.91445313 0.49242577
1.91453125 0.49243270
1.91460937 0.49243963
1.91468750 0.49244656
1.91476563 0.49245349
1.91484375 0.49246042
1.91492188 0.49246735
1.91500000 0.49247428
1.91507812 0.49248121
1.91515625 0.49248814
1.91523438 0.49249507
1.91531250 0.49250200
1.91539063 0.49250893
1.91546875 0.49251586
1.91554687 0.49252279
1.91562500 0.49252972
1.91570313 0.49253665
1.91578125 0.49254357
1.91585938 0.49255050
1.91593750 0.49255743
1.91601562 0.49256436
1.91609375 0.49257129
1.91617188 0.49257822
1.91625000 0.49258515
1.91632812 0.49259208
1.91640625 0.49259901
1.91648438 0.49260594
1.91656250 0.49261287
1.91664063 0.49261980
1.91671875 0.49262673
1.91679687 0.49263366
1.91687500 0.49264059
1.91695313 0.49264752
1.91703125 0.49265445
1.91710938 0.49266138
1.91718750 0.49266831
1.91726562 0.49267524
1.91734375 0.49268217
1.91742188 0.49268910
1.91750000 0.49269602
1.91757813 0.49270295
1.91765625 0.49270988
1.91773437 0.49271681
1.91781250 0.49272374
1.91789063 0.49273067
1.91796875 0.49273760
1.91804687 0.49274453
1.91812500 0.49275146
1.91820313 0.49275839
1.91828125 0.49276532
1.91835938 0.49277225
1.91843750 0.49277918
1.91851562 0.49278611
1.91859375 0.49279304
1.91867188 0.49279997
1.91875000 0.49280690
1.91882813 0.49281383
1.91890625 0.49282076
1.91898437 0.49282769
1.91906250 0.49283462
1.91914063 0.49284155
1.91921875 0.49284847
1.91929688 0.49285540
1.91937500 0.49286233
1.91945312 0.49286926
1.91953125 0.49287619
1.91960938 0.49288312
1.91968750 0.49289005
1.91976563 0.49289698
1.91984375 0.49290391
1.91992188 0.49291084
1.92000000 0.49291777
1.92007813 0.49292470
1.92015625 0.49293163
1.92023437 0.49293856
1.92031250 0.49294549
1.92039063 0.49295242
1.92046875 0.49295935
1.92054688 0.49296628
1.92062500 0.49297321
1.92070312 0.49298014
1.92078125 0.49298707
1.92085938 0.49299400
1.92093750 0.49300093
1.92101563 0.49300785
1.92109375 0.49301478
1.92117187 0.49302171
1.92125000 0.49302864
1.92132813 0.49303557
1.92140625 0.49304250
1.92148438 0.49304943
1.92156250 0.49305636
1.92164062 0.49306329
1.92171875 0.49307022
1.92179688 0.49307715
1.92187500 0.49308408
1.92195313 0.49309101
1.92203125 0.49309794
1.92210938 0.49310487
1.92218750 0.49311180
1.92226563 0.49311873
1.92234375 0.49312566
1.92242187 0.49313259
1.92250000 0.49313952
1.92257813 0.49314645
1.92265625 0.49315338
1.92273438 0.49316031
1.92281250 0.49316724
1.92289062 0.49317416
1.92296875 0.49318109
1.92304688 0.49318802
1.92312500 0.49319495
1.92320313 0.49320188
1.92328125 0.49320881
1.92335937 0.49321574
1.92343750 0.49322267
1.92351563 0.49322960
1.92359375 0.49323653
1.92367188 0.49324346
1.92375000 0.49325039
1.92382812 0.49325732
1.92390625 0.49326425
1.92398438 0.49327118
1.92406250 0.49327811
1.92414062 0.49328504
1.92421875 0.49329197
1.92429688 0.49329890
1.92437500 0.49330583
1.92445313 0.49331276
1.92453125 0.49331969
1.92460937 0.49332662
1.92468750 0.49333355
1.92476563 0.49334048
1.92484375 0.49334740
1.92492188 0.49335433
1.92500000 0.49336126
1.92507812 0.49336819
1.92515625 0.49337512
1.92523438 0.49338205
1.92531250 0.49338898
1.92539063 0.49339591
1.92546875 0.49340284
1.92554687 0.49340977
1.92562500 0.49341670
1.92570313 0.49342363
1.92578125 0.49343056
1.92585938 0.49343749
1.92593750 0.49344442
1.92601563 0.49345135
1.92609375 0.49345828
1.92617188 0.49346521
1.92625000 0.49347214
1.92632812 0.49347907
1.92640625 0.49348600
1.92648438 0.49349293
1.92656250 0.49349986
1.92664063 0.49350679
1.92671875 0.49351372
1.92679687 0.49352065
1.92687500 0.49352757
1.92695313 0.49353450
1.92703125 0.49354143
1.92710938 0.49354836
1.92718750 0.49355529
1.92726562 0.49356222
1.92734375 0.49356915
1.92742188 0.49357608
1.92750000 0.49358301
1.92757813 0.49358994
1.92765625 0.49359687
1.92773438 0.49360380
1.92781250 0.49361073
1.92789063 0.49361766
1.92796875 0.49362459
1.92804687 0.49363152
1.92812500 0.49363845
1.92820313 0.49364538
1.92828125 0.49365231
1.92835938 0.49365924
1.92843750 0.49366617
1.92851562 0.49367310
1.92859375 0.49368003
1.92867188 0.49368696
1.92875000 0.49369389
1.92882813 0.49370082
1.92890625 0.49370774
1.92898437 0.49371467
1.92906250 0.49372160
1.92914063 0.49372853
1.92921875 0.49373546
1.92929688 0.49374239
1.92937500 0.49374932
1.92945312 0.49375625
1.92953125 0.49376318
1.92960938 0.49377011
1.92968750 0.49377704
1.92976563 0.49378397
1.92984375 0.49379090
1.92992188 0.49379783
1.93000000 0.49380476
1.93007813 0.49381169
1.93015625 0.49381862
1.93023437 0.49382555
1.93031250 0.49383248
1.93039063 0.49383941
1.93046875 0.49384634
1.93054688 0.49385327
1.93062500 0.49386020
1.93070312 0.49386713
1.93078125 0.49387406
1.93085938 0.49388099
1.93093750 0.49388792
1.93101563 0.49389485
1.93109375 0.49390177
1.93117187 0.49390870
1.93125000 0.49391563
1.93132813 0.49392256
1.93140625 0.49392949
1.93148438 0.49393642
1.93156250 0.49394335
1.93164062 0.49395028
1.93171875 0.49395721
1.93179688 0.49396414
1.93187500 0.49397107
1.93195312 0.49397800
1.93203125 0.49398493
1.93210938 0.49399186
1.93218750 0.49399879
1.93226563 0.49400572
1.93234375 0.49401265
1.93242187 0.49401958
1.93250000 0.49402651
1.93257813 0.49403344
1.93265625 0.49404037
1.93273438 0.49404730
1.93281250 0.49405423
1.93289062 0.49406116
1.93296875 0.49406809
1.93304688 0.49407502
1.93312500 0.49408195
1.93320313 0.49408888
1.93328125 0.49409581
1.93335937 0.49410273
1.93343750 0.49410966
1.93351563 0.49411659
1.93359375 0.49412352
1.93367188 0.49413045
1.93375000 0.49413738
1.93382813 0.49414431
1.93390625 0.49415124
1.93398438 0.49415817
1.93406250 0.49416510
1.93414062 0.49417203
1.93421875 0.49417896
1.93429688 0.49418589
1.93437500 0.49419282
1.93445313 0.49419975
1.93453125 0.49420668
1.93460937 0.49421361
1.93468750 0.49422054
1.93476563 0.49422747
1.93484375 0.49423440
1.93492188 0.49424133
1.93500000 0.49424826
1.93507812 0.49425519
1.93515625 0.49426212
1.93523438 0.49426905
1.93531250 0.49427598
1.93539063 0.49428291
1.93546875 0.49428984
1.93554688 0.49429677
1.93562500 0.49430370
1.93570313 0.49431062
1.93578125 0.49431755
1.93585937 0.49432448
1.93593750 0.49433141
1.93601563 0.49433834
1.93609375 0.49434527
1.93617188 0.49435220
1.93625000 0.49435913
1.93632812 0.49436606
1.93640625 0.49437299
1.93648438 0.49437992
1.93656250 0.49438685
1.93664063 0.49439378
1.93671875 0.49440071
1.93679687 0.49440764
1.93687500 0.49441457
1.93695313 0.49442150
1.93703125 0.49442843
1.93710938 0.49443536
1.93718750 0.49444229
1.93726562 0.49444922
1.93734375 0.49445615
1.93742188 0.49446308
1.93750000 0.49447001
1.93757813 0.49447694
1.93765625 0.49448387
1.93773438 0.49449080
1.93781250 0.49449773
1.93789063 0.49450466
1.93796875 0.49451159
1.93804687 0.49451852
1.93812500 0.49452545
1.93820313 0.49453237
1.93828125 0.49453930
1.93835938 0.49454623
1.93843750 0.49455316
1.93851562 0.49456009
1.93859375 0.49456702
1.93867188 0.49457395
1.93875000 0.49458088
1.93882813 0.49458781
1.93890625 0.49459474
1.93898437 0.49460167
1.93906250 0.49460860
1.93914063 0.49461553
1.93921875 0.49462246
1.93929688 0.49462939
1.93937500 0.49463632
1.93945312 0.49464325
1.93953125 0.49465018
1.93960938 0.49465711
1.93968750 0.49466404
1.93976562 0.49467097
1.93984375 0.49467790
1.93992188 0.49468483
1.94000000 0.49469176
1.94007813 0.49469869
1.94015625 0.49470562
1.94023437 0.49471255
1.94031250 0.49471948
1.94039063 0.49472641
1.94046875 0.49473334
1.94054688 0.49474027
1.94062500 0.49474720
1.94070312 0.49475413
1.94078125 0.49476105
1.94085938 0.49476798
1.94093750 0.49477491
1.94101563 0.49478184
1.94109375 0.49478877
1.94117187 0.49479570
1.94125000 0.49480263
1.94132813 0.49480956
1.94140625 0.49481649
1.94148438 0.49482342
1.94156250 0.49483035
1.94164063 0.49483728
1.94171875 0.49484421
1.94179688 0.49485114
1.94187500 0.49485807
1.94195312 0.49486500
1.94203125 0.49487193
1.94210938 0.49487886
1.94218750 0.49488579
1.94226563 0.49489272
1.94234375 0.49489965
1.94242187 0.49490658
1.94250000 0.49491351
1.94257813 0.49492044
1.94265625 0.49492737
1.94273438 0.49493430
1.94281250 0.49494123
1.94289062 0.49494816
1.94296875 0.49495509
1.94304688 0.49496202
1.94312500 0.49496895
1.94320313 0.49497588
1.94328125 0.49498281
1.94335938 0.49498974
1.94343750 0.49499667
1.94351563 0.49500359
1.94359375 0.49501052
1.94367187 0.49501745
1.94375000 0.49502438
1.94382813 0.49503131
1.94390625 0.49503824
1.94398438 0.49504517
1.94406250 0.49505210
1.94414062 0.49505903
1.94421875 0.49506596
1.94429688 0.49507289
1.94437500 0.49507982
1.94445313 0.49508675
1.94453125 0.49509368
1.94460937 0.49510061
1.94468750 0.49510754
1.94476563 0.49511447
1.94484375 0.49512140
1.94492188 0.49512833
1.94500000 0.49513526
1.94507812 0.49514219
1.94515625 0.49514912
1.94523438 0.49515605
1.94531250 0.49516298
1.94539063 0.49516991
1.94546875 0.49517684
1.94554688 0.49518377
1.94562500 0.49519070
1.94570313 0.49519763
1.94578125 0.49520456
1.94585937 0.49521149
1.94593750 0.49521842
1.94601563 0.49522535
1.94609375 0.49523228
1.94617188 0.49523921
1.94625000 0.49524614
1.94632812 0.49525307
1.94640625 0.49525999
1.94648438 0.49526692
1.94656250 0.49527385
1.94664063 0.49528078
1.94671875 0.49528771
1.94679687 0.49529464
1.94687500 0.49530157
1.94695313 0.49530850
1.94703125 0.49531543
1.94710938 0.49532236
1.94718750 0.49532929
1.94726562 0.49533622
1.94734375 0.49534315
1.94742188 0.49535008
1.94750000 0.49535701
1.94757812 0.49536394
1.94765625 0.49537087
1.94773438 0.49537780
1.94781250 0.49538473
1.94789063 0.49539166
1.94796875 0.49539859
1.94804687 0.49540552
1.94812500 0.49541245
1.94820313 0.49541938
1.94828125 0.49542631
1.94835938 0.49543324
1.94843750 0.49544017
1.94851562 0.49544710
1.94859375 0.49545403
1.94867188 0.49546096
1.94875000 0.49546789
1.94882813 0.49547482
1.94890625 0.49548175
1.94898437 0.49548868
1.94906250 0.49549561
1.94914063 0.49550254
1.94921875 0.49550947
1.94929688 0.49551640
1.94937500 0.49552333
1.94945313 0.49553026
1.94953125 0.49553718
1.94960938 0.49554411
1.94968750 0.49555104
1.94976562 0.49555797
1.94984375 0.49556490
1.94992188 0.49557183
1.95000000 0.49557876
1.95007813 0.49558569
1.95015625 0.49559262
1.95023437 0.49559955
1.95031250 0.49560648
1.95039063 0.49561341
1.95046875 0.49562034
1.95054688 0.49562727
1.95062500 0.49563420
1.95070312 0.49564113
1.95078125 0.49564806
1.95085938 0.49565499
1.95093750 0.49566192
1.95101563 0.49566885
1.95109375 0.49567578
1.95117188 0.49568271
1.95125000 0.49568964
1.95132813 0.49569657
1.95140625 0.49570350
1.95148437 0.49571043
1.95156250 0.49571736
1.95164063 0.49572429
1.95171875 0.49573122
1.95179688 0.49573815
1.95187500 0.49574508
1.95195312 0.49575201
1.95203125 0.49575894
1.95210938 0.49576587
1.95218750 0.49577280
1.95226563 0.49577973
1.95234375 0.49578666
1.95242187 0.49579359
1.95250000 0.49580052
1.95257813 0.49580745
1.95265625 0.49581438
1.95273438 0.49582131
1.95281250 0.49582823
1.95289062 0.49583516
1.95296875 0.49584209
1.95304688 0.49584902
1.95312500 0.49585595
1.95320313 0.49586288
1.95328125 0.49586981
1.95335938 0.49587674
1.95343750 0.49588367
1.95351563 0.49589060
1.95359375 0.49589753
1.95367187 0.49590446
1.95375000 0.49591139
1.95382813 0.49591832
1.95390625 0.49592525
1.95398438 0.49593218
1.95406250 0.49593911
1.95414062 0.49594604
1.95421875 0.49595297
1.95429688 0.49595990
1.95437500 0.49596683
1.95445313 0.49597376
1.95453125 0.49598069
1.95460937 0.49598762
1.95468750 0.49599455
1.95476563 0.49600148
1.95484375 0.49600841
1.95492188 0.49601534
1.95500000 0.49602227
1.95507812 0.49602920
1.95515625 0.49603613
1.95523438 0.49604306
1.95531250 0.49604999
1.95539062 0.49605692
1.95546875 0.49606385
1.95554688 0.49607078
1.95562500 0.49607771
1.95570313 0.49608464
1.95578125 0.49609157
1.95585937 0.49609850
1.95593750 0.49610543
1.95601563 0.49611236
1.95609375 0.49611929
1.95617188 0.49612622
1.95625000 0.49613315
1.95632812 0.49614007
1.95640625 0.49614700
1.95648438 0.49615393
1.95656250 0.49616086
1.95664063 0.49616779
1.95671875 0.49617472
1.95679687 0.49618165
1.95687500 0.49618858
1.95695313 0.49619551
1.95703125 0.49620244
1.95710938 0.49620937
1.95718750 0.49621630
1.95726563 0.49622323
1.95734375 0.49623016
1.95742188 0.49623709
1.95750000 0.49624402
1.95757812 0.49625095
1.95765625 0.49625788
1.95773438 0.49626481
1.95781250 0.49627174
1.95789063 0.49627867
1.95796875 0.49628560
1.95804687 0.49629253
1.95812500 0.49629946
1.95820313 0.49630639
1.95828125 0.49631332
1.95835938 0.49632025
1.95843750 0.49632718
1.95851562 0.49633411
1.95859375 0.49634104
1.95867188 0.49634797
1.95875000 0.49635490
1.95882813 0.49636183
1.95890625 0.49636876
1.95898438 0.49637569
1.95906250 0.49638262
1.95914063 0.49638955
1.95921875 0.49639648
1.95929687 0.49640341
1.95937500 0.49641034
1.95945313 0.49641727
1.95953125 0.49642420
1.95960938 0.49643113
1.95968750 0.49643806
1.95976562 0.49644499
1.95984375 0.49645192
1.95992188 0.49645885
1.96000000 0.49646578
1.96007813 0.49647270
1.96015625 0.49647963
1.96023437 0.49648656
1.96031250 0.49649349
1.96039063 0.49650042
1.96046875 0.49650735
1.96054688 0.49651428
1.96062500 0.49652121
1.96070312 0.49652814
1.96078125 0.49653507
1.96085938 0.49654200
1.96093750 0.49654893
1.96101563 0.49655586
1.96109375 0.49656279
1.96117188 0.49656972
1.96125000 0.49657665
1.96132813 0.49658358
1.96140625 0.49659051
1.96148437 0.49659744
1.96156250 0.49660437
1.96164063 0.49661130
1.96171875 0.49661823
1.96179688 0.49662516
1.96187500 0.49663209
1.96195312 0.49663902
1.96203125 0.49664595
1.96210938 0.49665288
1.96218750 0.49665981
1.96226563 0.49666674
1.96234375 0.49667367
1.96242187 0.49668060
1.96250000 0.49668753
1.96257813 0.49669446
1.96265625 0.49670139
1.96273438 0.49670832
1.96281250 0.49671525
1.96289062 0.49672218
1.96296875 0.49672911
1.96304688 0.49673604
1.96312500 0.49674297
1.96320312 0.49674990
1.96328125 0.49675683
1.96335938 0.49676376
1.96343750 0.49677069
1.96351563 0.49677762
1.96359375 0.49678455
1.96367187 0.49679148
1.96375000 0.49679841
1.96382813 0.49680534
1.96390625 0.49681227
1.96398438 0.49681920
1.96406250 0.49682613
1.96414062 0.49683306
1.96421875 0.49683998
1.96429688 0.49684691
1.96437500 0.49685384
1.96445313 0.49686077
1.96453125 0.49686770
1.96460937 0.49687463
1.96468750 0.49688156
1.96476563 0.49688849
1.96484375 0.49689542
1.96492188 0.49690235
1.96500000 0.49690928
1.96507813 0.49691621
1.96515625 0.49692314
1.96523438 0.49693007
1.96531250 0.49693700
1.96539062 0.49694393
1.96546875 0.49695086
1.96554688 0.49695779
1.96562500 0.49696472
1.96570313 0.49697165
1.96578125 0.49697858
1.96585937 0.49698551
1.96593750 0.49699244
1.96601563 0.49699937
1.96609375 0.49700630
1.96617188 0.49701323
1.96625000 0.49702016
1.96632812 0.49702709
1.96640625 0.49703402
1.96648438 0.49704095
1.96656250 0.49704788
1.96664063 0.49705481
1.96671875 0.49706174
1.96679688 0.49706867
1.96687500 0.49707560
1.96695313 0.49708253
1.96703125 0.49708946
1.96710937 0.49709639
1.96718750 0.49710332
1.96726563 0.49711025
1.96734375 0.49711718
1.96742188 0.49712411
1.96750000 0.49713104
1.96757812 0.49713797
1.96765625 0.49714490
1.96773438 0.49715183
1.96781250 0.49715876
1.96789063 0.49716569
1.96796875 0.49717262
1.96804687 0.49717955
1.96812500 0.49718648
1.96820313 0.49719341
1.96828125 0.49720034
1.96835938 0.49720727
1.96843750 0.49721420
1.96851562 0.49722113
1.96859375 0.49722806
1.96867188 0.49723498
1.96875000 0.49724191
1.96882813 0.49724884
1.96890625 0.49725577
1.96898438 0.49726270
1.96906250 0.49726963
1.96914063 0.49727656
1.96921875 0.49728349
1.96929687 0.49729042
1.96937500 0.49729735
1.96945313 0.49730428
1.96953125 0.49731121
1.96960938 0.49731814
1.96968750 0.49732507
1.96976562 0.49733200
1.96984375 0.49733893
1.96992188 0.49734586
1.97000000 0.49735279
1.97007813 0.49735972
1.97015625 0.49736665
1.97023437 0.49737358
1.97031250 0.49738051
1.97039063 0.49738744
1.97046875 0.49739437
1.97054688 0.49740130
1.97062500 0.49740823
1.97070312 0.49741516
1.97078125 0.49742209
1.97085938 0.49742902
1.97093750 0.49743595
1.97101562 0.49744288
1.97109375 0.49744981
1.97117188 0.49745674
1.97125000 0.49746367
1.97132813 0.49747060
1.97140625 0.49747753
1.97148437 0.49748446
1.97156250 0.49749139
1.97164063 0.49749832
1.97171875 0.49750525
1.97179688 0.49751218
1.97187500 0.49751911
1.97195312 0.49752604
1.97203125 0.49753297
1.97210938 0.49753990
1.97218750 0.49754683
1.97226563 0.49755376
1.97234375 0.49756069
1.97242187 0.49756762
1.97250000 0.49757455
1.97257813 0.49758148
1.97265625 0.49758841
1.97273438 0.49759534
1.97281250 0.49760227
1.97289063 0.49760920
1.97296875 0.49761613
1.97304688 0.49762306
1.97312500 0.49762999
1.97320312 0.49763692
1.97328125 0.49764385
1.97335938 0.49765078
1.97343750 0.49765771
1.97351563 0.49766463
1.97359375 0.49767156
1.97367187 0.49767849
1.97375000 0.49768542
1.97382813 0.49769235
1.97390625 0.49769928
1.97398438 0.49770621
1.97406250 0.49771314
1.97414062 0.49772007
1.97421875 0.49772700
1.97429688 0.49773393
1.97437500 0.49774086
1.97445313 0.49774779
1.97453125 0.49775472
1.97460938 0.49776165
1.97468750 0.49776858
1.97476563 0.49777551
1.97484375 0.49778244
1.97492187 0.49778937
1.97500000 0.49779630
1.97507813 0.49780323
1.97515625 0.49781016
1.97523438 0.49781709
1.97531250 0.49782402
1.97539062 0.49783095
1.97546875 0.49783788
1.97554688 0.49784481
1.97562500 0.49785174
1.97570313 0.49785867
1.97578125 0.49786560
1.97585937 0.49787253
1.97593750 0.49787946
1.97601563 0.49788639
1.97609375 0.49789332
1.97617188 0.49790025
1.97625000 0.49790718
1.97632812 0.49791411
1.97640625 0.49792104
1.97648438 0.49792797
1.97656250 0.49793490
1.97664063 0.49794183
1.97671875 0.49794876
1.97679688 0.49795569
1.97687500 0.49796262
1.97695313 0.49796955
1.97703125 0.49797648
1.97710937 0.49798341
1.97718750 0.49799034
1.97726563 0.49799727
1.97734375 0.49800420
1.97742188 0.49801113
1.97750000 0.49801806
1.97757812 0.49802499
1.97765625 0.49803192
1.97773438 0.49803885
1.97781250 0.49804578
1.97789063 0.49805271
1.97796875 0.49805964
1.97804687 0.49806657
1.97812500 0.49807350
1.97820313 0.49808043
1.97828125 0.49808736
1.97835938 0.49809429
1.97843750 0.49810122
1.97851562 0.49810815
1.97859375 0.49811508
1.97867188 0.49812201
1.97875000 0.49812894
1.97882812 0.49813586
1.97890625 0.49814279
1.97898438 0.49814972
1.97906250 0.49815665
1.97914063 0.49816358
1.97921875 0.49817051
1.97929687 0.49817744
1.97937500 0.49818437
1.97945313 0.49819130
1.97953125 0.49819823
1.97960938 0.49820516
1.97968750 0.49821209
1.97976562 0.49821902
1.97984375 0.49822595
1.97992188 0.49823288
1.98000000 0.49823981
1.98007813 0.49824674
1.98015625 0.49825367
1.98023437 0.49826060
1.98031250 0.49826753
1.98039063 0.49827446
1.98046875 0.49828139
1.98054688 0.49828832
1.98062500 0.49829525
1.98070313 0.49830218
1.98078125 0.49830911
1.98085938 0.49831604
1.98093750 0.49832297
1.98101562 0.49832990
1.98109375 0.49833683
1.98117188 0.49834376
1.98125000 0.49835069
1.98132813 0.49835762
1.98140625 0.49836455
1.98148437 0.49837148
1.98156250 0.49837841
1.98164063 0.49838534
1.98171875 0.49839227
1.98179688 0.49839920
1.98187500 0.49840613
1.98195312 0.49841306
1.98203125 0.49841999
1.98210938 0.49842692
1.98218750 0.49843385
1.98226563 0.49844078
1.98234375 0.49844771
1.98242188 0.49845464
1.98250000 0.49846157
1.98257813 0.49846850
1.98265625 0.49847543
1.98273437 0.49848236
1.98281250 0.49848929
1.98289063 0.49849622
1.98296875 0.49850315
1.98304688 0.49851008
1.98312500 0.49851701
1.98320312 0.49852394
1.98328125 0.49853087
1.98335938 0.49853780
1.98343750 0.49854473
1.98351563 0.49855166
1.98359375 0.49855859
1.98367187 0.49856552
1.98375000 0.49857245
1.98382813 0.49857938
1.98390625 0.49858631
1.98398438 0.49859324
1.98406250 0.49860017
1.98414062 0.49860710
1.98421875 0.49861403
1.98429688 0.49862096
1.98437500 0.49862789
1.98445313 0.49863482
1.98453125 0.49864174
1.98460938 0.49864867
1.98468750 0.49865560
1.98476563 0.49866253
1.98484375 0.49866946
1.98492187 0.49867639
1.98500000 0.49868332
1.98507813 0.49869025
1.98515625 0.49869718
1.98523438 0.49870411
1.98531250 0.49871104
1.98539062 0.49871797
1.98546875 0.49872490
1.98554688 0.49873183
1.98562500 0.49873876
1.98570313 0.49874569
1.98578125 0.49875262
1.98585937 0.49875955
1.98593750 0.49876648
1.98601563 0.49877341
1.98609375 0.49878034
1.98617188 0.49878727
1.98625000 0.49879420
1.98632812 0.49880113
1.98640625 0.49880806
1.98648438 0.49881499
1.98656250 0.49882192
1.98664062 0.49882885
1.98671875 0.49883578
1.98679688 0.49884271
1.98687500 0.49884964
1.98695313 0.49885657
1.98703125 0.49886350
1.98710937 0.49887043
1.98718750 0.49887736
1.98726563 0.49888429
1.98734375 0.49889122
1.98742188 0.49889815
1.98750000 0.49890508
1.98757812 0.49891201
1.98765625 0.49891894
1.98773438 0.49892587
1.98781250 0.49893280
1.98789063 0.49893973
1.98796875 0.49894666
1.98804687 0.49895359
1.98812500 0.49896052
1.98820313 0.49896745
1.98828125 0.49897438
1.98835938 0.49898131
1.98843750 0.49898824
1.98851563 0.49899517
1.98859375 0.49900210
1.98867188 0.49900903
1.98875000 0.49901596
1.98882812 0.49902289
1.98890625 0.49902982
1.98898438 0.49903675
1.98906250 0.49904368
1.98914063 0.49905061
1.98921875 0.49905754
1.98929687 0.49906447
1.98937500 0.49907140
1.98945313 0.49907833
1.98953125 0.49908526
1.98960938 0.49909219
1.98968750 0.49909912
1.98976562 0.49910605
1.98984375 0.49911298
1.98992188 0.49911991
1.99000000 0.49912684
1.99007813 0.49913377
1.99015625 0.49914070
1.99023438 0.49914763
1.99031250 0.49915456
1.99039063 0.49916149
1.99046875 0.49916842
1.99054687 0.49917535
1.99062500 0.49918227
1.99070313 0.49918920
1.99078125 0.49919613
1.99085938 0.49920306
1.99093750 0.49920999
1.99101562 0.49921692
1.99109375 0.49922385
1.99117188 0.49923078
1.99125000 0.49923771
1.99132813 0.49924464
1.99140625 0.49925157
1.99148437 0.49925850
1.99156250 0.49926543
1.99164063 0.49927236
1.99171875 0.49927929
1.99179688 0.49928622
1.99187500 0.49929315
1.99195312 0.49930008
1.99203125 0.49930701
1.99210938 0.49931394
1.99218750 0.49932087
1.99226563 0.49932780
1.99234375 0.49933473
1.99242188 0.49934166
1.99250000 0.49934859
1.99257813 0.49935552
1.99265625 0.49936245
1.99273437 0.49936938
1.99281250 0.49937631
1.99289063 0.49938324
1.99296875 0.49939017
1.99304688 0.49939710
1.99312500 0.49940403
1.99320312 0.49941096
1.99328125 0.49941789
1.99335938 0.49942482
1.99343750 0.49943175
1.99351563 0.49943868
1.99359375 0.49944561
1.99367187 0.49945254
1.99375000 0.49945947
1.99382813 0.49946640
1.99390625 0.49947333
1.99398438 0.49948026
1.99406250 0.49948719
1.99414062 0.49949412
1.99421875 0.49950105
1.99429688 0.49950798
1.99437500 0.49951491
1.99445312 0.49952184
1.99453125 0.49952877
1.99460938 0.49953570
1.99468750 0.49954263
1.99476563 0.49954956
1.99484375 0.49955649
1.99492187 0.49956342
1.99500000 0.49957035
1.99507813 0.49957728
1.99515625 0.49958421
1.99523438 0.49959114
1.99531250 0.49959807
1.99539062 0.49960500
1.99546875 0.49961193
1.99554688 0.49961886
1.99562500 0.49962579
1.99570313 0.49963272
1.99578125 0.49963965
1.99585937 0.49964658
1.99593750 0.49965351
1.99601563 0.49966044
1.99609375 0.49966737
1.99617188 0.49967430
1.99625000 0.49968123
1.99632813 0.49968816
1.99640625 0.49969509
1.99648438 0.49970202
1.99656250 0.49970895
1.99664062 0.49971588
1.99671875 0.49972281
1.99679688 0.49972974
1.99687500 0.49973667
1.99695313 0.49974360
1.99703125 0.49975052
1.99710937 0.49975745
1.99718750 0.49976438
1.99726563 0.49977131
1.99734375 0.49977824
1.99742188 0.49978517
1.99750000 0.49979210
1.99757812 0.49979903
1.99765625 0.49980596
1.99773438 0.49981289
1.99781250 0.49981982
1.99789063 0.49982675
1.99796875 0.49983368
1.99804688 0.49984061
1.99812500 0.49984754
1.99820313 0.49985447
1.99828125 0.49986140
1.99835937 0.49986833
1.99843750 0.49987526
1.99851563 0.49988219
1.99859375 0.49988912
1.99867188 0.49989605
1.99875000 0.49990298
1.99882812 0.49990991
1.99890625 0.49991684
1.99898438 0.49992377
1.99906250 0.49993070
1.99914063 0.49993763
1.99921875 0.49994456
1.99929687 0.49995149
1.99937500 0.49995842
1.99945313 0.49996535
1.99953125 0.49997228
1.99960938 0.49997921
1.99968750 0.49998614
1.99976562 0.49999307
1.99984375 0.50000000
1.99992188 0.50000688
2.00000000 0.50001325
