0.0000000000000000 0.5000207903148802
0.0000781250000000 0.5000277201794434
0.0001562500000000 0.5000346500726748
0.0002343750000000 0.5000415799405811
0.0003125000000000 0.5000485098316590
0.0003906250000000 0.5000554397009048
0.0004687500000000 0.5000623695906784
0.0005468750000000 0.5000692994605455
0.0006250000000000 0.5000762293509705
0.0007031250000000 0.5000831592197694
0.0007812500000000 0.5000900891111516
0.0008593750000000 0.5000970189791933
0.0009375000000000 0.5001039488708930
0.0010156250000000 0.5001108787390541
0.0010937500000000 0.5001178086302721
0.0011718750000000 0.5001247384989591
0.0012500000000000 0.5001316683897392
0.0013281250000000 0.5001385982585641
0.0014062500000000 0.5001455281493702
0.0014843750000000 0.5001524580179774
0.0015625000000000 0.5001593879089850
0.0016406250000000 0.5001663177773796
0.0017187500000000 0.5001732476684674
0.0017968750000000 0.5001801775368151
0.0018750000000000 0.5001871074278297
0.0019531250000000 0.5001940372962242
0.0020312500000000 0.5002009671871259
0.0021093750000000 0.5002078970555542
0.0021875000000000 0.5002148269463684
0.0022656250000000 0.5002217568147995
0.0023437500000000 0.5002286867055367
0.0024218750000000 0.5002356165739693
0.0025000000000000 0.5002425464646185
0.0025781250000000 0.5002494763330571
0.0026562500000000 0.5002564062236222
0.0027343750000000 0.5002633360920425
0.0028125000000000 0.5002702659825584
0.0028906250000000 0.5002771958509136
0.0029687500000000 0.5002841257414216
0.0030468750000000 0.5002910556096736
0.0031250000000000 0.5002979855001939
0.0032031250000000 0.5003049153683329
0.0032812500000000 0.5003118452588556
0.0033593750000000 0.5003187751268960
0.0034375000000000 0.5003257050173963
0.0035156250000000 0.5003326348853607
0.0035937500000000 0.5003395647758120
0.0036718750000000 0.5003464946437196
0.0037500000000000 0.5003534245341015
0.0038281250000000 0.5003603544019654
0.0039062500000000 0.5003672842922623
0.0039843750000000 0.5003742141600913
0.0040625000000000 0.5003811440502919
0.0041406250000000 0.5003880739180899
0.0042187500000000 0.5003950038081880
0.0042968750000000 0.5004019336759530
0.0043750000000000 0.5004088635659490
0.0044531250000000 0.5004157934336715
0.0045312500000000 0.5004227233235744
0.0046093750000000 0.5004296531912378
0.0046875000000000 0.5004365830810602
0.0047656250000000 0.5004435129486465
0.0048437500000000 0.5004504428384027
0.0049218750000000 0.5004573727058927
0.0050000000000000 0.5004643025955954
0.0050781250000000 0.5004712324629751
0.0051562500000000 0.5004781623526302
0.0052343750000000 0.5004850922198919
0.0053125000000000 0.5004920221094986
0.0053906250000000 0.5004989519766425
0.0054687500000000 0.5005058818661915
0.0055468750000000 0.5005128117332254
0.0056250000000000 0.5005197416227021
0.0057031250000000 0.5005266714896369
0.0057812500000000 0.5005336013790247
0.0058593750000000 0.5005405312458715
0.0059375000000000 0.5005474611351569
0.0060156250000000 0.5005543910019218
0.0060937500000000 0.5005613208910957
0.0061718750000000 0.5005682507577810
0.0062500000000000 0.5005751806468387
0.0063281250000000 0.5005821105134420
0.0064062500000000 0.5005890404023835
0.0064843750000000 0.5005959702688976
0.0065625000000000 0.5006029001577270
0.0066406250000000 0.5006098300241419
0.0067187500000000 0.5006167599128650
0.0067968750000000 0.5006236897791700
0.0068750000000000 0.5006306196677922
0.0069531250000000 0.5006375495339781
0.0070312500000000 0.5006444794225025
0.0071093750000000 0.5006514092885626
0.0071875000000000 0.5006583391769898
0.0072656250000000 0.5006652690429194
0.0073437500000000 0.5006721989312481
0.0074218750000000 0.5006791287970457
0.0075000000000000 0.5006860586852714
0.0075781250000000 0.5006929885509372
0.0076562500000000 0.5006999184390537
0.0077343750000000 0.5007068483045902
0.0078125000000000 0.5007137781925904
0.0078906250000000 0.5007207080579995
0.0079687500000000 0.5007276379458765
0.0080468750000000 0.5007345678111601
0.0081250000000000 0.5007414976989082
0.0082031250000000 0.5007484275640657
0.0082812500000000 0.5007553574516815
0.0083593750000000 0.5007622873167111
0.0084375000000000 0.5007692172041923
0.0085156250000000 0.5007761470690908
0.0085937500000000 0.5007830769564368
0.0086718750000000 0.5007900068211995
0.0087500000000000 0.5007969367084096
0.0088281250000000 0.5008038665730324
0.0089062500000000 0.5008107964601064
0.0089843750000000 0.5008177263245849
0.0090625000000000 0.5008246562115223
0.0091406250000000 0.5008315860758521
0.0092187500000000 0.5008385159626518
0.0092968750000000 0.5008454458268300
0.0093750000000000 0.5008523757134898
0.0094531250000000 0.5008593055775143
0.0095312500000000 0.5008662354640311
0.0096093750000000 0.5008731653279003
0.0096875000000000 0.5008800952142706
0.0097656250000000 0.5008870250779833
0.0098437500000000 0.5008939549642032
0.0099218750000000 0.5009008848277589
0.0100000000000000 0.5009078147138238
0.0100781250000000 0.5009147445772220
0.0101562500000000 0.5009216744631282
0.0102343750000000 0.5009286043263680
0.0103125000000000 0.5009355342121110
0.0103906250000000 0.5009424640751915
0.0104687500000000 0.5009493939607679
0.0105468750000000 0.5009563238236880
0.0106250000000000 0.5009632537090941
0.0107031250000000 0.5009701835718522
0.0107812500000000 0.5009771134570855
0.0108593750000000 0.5009840433196789
0.0109375000000000 0.5009909732047370
0.0110156250000000 0.5009979030671635
0.0110937500000000 0.5010048329520437
0.0111718750000000 0.5010117628143014
0.0112500000000000 0.5010186926990003
0.0113281250000000 0.5010256225610877
0.0114062500000000 0.5010325524456027
0.0114843750000000 0.5010394823075175
0.0115625000000000 0.5010464121918456
0.0116406250000000 0.5010533420535859
0.0117187500000000 0.5010602719377247
0.0117968750000000 0.5010672017992875
0.0118750000000000 0.5010741316832358
0.0119531250000000 0.5010810615446176
0.0120312500000000 0.5010879914283737
0.0121093750000000 0.5010949212895712
0.0121875000000000 0.5011018511731332
0.0122656250000000 0.5011087810341435
0.0123437500000000 0.5011157109175105
0.0124218750000000 0.5011226407783294
0.0125000000000000 0.5011295706615001
0.0125781250000000 0.5011365005221244
0.0126562500000000 0.5011434304050976
0.0127343750000000 0.5011503602655236
0.0128125000000000 0.5011572901482971
0.0128906250000000 0.5011642200085229
0.0129687500000000 0.5011711498910945
0.0130468750000000 0.5011780797511171
0.0131250000000000 0.5011850096334844
0.0132031250000000 0.5011919394933017
0.0132812500000000 0.5011988693754619
0.0133593750000000 0.5012057992350720
0.0134375000000000 0.5012127291170223
0.0135156250000000 0.5012196589764230
0.0135937500000000 0.5012265888581608
0.0136718750000000 0.5012335187173499
0.0137500000000000 0.5012404485988725
0.0138281250000000 0.5012473784578479
0.0139062500000000 0.5012543083391530
0.0139843750000000 0.5012612381979119
0.0140625000000000 0.5012681680789978
0.0141406250000000 0.5012750979375369
0.0142187500000000 0.5012820278184015
0.0142968750000000 0.5012889576767181
0.0143750000000000 0.5012958875573600
0.0144531250000000 0.5013028174154507
0.0145312500000000 0.5013097472958680
0.0146093750000000 0.5013166771537297
0.0146875000000000 0.5013236070339209
0.0147656250000000 0.5013305368915506
0.0148437500000000 0.5013374667715138
0.0149218750000000 0.5013443966289090
0.0150000000000000 0.5013513265086412
0.0150781250000000 0.5013582563657998
0.0151562500000000 0.5013651862452987
0.0152343750000000 0.5013721161022182
0.0153125000000000 0.5013790459814816
0.0153906250000000 0.5013859758381597
0.0154687500000000 0.5013929057171848
0.0155468750000000 0.5013998355736192
0.0156250000000000 0.5014067654524031
0.0157031250000000 0.5014136953085925
0.0157812500000000 0.5014206251871320
0.0158593750000000 0.5014275550430742
0.0159375000000000 0.5014344849213669
0.0160156250000000 0.5014414147770594
0.0160937500000000 0.5014483446551029
0.0161718750000000 0.5014552745105431
0.0162500000000000 0.5014622043883354
0.0163281250000000 0.5014691342435207
0.0164062500000000 0.5014760641210593
0.0164843750000000 0.5014829939759875
0.0165625000000000 0.5014899238532702
0.0166406250000000 0.5014968537079382
0.0167187500000000 0.5015037835849628
0.0167968750000000 0.5015107134393686
0.0168750000000000 0.5015176433161325
0.0169531250000000 0.5015245731702732
0.0170312500000000 0.5015315030467746
0.0171093750000000 0.5015384329006477
0.0171875000000000 0.5015453627768839
0.0172656250000000 0.5015522926304872
0.0173437500000000 0.5015592225064561
0.0174218750000000 0.5015661523597866
0.0175000000000000 0.5015730822354857
0.0175781250000000 0.5015800120885417
0.0176562500000000 0.5015869419639681
0.0177343750000000 0.5015938718167472
0.0178125000000000 0.5016008016918986
0.0178906250000000 0.5016077315443983
0.0179687500000000 0.5016146614192725
0.0180468750000000 0.5016215912714906
0.0181250000000000 0.5016285211460842
0.0182031250000000 0.5016354509980192
0.0182812500000000 0.5016423808723296
0.0183593750000000 0.5016493107239790
0.0184375000000000 0.5016562405980040
0.0185156250000000 0.5016631704493649
0.0185937500000000 0.5016701003231020
0.0186718750000000 0.5016770301741730
0.0187500000000000 0.5016839600476191
0.0188281250000000 0.5016908898983977
0.0189062500000000 0.5016978197715503
0.0189843750000000 0.5017047496220347
0.0190625000000000 0.5017116794948906
0.0191406250000000 0.5017186093450789
0.0192187500000000 0.5017255392176356
0.0192968750000000 0.5017324690675258
0.0193750000000000 0.5017393989397800
0.0194531250000000 0.5017463287893705
0.0195312500000000 0.5017532586613191
0.0196093750000000 0.5017601885106081
0.0196875000000000 0.5017671183822485
0.0197656250000000 0.5017740482312337
0.0198437500000000 0.5017809781025628
0.0199218750000000 0.5017879079512427
0.0200000000000000 0.5017948378222574
0.0200781250000000 0.5018017676706302
0.0201562500000000 0.5018086975413274
0.0202343750000000 0.5018156273893916
0.0203125000000000 0.5018225572597680
0.0203906250000000 0.5018294871075216
0.0204687500000000 0.5018364169775748
0.0205468750000000 0.5018433468250157
0.0206250000000000 0.5018502766947427
0.0207031250000000 0.5018572065418689
0.0207812500000000 0.5018641364112668
0.0208593750000000 0.5018710662580761
0.0209375000000000 0.5018779961271431
0.0210156250000000 0.5018849259736328
0.0210937500000000 0.5018918558423656
0.0211718750000000 0.5018987856885342
0.0212500000000000 0.5019057155569302
0.0213281250000000 0.5019126454027751
0.0214062500000000 0.5019195752708321
0.0214843750000000 0.5019265051163510
0.0215625000000000 0.5019334349840667
0.0216406250000000 0.5019403648292565
0.0217187500000000 0.5019472946966291
0.0217968750000000 0.5019542245414869
0.0218750000000000 0.5019611544085144
0.0219531250000000 0.5019680842530380
0.0220312500000000 0.5019750141197176
0.0221093750000000 0.5019819439639043
0.0221875000000000 0.5019888738302341
0.0222656250000000 0.5019958036740811
0.0223437500000000 0.5020027335400592
0.0224218750000000 0.5020096633835636
0.0225000000000000 0.5020165932491880
0.0225781250000000 0.5020235230923471
0.0226562500000000 0.5020304529576153
0.0227343750000000 0.5020373828004269
0.0228125000000000 0.5020443126653364
0.0228906250000000 0.5020512425077981
0.0229687500000000 0.5020581723723470
0.0230468750000000 0.5020651022144555
0.0231250000000000 0.5020720320786415
0.0232031250000000 0.5020789619203950
0.0232812500000000 0.5020858917842157
0.0233593750000000 0.5020928216256112
0.0234375000000000 0.5020997514890643
0.0235156250000000 0.5021066813300996
0.0235937500000000 0.5021136111931829
0.0236718750000000 0.5021205410338551
0.0237500000000000 0.5021274708965664
0.0238281250000000 0.5021344007368730
0.0239062500000000 0.5021413305992102
0.0239843750000000 0.5021482604391483
0.0240625000000000 0.5021551903011094
0.0241406250000000 0.5021621201406762
0.0242187500000000 0.5021690500022592
0.0242968750000000 0.5021759798414525
0.0243750000000000 0.5021829097026547
0.0244531250000000 0.5021898395414719
0.0245312500000000 0.5021967694022909
0.0246093750000000 0.5022036992407294
0.0246875000000000 0.5022106291011633
0.0247656250000000 0.5022175589392204
0.0248437500000000 0.5022244887992670
0.0249218750000000 0.5022314186369401
0.0250000000000000 0.5022383484965970
0.0250781250000000 0.5022452783338839
0.0251562500000000 0.5022522081931483
0.0252343750000000 0.5022591380300466
0.0253125000000000 0.5022660678889164
0.0253906250000000 0.5022729977254242
0.0254687500000000 0.5022799275838961
0.0255468750000000 0.5022868574200110
0.0256250000000000 0.5022937872780829
0.0257031250000000 0.5023007171138028
0.0257812500000000 0.5023076469714719
0.0258593750000000 0.5023145768067943
0.0259375000000000 0.5023215066640585
0.0260156250000000 0.5023284364989806
0.0260937500000000 0.5023353663558378
0.0261718750000000 0.5023422961903570
0.0262500000000000 0.5023492260468049
0.0263281250000000 0.5023561558809189
0.0264062500000000 0.5023630857369548
0.0264843750000000 0.5023700155706612
0.0265625000000000 0.5023769454262829
0.0266406250000000 0.5023838752595792
0.0267187500000000 0.5023908051147844
0.0267968750000000 0.5023977349476685
0.0268750000000000 0.5024046648024542
0.0269531250000000 0.5024115946349237
0.0270312500000000 0.5024185244892877
0.0271093750000000 0.5024254543213403
0.0271875000000000 0.5024323841752800
0.0272656250000000 0.5024393140069133
0.0273437500000000 0.5024462438604264
0.0274218750000000 0.5024531736916383
0.0275000000000000 0.5024601035447219
0.0275781250000000 0.5024670333755097
0.0276562500000000 0.5024739632281616
0.0277343750000000 0.5024808930585235
0.0278125000000000 0.5024878229107410
0.0278906250000000 0.5024947527406746
0.0279687500000000 0.5025016825924549
0.0280468750000000 0.5025086124219581
0.0281250000000000 0.5025155422732984
0.0282031250000000 0.5025224721023692
0.0282812500000000 0.5025294019532671
0.0283593750000000 0.5025363317819032
0.0284375000000000 0.5025432616323560
0.0285156250000000 0.5025501914605554
0.0285937500000000 0.5025571213105599
0.0286718750000000 0.5025640511383207
0.0287500000000000 0.5025709809878742
0.0288281250000000 0.5025779108151948
0.0289062500000000 0.5025848406642940
0.0289843750000000 0.5025917704911724
0.0290625000000000 0.5025987003398147
0.0291406250000000 0.5026056301662487
0.0292187500000000 0.5026125600144316
0.0292968750000000 0.5026194898404187
0.0293750000000000 0.5026264196881395
0.0294531250000000 0.5026333495136783
0.0295312500000000 0.5026402793609336
0.0296093750000000 0.5026472091860217
0.0296875000000000 0.5026541390328095
0.0297656250000000 0.5026610688574450
0.0298437500000000 0.5026679987037618
0.0299218750000000 0.5026749285279429
0.0300000000000000 0.5026818583737861
0.0300781250000000 0.5026887881975111
0.0301562500000000 0.5026957180428772
0.0302343750000000 0.5027026478661442
0.0303125000000000 0.5027095777110304
0.0303906250000000 0.5027165075338375
0.0304687500000000 0.5027234373782411
0.0305468750000000 0.5027303672005859
0.0306250000000000 0.5027372970445046
0.0307031250000000 0.5027442268663849
0.0307812500000000 0.5027511567098158
0.0308593750000000 0.5027580865312299
0.0309375000000000 0.5027650163741699
0.0310156250000000 0.5027719461951154
0.0310937500000000 0.5027788760375624
0.0311718750000000 0.5027858058580371
0.0312500000000000 0.5027927356999885
0.0313281250000000 0.5027996655199896
0.0314062500000000 0.5028065953614436
0.0314843750000000 0.5028135251809683
0.0315625000000000 0.5028204550219223
0.0316406250000000 0.5028273848409686
0.0317187500000000 0.5028343146814200
0.0317968750000000 0.5028412444999852
0.0318750000000000 0.5028481743399321
0.0319531250000000 0.5028551041580138
0.0320312500000000 0.5028620339974533
0.0321093750000000 0.5028689638150494
0.0321875000000000 0.5028758936539793
0.0322656250000000 0.5028828234710869
0.0323437500000000 0.5028897533095052
0.0324218750000000 0.5028966831261217
0.0325000000000000 0.5029036129640261
0.0325781250000000 0.5029105427801488
0.0326562500000000 0.5029174726175373
0.0327343750000000 0.5029244024331637
0.0328125000000000 0.5029313322700338
0.0328906250000000 0.5029382620851611
0.0329687500000000 0.5029451919215112
0.0330468750000000 0.5029521217361367
0.0331250000000000 0.5029590515719639
0.0332031250000000 0.5029659813860854
0.0332812500000000 0.5029729112213873
0.0333593750000000 0.5029798410350025
0.0334375000000000 0.5029867708697769
0.0335156250000000 0.5029937006828831
0.0335937500000000 0.5030006305171277
0.0336718750000000 0.5030075603297225
0.0337500000000000 0.5030144901634350
0.0338281250000000 0.5030214199755154
0.0339062500000000 0.5030283498086942
0.0339843750000000 0.5030352796202576
0.0340625000000000 0.5030422094529000
0.0341406250000000 0.5030491392639439
0.0342187500000000 0.5030560690960478
0.0342968750000000 0.5030629989065698
0.0343750000000000 0.5030699287381325
0.0344531250000000 0.5030768585481303
0.0345312500000000 0.5030837883791497
0.0346093750000000 0.5030907181886204
0.0346875000000000 0.5030976480190943
0.0347656250000000 0.5031045778280356
0.0348437500000000 0.5031115076579614
0.0349218750000000 0.5031184374663709
0.0350000000000000 0.5031253672957465
0.0350781250000000 0.5031322971036214
0.0351562500000000 0.5031392269324445
0.0352343750000000 0.5031461567397826
0.0353125000000000 0.5031530865680506
0.0353906250000000 0.5031600163748495
0.0354687500000000 0.5031669462025599
0.0355468750000000 0.5031738760088174
0.0356250000000000 0.5031808058359674
0.0357031250000000 0.5031877356416815
0.0357812500000000 0.5031946654682686
0.0358593750000000 0.5032015952734370
0.0359375000000000 0.5032085250994587
0.0360156250000000 0.5032154549040789
0.0360937500000000 0.5032223847295326
0.0361718750000000 0.5032293145336023
0.0362500000000000 0.5032362443584858
0.0363281250000000 0.5032431741620025
0.0364062500000000 0.5032501039863134
0.0364843750000000 0.5032570337892744
0.0365625000000000 0.5032639636130107
0.0366406250000000 0.5032708934154139
0.0367187500000000 0.5032778232385724
0.0367968750000000 0.5032847530404158
0.0368750000000000 0.5032916828629940
0.0369531250000000 0.5032986126642752
0.0370312500000000 0.5033055424862705
0.0371093750000000 0.5033124722869874
0.0371875000000000 0.5033194021083973
0.0372656250000000 0.5033263319085473
0.0373437500000000 0.5033332617293694
0.0374218750000000 0.5033401915289504
0.0375000000000000 0.5033471213491824
0.0375781250000000 0.5033540511481914
0.0376562500000000 0.5033609809678309
0.0377343750000000 0.5033679107662663
0.0378125000000000 0.5033748405853105
0.0378906250000000 0.5033817703831696
0.0379687500000000 0.5033887002016160
0.0380468750000000 0.5033956299988968
0.0381250000000000 0.5034025598167426
0.0382031250000000 0.5034094896134428
0.0382812500000000 0.5034164194306857
0.0383593750000000 0.5034233492268031
0.0384375000000000 0.5034302790434404
0.0385156250000000 0.5034372088389729
0.0385937500000000 0.5034441386550015
0.0386718750000000 0.5034510684499474
0.0387500000000000 0.5034579982653646
0.0388281250000000 0.5034649280597214
0.0389062500000000 0.5034718578745253
0.0389843750000000 0.5034787876682904
0.0390625000000000 0.5034857174824776
0.0391406250000000 0.5034926472756494
0.0392187500000000 0.5034995770892178
0.0392968750000000 0.5035065068817937
0.0393750000000000 0.5035134366947404
0.0394531250000000 0.5035203664867183
0.0395312500000000 0.5035272962990410
0.0396093750000000 0.5035342260904183
0.0396875000000000 0.5035411559021146
0.0397656250000000 0.5035480856928897
0.0398437500000000 0.5035550155039561
0.0399218750000000 0.5035619452941269
0.0400000000000000 0.5035688751045611
0.0400781250000000 0.5035758048941250
0.0401562500000000 0.5035827347039245
0.0402343750000000 0.5035896644928797
0.0403125000000000 0.5035965943020413
0.0403906250000000 0.5036035240903860
0.0404687500000000 0.5036104538989070
0.0405468750000000 0.5036173836866389
0.0406250000000000 0.5036243134945169
0.0407031250000000 0.5036312432816338
0.0407812500000000 0.5036381730888658
0.0408593750000000 0.5036451028753657
0.0409375000000000 0.5036520326819492
0.0410156250000000 0.5036589624678297
0.0410937500000000 0.5036658922737625
0.0411718750000000 0.5036728220590208
0.0412500000000000 0.5036797518643008
0.0413281250000000 0.5036866816489343
0.0414062500000000 0.5036936114535590
0.0414843750000000 0.5037005412375655
0.0415625000000000 0.5037074710415320
0.0416406250000000 0.5037144008249100
0.0417187500000000 0.5037213306282152
0.0417968750000000 0.5037282604109626
0.0418750000000000 0.5037351902136041
0.0419531250000000 0.5037421199957183
0.0420312500000000 0.5037490497976936
0.0421093750000000 0.5037559795791723
0.0421875000000000 0.5037629093804793
0.0422656250000000 0.5037698391613197
0.0423437500000000 0.5037767689619559
0.0424218750000000 0.5037836987421557
0.0425000000000000 0.5037906285421192
0.0425781250000000 0.5037975583216754
0.0426562500000000 0.5038044881209639
0.0427343750000000 0.5038114178998740
0.0428125000000000 0.5038183476984851
0.0428906250000000 0.5038252774767469
0.0429687500000000 0.5038322072746783
0.0430468750000000 0.5038391370522891
0.0431250000000000 0.5038460668495384
0.0432031250000000 0.5038529966264959
0.0432812500000000 0.5038599264230609
0.0433593750000000 0.5038668561993620
0.0434375000000000 0.5038737859952410
0.0435156250000000 0.5038807157708829
0.0435937500000000 0.5038876455660735
0.0436718750000000 0.5038945753410543
0.0437500000000000 0.5039015051355534
0.0438281250000000 0.5039084349098706
0.0439062500000000 0.5039153647036766
0.0439843750000000 0.5039222944773271
0.0440625000000000 0.5039292242704378
0.0441406250000000 0.5039361540434195
0.0442187500000000 0.5039430838358320
0.0442968750000000 0.5039500136081430
0.0443750000000000 0.5039569433998546
0.0444531250000000 0.5039638731714920
0.0445312500000000 0.5039708029625006
0.0446093750000000 0.5039777327334625
0.0446875000000000 0.5039846625237654
0.0447656250000000 0.5039915922940492
0.0448437500000000 0.5039985220836444
0.0449218750000000 0.5040054518532469
0.0450000000000000 0.5040123816421326
0.0450781250000000 0.5040193114110514
0.0451562500000000 0.5040262411992249
0.0452343750000000 0.5040331709674578
0.0453125000000000 0.5040401007549166
0.0453906250000000 0.5040470305224611
0.0454687500000000 0.5040539603092030
0.0455468750000000 0.5040608900760567
0.0456250000000000 0.5040678198620792
0.0457031250000000 0.5040747496282397
0.0457812500000000 0.5040816794135402
0.0458593750000000 0.5040886091790052
0.0459375000000000 0.5040955389635814
0.0460156250000000 0.5041024687283484
0.0460937500000000 0.5041093985121979
0.0461718750000000 0.5041163282762647
0.0462500000000000 0.5041232580593852
0.0463281250000000 0.5041301878227489
0.0464062500000000 0.5041371176051377
0.0464843750000000 0.5041440473677966
0.0465625000000000 0.5041509771494511
0.0466406250000000 0.5041579069114027
0.0467187500000000 0.5041648366923204
0.0467968750000000 0.5041717664535623
0.0468750000000000 0.5041786962337411
0.0469531250000000 0.5041856259942706
0.0470312500000000 0.5041925557737081
0.0471093750000000 0.5041994855335230
0.0471875000000000 0.5042064153122167
0.0472656250000000 0.5042133450713148
0.0473437500000000 0.5042202748492619
0.0474218750000000 0.5042272046076403
0.0475000000000000 0.5042341343848390
0.0475781250000000 0.5042410641424957
0.0476562500000000 0.5042479939189430
0.0477343750000000 0.5042549236758759
0.0478125000000000 0.5042618534515694
0.0478906250000000 0.5042687832077758
0.0479687500000000 0.5042757129827131
0.0480468750000000 0.5042826427381910
0.0481250000000000 0.5042895725123695
0.0482031250000000 0.5042965022671160
0.0482812500000000 0.5043034320405338
0.0483593750000000 0.5043103617945466
0.0484375000000000 0.5043172915672007
0.0485156250000000 0.5043242213204778
0.0485937500000000 0.5043311510923657
0.0486718750000000 0.5043380808449046
0.0487500000000000 0.5043450106160241
0.0488281250000000 0.5043519403678225
0.0489062500000000 0.5043588701381707
0.0489843750000000 0.5043657998892265
0.0490625000000000 0.5043727296588013
0.0491406250000000 0.5043796594091116
0.0492187500000000 0.5043865891779101
0.0492968750000000 0.5043935189274736
0.0493750000000000 0.5044004486954931
0.0494531250000000 0.5044073784443071
0.0495312500000000 0.5044143082115453
0.0496093750000000 0.5044212379596071
0.0496875000000000 0.5044281677260619
0.0497656250000000 0.5044350974733691
0.0498437500000000 0.5044420272390382
0.0499218750000000 0.5044489569855883
0.0500000000000000 0.5044558867504688
0.0500781250000000 0.5044628164962600
0.0501562500000000 0.5044697462603492
0.0502343750000000 0.5044766760053789
0.0503125000000000 0.5044836057686747
0.0503906250000000 0.5044905355129409
0.0504687500000000 0.5044974652754403
0.0505468750000000 0.5045043950189404
0.0506250000000000 0.5045113247806413
0.0507031250000000 0.5045182545233732
0.0507812500000000 0.5045251842842725
0.0508593750000000 0.5045321140262343
0.0509375000000000 0.5045390437863297
0.0510156250000000 0.5045459735275186
0.0510937500000000 0.5045529032868077
0.0511718750000000 0.5045598330272215
0.0512500000000000 0.5045667627857016
0.0513281250000000 0.5045736925253382
0.0514062500000000 0.5045806222830065
0.0514843750000000 0.5045875520218642
0.0515625000000000 0.5045944817787179
0.0516406250000000 0.5046014115167942
0.0517187500000000 0.5046083412728306
0.0517968750000000 0.5046152710101228
0.0518750000000000 0.5046222007653408
0.0519531250000000 0.5046291305018459
0.0520312500000000 0.5046360602562425
0.0521093750000000 0.5046429899919590
0.0521875000000000 0.5046499197455311
0.0522656250000000 0.5046568494804566
0.0523437500000000 0.5046637792332023
0.0524218750000000 0.5046707089673341
0.0525000000000000 0.5046776387192508
0.0525781250000000 0.5046845684525865
0.0526562500000000 0.5046914982036722
0.0527343750000000 0.5046984279362092
0.0528125000000000 0.5047053576864614
0.0528906250000000 0.5047122874181973
0.0529687500000000 0.5047192171676133
0.0530468750000000 0.5047261468985462
0.0531250000000000 0.5047330766471235
0.0532031250000000 0.5047400063772506
0.0532812500000000 0.5047469361249873
0.0533593750000000 0.5047538658543058
0.0534375000000000 0.5047607956011997
0.0535156250000000 0.5047677253297069
0.0535937500000000 0.5047746550757558
0.0536718750000000 0.5047815848034493
0.0537500000000000 0.5047885145486508
0.0538281250000000 0.5047954442755281
0.0539062500000000 0.5048023740198797
0.0539843750000000 0.5048093037459388
0.0540625000000000 0.5048162334894378
0.0541406250000000 0.5048231632146761
0.0542187500000000 0.5048300929573206
0.0542968750000000 0.5048370226817351
0.0543750000000000 0.5048439524235228
0.0544531250000000 0.5048508821471117
0.0545312500000000 0.5048578118880399
0.0546093750000000 0.5048647416108004
0.0546875000000000 0.5048716713508665
0.0547656250000000 0.5048786010727968
0.0548437500000000 0.5048855308119984
0.0549218750000000 0.5048924605330958
0.0550000000000000 0.5048993902714306
0.0550781250000000 0.5049063199916922
0.0551562500000000 0.5049132497291584
0.0552343750000000 0.5049201794485816
0.0553125000000000 0.5049271091851769
0.0553906250000000 0.5049340389037592
0.0554687500000000 0.5049409686394813
0.0555468750000000 0.5049478983572200
0.0556250000000000 0.5049548280920666
0.0557031250000000 0.5049617578089596
0.0557812500000000 0.5049686875429280
0.0558593750000000 0.5049756172589728
0.0559375000000000 0.5049825469920605
0.0560156250000000 0.5049894767072548
0.0560937500000000 0.5049964064394594
0.0561718750000000 0.5050033361538010
0.0562500000000000 0.5050102658851200
0.0563281250000000 0.5050171955986066
0.0564062500000000 0.5050241253290377
0.0564843750000000 0.5050310550416661
0.0565625000000000 0.5050379847712075
0.0566406250000000 0.5050449144829752
0.0567187500000000 0.5050518442116245
0.0567968750000000 0.5050587739225290
0.0568750000000000 0.5050657036502839
0.0569531250000000 0.5050726333603227
0.0570312500000000 0.5050795630871807
0.0571093750000000 0.5050864927963515
0.0571875000000000 0.5050934225223099
0.0572656250000000 0.5051003522306107
0.0573437500000000 0.5051072819556675
0.0574218750000000 0.5051142116630951
0.0575000000000000 0.5051211413872477
0.0575781250000000 0.5051280710938002
0.0576562500000000 0.5051350008170468
0.0577343750000000 0.5051419305227208
0.0578125000000000 0.5051488602450588
0.0578906250000000 0.5051557899498526
0.0579687500000000 0.5051627196712796
0.0580468750000000 0.5051696493751900
0.0581250000000000 0.5051765790957043
0.0582031250000000 0.5051835087987291
0.0582812500000000 0.5051904385183277
0.0583593750000000 0.5051973682204643
0.0584375000000000 0.5052042979391452
0.0585156250000000 0.5052112276403914
0.0585937500000000 0.5052181573581518
0.0586718750000000 0.5052250870585054
0.0587500000000000 0.5052320167753429
0.0588281250000000 0.5052389464748013
0.0589062500000000 0.5052458761907136
0.0589843750000000 0.5052528058892741
0.0590625000000000 0.5052597356042591
0.0591406250000000 0.5052666653019195
0.0592187500000000 0.5052735950159744
0.0592968750000000 0.5052805247127322
0.0593750000000000 0.5052874544258552
0.0594531250000000 0.5052943841217076
0.0595312500000000 0.5053013138338963
0.0596093750000000 0.5053082435288405
0.0596875000000000 0.5053151732400928
0.0597656250000000 0.5053221029341268
0.0598437500000000 0.5053290326444397
0.0599218750000000 0.5053359623375614
0.0600000000000000 0.5053428920469327
0.0600781250000000 0.5053498217391388
0.0601562500000000 0.5053567514475666
0.0602343750000000 0.5053636811388550
0.0603125000000000 0.5053706108463365
0.0603906250000000 0.5053775405367048
0.0604687500000000 0.5053844702432378
0.0605468750000000 0.5053913999326837
0.0606250000000000 0.5053983296382651
0.0607031250000000 0.5054052593267868
0.0607812500000000 0.5054121890314144
0.0608593750000000 0.5054191187190088
0.0609375000000000 0.5054260484226806
0.0610156250000000 0.5054329781093452
0.0610937500000000 0.5054399078120585
0.0611718750000000 0.5054468374977914
0.0612500000000000 0.5054537671995436
0.0613281250000000 0.5054606968843420
0.0614062500000000 0.5054676265851310
0.0614843750000000 0.5054745562689928
0.0615625000000000 0.5054814859688159
0.0616406250000000 0.5054884156517387
0.0617187500000000 0.5054953453505935
0.0617968750000000 0.5055022750325745
0.0618750000000000 0.5055092047304591
0.0619531250000000 0.5055161344114959
0.0620312500000000 0.5055230641084075
0.0621093750000000 0.5055299937884979
0.0621875000000000 0.5055369234844340
0.0622656250000000 0.5055438531635759
0.0623437500000000 0.5055507828585338
0.0624218750000000 0.5055577125367247
0.0625000000000000 0.5055646422307022
0.0625781250000000 0.5055715719079399
0.0626562500000000 0.5055785016009343
0.0627343750000000 0.5055854312772161
0.0628125000000000 0.5055923609692254
0.0628906250000000 0.5055992906445487
0.0629687500000000 0.5056062203355707
0.0630468750000000 0.5056131500099328
0.0631250000000000 0.5056200796999646
0.0632031250000000 0.5056270093733642
0.0632812500000000 0.5056339390624029
0.0633593750000000 0.5056408687348370
0.0634375000000000 0.5056477984228814
0.0635156250000000 0.5056547280943468
0.0635937500000000 0.5056616577813944
0.0636718750000000 0.5056685874518890
0.0637500000000000 0.5056755171379373
0.0638281250000000 0.5056824468074589
0.0639062500000000 0.5056893764925052
0.0639843750000000 0.5056963061610512
0.0640625000000000 0.5057032358450936
0.0641406250000000 0.5057101655126613
0.0642187500000000 0.5057170951956971
0.0642968750000000 0.5057240248622844
0.0643750000000000 0.5057309545443114
0.0644531250000000 0.5057378842099156
0.0645312500000000 0.5057448138909314
0.0646093750000000 0.5057517435555499
0.0646875000000000 0.5057586732355528
0.0647656250000000 0.5057656028991825
0.0648437500000000 0.5057725325781699
0.0649218750000000 0.5057794622408088
0.0650000000000000 0.5057863919187785
0.0650781250000000 0.5057933215804240
0.0651562500000000 0.5058002512573738
0.0652343750000000 0.5058071809180230
0.0653125000000000 0.5058141105939506
0.0653906250000000 0.5058210402536011
0.0654687500000000 0.5058279699285042
0.0655468750000000 0.5058348995871536
0.0656250000000000 0.5058418292610301
0.0657031250000000 0.5058487589186752
0.0657812500000000 0.5058556885915230
0.0658593750000000 0.5058626182481615
0.0659375000000000 0.5058695479199785
0.0660156250000000 0.5058764775756075
0.0660937500000000 0.5058834072463914
0.0661718750000000 0.5058903369010083
0.0662500000000000 0.5058972665707571
0.0663281250000000 0.5059041962243594
0.0664062500000000 0.5059111258930704
0.0664843750000000 0.5059180555456558
0.0665625000000000 0.5059249852133265
0.0666406250000000 0.5059319148648931
0.0667187500000000 0.5059388445315210
0.0667968750000000 0.5059457741820657
0.0668750000000000 0.5059527038476492
0.0669531250000000 0.5059596334971690
0.0670312500000000 0.5059665631617057
0.0671093750000000 0.5059734928101984
0.0671875000000000 0.5059804224736857
0.0672656250000000 0.5059873521211490
0.0673437500000000 0.5059942817835847
0.0674218750000000 0.5060012114300156
0.0675000000000000 0.5060081410913977
0.0675781250000000 0.5060150707367943
0.0676562500000000 0.5060220003971199
0.0677343750000000 0.5060289300414793
0.0678125000000000 0.5060358597007465
0.0678906250000000 0.5060427893440661
0.0679687500000000 0.5060497190022727
0.0680468750000000 0.5060566486445500
0.0681250000000000 0.5060635783016935
0.0682031250000000 0.5060705079429263
0.0682812500000000 0.5060774375990038
0.0683593750000000 0.5060843672391898
0.0684375000000000 0.5060912968941995
0.0685156250000000 0.5060982265333356
0.0685937500000000 0.5061051561872757
0.0686718750000000 0.5061120858253592
0.0687500000000000 0.5061190154782270
0.0688281250000000 0.5061259451152557
0.0689062500000000 0.5061328747670490
0.0689843750000000 0.5061398044030199
0.0690625000000000 0.5061467340537368
0.0691406250000000 0.5061536636886476
0.0692187500000000 0.5061605933382856
0.0692968750000000 0.5061675229721332
0.0693750000000000 0.5061744526206905
0.0694531250000000 0.5061813822534723
0.0695312500000000 0.5061883119009465
0.0696093750000000 0.5061952415326605
0.0696875000000000 0.5062021711790490
0.0697656250000000 0.5062091008096925
0.0698437500000000 0.5062160304549925
0.0699218750000000 0.5062229600845635
0.0700000000000000 0.5062298897287734
0.0700781250000000 0.5062368193572683
0.0701562500000000 0.5062437490003863
0.0702343750000000 0.5062506786278024
0.0703125000000000 0.5062576082698259
0.0703906250000000 0.5062645378961612
0.0704687500000000 0.5062714675370878
0.0705468750000000 0.5062783971623397
0.0706250000000000 0.5062853268021674
0.0707031250000000 0.5062922564263331
0.0707812500000000 0.5062991860650592
0.0708593750000000 0.5063061156881367
0.0709375000000000 0.5063130453257589
0.0710156250000000 0.5063199749477452
0.0710937500000000 0.5063269045842616
0.0711718750000000 0.5063338342051544
0.0712500000000000 0.5063407638405623
0.0713281250000000 0.5063476934603589
0.0714062500000000 0.5063546230946562
0.0714843750000000 0.5063615527133543
0.0715625000000000 0.5063684823465385
0.0716406250000000 0.5063754119641355
0.0717187500000000 0.5063823415962043
0.0717968750000000 0.5063892712126975
0.0718750000000000 0.5063962008436492
0.0719531250000000 0.5064031304590358
0.0720312500000000 0.5064100600888679
0.0721093750000000 0.5064169897031454
0.0721875000000000 0.5064239193318557
0.0722656250000000 0.5064308489450219
0.0723437500000000 0.5064377785726075
0.0724218750000000 0.5064447081846597
0.0725000000000000 0.5064516378111192
0.0725781250000000 0.5064585674220545
0.0726562500000000 0.5064654970473851
0.0727343750000000 0.5064724266572017
0.0728125000000000 0.5064793562814007
0.0728906250000000 0.5064862858900959
0.0729687500000000 0.5064932155131614
0.0730468750000000 0.5065001451207325
0.0731250000000000 0.5065070747426620
0.0732031250000000 0.5065140043491069
0.0732812500000000 0.5065209339698976
0.0733593750000000 0.5065278635752138
0.0734375000000000 0.5065347931948643
0.0735156250000000 0.5065417227990486
0.0735937500000000 0.5065486524175561
0.0736718750000000 0.5065555820206065
0.0737500000000000 0.5065625116379691
0.0738281250000000 0.5065694412398821
0.0739062500000000 0.5065763708560979
0.0739843750000000 0.5065833004568717
0.0740625000000000 0.5065902300719375
0.0741406250000000 0.5065971596715698
0.0742187500000000 0.5066040892854834
0.0742968750000000 0.5066110188839718
0.0743750000000000 0.5066179484967307
0.0744531250000000 0.5066248780940724
0.0745312500000000 0.5066318077056747
0.0746093750000000 0.5066387373018673
0.0746875000000000 0.5066456669123104
0.0747656250000000 0.5066525965073513
0.0748437500000000 0.5066595261166331
0.0749218750000000 0.5066664557105199
0.0750000000000000 0.5066733853186375
0.0750781250000000 0.5066803149113682
0.0751562500000000 0.5066872445183194
0.0752343750000000 0.5066941741098913
0.0753125000000000 0.5067011037156739
0.0753906250000000 0.5067080333060837
0.0754687500000000 0.5067149629106961
0.0755468750000000 0.5067218924999415
0.0756250000000000 0.5067288221033805
0.0757031250000000 0.5067357516914597
0.0757812500000000 0.5067426812937232
0.0758593750000000 0.5067496108806330
0.0759375000000000 0.5067565404817186
0.0760156250000000 0.5067634700674573
0.0760937500000000 0.5067703996673626
0.0761718750000000 0.5067773292519271
0.0762500000000000 0.5067842588506496
0.0763281250000000 0.5067911884340378
0.0764062500000000 0.5067981180315756
0.0764843750000000 0.5068050476137845
0.0765625000000000 0.5068119772101353
0.0766406250000000 0.5068189067911627
0.0767187500000000 0.5068258363863236
0.0767968750000000 0.5068327659661672
0.0768750000000000 0.5068396955601365
0.0769531250000000 0.5068466251387931
0.0770312500000000 0.5068535547315682
0.0771093750000000 0.5068604843090360
0.0771875000000000 0.5068674139006145
0.0772656250000000 0.5068743434768908
0.0773437500000000 0.5068812730672703
0.0774218750000000 0.5068882026423526
0.0775000000000000 0.5068951322315308
0.0775781250000000 0.5069020618054166
0.0776562500000000 0.5069089913933913
0.0777343750000000 0.5069159209660780
0.0778125000000000 0.5069228505528471
0.0778906250000000 0.5069297801243318
0.0779687500000000 0.5069367097098932
0.0780468750000000 0.5069436392801734
0.0781250000000000 0.5069505688645245
0.0782031250000000 0.5069574984335977
0.0782812500000000 0.5069644280167366
0.0783593750000000 0.5069713575846002
0.0784375000000000 0.5069782871665244
0.0785156250000000 0.5069852167331758
0.0785937500000000 0.5069921463138832
0.0786718750000000 0.5069990758793200
0.0787500000000000 0.5070060054588080
0.0788281250000000 0.5070129350230277
0.0789062500000000 0.5070198646012939
0.0789843750000000 0.5070267941642943
0.0790625000000000 0.5070337237413363
0.0791406250000000 0.5070406533031144
0.0792187500000000 0.5070475828789308
0.0792968750000000 0.5070545124394835
0.0793750000000000 0.5070614420140716
0.0794531250000000 0.5070683715733968
0.0795312500000000 0.5070753011467547
0.0796093750000000 0.5070822307048493
0.0796875000000000 0.5070891602769749
0.0797656250000000 0.5070960898338365
0.0798437500000000 0.5071030194047276
0.0799218750000000 0.5071099489603533
0.0800000000000000 0.5071168785300071
0.0800781250000000 0.5071238080843948
0.0801562500000000 0.5071307376528097
0.0802343750000000 0.5071376672059565
0.0803125000000000 0.5071445967731302
0.0803906250000000 0.5071515263250330
0.0804687500000000 0.5071584558909635
0.0805468750000000 0.5071653854416199
0.0806250000000000 0.5071723150063051
0.0807031250000000 0.5071792445557121
0.0807812500000000 0.5071861741191498
0.0808593750000000 0.5071931036673051
0.0809375000000000 0.5072000332294931
0.0810156250000000 0.5072069627763939
0.0810937500000000 0.5072138923373297
0.0811718750000000 0.5072208218829740
0.0812500000000000 0.5072277514426550
0.0813281250000000 0.5072346809870401
0.0814062500000000 0.5072416105454645
0.0814843750000000 0.5072485400885873
0.0815625000000000 0.5072554696457530
0.0816406250000000 0.5072623991876110
0.0817187500000000 0.5072693287435162
0.0817968750000000 0.5072762582841062
0.0818750000000000 0.5072831878387487
0.0819531250000000 0.5072901173780683
0.0820312500000000 0.5072970469314456
0.0821093750000000 0.5073039764694922
0.0821875000000000 0.5073109060216024
0.0822656250000000 0.5073178355583734
0.0823437500000000 0.5073247651092139
0.0824218750000000 0.5073316946447074
0.0825000000000000 0.5073386241942752
0.0825781250000000 0.5073455537284884
0.0826562500000000 0.5073524832767820
0.0827343750000000 0.5073594128097124
0.0828125000000000 0.5073663423567291
0.0828906250000000 0.5073732718883738
0.0829687500000000 0.5073802014341121
0.0830468750000000 0.5073871309644681
0.0831250000000000 0.5073940605089259
0.0832031250000000 0.5074009900379908
0.0832812500000000 0.5074079195811653
0.0833593750000000 0.5074148491089367
0.0834375000000000 0.5074217786508257
0.0835156250000000 0.5074287081773012
0.0835937500000000 0.5074356377179026
0.0836718750000000 0.5074425672430789
0.0837500000000000 0.5074494967823909
0.0838281250000000 0.5074564263062655
0.0839062500000000 0.5074633558442858
0.0839843750000000 0.5074702853668560
0.0840625000000000 0.5074772149035827
0.0841406250000000 0.5074841444248450
0.0842187500000000 0.5074910739602767
0.0842968750000000 0.5074980034802288
0.0843750000000000 0.5075049330143624
0.0844531250000000 0.5075118625330017
0.0845312500000000 0.5075187920658356
0.0846093750000000 0.5075257215831588
0.0846875000000000 0.5075326511146915
0.0847656250000000 0.5075395806306956
0.0848437500000000 0.5075465101609254
0.0849218750000000 0.5075534396756068
0.0850000000000000 0.5075603692045321
0.0850781250000000 0.5075672987178877
0.0851562500000000 0.5075742282455072
0.0852343750000000 0.5075811577575338
0.0853125000000000 0.5075880872838455
0.0853906250000000 0.5075950167945400
0.0854687500000000 0.5076019463195420
0.0855468750000000 0.5076088758289012
0.0856250000000000 0.5076158053525927
0.0857031250000000 0.5076227348606127
0.0857812500000000 0.5076296643829925
0.0858593750000000 0.5076365938896694
0.0859375000000000 0.5076435234107364
0.0860156250000000 0.5076504529160667
0.0860937500000000 0.5076573824358199
0.0861718750000000 0.5076643119397991
0.0862500000000000 0.5076712414582383
0.0863281250000000 0.5076781709608623
0.0864062500000000 0.5076851004779867
0.0864843750000000 0.5076920299792511
0.0865625000000000 0.5076989594950603
0.0866406250000000 0.5077058889949608
0.0867187500000000 0.5077128185094543
0.0867968750000000 0.5077197480079864
0.0868750000000000 0.5077266775211640
0.0869531250000000 0.5077336070183229
0.0870312500000000 0.5077405365301847
0.0871093750000000 0.5077474660259654
0.0871875000000000 0.5077543955365116
0.0872656250000000 0.5077613250309092
0.0873437500000000 0.5077682545401396
0.0874218750000000 0.5077751840331490
0.0875000000000000 0.5077821135410644
0.0875781250000000 0.5077890430326805
0.0876562500000000 0.5077959725392808
0.0877343750000000 0.5078029020294983
0.0878125000000000 0.5078098315347841
0.0878906250000000 0.5078167610235979
0.0879687500000000 0.5078236905275699
0.0880468750000000 0.5078306200149738
0.0881250000000000 0.5078375495176333
0.0882031250000000 0.5078444790036216
0.0882812500000000 0.5078514085049687
0.0883593750000000 0.5078583379895367
0.0884375000000000 0.5078652674895722
0.0885156250000000 0.5078721969727139
0.0885937500000000 0.5078791264714386
0.0886718750000000 0.5078860559531483
0.0887500000000000 0.5078929854505628
0.0888281250000000 0.5078999149308356
0.0889062500000000 0.5079068444269401
0.0889843750000000 0.5079137739057709
0.0890625000000000 0.5079207034005653
0.0891406250000000 0.5079276328779494
0.0892187500000000 0.5079345623714338
0.0892968750000000 0.5079414918473660
0.0893750000000000 0.5079484213395407
0.0894531250000000 0.5079553508140165
0.0895312500000000 0.5079622803048808
0.0896093750000000 0.5079692097778959
0.0896875000000000 0.5079761392674489
0.0897656250000000 0.5079830687389999
0.0898437500000000 0.5079899982272401
0.0899218750000000 0.5079969276973237
0.0900000000000000 0.5080038571842493
0.0900781250000000 0.5080107866528630
0.0901562500000000 0.5080177161384716
0.0902343750000000 0.5080246456056127
0.0903125000000000 0.5080315750899018
0.0903906250000000 0.5080385045555683
0.0904687500000000 0.5080454340385347
0.0905468750000000 0.5080523635027255
0.0906250000000000 0.5080592929843655
0.0907031250000000 0.5080662224470793
0.0907812500000000 0.5080731519273889
0.0908593750000000 0.5080800813886255
0.0909375000000000 0.5080870108675998
0.0910156250000000 0.5080939403273591
0.0910937500000000 0.5081008698049931
0.0911718750000000 0.5081077992632760
0.0912500000000000 0.5081147287395638
0.0913281250000000 0.5081216581963716
0.0914062500000000 0.5081285876713069
0.0914843750000000 0.5081355171266407
0.0915625000000000 0.5081424466002170
0.0916406250000000 0.5081493760540792
0.0917187500000000 0.5081563055262894
0.0917968750000000 0.5081632349786824
0.0918750000000000 0.5081701644495183
0.0919531250000000 0.5081770939004460
0.0920312500000000 0.5081840233698997
0.0921093750000000 0.5081909528193648
0.0921875000000000 0.5081978822874279
0.0922656250000000 0.5082048117354344
0.0923437500000000 0.5082117412020982
0.0924218750000000 0.5082186706486496
0.0925000000000000 0.5082256001139056
0.0925781250000000 0.5082325295590063
0.0926562500000000 0.5082394590228454
0.0927343750000000 0.5082463884664994
0.0928125000000000 0.5082533179289124
0.0928906250000000 0.5082602473711236
0.0929687500000000 0.5082671768321022
0.0930468750000000 0.5082741062728747
0.0931250000000000 0.5082810357324096
0.0932031250000000 0.5082879651717477
0.0932812500000000 0.5082948946298301
0.0933593750000000 0.5083018240677371
0.0934375000000000 0.5083087535243590
0.0935156250000000 0.5083156829608384
0.0935937500000000 0.5083226124159914
0.0936718750000000 0.5083295418510465
0.0937500000000000 0.5083364713047228
0.0938281250000000 0.5083434007383565
0.0939062500000000 0.5083503301905486
0.0939843750000000 0.5083572596227630
0.0940625000000000 0.5083641890734644
0.0941406250000000 0.5083711185042610
0.0942187500000000 0.5083780479534651
0.0942968750000000 0.5083849773828459
0.0943750000000000 0.5083919068305458
0.0944531250000000 0.5083988362585125
0.0945312500000000 0.5084057657047028
0.0946093750000000 0.5084126951312551
0.0946875000000000 0.5084196245759312
0.0947656250000000 0.5084265540010692
0.0948437500000000 0.5084334834442259
0.0949218750000000 0.5084404128679495
0.0950000000000000 0.5084473423095828
0.0950781250000000 0.5084542717318911
0.0951562500000000 0.5084612011719976
0.0952343750000000 0.5084681305928883
0.0953125000000000 0.5084750600314653
0.0953906250000000 0.5084819894509361
0.0954687500000000 0.5084889188879815
0.0955468750000000 0.5084958483060301
0.0956250000000000 0.5085027777415415
0.0957031250000000 0.5085097071581648
0.0957812500000000 0.5085166365921405
0.0958593750000000 0.5085235660073351
0.0959375000000000 0.5085304954397744
0.0960156250000000 0.5085374248535359
0.0960937500000000 0.5085443542844381
0.0961718750000000 0.5085512836967625
0.0962500000000000 0.5085582131261267
0.0963281250000000 0.5085651425370099
0.0964062500000000 0.5085720719648361
0.0964843750000000 0.5085790013742727
0.0965625000000000 0.5085859308005610
0.0966406250000000 0.5085928602085465
0.0967187500000000 0.5085997896332966
0.0967968750000000 0.5086067190398262
0.0968750000000000 0.5086136484630387
0.0969531250000000 0.5086205778681070
0.0970312500000000 0.5086275072897821
0.0971093750000000 0.5086344366933838
0.0971875000000000 0.5086413661135221
0.0972656250000000 0.5086482955156518
0.0973437500000000 0.5086552249342539
0.0974218750000000 0.5086621543349061
0.0975000000000000 0.5086690837519728
0.0975781250000000 0.5086760131511416
0.0976562500000000 0.5086829425666735
0.0977343750000000 0.5086898719643543
0.0978125000000000 0.5086968013783515
0.0978906250000000 0.5087037307745388
0.0979687500000000 0.5087106601870020
0.0980468750000000 0.5087175895816902
0.0981250000000000 0.5087245189926195
0.0982031250000000 0.5087314483858042
0.0982812500000000 0.5087383777951997
0.0983593750000000 0.5087453071868757
0.0984375000000000 0.5087522365947373
0.0985156250000000 0.5087591659848999
0.0985937500000000 0.5087660953912277
0.0986718750000000 0.5087730247798723
0.0987500000000000 0.5087799541846658
0.0988281250000000 0.5087868835717878
0.0989062500000000 0.5087938129750470
0.0989843750000000 0.5088007423606415
0.0990625000000000 0.5088076717623661
0.0991406250000000 0.5088146011464291
0.0992187500000000 0.5088215305466182
0.0992968750000000 0.5088284599291454
0.0993750000000000 0.5088353893277985
0.0994531250000000 0.5088423187087860
0.0995312500000000 0.5088492481059019
0.0996093750000000 0.5088561774853462
0.0996875000000000 0.5088631068809235
0.0997656250000000 0.5088700362588209
0.0998437500000000 0.5088769656528583
0.0999218750000000 0.5088838950292054
0.1000000000000000 0.5088908244217017
0.1000781250000000 0.5088977537964947
0.1001562500000000 0.5089046831874490
0.1002343750000000 0.5089116125606843
0.1003125000000000 0.5089185419500948
0.1003906250000000 0.5089254713217691
0.1004687500000000 0.5089324007096349
0.1005468750000000 0.5089393300797446
0.1006250000000000 0.5089462594660634
0.1007031250000000 0.5089531888346061
0.1007812500000000 0.5089601182193763
0.1008593750000000 0.5089670475863484
0.1009375000000000 0.5089739769695683
0.1010156250000000 0.5089809063349670
0.1010937500000000 0.5089878357166344
0.1011718750000000 0.5089947650804568
0.1012500000000000 0.5090016944605702
0.1013281250000000 0.5090086238228134
0.1014062500000000 0.5090155532013705
0.1014843750000000 0.5090224825620316
0.1015625000000000 0.5090294119390304
0.1016406250000000 0.5090363412981065
0.1017187500000000 0.5090432706735457
0.1017968750000000 0.5090502000310335
0.1018750000000000 0.5090571294049104
0.1019531250000000 0.5090640587608078
0.1020312500000000 0.5090709881331204
0.1021093750000000 0.5090779174874245
0.1021875000000000 0.5090848468581708
0.1022656250000000 0.5090917762108785
0.1023437500000000 0.5090987055800567
0.1024218750000000 0.5091056349311655
0.1025000000000000 0.5091125642987729
0.1025781250000000 0.5091194936482801
0.1026562500000000 0.5091264230143152
0.1027343750000000 0.5091333523622178
0.1028125000000000 0.5091402817266781
0.1028906250000000 0.5091472110729738
0.1029687500000000 0.5091541404358569
0.1030468750000000 0.5091610697805432
0.1031250000000000 0.5091679991418473
0.1032031250000000 0.5091749284849207
0.1032812500000000 0.5091818578446440
0.1033593750000000 0.5091887871861023
0.1034375000000000 0.5091957165442421
0.1035156250000000 0.5092026458840825
0.1035937500000000 0.5092095752406369
0.1036718750000000 0.5092165045788567
0.1037500000000000 0.5092234339338232
0.1038281250000000 0.5092303632704203
0.1039062500000000 0.5092372926237967
0.1039843750000000 0.5092442219587677
0.1040625000000000 0.5092511513105522
0.1041406250000000 0.5092580806438949
0.1042187500000000 0.5092650099940849
0.1042968750000000 0.5092719393257966
0.1043750000000000 0.5092788686743899
0.1044531250000000 0.5092857980044684
0.1045312500000000 0.5092927273514622
0.1046093750000000 0.5092996566799048
0.1046875000000000 0.5093065860252979
0.1047656250000000 0.5093135153521013
0.1048437500000000 0.5093204446958911
0.1049218750000000 0.5093273740210529
0.1050000000000000 0.5093343033632374
0.1050781250000000 0.5093412326867551
0.1051562500000000 0.5093481620273317
0.1052343750000000 0.5093550913492025
0.1053125000000000 0.5093620206881694
0.1053906250000000 0.5093689500083910
0.1054687500000000 0.5093758793457456
0.1055468750000000 0.5093828086643155
0.1056250000000000 0.5093897380000549
0.1057031250000000 0.5093966673169709
0.1057812500000000 0.5094035966510932
0.1058593750000000 0.5094105259663525
0.1059375000000000 0.5094174552988556
0.1060156250000000 0.5094243846124555
0.1060937500000000 0.5094313139433367
0.1061718750000000 0.5094382432552752
0.1062500000000000 0.5094451725845320
0.1063281250000000 0.5094521018948064
0.1064062500000000 0.5094590312224366
0.1064843750000000 0.5094659605310448
0.1065625000000000 0.5094728898570455
0.1066406250000000 0.5094798191639851
0.1067187500000000 0.5094867484883542
0.1067968750000000 0.5094936777936226
0.1068750000000000 0.5095006071163577
0.1069531250000000 0.5095075364199523
0.1070312500000000 0.5095144657410512
0.1071093750000000 0.5095213950429692
0.1071875000000000 0.5095283243624297
0.1072656250000000 0.5095352536626689
0.1073437500000000 0.5095421829804885
0.1074218750000000 0.5095491122790462
0.1075000000000000 0.5095560415952227
0.1075781250000000 0.5095629708920968
0.1076562500000000 0.5095699002066272
0.1077343750000000 0.5095768295018153
0.1078125000000000 0.5095837588146973
0.1078906250000000 0.5095906881081973
0.1079687500000000 0.5095976174194286
0.1080468750000000 0.5096045467112377
0.1081250000000000 0.5096114760208154
0.1082031250000000 0.5096184053109318
0.1082812500000000 0.5096253346188530
0.1083593750000000 0.5096322639072748
0.1084375000000000 0.5096391932135372
0.1085156250000000 0.5096461225002612
0.1085937500000000 0.5096530518048631
0.1086718750000000 0.5096599810898866
0.1087500000000000 0.5096669103928253
0.1088281250000000 0.5096738396761463
0.1089062500000000 0.5096807689774192
0.1089843750000000 0.5096876982590356
0.1090625000000000 0.5096946275586399
0.1091406250000000 0.5097015568385496
0.1092187500000000 0.5097084861364823
0.1092968750000000 0.5097154154146830
0.1093750000000000 0.5097223447109420
0.1094531250000000 0.5097292739874314
0.1095312500000000 0.5097362032820142
0.1096093750000000 0.5097431325567894
0.1096875000000000 0.5097500618496940
0.1097656250000000 0.5097569911227527
0.1098437500000000 0.5097639204139760
0.1099218750000000 0.5097708496853166
0.1100000000000000 0.5097777789748559
0.1100781250000000 0.5097847082444755
0.1101562500000000 0.5097916375323288
0.1102343750000000 0.5097985668002251
0.1103125000000000 0.5098054960863897
0.1103906250000000 0.5098124253525603
0.1104687500000000 0.5098193546370339
0.1105468750000000 0.5098262839014768
0.1106250000000000 0.5098332131842560
0.1107031250000000 0.5098401424469693
0.1107812500000000 0.5098470717280519
0.1108593750000000 0.5098540009890327
0.1109375000000000 0.5098609302684166
0.1110156250000000 0.5098678595276624
0.1110937500000000 0.5098747888053451
0.1111718750000000 0.5098817180628537
0.1112500000000000 0.5098886473388324
0.1113281250000000 0.5098955765946015
0.1114062500000000 0.5099025058688738
0.1114843750000000 0.5099094351229017
0.1115625000000000 0.5099163643954643
0.1116406250000000 0.5099232936477485
0.1117187500000000 0.5099302229185990
0.1117968750000000 0.5099371521691374
0.1118750000000000 0.5099440814382737
0.1119531250000000 0.5099510106870633
0.1120312500000000 0.5099579399544832
0.1121093750000000 0.5099648692015217
0.1121875000000000 0.5099717984672223
0.1122656250000000 0.5099787277125082
0.1123437500000000 0.5099856569764861
0.1124218750000000 0.5099925862200173
0.1125000000000000 0.5099995154822703
0.1125781250000000 0.5100064447240441
0.1126562500000000 0.5100133739845698
0.1127343750000000 0.5100203032245835
0.1128125000000000 0.5100272324833802
0.1128906250000000 0.5100341617216311
0.1129687500000000 0.5100410909786959
0.1130468750000000 0.5100480202151823
0.1131250000000000 0.5100549494705122
0.1132031250000000 0.5100618787052319
0.1132812500000000 0.5100688079588245
0.1133593750000000 0.5100757371917751
0.1134375000000000 0.5100826664436280
0.1135156250000000 0.5100895956748068
0.1135937500000000 0.5100965249249177
0.1136718750000000 0.5101034541543222
0.1137500000000000 0.5101103834026889
0.1138281250000000 0.5101173126303169
0.1139062500000000 0.5101242418769365
0.1139843750000000 0.5101311711027861
0.1140625000000000 0.5101381003476555
0.1141406250000000 0.5101450295717243
0.1142187500000000 0.5101519588148418
0.1142968750000000 0.5101588880371267
0.1143750000000000 0.5101658172784899
0.1144531250000000 0.5101727464989890
0.1145312500000000 0.5101796757385948
0.1146093750000000 0.5101866049573064
0.1146875000000000 0.5101935341951521
0.1147656250000000 0.5102004634120735
0.1148437500000000 0.5102073926481570
0.1149218750000000 0.5102143218632857
0.1150000000000000 0.5102212510976043
0.1150781250000000 0.5102281803109380
0.1151562500000000 0.5102351095434895
0.1152343750000000 0.5102420387550257
0.1153125000000000 0.5102489679858074
0.1153906250000000 0.5102558971955440
0.1154687500000000 0.5102628264245536
0.1155468750000000 0.5102697556324878
0.1156250000000000 0.5102766848597227
0.1157031250000000 0.5102836140658523
0.1157812500000000 0.5102905432913106
0.1158593750000000 0.5102974724956325
0.1159375000000000 0.5103044017193118
0.1160156250000000 0.5103113309218242
0.1160937500000000 0.5103182601437215
0.1161718750000000 0.5103251893444221
0.1162500000000000 0.5103321185645350
0.1163281250000000 0.5103390477634213
0.1164062500000000 0.5103459769817474
0.1164843750000000 0.5103529061788171
0.1165625000000000 0.5103598353953541
0.1166406250000000 0.5103667645906043
0.1167187500000000 0.5103736938053501
0.1167968750000000 0.5103806229987782
0.1168750000000000 0.5103875522117306
0.1169531250000000 0.5103944814033341
0.1170312500000000 0.5104014106144905
0.1171093750000000 0.5104083398042674
0.1171875000000000 0.5104152690136251
0.1172656250000000 0.5104221982015728
0.1173437500000000 0.5104291274091293
0.1174218750000000 0.5104360565952458
0.1175000000000000 0.5104429858009987
0.1175781250000000 0.5104499149852813
0.1176562500000000 0.5104568441892281
0.1177343750000000 0.5104637733716745
0.1178125000000000 0.5104707025738128
0.1178906250000000 0.5104776317544204
0.1179687500000000 0.5104845609547478
0.1180468750000000 0.5104914901335146
0.1181250000000000 0.5104984193320284
0.1182031250000000 0.5105053485089515
0.1182812500000000 0.5105122777056500
0.1183593750000000 0.5105192068807269
0.1184375000000000 0.5105261360756073
0.1185156250000000 0.5105330652488359
0.1185937500000000 0.5105399944418955
0.1186718750000000 0.5105469236132733
0.1187500000000000 0.5105538528045102
0.1188281250000000 0.5105607819740341
0.1189062500000000 0.5105677111634459
0.1189843750000000 0.5105746403311140
0.1190625000000000 0.5105815695186983
0.1191406250000000 0.5105884986845081
0.1192187500000000 0.5105954278702621
0.1192968750000000 0.5106023570342112
0.1193750000000000 0.5106092862181325
0.1194531250000000 0.5106162153802188
0.1195312500000000 0.5106231445623047
0.1196093750000000 0.5106300737225260
0.1196875000000000 0.5106370029027741
0.1197656250000000 0.5106439320611276
0.1198437500000000 0.5106508612395355
0.1199218750000000 0.5106577903960190
0.1200000000000000 0.5106647195725845
0.1200781250000000 0.5106716487271952
0.1201562500000000 0.5106785779019161
0.1202343750000000 0.5106855070546512
0.1203125000000000 0.5106924362275252
0.1203906250000000 0.5106993653783821
0.1204687500000000 0.5107062945494073
0.1205468750000000 0.5107132236983838
0.1206250000000000 0.5107201528675571
0.1207031250000000 0.5107270820146511
0.1207812500000000 0.5107340111819696
0.1208593750000000 0.5107409403271791
0.1209375000000000 0.5107478694926405
0.1210156250000000 0.5107547986359628
0.1210937500000000 0.5107617277995646
0.1211718750000000 0.5107686569409974
0.1212500000000000 0.5107755861027374
0.1213281250000000 0.5107825152422784
0.1214062500000000 0.5107894444021536
0.1214843750000000 0.5107963735398005
0.1215625000000000 0.5108033026978085
0.1216406250000000 0.5108102318335587
0.1217187500000000 0.5108171609896975
0.1217968750000000 0.5108240901235486
0.1218750000000000 0.5108310192778157
0.1219531250000000 0.5108379484097649
0.1220312500000000 0.5108448775621581
0.1221093750000000 0.5108518066922031
0.1221875000000000 0.5108587358427197
0.1222656250000000 0.5108656649708582
0.1223437500000000 0.5108725941194959
0.1224218750000000 0.5108795232457254
0.1225000000000000 0.5108864523924815
0.1225781250000000 0.5108933815168000
0.1226562500000000 0.5109003106616722
0.1227343750000000 0.5109072397840767
0.1228125000000000 0.5109141689270630
0.1228906250000000 0.5109210980475509
0.1229687500000000 0.5109280271886485
0.1230468750000000 0.5109349563072179
0.1231250000000000 0.5109418854464240
0.1232031250000000 0.5109488145630730
0.1232812500000000 0.5109557437003851
0.1233593750000000 0.5109626728151107
0.1234375000000000 0.5109696019505269
0.1235156250000000 0.5109765310633262
0.1235937500000000 0.5109834601968447
0.1236718750000000 0.5109903893077150
0.1237500000000000 0.5109973184393328
0.1238281250000000 0.5110042475482723
0.1239062500000000 0.5110111766779869
0.1239843750000000 0.5110181057849935
0.1240625000000000 0.5110250349128020
0.1241406250000000 0.5110319640178731
0.1242187500000000 0.5110388931437735
0.1242968750000000 0.5110458222469064
0.1243750000000000 0.5110527513708962
0.1244531250000000 0.5110596804720891
0.1245312500000000 0.5110666095941654
0.1246093750000000 0.5110735386934158
0.1246875000000000 0.5110804678135759
0.1247656250000000 0.5110873969108818
0.1248437500000000 0.5110943260291233
0.1249218750000000 0.5111012551244819
0.1250000000000000 0.5111081842408030
0.1250781250000000 0.5111151133342118
0.1251562500000000 0.5111220424486096
0.1252343750000000 0.5111289715400662
0.1253125000000000 0.5111359006525386
0.1253906250000000 0.5111428297420403
0.1254687500000000 0.5111497588525848
0.1255468750000000 0.5111566879401295
0.1256250000000000 0.5111636170487436
0.1257031250000000 0.5111705461343288
0.1257812500000000 0.5111774752410100
0.1258593750000000 0.5111844043246333
0.1259375000000000 0.5111913334293791
0.1260156250000000 0.5111982625110383
0.1260937500000000 0.5112051916138460
0.1261718750000000 0.5112121206935392
0.1262500000000000 0.5112190497944059
0.1263281250000000 0.5112259788721304
0.1264062500000000 0.5112329079710541
0.1264843750000000 0.5112398370468078
0.1265625000000000 0.5112467661437856
0.1266406250000000 0.5112536952175660
0.1267187500000000 0.5112606243125954
0.1267968750000000 0.5112675533844001
0.1268750000000000 0.5112744824774796
0.1269531250000000 0.5112814115473056
0.1270312500000000 0.5112883406384321
0.1271093750000000 0.5112952697062774
0.1271875000000000 0.5113021987954486
0.1272656250000000 0.5113091278613108
0.1273437500000000 0.5113160569485238
0.1274218750000000 0.5113229860124012
0.1275000000000000 0.5113299150976532
0.1275781250000000 0.5113368441595432
0.1276562500000000 0.5113437732428320
0.1277343750000000 0.5113507023027324
0.1278125000000000 0.5113576313840551
0.1278906250000000 0.5113645604419637
0.1279687500000000 0.5113714895213181
0.1280468750000000 0.5113784185772324
0.1281250000000000 0.5113853476546154
0.1282031250000000 0.5113922767085334
0.1282812500000000 0.5113992057839427
0.1283593750000000 0.5114061348358619
0.1284375000000000 0.5114130639092950
0.1285156250000000 0.5114199929592134
0.1285937500000000 0.5114269220306675
0.1286718750000000 0.5114338510785823
0.1287500000000000 0.5114407801480557
0.1288281250000000 0.5114477091939642
0.1289062500000000 0.5114546382614542
0.1289843750000000 0.5114615673053540
0.1290625000000000 0.5114684963708583
0.1291406250000000 0.5114754254127474
0.1292187500000000 0.5114823544762630
0.1292968750000000 0.5114892835161390
0.1293750000000000 0.5114962125776634
0.1294531250000000 0.5115031416155245
0.1295312500000000 0.5115100706750551
0.1296093750000000 0.5115169997108983
0.1296875000000000 0.5115239287684329
0.1297656250000000 0.5115308578022560
0.1298437500000000 0.5115377868577917
0.1299218750000000 0.5115447158895930
0.1300000000000000 0.5115516449431270
0.1300781250000000 0.5115585739729037
0.1301562500000000 0.5115655030244339
0.1302343750000000 0.5115724320521841
0.1303125000000000 0.5115793611017077
0.1303906250000000 0.5115862901274286
0.1304687500000000 0.5115932191749429
0.1305468750000000 0.5116001481986328
0.1306250000000000 0.5116070772441352
0.1307031250000000 0.5116140062657915
0.1307812500000000 0.5116209353092800
0.1308593750000000 0.5116278643288997
0.1309375000000000 0.5116347933703718
0.1310156250000000 0.5116417223879532
0.1310937500000000 0.5116486514274058
0.1311718750000000 0.5116555804429468
0.1312500000000000 0.5116625094803775
0.1313281250000000 0.5116694384938755
0.1314062500000000 0.5116763675292820
0.1314843750000000 0.5116832965407346
0.1315625000000000 0.5116902255741141
0.1316406250000000 0.5116971545835193
0.1317187500000000 0.5117040836148693
0.1317968750000000 0.5117110126222247
0.1318750000000000 0.5117179416515423
0.1319531250000000 0.5117248706568459
0.1320312500000000 0.5117317996841285
0.1321093750000000 0.5117387286873782
0.1321875000000000 0.5117456577126230
0.1322656250000000 0.5117525867138165
0.1323437500000000 0.5117595157370211
0.1324218750000000 0.5117664447361561
0.1325000000000000 0.5117733737573179
0.1325781250000000 0.5117803027543917
0.1326562500000000 0.5117872317735083
0.1327343750000000 0.5117941607685189
0.1328125000000000 0.5118010897855878
0.1328906250000000 0.5118080187785323
0.1329687500000000 0.5118149477935516
0.1330468750000000 0.5118218767844276
0.1331250000000000 0.5118288057973945
0.1332031250000000 0.5118357347861998
0.1332812500000000 0.5118426637971116
0.1333593750000000 0.5118495927838445
0.1334375000000000 0.5118565217926979
0.1335156250000000 0.5118634507773562
0.1335937500000000 0.5118703797841490
0.1336718750000000 0.5118773087667299
0.1337500000000000 0.5118842377714601
0.1338281250000000 0.5118911667519612
0.1339062500000000 0.5118980957546257
0.1339843750000000 0.5119050247330449
0.1340625000000000 0.5119119537336417
0.1341406250000000 0.5119188827099764
0.1342187500000000 0.5119258117085027
0.1342968750000000 0.5119327406827510
0.1343750000000000 0.5119396696792037
0.1344531250000000 0.5119465986513635
0.1345312500000000 0.5119535276457404
0.1346093750000000 0.5119604566158089
0.1346875000000000 0.5119673856081077
0.1347656250000000 0.5119743145760828
0.1348437500000000 0.5119812435663006
0.1349218750000000 0.5119881725321802
0.1350000000000000 0.5119951015203144
0.1350781250000000 0.5120020304840959
0.1351562500000000 0.5120089594701440
0.1352343750000000 0.5120158884318253
0.1353125000000000 0.5120228174157850
0.1353906250000000 0.5120297463753634
0.1354687500000000 0.5120366753572322
0.1355468750000000 0.5120436043147054
0.1356250000000000 0.5120505332944809
0.1357031250000000 0.5120574622498466
0.1357812500000000 0.5120643912275260
0.1358593750000000 0.5120713201807819
0.1359375000000000 0.5120782491563628
0.1360156250000000 0.5120851781075066
0.1360937500000000 0.5120921070809863
0.1361718750000000 0.5120990360300158
0.1362500000000000 0.5121059650013918
0.1363281250000000 0.5121128939483045
0.1364062500000000 0.5121198229175746
0.1364843750000000 0.5121267518623680
0.1365625000000000 0.5121336808295297
0.1366406250000000 0.5121406097722010
0.1367187500000000 0.5121475387372519
0.1367968750000000 0.5121544676777995
0.1368750000000000 0.5121613966407366
0.1369531250000000 0.5121683255791580
0.1370312500000000 0.5121752545399789
0.1371093750000000 0.5121821834762716
0.1371875000000000 0.5121891124349740
0.1372656250000000 0.5121960413691359
0.1373437500000000 0.5122029703257170
0.1374218750000000 0.5122098992577455
0.1375000000000000 0.5122168282122030
0.1375781250000000 0.5122237571420958
0.1376562500000000 0.5122306860944275
0.1377343750000000 0.5122376150221822
0.1378125000000000 0.5122445439723847
0.1378906250000000 0.5122514728979995
0.1379687500000000 0.5122584018460707
0.1380468750000000 0.5122653307695428
0.1381250000000000 0.5122722597154802
0.1382031250000000 0.5122791886368074
0.1382812500000000 0.5122861175806082
0.1383593750000000 0.5122930464997885
0.1384375000000000 0.5122999754414503
0.1385156250000000 0.5123069043584806
0.1385937500000000 0.5123138332980015
0.1386718750000000 0.5123207622128796
0.1387500000000000 0.5123276911502566
0.1388281250000000 0.5123346200629805
0.1389062500000000 0.5123415489982110
0.1389843750000000 0.5123484779087779
0.1390625000000000 0.5123554068418600
0.1391406250000000 0.5123623357502675
0.1392187500000000 0.5123692646811983
0.1392968750000000 0.5123761935874445
0.1393750000000000 0.5123831225162211
0.1394531250000000 0.5123900514203034
0.1395312500000000 0.5123969803469240
0.1396093750000000 0.5124039092488399
0.1396875000000000 0.5124108381733014
0.1397656250000000 0.5124177670730493
0.1398437500000000 0.5124246959953490
0.1399218750000000 0.5124316248929262
0.1400000000000000 0.5124385538130618
0.1400781250000000 0.5124454827084658
0.1401562500000000 0.5124524116264350
0.1402343750000000 0.5124593405196634
0.1403125000000000 0.5124662694354635
0.1403906250000000 0.5124731983265143
0.1404687500000000 0.5124801272401427
0.1405468750000000 0.5124870561290130
0.1406250000000000 0.5124939850404677
0.1407031250000000 0.5125009139271551
0.1407812500000000 0.5125078428364339
0.1408593750000000 0.5125147717209357
0.1409375000000000 0.5125217006280358
0.1410156250000000 0.5125286295103501
0.1410937500000000 0.5125355584152687
0.1411718750000000 0.5125424872953931
0.1412500000000000 0.5125494161981279
0.1413281250000000 0.5125563450760598
0.1414062500000000 0.5125632739766087
0.1414843750000000 0.5125702028523459
0.1415625000000000 0.5125771317507056
0.1416406250000000 0.5125840606242462
0.1417187500000000 0.5125909895204143
0.1417968750000000 0.5125979183917559
0.1418750000000000 0.5126048472857295
0.1419531250000000 0.5126117761548696
0.1420312500000000 0.5126187050466472
0.1421093750000000 0.5126256339135828
0.1421875000000000 0.5126325628031618
0.1422656250000000 0.5126394916678908
0.1423437500000000 0.5126464205552685
0.1424218750000000 0.5126533494177890
0.1425000000000000 0.5126602783029623
0.1425781250000000 0.5126672071632716
0.1426562500000000 0.5126741360462389
0.1427343750000000 0.5126810649043344
0.1428125000000000 0.5126879937850928
0.1428906250000000 0.5126949226409727
0.1429687500000000 0.5127018515195193
0.1430468750000000 0.5127087803731815
0.1431250000000000 0.5127157092495133
0.1432031250000000 0.5127226381009558
0.1432812500000000 0.5127295669750707
0.1433593750000000 0.5127364958242903
0.1434375000000000 0.5127434246961862
0.1435156250000000 0.5127503535431809
0.1435937500000000 0.5127572824128546
0.1436718750000000 0.5127642112576222
0.1437500000000000 0.5127711401250716
0.1438281250000000 0.5127780689676097
0.1439062500000000 0.5127849978328317
0.1439843750000000 0.5127919266731383
0.1440625000000000 0.5127988555361308
0.1441406250000000 0.5128057843742031
0.1442187500000000 0.5128127132349635
0.1442968750000000 0.5128196420707991
0.1443750000000000 0.5128265709293250
0.1444531250000000 0.5128334997629218
0.1445312500000000 0.5128404286192109
0.1446093750000000 0.5128473574505662
0.1446875000000000 0.5128542863046154
0.1447656250000000 0.5128612151337273
0.1448437500000000 0.5128681439855345
0.1449218750000000 0.5128750728124002
0.1450000000000000 0.5128820016619632
0.1450781250000000 0.5128889304865796
0.1451562500000000 0.5128958593338966
0.1452343750000000 0.5129027881562618
0.1453125000000000 0.5129097170013289
0.1453906250000000 0.5129166458214416
0.1454687500000000 0.5129235746642562
0.1455468750000000 0.5129305034821137
0.1456250000000000 0.5129374323226733
0.1457031250000000 0.5129443611382732
0.1457812500000000 0.5129512899765756
0.1458593750000000 0.5129582187899157
0.1459375000000000 0.5129651476259579
0.1460156250000000 0.5129720764370358
0.1460937500000000 0.5129790052708156
0.1461718750000000 0.5129859340796287
0.1462500000000000 0.5129928629111438
0.1463281250000000 0.5129997917176898
0.1464062500000000 0.5130067205469375
0.1464843750000000 0.5130136493512142
0.1465625000000000 0.5130205781781919
0.1466406250000000 0.5130275069801968
0.1467187500000000 0.5130344358049022
0.1467968750000000 0.5130413646046329
0.1468750000000000 0.5130482934270632
0.1469531250000000 0.5130552222245177
0.1470312500000000 0.5130621510446700
0.1471093750000000 0.5130690798398464
0.1471875000000000 0.5130760086577184
0.1472656250000000 0.5130829374506137
0.1473437500000000 0.5130898662662030
0.1474218750000000 0.5130967950568149
0.1475000000000000 0.5131037238701190
0.1475781250000000 0.5131106526584456
0.1476562500000000 0.5131175814694617
0.1477343750000000 0.5131245102555004
0.1478125000000000 0.5131314390642259
0.1478906250000000 0.5131383678479747
0.1479687500000000 0.5131452966544069
0.1480468750000000 0.5131522254358636
0.1481250000000000 0.5131591542399998
0.1482031250000000 0.5131660830191619
0.1482812500000000 0.5131730118209998
0.1483593750000000 0.5131799405978652
0.1484375000000000 0.5131868693974021
0.1485156250000000 0.5131937981719683
0.1485937500000000 0.5132007269692017
0.1486718750000000 0.5132076557414665
0.1487500000000000 0.5132145845363936
0.1488281250000000 0.5132215133063547
0.1489062500000000 0.5132284420989736
0.1489843750000000 0.5132353708666276
0.1490625000000000 0.5132422996569360
0.1491406250000000 0.5132492284222813
0.1492187500000000 0.5132561572102763
0.1492968750000000 0.5132630859733109
0.1493750000000000 0.5132700147589895
0.1494531250000000 0.5132769435197110
0.1495312500000000 0.5132838723030707
0.1496093750000000 0.5132908010614767
0.1496875000000000 0.5132977298425152
0.1497656250000000 0.5133046585986036
0.1498437500000000 0.5133115873773179
0.1499218750000000 0.5133185161310866
0.1500000000000000 0.5133254449074740
0.1500781250000000 0.5133323736589205
0.1501562500000000 0.5133393024329789
0.1502343750000000 0.5133462311821007
0.1503125000000000 0.5133531599538274
0.1503906250000000 0.5133600887006223
0.1504687500000000 0.5133670174700152
0.1505468750000000 0.5133739462144801
0.1506250000000000 0.5133808749815368
0.1507031250000000 0.5133878037236699
0.1507812500000000 0.5133947324883873
0.1508593750000000 0.5134016612281865
0.1509375000000000 0.5134085899905620
0.1510156250000000 0.5134155187280252
0.1510937500000000 0.5134224474880563
0.1511718750000000 0.5134293762231806
0.1512500000000000 0.5134363049808649
0.1513281250000000 0.5134432337136483
0.1514062500000000 0.5134501624689832
0.1514843750000000 0.5134570911994233
0.1515625000000000 0.5134640199524058
0.1516406250000000 0.5134709486805010
0.1517187500000000 0.5134778774311287
0.1517968750000000 0.5134848061568759
0.1518750000000000 0.5134917349051463
0.1519531250000000 0.5134986636285437
0.1520312500000000 0.5135055923744541
0.1521093750000000 0.5135125210954992
0.1521875000000000 0.5135194498390470
0.1522656250000000 0.5135263785577376
0.1523437500000000 0.5135333072989205
0.1524218750000000 0.5135402360152541
0.1525000000000000 0.5135471647540694
0.1525781250000000 0.5135540934680437
0.1526562500000000 0.5135610222044893
0.1527343750000000 0.5135679509161015
0.1528125000000000 0.5135748796501746
0.1528906250000000 0.5135818083594229
0.1529687500000000 0.5135887370911206
0.1530468750000000 0.5135956657980028
0.1531250000000000 0.5136025945273228
0.1532031250000000 0.5136095232318362
0.1532812500000000 0.5136164519587761
0.1533593750000000 0.5136233806609185
0.1534375000000000 0.5136303093854753
0.1535156250000000 0.5136372380852448
0.1535937500000000 0.5136441668074162
0.1536718750000000 0.5136510955048097
0.1537500000000000 0.5136580242245936
0.1538281250000000 0.5136649529196089
0.1539062500000000 0.5136718816370025
0.1539843750000000 0.5136788103296378
0.1540625000000000 0.5136857390446380
0.1541406250000000 0.5136926677348910
0.1542187500000000 0.5136995964474954
0.1542968750000000 0.5137065251353635
0.1543750000000000 0.5137134538455701
0.1544531250000000 0.5137203825310506
0.1545312500000000 0.5137273112388564
0.1546093750000000 0.5137342399219476
0.1546875000000000 0.5137411686273502
0.1547656250000000 0.5137480973080493
0.1548437500000000 0.5137550260110465
0.1549218750000000 0.5137619546893506
0.1550000000000000 0.5137688833899404
0.1550781250000000 0.5137758120658473
0.1551562500000000 0.5137827407640265
0.1552343750000000 0.5137896694375341
0.1553125000000000 0.5137965981333009
0.1553906250000000 0.5138035268044066
0.1554687500000000 0.5138104554977578
0.1555468750000000 0.5138173841664593
0.1556250000000000 0.5138243128573928
0.1557031250000000 0.5138312415236875
0.1557812500000000 0.5138381702122007
0.1558593750000000 0.5138450988760868
0.1559375000000000 0.5138520275621770
0.1560156250000000 0.5138589562236517
0.1560937500000000 0.5138658849073163
0.1561718750000000 0.5138728135663777
0.1562500000000000 0.5138797422476142
0.1563281250000000 0.5138866709042601
0.1564062500000000 0.5138935995830659
0.1564843750000000 0.5139005282372932
0.1565625000000000 0.5139074569136658
0.1566406250000000 0.5139143855654730
0.1567187500000000 0.5139213142394099
0.1567968750000000 0.5139282428887941
0.1568750000000000 0.5139351715602928
0.1569531250000000 0.5139421002072517
0.1570312500000000 0.5139490288763099
0.1571093750000000 0.5139559575208413
0.1571875000000000 0.5139628861874557
0.1572656250000000 0.5139698148295577
0.1573437500000000 0.5139767434937259
0.1574218750000000 0.5139836721333960
0.1575000000000000 0.5139906007951156
0.1575781250000000 0.5139975294323516
0.1576562500000000 0.5140044580916201
0.1577343750000000 0.5140113867264187
0.1578125000000000 0.5140183153832345
0.1578906250000000 0.5140252440155934
0.1579687500000000 0.5140321726699534
0.1580468750000000 0.5140391012998703
0.1581250000000000 0.5140460299517723
0.1582031250000000 0.5140529585792449
0.1582812500000000 0.5140598872286858
0.1583593750000000 0.5140668158537124
0.1584375000000000 0.5140737445006899
0.1585156250000000 0.5140806731232673
0.1585937500000000 0.5140876017677792
0.1586718750000000 0.5140945303879053
0.1587500000000000 0.5141014590299490
0.1588281250000000 0.5141083876476213
0.1589062500000000 0.5141153162871942
0.1589843750000000 0.5141222449024108
0.1590625000000000 0.5141291735395096
0.1591406250000000 0.5141361021522682
0.1592187500000000 0.5141430307868913
0.1592968750000000 0.5141499593971890
0.1593750000000000 0.5141568880293337
0.1594531250000000 0.5141638166371684
0.1595312500000000 0.5141707452668320
0.1596093750000000 0.5141776738722014
0.1596875000000000 0.5141846024993814
0.1597656250000000 0.5141915311022833
0.1598437500000000 0.5141984597269771
0.1599218750000000 0.5142053883274087
0.1600000000000000 0.5142123169496144
0.1600781250000000 0.5142192455475733
0.1601562500000000 0.5142261741672880
0.1602343750000000 0.5142331027627717
0.1603125000000000 0.5142400313799931
0.1603906250000000 0.5142469599729996
0.1604687500000000 0.5142538885877249
0.1605468750000000 0.5142608171782517
0.1606250000000000 0.5142677457904786
0.1607031250000000 0.5142746743785233
0.1607812500000000 0.5142816029882492
0.1608593750000000 0.5142885315738097
0.1609375000000000 0.5142954601810313
0.1610156250000000 0.5143023887641058
0.1610937500000000 0.5143093173688209
0.1611718750000000 0.5143162459494066
0.1612500000000000 0.5143231745516129
0.1613281250000000 0.5143301031297073
0.1614062500000000 0.5143370317294021
0.1614843750000000 0.5143439603050031
0.1615625000000000 0.5143508889021842
0.1616406250000000 0.5143578174752890
0.1617187500000000 0.5143647460699537
0.1617968750000000 0.5143716746405602
0.1618750000000000 0.5143786032327057
0.1619531250000000 0.5143855318008118
0.1620312500000000 0.5143924603904358
0.1621093750000000 0.5143993889560389
0.1621875000000000 0.5144063175431391
0.1622656250000000 0.5144132461062367
0.1623437500000000 0.5144201746908103
0.1624218750000000 0.5144271032514000
0.1625000000000000 0.5144340318334448
0.1625781250000000 0.5144409603915244
0.1626562500000000 0.5144478889710377
0.1627343750000000 0.5144548175266049
0.1628125000000000 0.5144617461035836
0.1628906250000000 0.5144686746566366
0.1629687500000000 0.5144756032310784
0.1630468750000000 0.5144825317816144
0.1631250000000000 0.5144894603535169
0.1632031250000000 0.5144963889015329
0.1632812500000000 0.5145033174708947
0.1633593750000000 0.5145102460163884
0.1634375000000000 0.5145171745832061
0.1635156250000000 0.5145241031261748
0.1635937500000000 0.5145310316904468
0.1636718750000000 0.5145379602308883
0.1637500000000000 0.5145448887926114
0.1638281250000000 0.5145518173305238
0.1639062500000000 0.5145587458896952
0.1639843750000000 0.5145656744250763
0.1640625000000000 0.5145726029816931
0.1641406250000000 0.5145795315145407
0.1642187500000000 0.5145864600686008
0.1642968750000000 0.5145933885989120
0.1643750000000000 0.5146003171504131
0.1644531250000000 0.5146072456781861
0.1645312500000000 0.5146141742271247
0.1646093750000000 0.5146211027523577
0.1646875000000000 0.5146280312987312
0.1647656250000000 0.5146349598214214
0.1648437500000000 0.5146418883652281
0.1649218750000000 0.5146488168853728
0.1650000000000000 0.5146557454266099
0.1650781250000000 0.5146626739442066
0.1651562500000000 0.5146696024828722
0.1652343750000000 0.5146765309979182
0.1653125000000000 0.5146834595340096
0.1653906250000000 0.5146903880465027
0.1654687500000000 0.5146973165800176
0.1655468750000000 0.5147042450899556
0.1656250000000000 0.5147111736208909
0.1657031250000000 0.5147181021282715
0.1657812500000000 0.5147250306566249
0.1658593750000000 0.5147319591614458
0.1659375000000000 0.5147388876872147
0.1660156250000000 0.5147458161894736
0.1660937500000000 0.5147527447126552
0.1661718750000000 0.5147596732123499
0.1662500000000000 0.5147666017329421
0.1663281250000000 0.5147735302300692
0.1664062500000000 0.5147804587480700
0.1664843750000000 0.5147873872426275
0.1665625000000000 0.5147943157580341
0.1666406250000000 0.5148012442500199
0.1667187500000000 0.5148081727628294
0.1667968750000000 0.5148151012522415
0.1668750000000000 0.5148220297624512
0.1669531250000000 0.5148289582492870
0.1670312500000000 0.5148358867568944
0.1671093750000000 0.5148428152411515
0.1671875000000000 0.5148497437461544
0.1672656250000000 0.5148566722278302
0.1673437500000000 0.5148636007302265
0.1674218750000000 0.5148705292093183
0.1675000000000000 0.5148774577091053
0.1675781250000000 0.5148843861856115
0.1676562500000000 0.5148913146827857
0.1677343750000000 0.5148982431567041
0.1678125000000000 0.5149051716512634
0.1678906250000000 0.5149121001225916
0.1679687500000000 0.5149190286145332
0.1680468750000000 0.5149259570832688
0.1681250000000000 0.5149328855725908
0.1682031250000000 0.5149398140387309
0.1682812500000000 0.5149467425254306
0.1683593750000000 0.5149536709889734
0.1684375000000000 0.5149605994730482
0.1685156250000000 0.5149675279339907
0.1685937500000000 0.5149744564154383
0.1686718750000000 0.5149813848737790
0.1687500000000000 0.5149883133525959
0.1688281250000000 0.5149952418083321
0.1689062500000000 0.5150021702845164
0.1689843750000000 0.5150090987376461
0.1690625000000000 0.5150160272111951
0.1691406250000000 0.5150229556617156
0.1692187500000000 0.5150298841326272
0.1692968750000000 0.5150368125805359
0.1693750000000000 0.5150437410488072
0.1694531250000000 0.5150506694941019
0.1695312500000000 0.5150575979597308
0.1696093750000000 0.5150645264024094
0.1696875000000000 0.5150714548653925
0.1697656250000000 0.5150783833054526
0.1698437500000000 0.5150853117657882
0.1699218750000000 0.5150922402032272
0.1700000000000000 0.5150991686609127
0.1700781250000000 0.5151060970957280
0.1701562500000000 0.5151130255507607
0.1702343750000000 0.5151199539829503
0.1703125000000000 0.5151268824353273
0.1703906250000000 0.5151338108648893
0.1704687500000000 0.5151407393146080
0.1705468750000000 0.5151476677415397
0.1706250000000000 0.5151545961885983
0.1707031250000000 0.5151615246128970
0.1707812500000000 0.5151684530572926
0.1708593750000000 0.5151753814789563
0.1709375000000000 0.5151823099206863
0.1710156250000000 0.5151892383397123
0.1710937500000000 0.5151961667787743
0.1711718750000000 0.5152030951951605
0.1712500000000000 0.5152100236315519
0.1713281250000000 0.5152169520452959
0.1714062500000000 0.5152238804790142
0.1714843750000000 0.5152308088901135
0.1715625000000000 0.5152377373211566
0.1716406250000000 0.5152446657296086
0.1717187500000000 0.5152515941579735
0.1717968750000000 0.5152585225637764
0.1718750000000000 0.5152654509894604
0.1719531250000000 0.5152723793926118
0.1720312500000000 0.5152793078156127
0.1721093750000000 0.5152862362161098
0.1721875000000000 0.5152931646364253
0.1722656250000000 0.5153000930342656
0.1723437500000000 0.5153070214518931
0.1724218750000000 0.5153139498470746
0.1725000000000000 0.5153208782620111
0.1725781250000000 0.5153278066545315
0.1726562500000000 0.5153347350667749
0.1727343750000000 0.5153416634566317
0.1728125000000000 0.5153485918661790
0.1728906250000000 0.5153555202533703
0.1729687500000000 0.5153624486602193
0.1730468750000000 0.5153693770447419
0.1731250000000000 0.5153763054488905
0.1732031250000000 0.5153832338307421
0.1732812500000000 0.5153901622321877
0.1733593750000000 0.5153970906113658
0.1734375000000000 0.5154040190101060
0.1735156250000000 0.5154109473866084
0.1735937500000000 0.5154178757826404
0.1736718750000000 0.5154248041564649
0.1737500000000000 0.5154317325497861
0.1738281250000000 0.5154386609209302
0.1739062500000000 0.5154455893115384
0.1739843750000000 0.5154525176799994
0.1740625000000000 0.5154594460678924
0.1741406250000000 0.5154663744336676
0.1742187500000000 0.5154733028188433
0.1742968750000000 0.5154802311819302
0.1743750000000000 0.5154871595643855
0.1744531250000000 0.5154940879247822
0.1745312500000000 0.5155010163045145
0.1746093750000000 0.5155079446622189
0.1746875000000000 0.5155148730392256
0.1747656250000000 0.5155218013942350
0.1748437500000000 0.5155287297685138
0.1749218750000000 0.5155356581208256
0.1750000000000000 0.5155425864923745
0.1750781250000000 0.5155495148419857
0.1751562500000000 0.5155564432108024
0.1752343750000000 0.5155633715577110
0.1753125000000000 0.5155702999237926
0.1753906250000000 0.5155772282679963
0.1754687500000000 0.5155841566313405
0.1755468750000000 0.5155910849728363
0.1756250000000000 0.5155980133334410
0.1757031250000000 0.5156049416722268
0.1757812500000000 0.5156118700300891
0.1758593750000000 0.5156187983661625
0.1759375000000000 0.5156257267212799
0.1760156250000000 0.5156326550546387
0.1760937500000000 0.5156395834070091
0.1761718750000000 0.5156465117376503
0.1762500000000000 0.5156534400872713
0.1763281250000000 0.5156603684151924
0.1764062500000000 0.5156672967620617
0.1764843750000000 0.5156742250872600
0.1765625000000000 0.5156811534313757
0.1766406250000000 0.5156880817538484
0.1767187500000000 0.5156950100952081
0.1767968750000000 0.5157019384149525
0.1768750000000000 0.5157088667535538
0.1769531250000000 0.5157157950705679
0.1770312500000000 0.5157227234064081
0.1771093750000000 0.5157296517206893
0.1771875000000000 0.5157365800537663
0.1772656250000000 0.5157435083653116
0.1773437500000000 0.5157504366956233
0.1774218750000000 0.5157573650044304
0.1775000000000000 0.5157642933319744
0.1775781250000000 0.5157712216380405
0.1776562500000000 0.5157781499628146
0.1777343750000000 0.5157850782661370
0.1778125000000000 0.5157920065881390
0.1778906250000000 0.5157989348887149
0.1779687500000000 0.5158058632079426
0.1780468750000000 0.5158127915057696
0.1781250000000000 0.5158197198222209
0.1782031250000000 0.5158266481172961
0.1782812500000000 0.5158335764309684
0.1783593750000000 0.5158405047232892
0.1784375000000000 0.5158474330341809
0.1785156250000000 0.5158543613237444
0.1785937500000000 0.5158612896318527
0.1786718750000000 0.5158682179186568
0.1787500000000000 0.5158751462239796
0.1788281250000000 0.5158820745080214
0.1789062500000000 0.5158890028105565
0.1789843750000000 0.5158959310918333
0.1790625000000000 0.5159028593915782
0.1791406250000000 0.5159097876700875
0.1792187500000000 0.5159167159670401
0.1792968750000000 0.5159236442427788
0.1793750000000000 0.5159305725369376
0.1794531250000000 0.5159375008099029
0.1795312500000000 0.5159444291012654
0.1796093750000000 0.5159513573714546
0.1796875000000000 0.5159582856600184
0.1797656250000000 0.5159652139274292
0.1798437500000000 0.5159721422131922
0.1799218750000000 0.5159790704778212
0.1800000000000000 0.5159859987607820
0.1800781250000000 0.5159929270226264
0.1801562500000000 0.5159998553027824
0.1802343750000000 0.5160067835618397
0.1803125000000000 0.5160137118391884
0.1803906250000000 0.5160206400954563
0.1804687500000000 0.5160275683699957
0.1805468750000000 0.5160344966234708
0.1806250000000000 0.5160414248951994
0.1807031250000000 0.5160483531458786
0.1807812500000000 0.5160552814147943
0.1808593750000000 0.5160622096626749
0.1809375000000000 0.5160691379287755
0.1810156250000000 0.5160760661738544
0.1810937500000000 0.5160829944371383
0.1811718750000000 0.5160899226794129
0.1812500000000000 0.5160968509398777
0.1813281250000000 0.5161037791793448
0.1814062500000000 0.5161107074369886
0.1814843750000000 0.5161176356736459
0.1815625000000000 0.5161245639284662
0.1816406250000000 0.5161314921623104
0.1817187500000000 0.5161384204143057
0.1817968750000000 0.5161453486453345
0.1818750000000000 0.5161522768945019
0.1819531250000000 0.5161592051227126
0.1820312500000000 0.5161661333690504
0.1821093750000000 0.5161730615944395
0.1821875000000000 0.5161799898379464
0.1822656250000000 0.5161869180605108
0.1823437500000000 0.5161938463011841
0.1824218750000000 0.5162007745209217
0.1825000000000000 0.5162077027587596
0.1825781250000000 0.5162146309756670
0.1826562500000000 0.5162215592106674
0.1827343750000000 0.5162284874247421
0.1828125000000000 0.5162354156569025
0.1828906250000000 0.5162423438681422
0.1829687500000000 0.5162492720974603
0.1830468750000000 0.5162562003058618
0.1831250000000000 0.5162631285323357
0.1832031250000000 0.5162700567378968
0.1832812500000000 0.5162769849615240
0.1833593750000000 0.5162839131642416
0.1834375000000000 0.5162908413850202
0.1835156250000000 0.5162977695848915
0.1835937500000000 0.5163046978028196
0.1836718750000000 0.5163116259998419
0.1837500000000000 0.5163185542149169
0.1838281250000000 0.5163254824090878
0.1839062500000000 0.5163324106213073
0.1839843750000000 0.5163393388126241
0.1840625000000000 0.5163462670219858
0.1841406250000000 0.5163531952104464
0.1842187500000000 0.5163601234169479
0.1842968750000000 0.5163670516025489
0.1843750000000000 0.5163739798061882
0.1844531250000000 0.5163809079889278
0.1845312500000000 0.5163878361897017
0.1846093750000000 0.5163947643695773
0.1846875000000000 0.5164016925674840
0.1847656250000000 0.5164086207444932
0.1848437500000000 0.5164155489395298
0.1849218750000000 0.5164224771136705
0.1850000000000000 0.5164294053058344
0.1850781250000000 0.5164363334771038
0.1851562500000000 0.5164432616663928
0.1852343750000000 0.5164501898347889
0.1853125000000000 0.5164571180211998
0.1853906250000000 0.5164640461867204
0.1854687500000000 0.5164709743702510
0.1855468750000000 0.5164779025328937
0.1856250000000000 0.5164848307135412
0.1857031250000000 0.5164917588733037
0.1857812500000000 0.5164986870510656
0.1858593750000000 0.5165056152079457
0.1859375000000000 0.5165125433828189
0.1860156250000000 0.5165194715368150
0.1860937500000000 0.5165263997087963
0.1861718750000000 0.5165333278599065
0.1862500000000000 0.5165402560289928
0.1863281250000000 0.5165471841772155
0.1864062500000000 0.5165541123434039
0.1864843750000000 0.5165610404887366
0.1865625000000000 0.5165679686520246
0.1866406250000000 0.5165748967944653
0.1867187500000000 0.5165818249548498
0.1867968750000000 0.5165887530943967
0.1868750000000000 0.5165956812518746
0.1869531250000000 0.5166026093885259
0.1870312500000000 0.5166095375430941
0.1871093750000000 0.5166164656768478
0.1871875000000000 0.5166233938285034
0.1872656250000000 0.5166303219593577
0.1873437500000000 0.5166372501080977
0.1874218750000000 0.5166441782360505
0.1875000000000000 0.5166511063818724
0.1875781250000000 0.5166580345069210
0.1876562500000000 0.5166649626498220
0.1877343750000000 0.5166718907719654
0.1878125000000000 0.5166788189119413
0.1878906250000000 0.5166857470311782
0.1879687500000000 0.5166926751682263
0.1880468750000000 0.5166996032845542
0.1881250000000000 0.5167065314186716
0.1882031250000000 0.5167134595320888
0.1882812500000000 0.5167203876632726
0.1883593750000000 0.5167273157737770
0.1884375000000000 0.5167342439020238
0.1885156250000000 0.5167411720096141
0.1885937500000000 0.5167481001349209
0.1886718750000000 0.5167550282395951
0.1887500000000000 0.5167619563619583
0.1888281250000000 0.5167688844637148
0.1889062500000000 0.5167758125831315
0.1889843750000000 0.5167827406819688
0.1890625000000000 0.5167896687984359
0.1891406250000000 0.5167965968943514
0.1892187500000000 0.5168035250078665
0.1892968750000000 0.5168104531008585
0.1893750000000000 0.5168173812114183
0.1894531250000000 0.5168243093014845
0.1895312500000000 0.5168312374090867
0.1896093750000000 0.5168381654962246
0.1896875000000000 0.5168450936008664
0.1897656250000000 0.5168520216850743
0.1898437500000000 0.5168589497867524
0.1899218750000000 0.5168658778680286
0.1900000000000000 0.5168728059667400
0.1900781250000000 0.5168797340450823
0.1901562500000000 0.5168866621408247
0.1902343750000000 0.5168935902162302
0.1903125000000000 0.5169005183090011
0.1903906250000000 0.5169074463814681
0.1904687500000000 0.5169143744712643
0.1905468750000000 0.5169213025407908
0.1906250000000000 0.5169282306276100
0.1907031250000000 0.5169351586941932
0.1907812500000000 0.5169420867780326
0.1908593750000000 0.5169490148416704
0.1909375000000000 0.5169559429225273
0.1910156250000000 0.5169628709832178
0.1910937500000000 0.5169697990610898
0.1911718750000000 0.5169767271188298
0.1912500000000000 0.5169836551937149
0.1913281250000000 0.5169905832485021
0.1914062500000000 0.5169975113203975
0.1914843750000000 0.5170044393722296
0.1915625000000000 0.5170113674411329
0.1916406250000000 0.5170182954900077
0.1917187500000000 0.5170252235559158
0.1917968750000000 0.5170321516018311
0.1918750000000000 0.5170390796647417
0.1919531250000000 0.5170460077076948
0.1920312500000000 0.5170529357676060
0.1921093750000000 0.5170598638075938
0.1921875000000000 0.5170667918645034
0.1922656250000000 0.5170737199015234
0.1923437500000000 0.5170806479554293
0.1924218750000000 0.5170875759894784
0.1925000000000000 0.5170945040403785
0.1925781250000000 0.5171014320714544
0.1926562500000000 0.5171083601193461
0.1927343750000000 0.5171152881474459
0.1928125000000000 0.5171222161923275
0.1928906250000000 0.5171291442174486
0.1929687500000000 0.5171360722593175
0.1930468750000000 0.5171430002814571
0.1931250000000000 0.5171499283203114
0.1932031250000000 0.5171568563394665
0.1932812500000000 0.5171637843753040
0.1933593750000000 0.5171707123914721
0.1934375000000000 0.5171776404242910
0.1935156250000000 0.5171845684374686
0.1935937500000000 0.5171914964672669
0.1936718750000000 0.5171984244774515
0.1937500000000000 0.5172053525042269
0.1938281250000000 0.5172122805114160
0.1939062500000000 0.5172192085351662
0.1939843750000000 0.5172261365393566
0.1940625000000000 0.5172330645600800
0.1941406250000000 0.5172399925612687
0.1942187500000000 0.5172469205789633
0.1942968750000000 0.5172538485771478
0.1943750000000000 0.5172607765918111
0.1944531250000000 0.5172677045869885
0.1945312500000000 0.5172746325986186
0.1946093750000000 0.5172815605907856
0.1946875000000000 0.5172884885993811
0.1947656250000000 0.5172954165885348
0.1948437500000000 0.5173023445940931
0.1949218750000000 0.5173092725802312
0.1950000000000000 0.5173162005827500
0.1950781250000000 0.5173231285658693
0.1951562500000000 0.5173300565653474
0.1952343750000000 0.5173369845454443
0.1953125000000000 0.5173439125418797
0.1953906250000000 0.5173508405189522
0.1954687500000000 0.5173577685123419
0.1955468750000000 0.5173646964863872
0.1956250000000000 0.5173716244767296
0.1957031250000000 0.5173785524477446
0.1957812500000000 0.5173854804350375
0.1958593750000000 0.5173924084030195
0.1959375000000000 0.5173993363872611
0.1960156250000000 0.5174062643522068
0.1960937500000000 0.5174131923333950
0.1961718750000000 0.5174201202953020
0.1962500000000000 0.5174270482734346
0.1963281250000000 0.5174339762323001
0.1964062500000000 0.5174409042073745
0.1964843750000000 0.5174478321631961
0.1965625000000000 0.5174547601352105
0.1966406250000000 0.5174616880879849
0.1967187500000000 0.5174686160569375
0.1967968750000000 0.5174755440066615
0.1968750000000000 0.5174824719725500
0.1969531250000000 0.5174893999192214
0.1970312500000000 0.5174963278820442
0.1971093750000000 0.5175032558256596
0.1971875000000000 0.5175101837854140
0.1972656250000000 0.5175171117259713
0.1973437500000000 0.5175240396826549
0.1974218750000000 0.5175309676201514
0.1975000000000000 0.5175378955737625
0.1975781250000000 0.5175448235081948
0.1976562500000000 0.5175517514587311
0.1977343750000000 0.5175586793900970
0.1978125000000000 0.5175656073375561
0.1978906250000000 0.5175725352658528
0.1979687500000000 0.5175794632102327
0.1980468750000000 0.5175863911354577
0.1981250000000000 0.5175933190767554
0.1982031250000000 0.5176002469989065
0.1982812500000000 0.5176071749371202
0.1983593750000000 0.5176141028561939
0.1984375000000000 0.5176210307913219
0.1985156250000000 0.5176279587073153
0.1985937500000000 0.5176348866393553
0.1986718750000000 0.5176418145522663
0.1987500000000000 0.5176487424812154
0.1988281250000000 0.5176556703910413
0.1989062500000000 0.5176625983168974
0.1989843750000000 0.5176695262236357
0.1990625000000000 0.5176764541463964
0.1991406250000000 0.5176833820500445
0.1992187500000000 0.5176903099697082
0.1992968750000000 0.5176972378702628
0.1993750000000000 0.5177041657868268
0.1994531250000000 0.5177110936842858
0.1995312500000000 0.5177180215977475
0.1996093750000000 0.5177249494921086
0.1996875000000000 0.5177318774024658
0.1997656250000000 0.5177388052937261
0.1998437500000000 0.5177457332009764
0.1999218750000000 0.5177526610891335
0.2000000000000000 0.5177595889932745
0.2000781250000000 0.5177665168783258
0.2001562500000000 0.5177734447793553
0.2002343750000000 0.5177803726612978
0.2003125000000000 0.5177873005592140
0.2003906250000000 0.5177942284380453
0.2004687500000000 0.5178011563328456
0.2005468750000000 0.5178080842085626
0.2006250000000000 0.5178150121002451
0.2007031250000000 0.5178219399728454
0.2007812500000000 0.5178288678614071
0.2008593750000000 0.5178357957308887
0.2009375000000000 0.5178427236163277
0.2010156250000000 0.5178496514826874
0.2010937500000000 0.5178565793650010
0.2011718750000000 0.5178635072282367
0.2012500000000000 0.5178704351074225
0.2013281250000000 0.5178773629675314
0.2014062500000000 0.5178842908435878
0.2014843750000000 0.5178912187005668
0.2015625000000000 0.5178981465734910
0.2016406250000000 0.5179050744273382
0.2017187500000000 0.5179120022971276
0.2017968750000000 0.5179189301478403
0.2018750000000000 0.5179258580144930
0.2019531250000000 0.5179327858620685
0.2020312500000000 0.5179397137255819
0.2021093750000000 0.5179466415700177
0.2021875000000000 0.5179535694303896
0.2022656250000000 0.5179604972716825
0.2023437500000000 0.5179674251289113
0.2024218750000000 0.5179743529670591
0.2025000000000000 0.5179812808211416
0.2025781250000000 0.5179882086561417
0.2026562500000000 0.5179951365070758
0.2027343750000000 0.5180020643389256
0.2028125000000000 0.5180089921867088
0.2028906250000000 0.5180159200154064
0.2029687500000000 0.5180228478600361
0.2030468750000000 0.5180297756855785
0.2031250000000000 0.5180367035270526
0.2032031250000000 0.5180436313494372
0.2032812500000000 0.5180505591877532
0.2033593750000000 0.5180574870069775
0.2034375000000000 0.5180644148421335
0.2035156250000000 0.5180713426581945
0.2035937500000000 0.5180782704901881
0.2036718750000000 0.5180851983030834
0.2037500000000000 0.5180921261319122
0.2038281250000000 0.5180990539416389
0.2039062500000000 0.5181059817673008
0.2039843750000000 0.5181129095738568
0.2040625000000000 0.5181198373963490
0.2041406250000000 0.5181267651997317
0.2042187500000000 0.5181336930190521
0.2042968750000000 0.5181406208192588
0.2043750000000000 0.5181475486354047
0.2044531250000000 0.5181544764324333
0.2045312500000000 0.5181614042454025
0.2046093750000000 0.5181683320392501
0.2046875000000000 0.5181752598490400
0.2047656250000000 0.5181821876397043
0.2048437500000000 0.5181891154463127
0.2049218750000000 0.5181960432337909
0.2050000000000000 0.5182029710372155
0.2050781250000000 0.5182098988215053
0.2051562500000000 0.5182168266217435
0.2052343750000000 0.5182237544028420
0.2053125000000000 0.5182306821998917
0.2053906250000000 0.5182376099777966
0.2054687500000000 0.5182445377716556
0.2055468750000000 0.5182514655463640
0.2056250000000000 0.5182583933370296
0.2057031250000000 0.5182653211085393
0.2057812500000000 0.5182722488960091
0.2058593750000000 0.5182791766643176
0.2059375000000000 0.5182861044485894
0.2060156250000000 0.5182930322136939
0.2060937500000000 0.5182999599947651
0.2061718750000000 0.5183068877566633
0.2062500000000000 0.5183138155345322
0.2063281250000000 0.5183207432932205
0.2064062500000000 0.5183276710678847
0.2064843750000000 0.5183345988233612
0.2065625000000000 0.5183415265948181
0.2066406250000000 0.5183484543470804
0.2067187500000000 0.5183553821153273
0.2067968750000000 0.5183623098643729
0.2068750000000000 0.5183692376294079
0.2069531250000000 0.5183761653752342
0.2070312500000000 0.5183830931370544
0.2071093750000000 0.5183900208796589
0.2071875000000000 0.5183969486382622
0.2072656250000000 0.5184038763776422
0.2073437500000000 0.5184108041330265
0.2074218750000000 0.5184177318691793
0.2075000000000000 0.5184246596213419
0.2075781250000000 0.5184315873542651
0.2076562500000000 0.5184385151032039
0.2077343750000000 0.5184454428328948
0.2078125000000000 0.5184523705786073
0.2078906250000000 0.5184592983050635
0.2079687500000000 0.5184662260475472
0.2080468750000000 0.5184731537707662
0.2081250000000000 0.5184800815100191
0.2082031250000000 0.5184870092299979
0.2082812500000000 0.5184939369660176
0.2083593750000000 0.5185008646827540
0.2084375000000000 0.5185077924155375
0.2085156250000000 0.5185147201290298
0.2085937500000000 0.5185216478585747
0.2086718750000000 0.5185285755688194
0.2087500000000000 0.5185355032951237
0.2088281250000000 0.5185424310021185
0.2089062500000000 0.5185493587251797
0.2089843750000000 0.5185562864289220
0.2090625000000000 0.5185632141487381
0.2091406250000000 0.5185701418492251
0.2092187500000000 0.5185770695657936
0.2092968750000000 0.5185839972630225
0.2093750000000000 0.5185909249763417
0.2094531250000000 0.5185978526703100
0.2095312500000000 0.5186047803803766
0.2096093750000000 0.5186117080710825
0.2096875000000000 0.5186186357778939
0.2097656250000000 0.5186255634653347
0.2098437500000000 0.5186324911688889
0.2099218750000000 0.5186394188530616
0.2100000000000000 0.5186463465533564
0.2100781250000000 0.5186532742342587
0.2101562500000000 0.5186602019312917
0.2102343750000000 0.5186671296089208
0.2103125000000000 0.5186740573026896
0.2103906250000000 0.5186809849770433
0.2104687500000000 0.5186879126675452
0.2105468750000000 0.5186948403386209
0.2106250000000000 0.5187017680258537
0.2107031250000000 0.5187086956936487
0.2107812500000000 0.5187156233776102
0.2108593750000000 0.5187225510421219
0.2109375000000000 0.5187294787228096
0.2110156250000000 0.5187364063840358
0.2110937500000000 0.5187433340614468
0.2111718750000000 0.5187502617193853
0.2112500000000000 0.5187571893935173
0.2113281250000000 0.5187641170481652
0.2114062500000000 0.5187710447190162
0.2114843750000000 0.5187779723703706
0.2115625000000000 0.5187849000379384
0.2116406250000000 0.5187918276859969
0.2117187500000000 0.5187987553502789
0.2117968750000000 0.5188056829950390
0.2118750000000000 0.5188126106560327
0.2119531250000000 0.5188195382974922
0.2120312500000000 0.5188264659551949
0.2121093750000000 0.5188333935933512
0.2121875000000000 0.5188403212477608
0.2122656250000000 0.5188472488826114
0.2123437500000000 0.5188541765337250
0.2124218750000000 0.5188611041652678
0.2125000000000000 0.5188680318130833
0.2125781250000000 0.5188749594413156
0.2126562500000000 0.5188818870858301
0.2127343750000000 0.5188888147107492
0.2128125000000000 0.5188957423519609
0.2128906250000000 0.5189026699735642
0.2129687500000000 0.5189095976114707
0.2130468750000000 0.5189165252297554
0.2131250000000000 0.5189234528643547
0.2132031250000000 0.5189303804793181
0.2132812500000000 0.5189373081106078
0.2133593750000000 0.5189442357222473
0.2134375000000000 0.5189511633502245
0.2135156250000000 0.5189580909585386
0.2135937500000000 0.5189650185832004
0.2136718750000000 0.5189719461881868
0.2137500000000000 0.5189788738095308
0.2138281250000000 0.5189858014111862
0.2139062500000000 0.5189927290292105
0.2139843750000000 0.5189996566275326
0.2140625000000000 0.5190065842422349
0.2141406250000000 0.5190135118372207
0.2142187500000000 0.5190204394485983
0.2142968750000000 0.5190273670402458
0.2143750000000000 0.5190342946482965
0.2144531250000000 0.5190412222366031
0.2145312500000000 0.5190481498413241
0.2146093750000000 0.5190550774262872
0.2146875000000000 0.5190620050276767
0.2147656250000000 0.5190689326092938
0.2148437500000000 0.5190758602073487
0.2149218750000000 0.5190827877856176
0.2150000000000000 0.5190897153803360
0.2150781250000000 0.5190966429552537
0.2151562500000000 0.5191035705466329
0.2152343750000000 0.5191104981181970
0.2153125000000000 0.5191174257062348
0.2153906250000000 0.5191243532744428
0.2154687500000000 0.5191312808591365
0.2155468750000000 0.5191382084239864
0.2156250000000000 0.5191451360053335
0.2157031250000000 0.5191520635668224
0.2157812500000000 0.5191589911448204
0.2158593750000000 0.5191659187029461
0.2159375000000000 0.5191728462775927
0.2160156250000000 0.5191797738323521
0.2160937500000000 0.5191867014036458
0.2161718750000000 0.5191936289550361
0.2162500000000000 0.5192005565229737
0.2163281250000000 0.5192074840709932
0.2164062500000000 0.5192144116355718
0.2164843750000000 0.5192213391802184
0.2165625000000000 0.5192282667414353
0.2166406250000000 0.5192351942827065
0.2167187500000000 0.5192421218405597
0.2167968750000000 0.5192490493784524
0.2168750000000000 0.5192559769329400
0.2169531250000000 0.5192629044674515
0.2170312500000000 0.5192698320185706
0.2171093750000000 0.5192767595496992
0.2171875000000000 0.5192836870974470
0.2172656250000000 0.5192906146251897
0.2173437500000000 0.5192975421695643
0.2174218750000000 0.5193044696939186
0.2175000000000000 0.5193113972349173
0.2175781250000000 0.5193183247558810
0.2176562500000000 0.5193252522935015
0.2177343750000000 0.5193321798110717
0.2178125000000000 0.5193391073453116
0.2178906250000000 0.5193460348594858
0.2179687500000000 0.5193529623903429
0.2180468750000000 0.5193598899011188
0.2181250000000000 0.5193668174285903
0.2182031250000000 0.5193737449359653
0.2182812500000000 0.5193806724600487
0.2183593750000000 0.5193875999640207
0.2184375000000000 0.5193945274847137
0.2185156250000000 0.5194014549852796
0.2185937500000000 0.5194083825025799
0.2186718750000000 0.5194153099997376
0.2187500000000000 0.5194222375136425
0.2188281250000000 0.5194291650073894
0.2189062500000000 0.5194360925178962
0.2189843750000000 0.5194430200082302
0.2190625000000000 0.5194499475153369
0.2191406250000000 0.5194568750022550
0.2192187500000000 0.5194638025059591
0.2192968750000000 0.5194707299894592
0.2193750000000000 0.5194776574897578
0.2194531250000000 0.5194845849698377
0.2195312500000000 0.5194915124667280
0.2196093750000000 0.5194984399433853
0.2196875000000000 0.5195053674368654
0.2197656250000000 0.5195122949100969
0.2198437500000000 0.5195192224001646
0.2199218750000000 0.5195261498699680
0.2200000000000000 0.5195330773566202
0.2200781250000000 0.5195400048229941
0.2201562500000000 0.5195469323062278
0.2202343750000000 0.5195538597691696
0.2203125000000000 0.5195607872489827
0.2203906250000000 0.5195677147084889
0.2204687500000000 0.5195746421848798
0.2205468750000000 0.5195815696409486
0.2206250000000000 0.5195884971139136
0.2207031250000000 0.5195954245665430
0.2207812500000000 0.5196023520360796
0.2208593750000000 0.5196092794852669
0.2209375000000000 0.5196162069513736
0.2210156250000000 0.5196231343971155
0.2210937500000000 0.5196300618597897
0.2211718750000000 0.5196369893020837
0.2212500000000000 0.5196439167613234
0.2213281250000000 0.5196508442001669
0.2214062500000000 0.5196577716559697
0.2214843750000000 0.5196646990913604
0.2215625000000000 0.5196716265437230
0.2216406250000000 0.5196785539756588
0.2217187500000000 0.5196854814245793
0.2217968750000000 0.5196924088530571
0.2218750000000000 0.5196993362985332
0.2219531250000000 0.5197062637235508
0.2220312500000000 0.5197131911655796
0.2221093750000000 0.5197201185871348
0.2221875000000000 0.5197270460257138
0.2222656250000000 0.5197339734438040
0.2223437500000000 0.5197409008789311
0.2224218750000000 0.5197478282935537
0.2225000000000000 0.5197547557252261
0.2225781250000000 0.5197616831363789
0.2226562500000000 0.5197686105645937
0.2227343750000000 0.5197755379722749
0.2228125000000000 0.5197824653970295
0.2228906250000000 0.5197893928012360
0.2229687500000000 0.5197963202225282
0.2230468750000000 0.5198032476232579
0.2231250000000000 0.5198101750410852
0.2232031250000000 0.5198171024383353
0.2232812500000000 0.5198240298526955
0.2233593750000000 0.5198309572464638
0.2234375000000000 0.5198378846573538
0.2235156250000000 0.5198448120476380
0.2235937500000000 0.5198517394550553
0.2236718750000000 0.5198586668418531
0.2237500000000000 0.5198655942457953
0.2238281250000000 0.5198725216291042
0.2239062500000000 0.5198794490295685
0.2239843750000000 0.5198863764093862
0.2240625000000000 0.5198933038063703
0.2241406250000000 0.5199002311826942
0.2242187500000000 0.5199071585761955
0.2242968750000000 0.5199140859490234
0.2243750000000000 0.5199210133390394
0.2244531250000000 0.5199279407083690
0.2245312500000000 0.5199348680948969
0.2246093750000000 0.5199417954607256
0.2246875000000000 0.5199487228437629
0.2247656250000000 0.5199556502060888
0.2248437500000000 0.5199625775856328
0.2249218750000000 0.5199695049444532
0.2250000000000000 0.5199764323205017
0.2250781250000000 0.5199833596758136
0.2251562500000000 0.5199902870483645
0.2252343750000000 0.5199972144001656
0.2253125000000000 0.5200041417692157
0.2253906250000000 0.5200110691175045
0.2254687500000000 0.5200179964830512
0.2255468750000000 0.5200249238278248
0.2256250000000000 0.5200318511898656
0.2257031250000000 0.5200387785311217
0.2257812500000000 0.5200457058896543
0.2258593750000000 0.5200526332273901
0.2259375000000000 0.5200595605824122
0.2260156250000000 0.5200664879166252
0.2260937500000000 0.5200734152681343
0.2261718750000000 0.5200803425988223
0.2262500000000000 0.5200872699468155
0.2263281250000000 0.5200941972739762
0.2264062500000000 0.5201011246184511
0.2264843750000000 0.5201080519420822
0.2265625000000000 0.5201149792830360
0.2266406250000000 0.5201219066031353
0.2267187500000000 0.5201288339405653
0.2267968750000000 0.5201357612571300
0.2268750000000000 0.5201426885910343
0.2269531250000000 0.5201496159040618
0.2270312500000000 0.5201565432344377
0.2271093750000000 0.5201634705439260
0.2271875000000000 0.5201703978707709
0.2272656250000000 0.5201773251767172
0.2273437500000000 0.5201842525000283
0.2274218750000000 0.5201911798024310
0.2275000000000000 0.5201981071222056
0.2275781250000000 0.5202050344210617
0.2276562500000000 0.5202119617372978
0.2277343750000000 0.5202188890326049
0.2278125000000000 0.5202258163452995
0.2278906250000000 0.5202327436370556
0.2279687500000000 0.5202396709462062
0.2280468750000000 0.5202465982344091
0.2281250000000000 0.5202535255400126
0.2282031250000000 0.5202604528246600
0.2282812500000000 0.5202673801267143
0.2283593750000000 0.5202743074078032
0.2284375000000000 0.5202812347063058
0.2285156250000000 0.5202881619838343
0.2285937500000000 0.5202950892787825
0.2286718750000000 0.5203020165527481
0.2287500000000000 0.5203089438441393
0.2288281250000000 0.5203158711145396
0.2289062500000000 0.5203227984023715
0.2289843750000000 0.5203297256692038
0.2290625000000000 0.5203366529534735
0.2291406250000000 0.5203435802167360
0.2292187500000000 0.5203505074974408
0.2292968750000000 0.5203574347571314
0.2293750000000000 0.5203643620342686
0.2294531250000000 0.5203712892903846
0.2295312500000000 0.5203782165639514
0.2296093750000000 0.5203851438164908
0.2296875000000000 0.5203920710864850
0.2297656250000000 0.5203989983354449
0.2298437500000000 0.5204059256018642
0.2299218750000000 0.5204128528472421
0.2300000000000000 0.5204197801100839
0.2300781250000000 0.5204267073518775
0.2301562500000000 0.5204336346111393
0.2302343750000000 0.5204405618493461
0.2303125000000000 0.5204474891050253
0.2303906250000000 0.5204544163396431
0.2304687500000000 0.5204613435917368
0.2305468750000000 0.5204682708227638
0.2306250000000000 0.5204751980712687
0.2307031250000000 0.5204821252987029
0.2307812500000000 0.5204890525436171
0.2308593750000000 0.5204959797674548
0.2309375000000000 0.5205029070087763
0.2310156250000000 0.5205098342290154
0.2310937500000000 0.5205167614667411
0.2311718750000000 0.5205236886833796
0.2312500000000000 0.5205306159175067
0.2313281250000000 0.5205375431305429
0.2314062500000000 0.5205444703610683
0.2314843750000000 0.5205513975704994
0.2315625000000000 0.5205583247974211
0.2316406250000000 0.5205652520032447
0.2317187500000000 0.5205721792265601
0.2317968750000000 0.5205791064287736
0.2318750000000000 0.5205860336484801
0.2319531250000000 0.5205929608470814
0.2320312500000000 0.5205998880631765
0.2321093750000000 0.5206068152581632
0.2321875000000000 0.5206137424706441
0.2322656250000000 0.5206206696620136
0.2323437500000000 0.5206275968708779
0.2324218750000000 0.5206345240586281
0.2325000000000000 0.5206414512638728
0.2325781250000000 0.5206483784480017
0.2326562500000000 0.5206553056496239
0.2327343750000000 0.5206622328301298
0.2328125000000000 0.5206691600281267
0.2328906250000000 0.5206760872050066
0.2329687500000000 0.5206830143993759
0.2330468750000000 0.5206899415726277
0.2331250000000000 0.5206968687633668
0.2332031250000000 0.5207037959329879
0.2332812500000000 0.5207107231200940
0.2333593750000000 0.5207176502860824
0.2334375000000000 0.5207245774695530
0.2335156250000000 0.5207315046319063
0.2335937500000000 0.5207384318117384
0.2336718750000000 0.5207453589704547
0.2337500000000000 0.5207522861466455
0.2338281250000000 0.5207592133017227
0.2339062500000000 0.5207661404742691
0.2339843750000000 0.5207730676257051
0.2340625000000000 0.5207799947946048
0.2341406250000000 0.5207869219423965
0.2342187500000000 0.5207938491076476
0.2342968750000000 0.5208007762517923
0.2343750000000000 0.5208077034133924
0.2344531250000000 0.5208146305538879
0.2345312500000000 0.5208215577118342
0.2346093750000000 0.5208284848486781
0.2346875000000000 0.5208354120029679
0.2347656250000000 0.5208423391361580
0.2348437500000000 0.5208492662867884
0.2349218750000000 0.5208561934163227
0.2350000000000000 0.5208631205632909
0.2350781250000000 0.5208700476891674
0.2351562500000000 0.5208769748324704
0.2352343750000000 0.5208839019546871
0.2353125000000000 0.5208908290943220
0.2353906250000000 0.5208977562128768
0.2354687500000000 0.5209046833488409
0.2355468750000000 0.5209116104637314
0.2356250000000000 0.5209185375960220
0.2357031250000000 0.5209254647072458
0.2357812500000000 0.5209323918358605
0.2358593750000000 0.5209393189434152
0.2359375000000000 0.5209462460683514
0.2360156250000000 0.5209531731722346
0.2360937500000000 0.5209601002934896
0.2361718750000000 0.5209670273936993
0.2362500000000000 0.5209739545112703
0.2363281250000000 0.5209808816078041
0.2364062500000000 0.5209878087216885
0.2364843750000000 0.5209947358145438
0.2365625000000000 0.5210016629247392
0.2366406250000000 0.5210085900139142
0.2367187500000000 0.5210155171204172
0.2367968750000000 0.5210224442059102
0.2368750000000000 0.5210293713087177
0.2369531250000000 0.5210362983905262
0.2370312500000000 0.5210432254896360
0.2371093750000000 0.5210501525677577
0.2371875000000000 0.5210570796631672
0.2372656250000000 0.5210640067375993
0.2373437500000000 0.5210709338293059
0.2374218750000000 0.5210778609000466
0.2375000000000000 0.5210847879880476
0.2375781250000000 0.5210917150550942
0.2376562500000000 0.5210986421393873
0.2377343750000000 0.5211055692027373
0.2378125000000000 0.5211124962833196
0.2378906250000000 0.5211194233429713
0.2379687500000000 0.5211263504198396
0.2380468750000000 0.5211332774757911
0.2381250000000000 0.5211402045489427
0.2382031250000000 0.5211471316011910
0.2382812500000000 0.5211540586706236
0.2383593750000000 0.5211609857191671
0.2384375000000000 0.5211679127848776
0.2385156250000000 0.5211748398297140
0.2385937500000000 0.5211817668916997
0.2386718750000000 0.5211886939328267
0.2387500000000000 0.5211956209910846
0.2388281250000000 0.5212025480285006
0.2389062500000000 0.5212094750830278
0.2389843750000000 0.5212164021167301
0.2390625000000000 0.5212233291675245
0.2391406250000000 0.5212302561975105
0.2392187500000000 0.5212371832445689
0.2392968750000000 0.5212441102708369
0.2393750000000000 0.5212510373141571
0.2394531250000000 0.5212579643367045
0.2395312500000000 0.5212648913762833
0.2396093750000000 0.5212718183951077
0.2396875000000000 0.5212787454309432
0.2397656250000000 0.5212856724460424
0.2398437500000000 0.5212925994781316
0.2399218750000000 0.5212995264895026
0.2400000000000000 0.5213064535178432
0.2400781250000000 0.5213133805254843
0.2401562500000000 0.5213203075500735
0.2402343750000000 0.5213272345539823
0.2403125000000000 0.5213341615748170
0.2403906250000000 0.5213410885749921
0.2404687500000000 0.5213480155920689
0.2405468750000000 0.5213549425885080
0.2406250000000000 0.5213618696018245
0.2407031250000000 0.5213687965945252
0.2407812500000000 0.5213757236040785
0.2408593750000000 0.5213826505930386
0.2409375000000000 0.5213895775988265
0.2410156250000000 0.5213965045840434
0.2410937500000000 0.5214034315860632
0.2411718750000000 0.5214103585675348
0.2412500000000000 0.5214172855657834
0.2413281250000000 0.5214242125435079
0.2414062500000000 0.5214311395379824
0.2414843750000000 0.5214380665119575
0.2415625000000000 0.5214449935026551
0.2416406250000000 0.5214519204728787
0.2417187500000000 0.5214588474597966
0.2417968750000000 0.5214657744262666
0.2418750000000000 0.5214727014094021
0.2419531250000000 0.5214796283721160
0.2420312500000000 0.5214865553514664
0.2421093750000000 0.5214934823104223
0.2421875000000000 0.5215004092859846
0.2422656250000000 0.5215073362411805
0.2423437500000000 0.5215142632129517
0.2424218750000000 0.5215211901643855
0.2425000000000000 0.5215281171323629
0.2425781250000000 0.5215350440800322
0.2426562500000000 0.5215419710442133
0.2427343750000000 0.5215488979881153
0.2428125000000000 0.5215558249484981
0.2428906250000000 0.5215627518886307
0.2429687500000000 0.5215696788452117
0.2430468750000000 0.5215766057815731
0.2431250000000000 0.5215835327343491
0.2432031250000000 0.5215904596669376
0.2432812500000000 0.5215973866159057
0.2433593750000000 0.5216043135447190
0.2434375000000000 0.5216112404898768
0.2435156250000000 0.5216181674149124
0.2435937500000000 0.5216250943562574
0.2436718750000000 0.5216320212775131
0.2437500000000000 0.5216389482150418
0.2438281250000000 0.5216458751325159
0.2439062500000000 0.5216528020662257
0.2439843750000000 0.5216597289799157
0.2440625000000000 0.5216666559098041
0.2441406250000000 0.5216735828197075
0.2442187500000000 0.5216805097457721
0.2442968750000000 0.5216874366518869
0.2443750000000000 0.5216943635741240
0.2444531250000000 0.5217012904764485
0.2445312500000000 0.5217082173948554
0.2446093750000000 0.5217151442933876
0.2446875000000000 0.5217220712079613
0.2447656250000000 0.5217289981026989
0.2448437500000000 0.5217359250134370
0.2449218750000000 0.5217428519043775
0.2450000000000000 0.5217497788112773
0.2450781250000000 0.5217567056984186
0.2451562500000000 0.5217636326014771
0.2452343750000000 0.5217705594848171
0.2453125000000000 0.5217774863840315
0.2453906250000000 0.5217844132635679
0.2454687500000000 0.5217913401589355
0.2455468750000000 0.5217982670346666
0.2456250000000000 0.5218051939261843
0.2457031250000000 0.5218121207981079
0.2457812500000000 0.5218190476857728
0.2458593750000000 0.5218259745538865
0.2459375000000000 0.5218329014376960
0.2460156250000000 0.5218398283019977
0.2460937500000000 0.5218467551819492
0.2461718750000000 0.5218536820424365
0.2462500000000000 0.5218606089185274
0.2463281250000000 0.5218675357751978
0.2464062500000000 0.5218744626474255
0.2464843750000000 0.5218813895002767
0.2465625000000000 0.5218883163686383
0.2466406250000000 0.5218952432176689
0.2467187500000000 0.5219021700821608
0.2467968750000000 0.5219090969273686
0.2468750000000000 0.5219160237879884
0.2469531250000000 0.5219229506293713
0.2470312500000000 0.5219298774861156
0.2471093750000000 0.5219368043236720
0.2471875000000000 0.5219437311765381
0.2472656250000000 0.5219506580102653
0.2473437500000000 0.5219575848592507
0.2474218750000000 0.5219645116891467
0.2475000000000000 0.5219714385342482
0.2475781250000000 0.5219783653603108
0.2476562500000000 0.5219852922015260
0.2477343750000000 0.5219922190237531
0.2478125000000000 0.5219991458610785
0.2478906250000000 0.5220060726794685
0.2479687500000000 0.5220129995129017
0.2480468750000000 0.5220199263274515
0.2481250000000000 0.5220268531569902
0.2482031250000000 0.5220337799676977
0.2482812500000000 0.5220407067933386
0.2483593750000000 0.5220476336002020
0.2484375000000000 0.5220545604219420
0.2485156250000000 0.5220614872249597
0.2485937500000000 0.5220684140427960
0.2486718750000000 0.5220753408419653
0.2487500000000000 0.5220822676558954
0.2488281250000000 0.5220891944512138
0.2489062500000000 0.5220961212612353
0.2489843750000000 0.5221030480527008
0.2490625000000000 0.5221099748588102
0.2491406250000000 0.5221169016464213
0.2492187500000000 0.5221238284486153
0.2492968750000000 0.5221307552323698
0.2493750000000000 0.5221376820306460
0.2494531250000000 0.5221446088105418
0.2495312500000000 0.5221515356048970
0.2496093750000000 0.5221584623809321
0.2496875000000000 0.5221653891713636
0.2497656250000000 0.5221723159435359
0.2498437500000000 0.5221792427300406
0.2499218750000000 0.5221861694983477
0.2500000000000000 0.5221930962809236
0.2500781250000000 0.5222000230453631
0.2501562500000000 0.5222069498240068
0.2502343750000000 0.5222138765845770
0.2503125000000000 0.5222208033592856
0.2503906250000000 0.5222277301159842
0.2504687500000000 0.5222346568867551
0.2505468750000000 0.5222415836395802
0.2506250000000000 0.5222485104064100
0.2507031250000000 0.5222554371553595
0.2507812500000000 0.5222623639182459
0.2508593750000000 0.5222692906633173
0.2509375000000000 0.5222762174222575
0.2510156250000000 0.5222831441634488
0.2510937500000000 0.5222900709184394
0.2511718750000000 0.5222969976557491
0.2512500000000000 0.5223039244067873
0.2513281250000000 0.5223108511402126
0.2514062500000000 0.5223177778872964
0.2514843750000000 0.5223247046168348
0.2515625000000000 0.5223316313599610
0.2516406250000000 0.5223385580856107
0.2517187500000000 0.5223454848247765
0.2517968750000000 0.5223524115465354
0.2518750000000000 0.5223593382817378
0.2519531250000000 0.5223662649996039
0.2520312500000000 0.5223731917308395
0.2521093750000000 0.5223801184448115
0.2521875000000000 0.5223870451720773
0.2522656250000000 0.5223939718821528
0.2523437500000000 0.5224008986054461
0.2524218750000000 0.5224078253116229
0.2525000000000000 0.5224147520309408
0.2525781250000000 0.5224216787332168
0.2526562500000000 0.5224286054485564
0.2527343750000000 0.5224355321469295
0.2528125000000000 0.5224424588582883
0.2528906250000000 0.5224493855527559
0.2529687500000000 0.5224563122601310
0.2530468750000000 0.5224632389506916
0.2531250000000000 0.5224701656540799
0.2532031250000000 0.5224770923407310
0.2532812500000000 0.5224840190401296
0.2533593750000000 0.5224909457228696
0.2534375000000000 0.5224978724182756
0.2535156250000000 0.5225047990971021
0.2535937500000000 0.5225117257885126
0.2536718750000000 0.5225186524634237
0.2537500000000000 0.5225255791508360
0.2538281250000000 0.5225325058218293
0.2539062500000000 0.5225394325052402
0.2539843750000000 0.5225463591723141
0.2540625000000000 0.5225532858517206
0.2541406250000000 0.5225602125148728
0.2542187500000000 0.5225671391902725
0.2542968750000000 0.5225740658495004
0.2543750000000000 0.5225809925208909
0.2544531250000000 0.5225879191761923
0.2545312500000000 0.5225948458435703
0.2546093750000000 0.5226017724949434
0.2546875000000000 0.5226086991583062
0.2547656250000000 0.5226156258057484
0.2548437500000000 0.5226225524650930
0.2549218750000000 0.5226294791086028
0.2550000000000000 0.5226364057639263
0.2550781250000000 0.5226433324035015
0.2551562500000000 0.5226502590548010
0.2552343750000000 0.5226571856904396
0.2553125000000000 0.5226641123377118
0.2553906250000000 0.5226710389694119
0.2554687500000000 0.5226779656126543
0.2555468750000000 0.5226848922404135
0.2556250000000000 0.5226918188796231
0.2557031250000000 0.5226987455034395
0.2557812500000000 0.5227056721386130
0.2558593750000000 0.5227125987584850
0.2559375000000000 0.5227195253896197
0.2560156250000000 0.5227264520055445
0.2560937500000000 0.5227333786326377
0.2561718750000000 0.5227403052446135
0.2562500000000000 0.5227472318676623
0.2563281250000000 0.5227541584756866
0.2564062500000000 0.5227610850946884
0.2564843750000000 0.5227680116987593
0.2565625000000000 0.5227749383137112
0.2566406250000000 0.5227818649138266
0.2567187500000000 0.5227887915247256
0.2567968750000000 0.5227957181208831
0.2568750000000000 0.5228026447277265
0.2569531250000000 0.5228095713199242
0.2570312500000000 0.5228164979227086
0.2571093750000000 0.5228234245109451
0.2571875000000000 0.5228303511096676
0.2572656250000000 0.5228372776939403
0.2573437500000000 0.5228442042885982
0.2574218750000000 0.5228511308689053
0.2575000000000000 0.5228580574594951
0.2575781250000000 0.5228649840358348
0.2576562500000000 0.5228719106223539
0.2577343750000000 0.5228788371947238
0.2578125000000000 0.5228857637771697
0.2578906250000000 0.5228926903455675
0.2579687500000000 0.5228996169239368
0.2580468750000000 0.5229065434883610
0.2581250000000000 0.5229134700626507
0.2582031250000000 0.5229203966230989
0.2582812500000000 0.5229273231933064
0.2583593750000000 0.5229342497497763
0.2584375000000000 0.5229411763158989
0.2585156250000000 0.5229481028683886
0.2585937500000000 0.5229550294304234
0.2586718750000000 0.5229619559789304
0.2587500000000000 0.5229688825368745
0.2588281250000000 0.5229758090813968
0.2589062500000000 0.5229827356352473
0.2589843750000000 0.5229896621757832
0.2590625000000000 0.5229965887255372
0.2591406250000000 0.5230035152620842
0.2592187500000000 0.5230104418077389
0.2592968750000000 0.5230173683402951
0.2593750000000000 0.5230242948818477
0.2594531250000000 0.5230312214104104
0.2595312500000000 0.5230381479478584
0.2596093750000000 0.5230450744724259
0.2596875000000000 0.5230520010057653
0.2597656250000000 0.5230589275263361
0.2598437500000000 0.5230658540555646
0.2599218750000000 0.5230727805721359
0.2600000000000000 0.5230797070972510
0.2600781250000000 0.5230866336098208
0.2601562500000000 0.5230935601308192
0.2602343750000000 0.5231004866393855
0.2603125000000000 0.5231074131562644
0.2603906250000000 0.5231143396608251
0.2604687500000000 0.5231212661735817
0.2605468750000000 0.5231281926741348
0.2606250000000000 0.5231351191827658
0.2607031250000000 0.5231420456793092
0.2607812500000000 0.5231489721838118
0.2608593750000000 0.5231558986763434
0.2609375000000000 0.5231628251767151
0.2610156250000000 0.5231697516652328
0.2610937500000000 0.5231766781614704
0.2611718750000000 0.5231836046459719
0.2612500000000000 0.5231905311380731
0.2613281250000000 0.5231974576185562
0.2614062500000000 0.5232043841065176
0.2614843750000000 0.5232113105829805
0.2615625000000000 0.5232182370667990
0.2616406250000000 0.5232251635392400
0.2617187500000000 0.5232320900189128
0.2617968750000000 0.5232390164873293
0.2618750000000000 0.5232459429628536
0.2619531250000000 0.5232528694272437
0.2620312500000000 0.5232597958986168
0.2621093750000000 0.5232667223589782
0.2621875000000000 0.5232736488261968
0.2622656250000000 0.5232805752825281
0.2623437500000000 0.5232875017455890
0.2624218750000000 0.5232944281978879
0.2625000000000000 0.5233013546567884
0.2625781250000000 0.5233082811050526
0.2626562500000000 0.5233152075597902
0.2627343750000000 0.5233221340040174
0.2628125000000000 0.5233290604545895
0.2628906250000000 0.5233359868947776
0.2629687500000000 0.5233429133411805
0.2630468750000000 0.5233498397773277
0.2631250000000000 0.5233567662195590
0.2632031250000000 0.5233636926516629
0.2632812500000000 0.5233706190897202
0.2633593750000000 0.5233775455177784
0.2634375000000000 0.5233844719516583
0.2635156250000000 0.5233913983756689
0.2635937500000000 0.5233983248053685
0.2636718750000000 0.5234052512253300
0.2637500000000000 0.5234121776508462
0.2638281250000000 0.5234191040667560
0.2639062500000000 0.5234260304880864
0.2639843750000000 0.5234329568999422
0.2640625000000000 0.5234398833170841
0.2641406250000000 0.5234468097248837
0.2642187500000000 0.5234537361378343
0.2642968750000000 0.5234606625415753
0.2643750000000000 0.5234675889503316
0.2644531250000000 0.5234745153500121
0.2645312500000000 0.5234814417545713
0.2646093750000000 0.5234883681501898
0.2646875000000000 0.5234952945505480
0.2647656250000000 0.5235022209421025
0.2648437500000000 0.5235091473382575
0.2649218750000000 0.5235160737257455
0.2650000000000000 0.5235230001176941
0.2650781250000000 0.5235299265011142
0.2651562500000000 0.5235368528888535
0.2652343750000000 0.5235437792682027
0.2653125000000000 0.5235507056517301
0.2653906250000000 0.5235576320270069
0.2654687500000000 0.5235645584063192
0.2655468750000000 0.5235714847775212
0.2656250000000000 0.5235784111526162
0.2657031250000000 0.5235853375197412
0.2657812500000000 0.5235922638906151
0.2658593750000000 0.5235991902536613
0.2659375000000000 0.5236061166203121
0.2660156250000000 0.5236130429792769
0.2660937500000000 0.5236199693417013
0.2661718750000000 0.5236268956965826
0.2662500000000000 0.5236338220547784
0.2663281250000000 0.5236407484055738
0.2664062500000000 0.5236476747595380
0.2664843750000000 0.5236546011062455
0.2665625000000000 0.5236615274559748
0.2666406250000000 0.5236684537985928
0.2667187500000000 0.5236753801440844
0.2667968750000000 0.5236823064826106
0.2668750000000000 0.5236892328238615
0.2669531250000000 0.5236961591582935
0.2670312500000000 0.5237030854953015
0.2671093750000000 0.5237100118256365
0.2671875000000000 0.5237169381583993
0.2672656250000000 0.5237238644846355
0.2673437500000000 0.5237307908131492
0.2674218750000000 0.5237377171352848
0.2675000000000000 0.5237446434595470
0.2675781250000000 0.5237515697775800
0.2676562500000000 0.5237584960975872
0.2677343750000000 0.5237654224115152
0.2678125000000000 0.5237723487272652
0.2678906250000000 0.5237792750370865
0.2679687500000000 0.5237862013485756
0.2680468750000000 0.5237931276542883
0.2681250000000000 0.5238000539615136
0.2682031250000000 0.5238069802631153
0.2682812500000000 0.5238139065660748
0.2683593750000000 0.5238208328635628
0.2684375000000000 0.5238277591622533
0.2685156250000000 0.5238346854556261
0.2685937500000000 0.5238416117500448
0.2686718750000000 0.5238485380392998
0.2687500000000000 0.5238554643294440
0.2688281250000000 0.5238623906145790
0.2689062500000000 0.5238693169004459
0.2689843750000000 0.5238762431814585
0.2690625000000000 0.5238831694630455
0.2691406250000000 0.5238900957399339
0.2692187500000000 0.5238970220172379
0.2692968750000000 0.5239039482899999
0.2693750000000000 0.5239108745630179
0.2694531250000000 0.5239178008316513
0.2695312500000000 0.5239247271003808
0.2696093750000000 0.5239316533648835
0.2696875000000000 0.5239385796293213
0.2697656250000000 0.5239455058896912
0.2698437500000000 0.5239524321498347
0.2699218750000000 0.5239593584060696
0.2700000000000000 0.5239662846619159
0.2700781250000000 0.5239732109140135
0.2701562500000000 0.5239801371655595
0.2702343750000000 0.5239870634135183
0.2703125000000000 0.5239939896607612
0.2703906250000000 0.5240009159045784
0.2704687500000000 0.5240078421475155
0.2705468750000000 0.5240147683871893
0.2706250000000000 0.5240216946258178
0.2707031250000000 0.5240286208613459
0.2707812500000000 0.5240355470956629
0.2708593750000000 0.5240424733270429
0.2709375000000000 0.5240493995570460
0.2710156250000000 0.5240563257842753
0.2710937500000000 0.5240632520099621
0.2711718750000000 0.5240701782330383
0.2712500000000000 0.5240771044544063
0.2713281250000000 0.5240840306733267
0.2714062500000000 0.5240909568903730
0.2714843750000000 0.5240978831051361
0.2715625000000000 0.5241048093178575
0.2716406250000000 0.5241117355284611
0.2717187500000000 0.5241186617368548
0.2717968750000000 0.5241255879432969
0.2718750000000000 0.5241325141473601
0.2719531250000000 0.5241394403496382
0.2720312500000000 0.5241463665493684
0.2721093750000000 0.5241532927474800
0.2721875000000000 0.5241602189428746
0.2722656250000000 0.5241671451368175
0.2723437500000000 0.5241740713278736
0.2724218750000000 0.5241809975176455
0.2725000000000000 0.5241879237043606
0.2725781250000000 0.5241948498899592
0.2726562500000000 0.5242017760723309
0.2727343750000000 0.5242087022537535
0.2728125000000000 0.5242156284317787
0.2728906250000000 0.5242225546090232
0.2729687500000000 0.5242294807826996
0.2730468750000000 0.5242364069557639
0.2731250000000000 0.5242433331250884
0.2732031250000000 0.5242502592939701
0.2732812500000000 0.5242571854589401
0.2733593750000000 0.5242641116236371
0.2734375000000000 0.5242710377842497
0.2735156250000000 0.5242779639447596
0.2735937500000000 0.5242848901010121
0.2736718750000000 0.5242918162573327
0.2737500000000000 0.5242987424092226
0.2738281250000000 0.5243056685613514
0.2739062500000000 0.5243125947088760
0.2739843750000000 0.5243195208568110
0.2740625000000000 0.5243264469999676
0.2741406250000000 0.5243333731437059
0.2742187500000000 0.5243402992824918
0.2742968750000000 0.5243472254220317
0.2743750000000000 0.5243541515564440
0.2744531250000000 0.5243610776917828
0.2745312500000000 0.5243680038218194
0.2746093750000000 0.5243749299529543
0.2746875000000000 0.5243818560786130
0.2747656250000000 0.5243887822055416
0.2748437500000000 0.5243957083268196
0.2749218750000000 0.5244026344495392
0.2750000000000000 0.5244095605664338
0.2750781250000000 0.5244164866849425
0.2751562500000000 0.5244234127974514
0.2752343750000000 0.5244303389117464
0.2753125000000000 0.5244372650198666
0.2753906250000000 0.5244441911299460
0.2754687500000000 0.5244511172336748
0.2755468750000000 0.5244580433395364
0.2756250000000000 0.5244649694388708
0.2757031250000000 0.5244718955405123
0.2757812500000000 0.5244788216354499
0.2758593750000000 0.5244857477328686
0.2759375000000000 0.5244926738234070
0.2760156250000000 0.5244995999166006
0.2760937500000000 0.5245065260027374
0.2761718750000000 0.5245134520917026
0.2762500000000000 0.5245203781734360
0.2763281250000000 0.5245273042581705
0.2764062500000000 0.5245342303354973
0.2764843750000000 0.5245411564159986
0.2765625000000000 0.5245480824889167
0.2766406250000000 0.5245550085651823
0.2767187500000000 0.5245619346336892
0.2767968750000000 0.5245688607057168
0.2768750000000000 0.5245757867698095
0.2769531250000000 0.5245827128375967
0.2770312500000000 0.5245896388972728
0.2771093750000000 0.5245965649608169
0.2771875000000000 0.5246034910160743
0.2772656250000000 0.5246104170753725
0.2773437500000000 0.5246173431262086
0.2774218750000000 0.5246242691812587
0.2775000000000000 0.5246311952276710
0.2775781250000000 0.5246381212784703
0.2776562500000000 0.5246450473204564
0.2777343750000000 0.5246519733670023
0.2778125000000000 0.5246588994045599
0.2778906250000000 0.5246658254468498
0.2779687500000000 0.5246727514799763
0.2780468750000000 0.5246796775180076
0.2781250000000000 0.5246866035467006
0.2782031250000000 0.5246935295804711
0.2782812500000000 0.5247004556047280
0.2783593750000000 0.5247073816342347
0.2784375000000000 0.5247143076540535
0.2785156250000000 0.5247212336792936
0.2785937500000000 0.5247281596946720
0.2786718750000000 0.5247350857156430
0.2787500000000000 0.5247420117265782
0.2788281250000000 0.5247489377432780
0.2789062500000000 0.5247558637497673
0.2789843750000000 0.5247627897621935
0.2790625000000000 0.5247697157642344
0.2791406250000000 0.5247766417723844
0.2792187500000000 0.5247835677699740
0.2792968750000000 0.5247904937738458
0.2793750000000000 0.5247974197669818
0.2794531250000000 0.5248043457665724
0.2795312500000000 0.5248112717552524
0.2796093750000000 0.5248181977505592
0.2796875000000000 0.5248251237347815
0.2797656250000000 0.5248320497258011
0.2798437500000000 0.5248389757055631
0.2799218750000000 0.5248459016922934
0.2800000000000000 0.5248528276675928
0.2800781250000000 0.5248597536500313
0.2801562500000000 0.5248666796208649
0.2802343750000000 0.5248736055990095
0.2803125000000000 0.5248805315653750
0.2803906250000000 0.5248874575392229
0.2804687500000000 0.5248943835011181
0.2805468750000000 0.5249013094706669
0.2806250000000000 0.5249082354280887
0.2807031250000000 0.5249151613933363
0.2807812500000000 0.5249220873462820
0.2808593750000000 0.5249290133072260
0.2809375000000000 0.5249359392556930
0.2810156250000000 0.5249428652123310
0.2810937500000000 0.5249497911563168
0.2811718750000000 0.5249567171086463
0.2812500000000000 0.5249636430481481
0.2813281250000000 0.5249705689961670
0.2814062500000000 0.5249774949311823
0.2814843750000000 0.5249844208748876
0.2815625000000000 0.5249913468054145
0.2816406250000000 0.5249982727448034
0.2817187500000000 0.5250051986708395
0.2817968750000000 0.5250121246059094
0.2818750000000000 0.5250190505274519
0.2819531250000000 0.5250259764582005
0.2820312500000000 0.5250329023752475
0.2821093750000000 0.5250398283016717
0.2821875000000000 0.5250467542142204
0.2822656250000000 0.5250536801363185
0.2823437500000000 0.5250606060443657
0.2824218750000000 0.5250675319621355
0.2825000000000000 0.5250744578656789
0.2825781250000000 0.5250813837791177
0.2826562500000000 0.5250883096781543
0.2827343750000000 0.5250952355872600
0.2828125000000000 0.5251021614817875
0.2828906250000000 0.5251090873865574
0.2829687500000000 0.5251160132765732
0.2830468750000000 0.5251229391770050
0.2831250000000000 0.5251298650625064
0.2832031250000000 0.5251367909585979
0.2832812500000000 0.5251437168395821
0.2833593750000000 0.5251506427313309
0.2834375000000000 0.5251575686077949
0.2835156250000000 0.5251644944951991
0.2835937500000000 0.5251714203671403
0.2836718750000000 0.5251783462501974
0.2837500000000000 0.5251852721176131
0.2838281250000000 0.5251921979963209
0.2839062500000000 0.5251991238592083
0.2839843750000000 0.5252060497335646
0.2840625000000000 0.5252129755919207
0.2841406250000000 0.5252199014619235
0.2842187500000000 0.5252268273157455
0.2842968750000000 0.5252337531813923
0.2843750000000000 0.5252406790306779
0.2844531250000000 0.5252476048919661
0.2845312500000000 0.5252545307367121
0.2846093750000000 0.5252614565936404
0.2846875000000000 0.5252683824338436
0.2847656250000000 0.5252753082864097
0.2848437500000000 0.5252822341220673
0.2849218750000000 0.5252891599702687
0.2850000000000000 0.5252960858013787
0.2850781250000000 0.5253030116452125
0.2851562500000000 0.5253099374717721
0.2852343750000000 0.5253168633112364
0.2853125000000000 0.5253237891332430
0.2853906250000000 0.5253307149683352
0.2854687500000000 0.5253376407857859
0.2855468750000000 0.5253445666165036
0.2856250000000000 0.5253514924293960
0.2857031250000000 0.5253584182557374
0.2857812500000000 0.5253653440640680
0.2858593750000000 0.5253722698860309
0.2859375000000000 0.5253791956897972
0.2860156250000000 0.5253861215073794
0.2860937500000000 0.5253930473065787
0.2861718750000000 0.5253999731197774
0.2862500000000000 0.5254068989144073
0.2863281250000000 0.5254138247232204
0.2864062500000000 0.5254207505132777
0.2864843750000000 0.5254276763177029
0.2865625000000000 0.5254346021031856
0.2866406250000000 0.5254415279032204
0.2867187500000000 0.5254484536841253
0.2867968750000000 0.5254553794797675
0.2868750000000000 0.5254623052560922
0.2869531250000000 0.5254692310473390
0.2870312500000000 0.5254761568190812
0.2871093750000000 0.5254830826059306
0.2871875000000000 0.5254900083730869
0.2872656250000000 0.5254969341555366
0.2873437500000000 0.5255038599181048
0.2874218750000000 0.5255107856961522
0.2875000000000000 0.5255177114541296
0.2875781250000000 0.5255246372277721
0.2876562500000000 0.5255315629811564
0.2877343750000000 0.5255384887503917
0.2878125000000000 0.5255454144991804
0.2878906250000000 0.5255523402640058
0.2879687500000000 0.5255592660081959
0.2880468750000000 0.5255661917686094
0.2881250000000000 0.5255731175081985
0.2882031250000000 0.5255800432641974
0.2882812500000000 0.5255869689991829
0.2883593750000000 0.5255938947507646
0.2884375000000000 0.5256008204811442
0.2885156250000000 0.5256077462283065
0.2885937500000000 0.5256146719540773
0.2886718750000000 0.5256215976968175
0.2887500000000000 0.5256285234179774
0.2888281250000000 0.5256354491562926
0.2889062500000000 0.5256423748728396
0.2889843750000000 0.5256493006067267
0.2890625000000000 0.5256562263186586
0.2891406250000000 0.5256631520481152
0.2892187500000000 0.5256700777554294
0.2892968750000000 0.5256770034804530
0.2893750000000000 0.5256839291831469
0.2894531250000000 0.5256908549037347
0.2895312500000000 0.5256977806018064
0.2896093750000000 0.5257047063179554
0.2896875000000000 0.5257116320114024
0.2897656250000000 0.5257185577231103
0.2898437500000000 0.5257254834119299
0.2899218750000000 0.5257324091191943
0.2900000000000000 0.5257393348033843
0.2900781250000000 0.5257462605062022
0.2901562500000000 0.5257531861857603
0.2902343750000000 0.5257601118841290
0.2903125000000000 0.5257670375590532
0.2903906250000000 0.5257739632529695
0.2904687500000000 0.5257808889232578
0.2905468750000000 0.5257878146127192
0.2906250000000000 0.5257947402783688
0.2907031250000000 0.5258016659633726
0.2907812500000000 0.5258085916243815
0.2908593750000000 0.5258155173049244
0.2909375000000000 0.5258224429612912
0.2910156250000000 0.5258293686373702
0.2910937500000000 0.5258362942890921
0.2911718750000000 0.5258432199607047
0.2912500000000000 0.5258501456077797
0.2913281250000000 0.5258570712749228
0.2914062500000000 0.5258639969173489
0.2914843750000000 0.5258709225800193
0.2915625000000000 0.5258778482177946
0.2916406250000000 0.5258847738759893
0.2917187500000000 0.5258916995091117
0.2917968750000000 0.5258986251628280
0.2918750000000000 0.5259055507912955
0.2919531250000000 0.5259124764405302
0.2920312500000000 0.5259194020643405
0.2921093750000000 0.5259263277090911
0.2921875000000000 0.5259332533282419
0.2922656250000000 0.5259401789685052
0.2923437500000000 0.5259471045829948
0.2924218750000000 0.5259540302187676
0.2925000000000000 0.5259609558285941
0.2925781250000000 0.5259678814598735
0.2926562500000000 0.5259748070650349
0.2927343750000000 0.5259817326918174
0.2928125000000000 0.5259886582923121
0.2928906250000000 0.5259955839145949
0.2929687500000000 0.5260025095104199
0.2930468750000000 0.5260094351282010
0.2931250000000000 0.5260163607193541
0.2932031250000000 0.5260232863326300
0.2932812500000000 0.5260302119191097
0.2933593750000000 0.5260371375278771
0.2934375000000000 0.5260440631096817
0.2935156250000000 0.5260509887139375
0.2935937500000000 0.5260579142910644
0.2936718750000000 0.5260648398908061
0.2937500000000000 0.5260717654632534
0.2938281250000000 0.5260786910584776
0.2939062500000000 0.5260856166262436
0.2939843750000000 0.5260925422169471
0.2940625000000000 0.5260994677800299
0.2941406250000000 0.5261063933662097
0.2942187500000000 0.5261133189246071
0.2942968750000000 0.5261202445062603
0.2943750000000000 0.5261271700599703
0.2944531250000000 0.5261340956370936
0.2945312500000000 0.5261410211861148
0.2946093750000000 0.5261479467587048
0.2946875000000000 0.5261548723030350
0.2947656250000000 0.5261617978710891
0.2948437500000000 0.5261687234107262
0.2949218750000000 0.5261756489742413
0.2950000000000000 0.5261825745091829
0.2950781250000000 0.5261895000681561
0.2951562500000000 0.5261964255984006
0.2952343750000000 0.5262033511528286
0.2953125000000000 0.5262102766783745
0.2953906250000000 0.5262172022282537
0.2954687500000000 0.5262241277490989
0.2955468750000000 0.5262310532944267
0.2956250000000000 0.5262379788105690
0.2957031250000000 0.5262449043513423
0.2957812500000000 0.5262518298627799
0.2958593750000000 0.5262587553989956
0.2959375000000000 0.5262656809057260
0.2960156250000000 0.5262726064373815
0.2960937500000000 0.5262795319394035
0.2961718750000000 0.5262864574664945
0.2962500000000000 0.5262933829638062
0.2963281250000000 0.5263003084863301
0.2964062500000000 0.5263072339789293
0.2964843750000000 0.5263141594968835
0.2965625000000000 0.5263210849847678
0.2966406250000000 0.5263280104981490
0.2967187500000000 0.5263349359813173
0.2967968750000000 0.5263418614901216
0.2968750000000000 0.5263487869685721
0.2969531250000000 0.5263557124727970
0.2970312500000000 0.5263626379465269
0.2971093750000000 0.5263695634461699
0.2971875000000000 0.5263764889151770
0.2972656250000000 0.5263834144102348
0.2973437500000000 0.5263903398745178
0.2974218750000000 0.5263972653649869
0.2975000000000000 0.5264041908245437
0.2975781250000000 0.5264111163104213
0.2976562500000000 0.5264180417652499
0.2977343750000000 0.5264249672465329
0.2978125000000000 0.5264318926966313
0.2978906250000000 0.5264388181733164
0.2979687500000000 0.5264457436186832
0.2980468750000000 0.5264526690907668
0.2981250000000000 0.5264595945314002
0.2982031250000000 0.5264665199988794
0.2982812500000000 0.5264734454347771
0.2983593750000000 0.5264803708976491
0.2984375000000000 0.5264872963288091
0.2985156250000000 0.5264942217870706
0.2985937500000000 0.5265011472134912
0.2986718750000000 0.5265080726671393
0.2987500000000000 0.5265149980888181
0.2988281250000000 0.5265219235378494
0.2989062500000000 0.5265288489547851
0.2989843750000000 0.5265357743991967
0.2990625000000000 0.5265426998113869
0.2991406250000000 0.5265496252511758
0.2992187500000000 0.5265565506586187
0.2992968750000000 0.5265634760937813
0.2993750000000000 0.5265704014964755
0.2994531250000000 0.5265773269270084
0.2995312500000000 0.5265842523249517
0.2996093750000000 0.5265911777508526
0.2996875000000000 0.5265981031440425
0.2997656250000000 0.5266050285653083
0.2998437500000000 0.5266119539537435
0.2999218750000000 0.5266188793703707
0.3000000000000000 0.5266258047540486
0.3000781250000000 0.5266327301660348
0.3001562500000000 0.5266396555449537
0.3002343750000000 0.5266465809522952
0.3003125000000000 0.5266535063264532
0.3003906250000000 0.5266604317291472
0.3004687500000000 0.5266673570985427
0.3005468750000000 0.5266742824965852
0.3006250000000000 0.5266812078612166
0.3007031250000000 0.5266881332546046
0.3007812500000000 0.5266950586144695
0.3008593750000000 0.5267019840032007
0.3009375000000000 0.5267089093582972
0.3010156250000000 0.5267158347423678
0.3010937500000000 0.5267227600926940
0.3011718750000000 0.5267296854721015
0.3012500000000000 0.5267366108176550
0.3013281250000000 0.5267435361923966
0.3014062500000000 0.5267504615331754
0.3014843750000000 0.5267573869032472
0.3015625000000000 0.5267643122392505
0.3016406250000000 0.5267712376046486
0.3017187500000000 0.5267781629358746
0.3017968750000000 0.5267850882965968
0.3018750000000000 0.5267920136230426
0.3019531250000000 0.5267989389790858
0.3020312500000000 0.5268058643007500
0.3021093750000000 0.5268127896521106
0.3021875000000000 0.5268197149689915
0.3022656250000000 0.5268266403156665
0.3023437500000000 0.5268335656277620
0.3024218750000000 0.5268404909697483
0.3025000000000000 0.5268474162770568
0.3025781250000000 0.5268543416143505
0.3026562500000000 0.5268612669168703
0.3027343750000000 0.5268681922494686
0.3028125000000000 0.5268751175471978
0.3028906250000000 0.5268820428750974
0.3029687500000000 0.5268889681680344
0.3030468750000000 0.5268958934912319
0.3031250000000000 0.5269028187793748
0.3032031250000000 0.5269097440978671
0.3032812500000000 0.5269166693812141
0.3033593750000000 0.5269235946949976
0.3034375000000000 0.5269305199735469
0.3035156250000000 0.5269374452826190
0.3035937500000000 0.5269443705563687
0.3036718750000000 0.5269512958607258
0.3037500000000000 0.5269582211296739
0.3038281250000000 0.5269651464293130
0.3039062500000000 0.5269720716934579
0.3039843750000000 0.5269789969883756
0.3040625000000000 0.5269859222477151
0.3041406250000000 0.5269928475379090
0.3042187500000000 0.5269997727924409
0.3042968750000000 0.5270066980779077
0.3043750000000000 0.5270136233276300
0.3044531250000000 0.5270205486083663
0.3045312500000000 0.5270274738532779
0.3046093750000000 0.5270343991292803
0.3046875000000000 0.5270413243693789
0.3047656250000000 0.5270482496406446
0.3048437500000000 0.5270551748759283
0.3049218750000000 0.5270621001424537
0.3050000000000000 0.5270690253729210
0.3050781250000000 0.5270759506347032
0.3051562500000000 0.5270828758603516
0.3052343750000000 0.5270898011173878
0.3053125000000000 0.5270967263382160
0.3053906250000000 0.5271036515905018
0.3054687500000000 0.5271105768065089
0.3055468750000000 0.5271175020540407
0.3056250000000000 0.5271244272652242
0.3057031250000000 0.5271313525080000
0.3057812500000000 0.5271382777143575
0.3058593750000000 0.5271452029523741
0.3059375000000000 0.5271521281539039
0.3060156250000000 0.5271590533871581
0.3060937500000000 0.5271659785838582
0.3061718750000000 0.5271729038123466
0.3062500000000000 0.5271798290042156
0.3063281250000000 0.5271867542279346
0.3064062500000000 0.5271936794149708
0.3064843750000000 0.5272006046339177
0.3065625000000000 0.5272075298161186
0.3066406250000000 0.5272144550302902
0.3067187500000000 0.5272213802076547
0.3067968750000000 0.5272283054170469
0.3068750000000000 0.5272352305895732
0.3069531250000000 0.5272421557941837
0.3070312500000000 0.5272490809618693
0.3071093750000000 0.5272560061616945
0.3071875000000000 0.5272629313245379
0.3072656250000000 0.5272698565195751
0.3073437500000000 0.5272767816775744
0.3074218750000000 0.5272837068678197
0.3075000000000000 0.5272906320209731
0.3075781250000000 0.5272975572064236
0.3076562500000000 0.5273044823547294
0.3077343750000000 0.5273114075353821
0.3078125000000000 0.5273183326788377
0.3078906250000000 0.5273252578546896
0.3079687500000000 0.5273321829932937
0.3080468750000000 0.5273391081643414
0.3081250000000000 0.5273460332980917
0.3082031250000000 0.5273529584643318
0.3082812500000000 0.5273598835932273
0.3083593750000000 0.5273668087546567
0.3084375000000000 0.5273737338786949
0.3085156250000000 0.5273806590353105
0.3085937500000000 0.5273875841544897
0.3086718750000000 0.5273945093062882
0.3087500000000000 0.5274014344206065
0.3088281250000000 0.5274083595675850
0.3089062500000000 0.5274152846770406
0.3089843750000000 0.5274222098191954
0.3090625000000000 0.5274291349237863
0.3091406250000000 0.5274360600611148
0.3092187500000000 0.5274429851608392
0.3092968750000000 0.5274499102933378
0.3093750000000000 0.5274568353881940
0.3094531250000000 0.5274637605158593
0.3095312500000000 0.5274706856058452
0.3096093750000000 0.5274776107286748
0.3096875000000000 0.5274845358137883
0.3097656250000000 0.5274914609317788
0.3098437500000000 0.5274983860120183
0.3099218750000000 0.5275053111251666
0.3100000000000000 0.5275122362005297
0.3100781250000000 0.5275191613088325
0.3101562500000000 0.5275260863793177
0.3102343750000000 0.5275330114827718
0.3103125000000000 0.5275399365483776
0.3103906250000000 0.5275468616469792
0.3104687500000000 0.5275537867077039
0.3105468750000000 0.5275607118014500
0.3106250000000000 0.5275676368572919
0.3107031250000000 0.5275745619461788
0.3107812500000000 0.5275814869971361
0.3108593750000000 0.5275884120811610
0.3109375000000000 0.5275953371272318
0.3110156250000000 0.5276022622063913
0.3110937500000000 0.5276091872475740
0.3111718750000000 0.5276161123218646
0.3112500000000000 0.5276230373581570
0.3113281250000000 0.5276299624275759
0.3114062500000000 0.5276368874589761
0.3114843750000000 0.5276438125235204
0.3115625000000000 0.5276507375500264
0.3116406250000000 0.5276576626096927
0.3117187500000000 0.5276645876313025
0.3117968750000000 0.5276715126860881
0.3118750000000000 0.5276784377027994
0.3119531250000000 0.5276853627527015
0.3120312500000000 0.5276922877645123
0.3121093750000000 0.5276992128095279
0.3121875000000000 0.5277061378164360
0.3122656250000000 0.5277130628565617
0.3123437500000000 0.5277199878585657
0.3124218750000000 0.5277269128937983
0.3125000000000000 0.5277338378908959
0.3125781250000000 0.5277407629212321
0.3126562500000000 0.5277476879134223
0.3127343750000000 0.5277546129388582
0.3128125000000000 0.5277615379261391
0.3128906250000000 0.5277684629466719
0.3129687500000000 0.5277753879290414
0.3130468750000000 0.5277823129446685
0.3131250000000000 0.5277892379221241
0.3132031250000000 0.5277961629328423
0.3132812500000000 0.5278030879053824
0.3133593750000000 0.5278100129111881
0.3134375000000000 0.5278169378788111
0.3135156250000000 0.5278238628797013
0.3135937500000000 0.5278307878424051
0.3136718750000000 0.5278377128383767
0.3137500000000000 0.5278446377961593
0.3138281250000000 0.5278515627872090
0.3139062500000000 0.5278584877400684
0.3139843750000000 0.5278654127261938
0.3140625000000000 0.5278723376741281
0.3141406250000000 0.5278792626553250
0.3142187500000000 0.5278861875983332
0.3142968750000000 0.5278931125745984
0.3143750000000000 0.5279000375126779
0.3144531250000000 0.5279069624840089
0.3145312500000000 0.5279138874171574
0.3146093750000000 0.5279208123835512
0.3146875000000000 0.5279277373117668
0.3147656250000000 0.5279346622732206
0.3148437500000000 0.5279415871965004
0.3149218750000000 0.5279485121530118
0.3150000000000000 0.5279554370713543
0.3150781250000000 0.5279623620229194
0.3151562500000000 0.5279692869363228
0.3152343750000000 0.5279762118829385
0.3153125000000000 0.5279831367914011
0.3153906250000000 0.5279900617330643
0.3154687500000000 0.5279969866365838
0.3155468750000000 0.5280039115732912
0.3156250000000000 0.5280108364718662
0.3157031250000000 0.5280177614036147
0.3157812500000000 0.5280246862972431
0.3158593750000000 0.5280316112240294
0.3159375000000000 0.5280385361127093
0.3160156250000000 0.5280454610345305
0.3160937500000000 0.5280523859182600
0.3161718750000000 0.5280593108351128
0.3162500000000000 0.5280662357138897
0.3163281250000000 0.5280731606257715
0.3164062500000000 0.5280800854995935
0.3164843750000000 0.5280870104065011
0.3165625000000000 0.5280939352753665
0.3166406250000000 0.5281008601772966
0.3167187500000000 0.5281077850412037
0.3167968750000000 0.5281147099381530
0.3168750000000000 0.5281216347970997
0.3169531250000000 0.5281285596890656
0.3170312500000000 0.5281354845430495
0.3171093750000000 0.5281424094300288
0.3171875000000000 0.5281493342790486
0.3172656250000000 0.5281562591610378
0.3173437500000000 0.5281631840050914
0.3174218750000000 0.5281701088820876
0.3175000000000000 0.5281770337211728
0.3175781250000000 0.5281839585931729
0.3176562500000000 0.5281908834272879
0.3177343750000000 0.5281978082942891
0.3178125000000000 0.5282047331234313
0.3178906250000000 0.5282116579854308
0.3179687500000000 0.5282185828095984
0.3180468750000000 0.5282255076665927
0.3181250000000000 0.5282324324857842
0.3182031250000000 0.5282393573377699
0.3182812500000000 0.5282462821519831
0.3183593750000000 0.5282532069989577
0.3184375000000000 0.5282601318081903
0.3185156250000000 0.5282670566501507
0.3185937500000000 0.5282739814544010
0.3186718750000000 0.5282809062913438
0.3187500000000000 0.5282878310906096
0.3188281250000000 0.5282947559225319
0.3189062500000000 0.5283016807168115
0.3189843750000000 0.5283086055437102
0.3190625000000000 0.5283155303330014
0.3191406250000000 0.5283224551548735
0.3192187500000000 0.5283293799391745
0.3192968750000000 0.5283363047560166
0.3193750000000000 0.5283432295353253
0.3194531250000000 0.5283501543471347
0.3195312500000000 0.5283570791214489
0.3196093750000000 0.5283640039282225
0.3196875000000000 0.5283709286975405
0.3197656250000000 0.5283778534992750
0.3198437500000000 0.5283847782635946
0.3199218750000000 0.5283917030602870
0.3200000000000000 0.5283986278196067
0.3200781250000000 0.5284055526112537
0.3201562500000000 0.5284124773655712
0.3202343750000000 0.5284194021521699
0.3203125000000000 0.5284263269014828
0.3203906250000000 0.5284332516830306
0.3204687500000000 0.5284401764273373
0.3205468750000000 0.5284471012038304
0.3206250000000000 0.5284540259431291
0.3207031250000000 0.5284609507145646
0.3207812500000000 0.5284678754488529
0.3208593750000000 0.5284748002152282
0.3209375000000000 0.5284817249445039
0.3210156250000000 0.5284886497058161
0.3210937500000000 0.5284955744300770
0.3211718750000000 0.5285024991863229
0.3212500000000000 0.5285094239055673
0.3213281250000000 0.5285163486567435
0.3214062500000000 0.5285232733709697
0.3214843750000000 0.5285301981170731
0.3215625000000000 0.5285371228262788
0.3216406250000000 0.5285440475673069
0.3217187500000000 0.5285509722714898
0.3217968750000000 0.5285578970074393
0.3218750000000000 0.5285648217065978
0.3219531250000000 0.5285717464374653
0.3220312500000000 0.5285786711315972
0.3221093750000000 0.5285855958573803
0.3221875000000000 0.5285925205464830
0.3222656250000000 0.5285994452671791
0.3223437500000000 0.5286063699512502
0.3224218750000000 0.5286132946668559
0.3225000000000000 0.5286202193458943
0.3225781250000000 0.5286271440564062
0.3226562500000000 0.5286340687304097
0.3227343750000000 0.5286409934358250
0.3228125000000000 0.5286479181047915
0.3228906250000000 0.5286548428051071
0.3229687500000000 0.5286617674690344
0.3230468750000000 0.5286686921642475
0.3231250000000000 0.5286756168231336
0.3232031250000000 0.5286825415132407
0.3232812500000000 0.5286894661670837
0.3233593750000000 0.5286963908520823
0.3234375000000000 0.5287033155008799
0.3235156250000000 0.5287102401807667
0.3235937500000000 0.5287171648245169
0.3236718750000000 0.5287240894992892
0.3237500000000000 0.5287310141379897
0.3238281250000000 0.5287379388076445
0.3239062500000000 0.5287448634412936
0.3239843750000000 0.5287517881058275
0.3240625000000000 0.5287587127344231
0.3241406250000000 0.5287656373938330
0.3242187500000000 0.5287725620173733
0.3242968750000000 0.5287794866716563
0.3243750000000000 0.5287864112901389
0.3244531250000000 0.5287933359392923
0.3245312500000000 0.5288002605527150
0.3246093750000000 0.5288071851967360
0.3246875000000000 0.5288141098050961
0.3247656250000000 0.5288210344439820
0.3248437500000000 0.5288279590472779
0.3249218750000000 0.5288348836810249
0.3250000000000000 0.5288418082792548
0.3250781250000000 0.5288487329078604
0.3251562500000000 0.5288556575010219
0.3252343750000000 0.5288625821244829
0.3253125000000000 0.5288695067125738
0.3253906250000000 0.5288764313308877
0.3254687500000000 0.5288833559139058
0.3255468750000000 0.5288902805270695
0.3256250000000000 0.5288972051050128
0.3257031250000000 0.5289041297130230
0.3257812500000000 0.5289110542858898
0.3258593750000000 0.5289179788887433
0.3259375000000000 0.5289249034565314
0.3260156250000000 0.5289318280542253
0.3260937500000000 0.5289387526169329
0.3261718750000000 0.5289456772094644
0.3262500000000000 0.5289526017670887
0.3263281250000000 0.5289595263544550
0.3264062500000000 0.5289664509069940
0.3264843750000000 0.5289733754891922
0.3265625000000000 0.5289803000366436
0.3266406250000000 0.5289872246136711
0.3267187500000000 0.5289941491560325
0.3267968750000000 0.5290010737278859
0.3268750000000000 0.5290079982651560
0.3269531250000000 0.5290149228318320
0.3270312500000000 0.5290218473640084
0.3271093750000000 0.5290287719255046
0.3271875000000000 0.5290356964525849
0.3272656250000000 0.5290426210088982
0.3273437500000000 0.5290495455308803
0.3274218750000000 0.5290564700820081
0.3275000000000000 0.5290633945988896
0.3275781250000000 0.5290703191448288
0.3276562500000000 0.5290772436566077
0.3277343750000000 0.5290841681973557
0.3278125000000000 0.5290910927040295
0.3278906250000000 0.5290980172395833
0.3279687500000000 0.5291049417411497
0.3280468750000000 0.5291118662715070
0.3281250000000000 0.5291187907679635
0.3282031250000000 0.5291257152931211
0.3282812500000000 0.5291326397844661
0.3283593750000000 0.5291395643044207
0.3284375000000000 0.5291464887906521
0.3285156250000000 0.5291534133054011
0.3285937500000000 0.5291603377865161
0.3286718750000000 0.5291672622960567
0.3287500000000000 0.5291741867720535
0.3288281250000000 0.5291811112763827
0.3289062500000000 0.5291880357472588
0.3289843750000000 0.5291949602463741
0.3290625000000000 0.5292018847121273
0.3291406250000000 0.5292088092060255
0.3292187500000000 0.5292157336666539
0.3292968750000000 0.5292226581553320
0.3293750000000000 0.5292295826108330
0.3294531250000000 0.5292365070942887
0.3295312500000000 0.5292434315446600
0.3296093750000000 0.5292503560228906
0.3296875000000000 0.5292572804681296
0.3297656250000000 0.5292642049411320
0.3298437500000000 0.5292711293812368
0.3299218750000000 0.5292780538490083
0.3300000000000000 0.5292849782839766
0.3300781250000000 0.5292919027465145
0.3301562500000000 0.5292988271763432
0.3302343750000000 0.5293057516336453
0.3303125000000000 0.5293126760583325
0.3303906250000000 0.5293196005103957
0.3304687500000000 0.5293265249299388
0.3305468750000000 0.5293334493767607
0.3306250000000000 0.5293403737911573
0.3307031250000000 0.5293472982327350
0.3307812500000000 0.5293542226419828
0.3308593750000000 0.5293611470783135
0.3309375000000000 0.5293680714824099
0.3310156250000000 0.5293749959134915
0.3310937500000000 0.5293819203124341
0.3311718750000000 0.5293888447382632
0.3312500000000000 0.5293957691320503
0.3313281250000000 0.5294026935526241
0.3314062500000000 0.5294096179412530
0.3314843750000000 0.5294165423565691
0.3315625000000000 0.5294234667400369
0.3316406250000000 0.5294303911500930
0.3317187500000000 0.5294373155283977
0.3317968750000000 0.5294442399331906
0.3318750000000000 0.5294511643063297
0.3319531250000000 0.5294580887058569
0.3320312500000000 0.5294650130738281
0.3321093750000000 0.5294719374680871
0.3321875000000000 0.5294788618308873
0.3322656250000000 0.5294857862198757
0.3323437500000000 0.5294927105775025
0.3324218750000000 0.5294996349612180
0.3325000000000000 0.5295065593136691
0.3325781250000000 0.5295134836921085
0.3326562500000000 0.5295204080393813
0.3327343750000000 0.5295273324125424
0.3328125000000000 0.5295342567546343
0.3328906250000000 0.5295411811225145
0.3329687500000000 0.5295481054594230
0.3330468750000000 0.5295550298220195
0.3331250000000000 0.5295619541537423
0.3332031250000000 0.5295688785110529
0.3332812500000000 0.5295758028375867
0.3333593750000000 0.5295827271896093
0.3334375000000000 0.5295896515109516
0.3335156250000000 0.5295965758576835
0.3335937500000000 0.5296035001738318
0.3336718750000000 0.5296104245152705
0.3337500000000000 0.5296173488262220
0.3338281250000000 0.5296242731623654
0.3339062500000000 0.5296311974681172
0.3339843750000000 0.5296381217989629
0.3340625000000000 0.5296450460995125
0.3341406250000000 0.5296519704250578
0.3342187500000000 0.5296588947204024
0.3342968750000000 0.5296658190406454
0.3343750000000000 0.5296727433307823
0.3344531250000000 0.5296796676457204
0.3345312500000000 0.5296865919306465
0.3346093750000000 0.5296935162402779
0.3346875000000000 0.5297004405199902
0.3347656250000000 0.5297073648243125
0.3348437500000000 0.5297142890988085
0.3349218750000000 0.5297212133978191
0.3350000000000000 0.5297281376670960
0.3350781250000000 0.5297350619607929
0.3351562500000000 0.5297419862248479
0.3352343750000000 0.5297489105132286
0.3353125000000000 0.5297558347720589
0.3353906250000000 0.5297627590551210
0.3354687500000000 0.5297696833087240
0.3355468750000000 0.5297766075864655
0.3356250000000000 0.5297835318348381
0.3357031250000000 0.5297904561072563
0.3357812500000000 0.5297973803503957
0.3358593750000000 0.5298043046174892
0.3359375000000000 0.5298112288553921
0.3360156250000000 0.5298181531171582
0.3360937500000000 0.5298250773498222
0.3361718750000000 0.5298320016062589
0.3362500000000000 0.5298389258336804
0.3363281250000000 0.5298458500847860
0.3364062500000000 0.5298527743069623
0.3364843750000000 0.5298596985527342
0.3365625000000000 0.5298666227696626
0.3366406250000000 0.5298735470100986
0.3367187500000000 0.5298804712217758
0.3367968750000000 0.5298873954568739
0.3368750000000000 0.5298943196632970
0.3369531250000000 0.5299012438930560
0.3370312500000000 0.5299081680942210
0.3371093750000000 0.5299150923186385
0.3371875000000000 0.5299220165145432
0.3372656250000000 0.5299289407336171
0.3373437500000000 0.5299358649242576
0.3374218750000000 0.5299427891379862
0.3375000000000000 0.5299497133233599
0.3375781250000000 0.5299566375317412
0.3376562500000000 0.5299635617118447
0.3377343750000000 0.5299704859148766
0.3378125000000000 0.5299774100897068
0.3378906250000000 0.5299843342873876
0.3379687500000000 0.5299912584569412
0.3380468750000000 0.5299981826492688
0.3381250000000000 0.5300051068135428
0.3382031250000000 0.5300120310005154
0.3382812500000000 0.5300189551595067
0.3383593750000000 0.5300258793411220
0.3384375000000000 0.5300328034948274
0.3385156250000000 0.5300397276710842
0.3385937500000000 0.5300466518194994
0.3386718750000000 0.5300535759903965
0.3387500000000000 0.5300605001335181
0.3388281250000000 0.5300674242990537
0.3389062500000000 0.5300743484368788
0.3389843750000000 0.5300812725970506
0.3390625000000000 0.5300881967295756
0.3391406250000000 0.5300951208843827
0.3392187500000000 0.5301020450116041
0.3392968750000000 0.5301089691610442
0.3393750000000000 0.5301158932829586
0.3394531250000000 0.5301228174270304
0.3395312500000000 0.5301297415436345
0.3396093750000000 0.5301366656823359
0.3396875000000000 0.5301435897936262
0.3397656250000000 0.5301505139269559
0.3398437500000000 0.5301574380329286
0.3399218750000000 0.5301643621608854
0.3400000000000000 0.5301712862615370
0.3400781250000000 0.5301782103841192
0.3401562500000000 0.5301851344794459
0.3402343750000000 0.5301920585966521
0.3403125000000000 0.5301989826866502
0.3403906250000000 0.5302059067984789
0.3404687500000000 0.5302128308831452
0.3405468750000000 0.5302197549895944
0.3406250000000000 0.5302266790689255
0.3407031250000000 0.5302336031699938
0.3407812500000000 0.5302405272439862
0.3408593750000000 0.5302474513396721
0.3409375000000000 0.5302543754083220
0.3410156250000000 0.5302612994986240
0.3410937500000000 0.5302682235619276
0.3411718750000000 0.5302751476468445
0.3412500000000000 0.5302820717047985
0.3413281250000000 0.5302889957843282
0.3414062500000000 0.5302959198369286
0.3414843750000000 0.5303028439110710
0.3415625000000000 0.5303097679583133
0.3416406250000000 0.5303166920270669
0.3417187500000000 0.5303236160689474
0.3417968750000000 0.5303305401323111
0.3418750000000000 0.5303374641688261
0.3419531250000000 0.5303443882267981
0.3420312500000000 0.5303513122579440
0.3421093750000000 0.5303582363105231
0.3421875000000000 0.5303651603362961
0.3422656250000000 0.5303720843834810
0.3423437500000000 0.5303790084038770
0.3424218750000000 0.5303859324456672
0.3425000000000000 0.5303928564606817
0.3425781250000000 0.5303997804970761
0.3426562500000000 0.5304067045067050
0.3427343750000000 0.5304136285377026
0.3428125000000000 0.5304205525419423
0.3428906250000000 0.5304274765675416
0.3429687500000000 0.5304344005663884
0.3430468750000000 0.5304413245865879
0.3431250000000000 0.5304482485800373
0.3432031250000000 0.5304551725948368
0.3432812500000000 0.5304620965828843
0.3433593750000000 0.5304690205922832
0.3434375000000000 0.5304759445749248
0.3435156250000000 0.5304828685789215
0.3435937500000000 0.5304897925561531
0.3436718750000000 0.5304967165547466
0.3437500000000000 0.5305036405265644
0.3438281250000000 0.5305105645197540
0.3439062500000000 0.5305174884861537
0.3439843750000000 0.5305244124739386
0.3440625000000000 0.5305313364349149
0.3441406250000000 0.5305382604172948
0.3442187500000000 0.5305451843728439
0.3442968750000000 0.5305521083498178
0.3443750000000000 0.5305590322999353
0.3444531250000000 0.5305659562715025
0.3445312500000000 0.5305728802161839
0.3446093750000000 0.5305798041823435
0.3446875000000000 0.5305867281215847
0.3447656250000000 0.5305936520823362
0.3448437500000000 0.5306005760161326
0.3449218750000000 0.5306074999714753
0.3450000000000000 0.5306144238998221
0.3450781250000000 0.5306213478497556
0.3451562500000000 0.5306282717726483
0.3452343750000000 0.5306351957171719
0.3453125000000000 0.5306421196346062
0.3453906250000000 0.5306490435737191
0.3454687500000000 0.5306559674856904
0.3455468750000000 0.5306628914193928
0.3456250000000000 0.5306698153258960
0.3457031250000000 0.5306767392541872
0.3457812500000000 0.5306836631552178
0.3458593750000000 0.5306905870780974
0.3459375000000000 0.5306975109736505
0.3460156250000000 0.5307044348911183
0.3460937500000000 0.5307113587811892
0.3461718750000000 0.5307182826932447
0.3462500000000000 0.5307252065778286
0.3463281250000000 0.5307321304844717
0.3464062500000000 0.5307390543635638
0.3464843750000000 0.5307459782647937
0.3465625000000000 0.5307529021383899
0.3466406250000000 0.5307598260342060
0.3467187500000000 0.5307667499023011
0.3467968750000000 0.5307736737927033
0.3468750000000000 0.5307805976552926
0.3469531250000000 0.5307875215402812
0.3470312500000000 0.5307944453973591
0.3471093750000000 0.5308013692769340
0.3471875000000000 0.5308082931284958
0.3472656250000000 0.5308152170026568
0.3473437500000000 0.5308221408486968
0.3474218750000000 0.5308290647174445
0.3475000000000000 0.5308359885579577
0.3475781250000000 0.5308429124212922
0.3476562500000000 0.5308498362562730
0.3477343750000000 0.5308567601141940
0.3478125000000000 0.5308636839436380
0.3478906250000000 0.5308706077961455
0.3479687500000000 0.5308775316200474
0.3480468750000000 0.5308844554671416
0.3481250000000000 0.5308913792854957
0.3482031250000000 0.5308983031271771
0.3482812500000000 0.5309052269399777
0.3483593750000000 0.5309121507762471
0.3484375000000000 0.5309190745834889
0.3485156250000000 0.5309259984143458
0.3485937500000000 0.5309329222160237
0.3486718750000000 0.5309398460414685
0.3487500000000000 0.5309467698375770
0.3488281250000000 0.5309536936576106
0.3489062500000000 0.5309606174481439
0.3489843750000000 0.5309675412627664
0.3490625000000000 0.5309744650477191
0.3491406250000000 0.5309813888569310
0.3492187500000000 0.5309883126362973
0.3492968750000000 0.5309952364400993
0.3493750000000000 0.5310021602138734
0.3494531250000000 0.5310090840122667
0.3495312500000000 0.5310160077804420
0.3496093750000000 0.5310229315734274
0.3496875000000000 0.5310298553359983
0.3497656250000000 0.5310367791235769
0.3498437500000000 0.5310437028805370
0.3499218750000000 0.5310506266627093
0.3500000000000000 0.5310575504140534
0.3500781250000000 0.5310644741908200
0.3501562500000000 0.5310713979365419
0.3502343750000000 0.5310783217079040
0.3503125000000000 0.5310852454479974
0.3503906250000000 0.5310921692139563
0.3504687500000000 0.5310990929484146
0.3505468750000000 0.5311060167089715
0.3506250000000000 0.5311129404377886
0.3507031250000000 0.5311198641929449
0.3507812500000000 0.5311267879161140
0.3508593750000000 0.5311337116658708
0.3509375000000000 0.5311406353833861
0.3510156250000000 0.5311475591277443
0.3510937500000000 0.5311544828395995
0.3511718750000000 0.5311614065785607
0.3512500000000000 0.5311683302847487
0.3513281250000000 0.5311752540183147
0.3514062500000000 0.5311821777188293
0.3514843750000000 0.5311891014470009
0.3515625000000000 0.5311960251418355
0.3516406250000000 0.5312029488646148
0.3517187500000000 0.5312098725537622
0.3517968750000000 0.5312167962711509
0.3518750000000000 0.5312237199546044
0.3519531250000000 0.5312306436666042
0.3520312500000000 0.5312375673443569
0.3521093750000000 0.5312444910509697
0.3521875000000000 0.5312514147230148
0.3522656250000000 0.5312583384242420
0.3523437500000000 0.5312652620905725
0.3524218750000000 0.5312721857864164
0.3525000000000000 0.5312791094470249
0.3525781250000000 0.5312860331374878
0.3526562500000000 0.5312929567923669
0.3527343750000000 0.5312998804774509
0.3528125000000000 0.5313068041265934
0.3528906250000000 0.5313137278063008
0.3529687500000000 0.5313206514496991
0.3530468750000000 0.5313275751240325
0.3531250000000000 0.5313344987616787
0.3532031250000000 0.5313414224306409
0.3532812500000000 0.5313483460625275
0.3533593750000000 0.5313552697261203
0.3534375000000000 0.5313621933522401
0.3535156250000000 0.5313691170104663
0.3535937500000000 0.5313760406308111
0.3536718750000000 0.5313829642836736
0.3537500000000000 0.5313898878982359
0.3538281250000000 0.5313968115457370
0.3539062500000000 0.5314037351545087
0.3539843750000000 0.5314106587966519
0.3540625000000000 0.5314175823996243
0.3541406250000000 0.5314245060364128
0.3542187500000000 0.5314314296335783
0.3542968750000000 0.5314383532650144
0.3543750000000000 0.5314452768563648
0.3544531250000000 0.5314522004824520
0.3545312500000000 0.5314591240679791
0.3546093750000000 0.5314660476887204
0.3546875000000000 0.5314729712684153
0.3547656250000000 0.5314798948838149
0.3548437500000000 0.5314868184576688
0.3549218750000000 0.5314937420677299
0.3550000000000000 0.5315006656357341
0.3550781250000000 0.5315075892404606
0.3551562500000000 0.5315145128026064
0.3552343750000000 0.5315214364020016
0.3553125000000000 0.5315283599582805
0.3553906250000000 0.5315352835523480
0.3554687500000000 0.5315422071027509
0.3555468750000000 0.5315491306914948
0.3556250000000000 0.5315560542360127
0.3557031250000000 0.5315629778194371
0.3557812500000000 0.5315699013580604
0.3558593750000000 0.5315768249361695
0.3559375000000000 0.5315837484688892
0.3560156250000000 0.5315906720416871
0.3560937500000000 0.5315975955684935
0.3561718750000000 0.5316045191359849
0.3562500000000000 0.5316114426568681
0.3563281250000000 0.5316183662190577
0.3564062500000000 0.5316252897340080
0.3564843750000000 0.5316322132909000
0.3565625000000000 0.5316391367999083
0.3566406250000000 0.5316460603515075
0.3567187500000000 0.5316529838545632
0.3567968750000000 0.5316599074008750
0.3568750000000000 0.5316668308979678
0.3569531250000000 0.5316737544389971
0.3570312500000000 0.5316806779301172
0.3571093750000000 0.5316876014658687
0.3571875000000000 0.5316945249510058
0.3572656250000000 0.5317014484814848
0.3573437500000000 0.5317083719606286
0.3574218750000000 0.5317152954858405
0.3575000000000000 0.5317222189589803
0.3575781250000000 0.5317291424789310
0.3576562500000000 0.5317360659460555
0.3577343750000000 0.5317429894607504
0.3578125000000000 0.5317499129218495
0.3578906250000000 0.5317568364312942
0.3579687500000000 0.5317637598863565
0.3580468750000000 0.5317706833905576
0.3581250000000000 0.5317776068395714
0.3582031250000000 0.5317845303385351
0.3582812500000000 0.5317914537814893
0.3583593750000000 0.5317983772752217
0.3584375000000000 0.5318053007121050
0.3585156250000000 0.5318122242006122
0.3585937500000000 0.5318191476314130
0.3586718750000000 0.5318260711147023
0.3587500000000000 0.5318329945394085
0.3588281250000000 0.5318399180174856
0.3589062500000000 0.5318468414360858
0.3589843750000000 0.5318537649089583
0.3590625000000000 0.5318606883214400
0.3591406250000000 0.5318676117891143
0.3592187500000000 0.5318745351954660
0.3592968750000000 0.5318814586579491
0.3593750000000000 0.5318883820581582
0.3594531250000000 0.5318953055154579
0.3595312500000000 0.5319022289095113
0.3596093750000000 0.5319091523616353
0.3596875000000000 0.5319160757495209
0.3597656250000000 0.5319229991964766
0.3598437500000000 0.5319299225781809
0.3599218750000000 0.5319368460199759
0.3600000000000000 0.5319437693954866
0.3600781250000000 0.5319506928321290
0.3601562500000000 0.5319576162014322
0.3602343750000000 0.5319645396329304
0.3603125000000000 0.5319714629960133
0.3603906250000000 0.5319783864223750
0.3604687500000000 0.5319853097792244
0.3605468750000000 0.5319922332004582
0.3606250000000000 0.5319991565510594
0.3607031250000000 0.5320060799671746
0.3607812500000000 0.5320130033115141
0.3608593750000000 0.5320199267225192
0.3609375000000000 0.5320268500605829
0.3610156250000000 0.5320337734664873
0.3610937500000000 0.5320406967982606
0.3611718750000000 0.5320476201990729
0.3612500000000000 0.5320545435245420
0.3613281250000000 0.5320614669202719
0.3614062500000000 0.5320683902394218
0.3614843750000000 0.5320753136300790
0.3615625000000000 0.5320822369428948
0.3616406250000000 0.5320891603284889
0.3617187500000000 0.5320960836349555
0.3617968750000000 0.5321030070154971
0.3618750000000000 0.5321099303155986
0.3619531250000000 0.5321168536910982
0.3620312500000000 0.5321237769848196
0.3621093750000000 0.5321307003552873
0.3621875000000000 0.5321376236426125
0.3622656250000000 0.5321445470080590
0.3623437500000000 0.5321514702889729
0.3624218750000000 0.5321583936494083
0.3625000000000000 0.5321653169238948
0.3625781250000000 0.5321722402793304
0.3626562500000000 0.5321791635473730
0.3627343750000000 0.5321860868978204
0.3628125000000000 0.5321930101594026
0.3628906250000000 0.5321999335048729
0.3629687500000000 0.5322068567599781
0.3630468750000000 0.5322137801004828
0.3631250000000000 0.5322207033490947
0.3632031250000000 0.5322276266846452
0.3632812500000000 0.5322345499267468
0.3633593750000000 0.5322414732573553
0.3634375000000000 0.5322483964929290
0.3635156250000000 0.5322553198186080
0.3635937500000000 0.5322622430476361
0.3636718750000000 0.5322691663683983
0.3637500000000000 0.5322760895908628
0.3638281250000000 0.5322830129067212
0.3639062500000000 0.5322899361226037
0.3639843750000000 0.5322968594335712
0.3640625000000000 0.5323037826428542
0.3641406250000000 0.5323107059489436
0.3642187500000000 0.5323176291516083
0.3642968750000000 0.5323245524528337
0.3643750000000000 0.5323314756488607
0.3644531250000000 0.5323383989452362
0.3645312500000000 0.5323453221346067
0.3646093750000000 0.5323522454261461
0.3646875000000000 0.5323591686088408
0.3647656250000000 0.5323660918955584
0.3648437500000000 0.5323730150715575
0.3649218750000000 0.5323799383534679
0.3650000000000000 0.5323868615227516
0.3650781250000000 0.5323937847998698
0.3651562500000000 0.5324007079624182
0.3652343750000000 0.5324076312347588
0.3653125000000000 0.5324145543905516
0.3653906250000000 0.5324214776581303
0.3654687500000000 0.5324284008071470
0.3655468750000000 0.5324353240699787
0.3656250000000000 0.5324422472121985
0.3657031250000000 0.5324491704702993
0.3657812500000000 0.5324560936057013
0.3658593750000000 0.5324630168590870
0.3659375000000000 0.5324699399876499
0.3660156250000000 0.5324768632363373
0.3660937500000000 0.5324837863580388
0.3661718750000000 0.5324907096020444
0.3662500000000000 0.5324976327168632
0.3663281250000000 0.5325045559562037
0.3664062500000000 0.5325114790641173
0.3664843750000000 0.5325184022988105
0.3665625000000000 0.5325253253997958
0.3666406250000000 0.5325322486298596
0.3667187500000000 0.5325391717238935
0.3667968750000000 0.5325460949493463
0.3668750000000000 0.5325530180364050
0.3669531250000000 0.5325599412572652
0.3670312500000000 0.5325668643373251
0.3671093750000000 0.5325737875536111
0.3671875000000000 0.5325807106266490
0.3672656250000000 0.5325876338383791
0.3673437500000000 0.5325945569043707
0.3674218750000000 0.5326014801115643
0.3675000000000000 0.5326084031704853
0.3675781250000000 0.5326153263731619
0.3676562500000000 0.5326222494249873
0.3677343750000000 0.5326291726231667
0.3678125000000000 0.5326360956678715
0.3678906250000000 0.5326430188615736
0.3679687500000000 0.5326499418991322
0.3680468750000000 0.5326568650883783
0.3681250000000000 0.5326637881187642
0.3682031250000000 0.5326707113035755
0.3682812500000000 0.5326776343267623
0.3683593750000000 0.5326845575071598
0.3684375000000000 0.5326914805231212
0.3685156250000000 0.5326984036991265
0.3685937500000000 0.5327053267078358
0.3686718750000000 0.5327122498794705
0.3687500000000000 0.5327191728809002
0.3688281250000000 0.5327260960481873
0.3689062500000000 0.5327330190423094
0.3689843750000000 0.5327399422052713
0.3690625000000000 0.5327468651920577
0.3691406250000000 0.5327537883507184
0.3692187500000000 0.5327607113301400
0.3692968750000000 0.5327676344845227
0.3693750000000000 0.5327745574565510
0.3694531250000000 0.5327814806066798
0.3695312500000000 0.5327884035712852
0.3696093750000000 0.5327953267171844
0.3696875000000000 0.5328022496743375
0.3697656250000000 0.5328091728160318
0.3698437500000000 0.5328160957657023
0.3699218750000000 0.5328230189032171
0.3700000000000000 0.5328299418453744
0.3700781250000000 0.5328368649787351
0.3701562500000000 0.5328437879133482
0.3702343750000000 0.5328507110425810
0.3703125000000000 0.5328576339696186
0.3703906250000000 0.5328645570947498
0.3704687500000000 0.5328714800141799
0.3705468750000000 0.5328784031352367
0.3706250000000000 0.5328853260470270
0.3707031250000000 0.5328922491640367
0.3707812500000000 0.5328991720681544
0.3708593750000000 0.5329060951811448
0.3709375000000000 0.5329130180775565
0.3710156250000000 0.5329199411865562
0.3710937500000000 0.5329268640752284
0.3711718750000000 0.5329337871802654
0.3712500000000000 0.5329407100611647
0.3713281250000000 0.5329476331622681
0.3714062500000000 0.5329545560353598
0.3714843750000000 0.5329614791325592
0.3715625000000000 0.5329684019978084
0.3716406250000000 0.5329753250911335
0.3717187500000000 0.5329822479485048
0.3717968750000000 0.5329891710379868
0.3718750000000000 0.5329960938874435
0.3719531250000000 0.5330030169731140
0.3720312500000000 0.5330099398146192
0.3721093750000000 0.5330168628965097
0.3721875000000000 0.5330237857300271
0.3722656250000000 0.5330307088081693
0.3723437500000000 0.5330376316336611
0.3724218750000000 0.5330445547080879
0.3725000000000000 0.5330514775255158
0.3725781250000000 0.5330584005962606
0.3726562500000000 0.5330653234055859
0.3727343750000000 0.5330722464726827
0.3728125000000000 0.5330791692738661
0.3728906250000000 0.5330860923373485
0.3729687500000000 0.5330930151303512
0.3730468750000000 0.5330999381902536
0.3731250000000000 0.5331068609750356
0.3732031250000000 0.5331137840313933
0.3732812500000000 0.5331207068079133
0.3733593750000000 0.5331276298607628
0.3734375000000000 0.5331345526289794
0.3735156250000000 0.5331414756783569
0.3735937500000000 0.5331483984382281
0.3736718750000000 0.5331553214841710
0.3737500000000000 0.5331622442356542
0.3738281250000000 0.5331691672782001
0.3739062500000000 0.5331760900212522
0.3739843750000000 0.5331830130604392
0.3740625000000000 0.5331899357950167
0.3741406250000000 0.5331968588308836
0.3742187500000000 0.5332037815569424
0.3742968750000000 0.5332107045895280
0.3743750000000000 0.5332176273070236
0.3744531250000000 0.5332245503363680
0.3745312500000000 0.5332314730452548
0.3746093750000000 0.5332383960713988
0.3746875000000000 0.5332453187716303
0.3747656250000000 0.5332522417946154
0.3748437500000000 0.5332591644861450
0.3749218750000000 0.5332660875060127
0.3750000000000000 0.5332730101887933
0.3750781250000000 0.5332799332055864
0.3751562500000000 0.5332868558795696
0.3752343750000000 0.5332937788933314
0.3753125000000000 0.5333007015584683
0.3753906250000000 0.5333076245692429
0.3754687500000000 0.5333145472254842
0.3755468750000000 0.5333214702333157
0.3756250000000000 0.5333283928806117
0.3757031250000000 0.5333353158855456
0.3757812500000000 0.5333422385238453
0.3758593750000000 0.5333491615259273
0.3759375000000000 0.5333560841551794
0.3760156250000000 0.5333630071544562
0.3760937500000000 0.5333699297746086
0.3761718750000000 0.5333768527711272
0.3762500000000000 0.5333837753821270
0.3763281250000000 0.5333906983759361
0.3764062500000000 0.5333976209777295
0.3764843750000000 0.5334045439688774
0.3765625000000000 0.5334114665614106
0.3766406250000000 0.5334183895499467
0.3767187500000000 0.5334253121331646
0.3767968750000000 0.5334322351191391
0.3768750000000000 0.5334391576929858
0.3769531250000000 0.5334460806764497
0.3770312500000000 0.5334530032408686
0.3771093750000000 0.5334599262218741
0.3771875000000000 0.5334668487768078
0.3772656250000000 0.5334737717554073
0.3773437500000000 0.5334806943007974
0.3774218750000000 0.5334876172770444
0.3775000000000000 0.5334945398128321
0.3775781250000000 0.5335014627867806
0.3776562500000000 0.5335083853129067
0.3777343750000000 0.5335153082846110
0.3778125000000000 0.5335222308010151
0.3778906250000000 0.5335291537705311
0.3779687500000000 0.5335360762771519
0.3780468750000000 0.5335429992445360
0.3781250000000000 0.5335499217413117
0.3782031250000000 0.5335568447066211
0.3782812500000000 0.5335637671934885
0.3783593750000000 0.5335706901567817
0.3784375000000000 0.5335776126336769
0.3785156250000000 0.5335845355950130
0.3785937500000000 0.5335914580618710
0.3786718750000000 0.5335983810213101
0.3787500000000000 0.5336053034780659
0.3788281250000000 0.5336122264356683
0.3789062500000000 0.5336191488822556
0.3789843750000000 0.5336260718380829
0.3790625000000000 0.5336329942744341
0.3791406250000000 0.5336399172285493
0.3792187500000000 0.5336468396545961
0.3792968750000000 0.5336537626070627
0.3793750000000000 0.5336606850227362
0.3794531250000000 0.5336676079736183
0.3795312500000000 0.5336745303788484
0.3796093750000000 0.5336814533282115
0.3796875000000000 0.5336883757229272
0.3797656250000000 0.5336952986708374
0.3798437500000000 0.5337022210549670
0.3799218750000000 0.5337091440014915
0.3800000000000000 0.5337160663749622
0.3800781250000000 0.5337229893201694
0.3801562500000000 0.5337299116829064
0.3802343750000000 0.5337368346268661
0.3803125000000000 0.5337437569787947
0.3803906250000000 0.5337506799215769
0.3804687500000000 0.5337576022626214
0.3805468750000000 0.5337645252042968
0.3806250000000000 0.5337714475343808
0.3807031250000000 0.5337783704750220
0.3807812500000000 0.5337852927940666
0.3808593750000000 0.5337922157337470
0.3809375000000000 0.5337991380416739
0.3810156250000000 0.5338060609804670
0.3810937500000000 0.5338129832771970
0.3811718750000000 0.5338199062151782
0.3812500000000000 0.5338268285006292
0.3813281250000000 0.5338337514378756
0.3814062500000000 0.5338406737119658
0.3814843750000000 0.5338475966485544
0.3815625000000000 0.5338545189112005
0.3816406250000000 0.5338614418472102
0.3817187500000000 0.5338683640983277
0.3817968750000000 0.5338752870338382
0.3818750000000000 0.5338822092733423
0.3819531250000000 0.5338891322084336
0.3820312500000000 0.5338960544362378
0.3821093750000000 0.5339029773709921
0.3821875000000000 0.5339098995870089
0.3822656250000000 0.5339168225215088
0.3823437500000000 0.5339237447256492
0.3824218750000000 0.5339306676599797
0.3825000000000000 0.5339375898521533
0.3825781250000000 0.5339445127863994
0.3826562500000000 0.5339514349665160
0.3827343750000000 0.5339583579007637
0.3828125000000000 0.5339652800687306
0.3828906250000000 0.5339722030030688
0.3829687500000000 0.5339791251587913
0.3830468750000000 0.5339860480933091
0.3831250000000000 0.5339929702366929
0.3832031250000000 0.5339998931714801
0.3832812500000000 0.5340068153024295
0.3833593750000000 0.5340137382375776
0.3834375000000000 0.5340206603559952
0.3835156250000000 0.5340275832915968
0.3835937500000000 0.5340345053973842
0.3836718750000000 0.5340414283335331
0.3837500000000000 0.5340483504265906
0.3838281250000000 0.5340552733633823
0.3839062500000000 0.5340621954436087
0.3839843750000000 0.5340691183811396
0.3840625000000000 0.5340760404484322
0.3841406250000000 0.5340829633868006
0.3842187500000000 0.5340898854410555
0.3842968750000000 0.5340968083803612
0.3843750000000000 0.5341037304214729
0.3844531250000000 0.5341106533618162
0.3845312500000000 0.5341175753896786
0.3846093750000000 0.5341244983311610
0.3846875000000000 0.5341314203456665
0.3847656250000000 0.5341383432883918
0.3848437500000000 0.5341452652894308
0.3849218750000000 0.5341521882335041
0.3850000000000000 0.5341591102209651
0.3850781250000000 0.5341660331664931
0.3851562500000000 0.5341729551402643
0.3852343750000000 0.5341798780873542
0.3853125000000000 0.5341868000473222
0.3853906250000000 0.5341937229960831
0.3854687500000000 0.5342006449421332
0.3855468750000000 0.5342075678926753
0.3856250000000000 0.5342144898246906
0.3857031250000000 0.5342214127771265
0.3857812500000000 0.5342283346949884
0.3858593750000000 0.5342352576494324
0.3859375000000000 0.5342421795530219
0.3860156250000000 0.5342491025095881
0.3860937500000000 0.5342560243987839
0.3861718750000000 0.5342629473575894
0.3862500000000000 0.5342698692322693
0.3863281250000000 0.5342767921934318
0.3864062500000000 0.5342837140534715
0.3864843750000000 0.5342906370171113
0.3865625000000000 0.5342975588623845
0.3866406250000000 0.5343044818286234
0.3867187500000000 0.5343114036590024
0.3867968750000000 0.5343183266279633
0.3868750000000000 0.5343252484433196
0.3869531250000000 0.5343321714151270
0.3870312500000000 0.5343390932153298
0.3871093750000000 0.5343460161901102
0.3871875000000000 0.5343529379750269
0.3872656250000000 0.5343598609529084
0.3873437500000000 0.5343667827224049
0.3874218750000000 0.5343737057035173
0.3875000000000000 0.5343806274574578
0.3875781250000000 0.5343875504419322
0.3876562500000000 0.5343944721801797
0.3877343750000000 0.5344013951681493
0.3878125000000000 0.5344083168905642
0.3878906250000000 0.5344152398821641
0.3879687500000000 0.5344221615886053
0.3880468750000000 0.5344290845839722
0.3881250000000000 0.5344360062742972
0.3882031250000000 0.5344429292735693
0.3882812500000000 0.5344498509476338
0.3883593750000000 0.5344567739509513
0.3884375000000000 0.5344636956086084
0.3885156250000000 0.5344706186161138
0.3885937500000000 0.5344775402572154
0.3886718750000000 0.5344844632690525
0.3887500000000000 0.5344913848934487
0.3888281250000000 0.5344983079097630
0.3889062500000000 0.5345052295173021
0.3889843750000000 0.5345121525382418
0.3890625000000000 0.5345190741287690
0.3891406250000000 0.5345259971544840
0.3892187500000000 0.5345329187278438
0.3892968750000000 0.5345398417584851
0.3893750000000000 0.5345467633145204
0.3894531250000000 0.5345536863502413
0.3895312500000000 0.5345606078887922
0.3896093750000000 0.5345675309297484
0.3896875000000000 0.5345744524506532
0.3897656250000000 0.5345813754970025
0.3898437500000000 0.5345882970000969
0.3899218750000000 0.5345952200519991
0.3900000000000000 0.5346021415371175
0.3900781250000000 0.5346090645947339
0.3901562500000000 0.5346159860617086
0.3902343750000000 0.5346229091252029
0.3903125000000000 0.5346298305738639
0.3903906250000000 0.5346367536434019
0.3904687500000000 0.5346436750735775
0.3905468750000000 0.5346505981493268
0.3906250000000000 0.5346575195608424
0.3907031250000000 0.5346644426429737
0.3907812500000000 0.5346713640356530
0.3908593750000000 0.5346782871243383
0.3909375000000000 0.5346852084980026
0.3910156250000000 0.5346921315934162
0.3910937500000000 0.5346990529478854
0.3911718750000000 0.5347059760502034
0.3912500000000000 0.5347128973852949
0.3913281250000000 0.5347198204946961
0.3914062500000000 0.5347267418102242
0.3914843750000000 0.5347336649268903
0.3915625000000000 0.5347405862226673
0.3916406250000000 0.5347475093467818
0.3917187500000000 0.5347544306226182
0.3917968750000000 0.5347613537543664
0.3918750000000000 0.5347682750100702
0.3919531250000000 0.5347751981496403
0.3920312500000000 0.5347821193850172
0.3921093750000000 0.5347890425325992
0.3921875000000000 0.5347959637474525
0.3922656250000000 0.5348028869032393
0.3923437500000000 0.5348098080973699
0.3924218750000000 0.5348167312615566
0.3925000000000000 0.5348236524347628
0.3925781250000000 0.5348305756075472
0.3926562500000000 0.5348374967596247
0.3927343750000000 0.5348444199412072
0.3928125000000000 0.5348513410719494
0.3928906250000000 0.5348582642625322
0.3929687500000000 0.5348651853717304
0.3930468750000000 0.5348721085715185
0.3931250000000000 0.5348790296589615
0.3932031250000000 0.5348859528681624
0.3932812500000000 0.5348928739336356
0.3933593750000000 0.5348997971524595
0.3934375000000000 0.5349067181957468
0.3935156250000000 0.5349136414244062
0.3935937500000000 0.5349205624452880
0.3936718750000000 0.5349274856839986
0.3937500000000000 0.5349344066822533
0.3938281250000000 0.5349413299312327
0.3939062500000000 0.5349482509066359
0.3939843750000000 0.5349551741661045
0.3940625000000000 0.5349620951184294
0.3941406250000000 0.5349690183886106
0.3942187500000000 0.5349759393176269
0.3942968750000000 0.5349828625987466
0.3943750000000000 0.5349897835042219
0.3944531250000000 0.5349967067965095
0.3945312500000000 0.5350036276782079
0.3946093750000000 0.5350105509818950
0.3946875000000000 0.5350174718395782
0.3947656250000000 0.5350243951548989
0.3948437500000000 0.5350313159883262
0.3949218750000000 0.5350382393155180
0.3950000000000000 0.5350451601244454
0.3950781250000000 0.5350520834637487
0.3951562500000000 0.5350590042479287
0.3952343750000000 0.5350659275995867
0.3953125000000000 0.5350728483587700
0.3953906250000000 0.5350797717230283
0.3954687500000000 0.5350866924569626
0.3955468750000000 0.5350936158340696
0.3956250000000000 0.5351005365424997
0.3957031250000000 0.5351074599327079
0.3957812500000000 0.5351143806153745
0.3958593750000000 0.5351213040189383
0.3959375000000000 0.5351282246755802
0.3960156250000000 0.5351351480927575
0.3960937500000000 0.5351420687231104
0.3961718750000000 0.5351489921541622
0.3962500000000000 0.5351559127579579
0.3963281250000000 0.5351628362031484
0.3964062500000000 0.5351697567801162
0.3964843750000000 0.5351766802397125
0.3965625000000000 0.5351836007895784
0.3966406250000000 0.5351905242638512
0.3967187500000000 0.5351974447863375
0.3967968750000000 0.5352043682755606
0.3968750000000000 0.5352112887703870
0.3969531250000000 0.5352182122748373
0.3970312500000000 0.5352251327417197
0.3971093750000000 0.5352320562616774
0.3971875000000000 0.5352389767003290
0.3972656250000000 0.5352459002360777
0.3973437500000000 0.5352528206462083
0.3974218750000000 0.5352597441980343
0.3975000000000000 0.5352666645793501
0.3975781250000000 0.5352735881475439
0.3976562500000000 0.5352805084997478
0.3977343750000000 0.5352874320846033
0.3978125000000000 0.5352943524073944
0.3978906250000000 0.5353012760092085
0.3979687500000000 0.5353081963022834
0.3980468750000000 0.5353151199213559
0.3981250000000000 0.5353220401844071
0.3982031250000000 0.5353289638210428
0.3982812500000000 0.5353358840537589
0.3983593750000000 0.5353428077082651
0.3984375000000000 0.5353497279103318
0.3985156250000000 0.5353566515830198
0.3985937500000000 0.5353635717541190
0.3986718750000000 0.5353704954453028
0.3987500000000000 0.5353774155851132
0.3988281250000000 0.5353843392951114
0.3989062500000000 0.5353912594033073
0.3989843750000000 0.5353981831324420
0.3990625000000000 0.5354051032086945
0.3991406250000000 0.5354120269572914
0.3992187500000000 0.5354189470012671
0.3992968750000000 0.5354258707696560
0.3993750000000000 0.5354327907810188
0.3994531250000000 0.5354397145695328
0.3995312500000000 0.5354466345479419
0.3996093750000000 0.5354535583569179
0.3996875000000000 0.5354604783020298
0.3997656250000000 0.5354674021318085
0.3998437500000000 0.5354743220432753
0.3999218750000000 0.5354812458942012
0.4000000000000000 0.5354881657716708
0.4000781250000000 0.5354950896440925
0.4001562500000000 0.5355020094872093
0.4002343750000000 0.5355089333814799
0.4003125000000000 0.5355158531898834
0.4003906250000000 0.5355227771063593
0.4004687500000000 0.5355296968796862
0.4005468750000000 0.5355366208187281
0.4006250000000000 0.5355435405566101
0.4007031250000000 0.5355504645185830
0.4007812500000000 0.5355573842206481
0.4008593750000000 0.5355643082059207
0.4009375000000000 0.5355712278717929
0.4010156250000000 0.5355781518807381
0.4010937500000000 0.5355850715100370
0.4011718750000000 0.5355919955430325
0.4012500000000000 0.5355989151353732
0.4013281250000000 0.5356058391928002
0.4014062500000000 0.5356127587477942
0.4014843750000000 0.5356196828300382
0.4015625000000000 0.5356266023472928
0.4016406250000000 0.5356335264547439
0.4017187500000000 0.5356404459338611
0.4017968750000000 0.5356473700669134
0.4018750000000000 0.5356542895074923
0.4019531250000000 0.5356612136665446
0.4020312500000000 0.5356681330681783
0.4021093750000000 0.5356750572536343
0.4021875000000000 0.5356819766159119
0.4022656250000000 0.5356889008281792
0.4023437500000000 0.5356958201506858
0.4024218750000000 0.5357027443901765
0.4025000000000000 0.5357096636724924
0.4025781250000000 0.5357165879396234
0.4026562500000000 0.5357235071813242
0.4027343750000000 0.5357304314765164
0.4028125000000000 0.5357373506771740
0.4028906250000000 0.5357442750008533
0.4029687500000000 0.5357511941600337
0.4030468750000000 0.5357581185126310
0.4031250000000000 0.5357650376298959
0.4032031250000000 0.5357719620118464
0.4032812500000000 0.5357788810867531
0.4033593750000000 0.5357858054984970
0.4034375000000000 0.5357927245305978
0.4035156250000000 0.5357996489725796
0.4035937500000000 0.5358065679614221
0.4036718750000000 0.5358134924340916
0.4037500000000000 0.5358204113792184
0.4038281250000000 0.5358273358830302
0.4039062500000000 0.5358342547839794
0.4039843750000000 0.5358411793193928
0.4040625000000000 0.5358480981756966
0.4041406250000000 0.5358550227431765
0.4042187500000000 0.5358619415543631
0.4042968750000000 0.5358688661543785
0.4043750000000000 0.5358757849199707
0.4044531250000000 0.5358827095529963
0.4045312500000000 0.5358896282725114
0.4046093750000000 0.5358965529390272
0.4046875000000000 0.5359034716119780
0.4047656250000000 0.5359103963124686
0.4048437500000000 0.5359173149383621
0.4049218750000000 0.5359242396733178
0.4050000000000000 0.5359311582516564
0.4050781250000000 0.5359380830215722
0.4051562500000000 0.5359450015518527
0.4052343750000000 0.5359519263572292
0.4053125000000000 0.5359588448389431
0.4053906250000000 0.5359657696802863
0.4054687500000000 0.5359726881129196
0.4055468750000000 0.5359796129907407
0.4056250000000000 0.5359865313737751
0.4057031250000000 0.5359934562885901
0.4057812500000000 0.5360003746215005
0.4058593750000000 0.5360072995738320
0.4059375000000000 0.5360142178560888
0.4060156250000000 0.5360211428464637
0.4060937500000000 0.5360280610775314
0.4061718750000000 0.5360349861064833
0.4062500000000000 0.5360419042858202
0.4063281250000000 0.5360488293538881
0.4064062500000000 0.5360557474809473
0.4064843750000000 0.5360626725886756
0.4065625000000000 0.5360695906629048
0.4066406250000000 0.5360765158108434
0.4067187500000000 0.5360834338316847
0.4067968750000000 0.5360903590203889
0.4068750000000000 0.5360972769872787
0.4069531250000000 0.5361042022173105
0.4070312500000000 0.5361111201296784
0.4071093750000000 0.5361180454016052
0.4071875000000000 0.5361249632588763
0.4072656250000000 0.5361318885732711
0.4073437500000000 0.5361388063748636
0.4074218750000000 0.5361457317323058
0.4075000000000000 0.5361526494776320
0.4075781250000000 0.5361595748787072
0.4076562500000000 0.5361664925671739
0.4077343750000000 0.5361734180124725
0.4078125000000000 0.5361803356434808
0.4078906250000000 0.5361872611336002
0.4079687500000000 0.5361941787065440
0.4080468750000000 0.5362011042420880
0.4081250000000000 0.5362080217563554
0.4082031250000000 0.5362149473379335
0.4082812500000000 0.5362218647929069
0.4083593750000000 0.5362287904211348
0.4084375000000000 0.5362357078161901
0.4085156250000000 0.5362426334916899
0.4085937500000000 0.5362495508261963
0.4086718750000000 0.5362564765495965
0.4087500000000000 0.5362633938229174
0.4088281250000000 0.5362703195948525
0.4089062500000000 0.5362772368063448
0.4089843750000000 0.5362841626274559
0.4090625000000000 0.5362910797764699
0.4091406250000000 0.5362980056474054
0.4092187500000000 0.5363049227332842
0.4092968750000000 0.5363118486546981
0.4093750000000000 0.5363187656767795
0.4094531250000000 0.5363256916493324
0.4095312500000000 0.5363326086069474
0.4096093750000000 0.5363395346313065
0.4096875000000000 0.5363464515237788
0.4097656250000000 0.5363533776006182
0.4098437500000000 0.5363602944272655
0.4099218750000000 0.5363672205572656
0.4100000000000000 0.5363741373173991
0.4100781250000000 0.5363810635012469
0.4101562500000000 0.5363879801941703
0.4102343750000000 0.5363949064325610
0.4103125000000000 0.5364018230575704
0.4103906250000000 0.5364087493512056
0.4104687500000000 0.5364156659075914
0.4105468750000000 0.5364225922571788
0.4106250000000000 0.5364295087442241
0.4107031250000000 0.5364364351504790
0.4107812500000000 0.5364433515674596
0.4108593750000000 0.5364502780311046
0.4109375000000000 0.5364571943772893
0.4110156250000000 0.5364641208990537
0.4110937500000000 0.5364710371737047
0.4111718750000000 0.5364779637543245
0.4112500000000000 0.5364848799566968
0.4113281250000000 0.5364918065969158
0.4114062500000000 0.5364987227262566
0.4114843750000000 0.5365056494268257
0.4115625000000000 0.5365125654823751
0.4116406250000000 0.5365194922440527
0.4117187500000000 0.5365264082250436
0.4117968750000000 0.5365333350485951
0.4118750000000000 0.5365402509542531
0.4119531250000000 0.5365471778404515
0.4120312500000000 0.5365540936699948
0.4121093750000000 0.5365610206196203
0.4121875000000000 0.5365679363722596
0.4122656250000000 0.5365748633861004
0.4123437500000000 0.5365817790610383
0.4124218750000000 0.5365887061398898
0.4125000000000000 0.5365956217363221
0.4125781250000000 0.5366025488809877
0.4126562500000000 0.5366094643981016
0.4127343750000000 0.5366163916093921
0.4128125000000000 0.5366233070463680
0.4128906250000000 0.5366302343251018
0.4129687500000000 0.5366371496811120
0.4130468750000000 0.5366440770281160
0.4131250000000000 0.5366509923023244
0.4132031250000000 0.5366579197184326
0.4132812500000000 0.5366648349099961
0.4133593750000000 0.5366717623960507
0.4134375000000000 0.5366786775041179
0.4135156250000000 0.5366856050609691
0.4135937500000000 0.5366925200846808
0.4136718750000000 0.5366994477131862
0.4137500000000000 0.5367063626516750
0.4138281250000000 0.5367132903527010
0.4139062500000000 0.5367202052050916
0.4139843750000000 0.5367271329795127
0.4140625000000000 0.5367340477449212
0.4141406250000000 0.5367409755936197
0.4142187500000000 0.5367478902711543
0.4142968750000000 0.5367548181950208
0.4143750000000000 0.5367617327837817
0.4144531250000000 0.5367686607837153
0.4145312500000000 0.5367755752827936
0.4146093750000000 0.5367825033597021
0.4146875000000000 0.5367894177681808
0.4147656250000000 0.5367963459229801
0.4148437500000000 0.5368032602399337
0.4149218750000000 0.5368101884735479
0.4150000000000000 0.5368171026980432
0.4150781250000000 0.5368240310114054
0.4151562500000000 0.5368309451424992
0.4152343750000000 0.5368378735365509
0.4153125000000000 0.5368447875732927
0.4153906250000000 0.5368517160489833
0.4154687500000000 0.5368586299904139
0.4155468750000000 0.5368655585487024
0.4156250000000000 0.5368724723938526
0.4157031250000000 0.5368794010357074
0.4157812500000000 0.5368863147835996
0.4158593750000000 0.5368932435099969
0.4159375000000000 0.5369001571596456
0.4160156250000000 0.5369070859715701
0.4160937500000000 0.5369139995219806
0.4161718750000000 0.5369209284204265
0.4162500000000000 0.5369278418705945
0.4163281250000000 0.5369347708565656
0.4164062500000000 0.5369416842054782
0.4164843750000000 0.5369486132799857
0.4165625000000000 0.5369555265266216
0.4166406250000000 0.5369624556906868
0.4167187500000000 0.5369693688340148
0.4167968750000000 0.5369762980886684
0.4168750000000000 0.5369832111276479
0.4169531250000000 0.5369901404739295
0.4170312500000000 0.5369970534075110
0.4171093750000000 0.5370039828464699
0.4171875000000000 0.5370108956735943
0.4172656250000000 0.5370178252062888
0.4173437500000000 0.5370247379258877
0.4174218750000000 0.5370316675533855
0.4175000000000000 0.5370385801643818
0.4175781250000000 0.5370455098877592
0.4176562500000000 0.5370524223890660
0.4177343750000000 0.5370593522094100
0.4178125000000000 0.5370662645999305
0.4178906250000000 0.5370731945183373
0.4179687500000000 0.5370801067969649
0.4180468750000000 0.5370870368145408
0.4181250000000000 0.5370939489801596
0.4182031250000000 0.5371008790980197
0.4182812500000000 0.5371077911495044
0.4183593750000000 0.5371147213687739
0.4184375000000000 0.5371216333049886
0.4185156250000000 0.5371285636268031
0.4185937500000000 0.5371354754466027
0.4186718750000000 0.5371424058721068
0.4187500000000000 0.5371493175743358
0.4188281250000000 0.5371562481046848
0.4189062500000000 0.5371631596881784
0.4189843750000000 0.5371700903245366
0.4190625000000000 0.5371770017881201
0.4191406250000000 0.5371839325316622
0.4192187500000000 0.5371908438741502
0.4192968750000000 0.5371977747260616
0.4193750000000000 0.5372046859462581
0.4194531250000000 0.5372116169077344
0.4195312500000000 0.5372185280044346
0.4196093750000000 0.5372254590766805
0.4196875000000000 0.5372323700486682
0.4197656250000000 0.5372393012328999
0.4198437500000000 0.5372462120789491
0.4199218750000000 0.5372531433763921
0.4200000000000000 0.5372600540952667
0.4200781250000000 0.5372669855071575
0.4201562500000000 0.5372738960976103
0.4202343750000000 0.5372808276251957
0.4203125000000000 0.5372877380859699
0.4203906250000000 0.5372946697305070
0.4204687500000000 0.5373015800603340
0.4205468750000000 0.5373085118230914
0.4206250000000000 0.5373154220206932
0.4207031250000000 0.5373223539029489
0.4207812500000000 0.5373292639670362
0.4208593750000000 0.5373361959700794
0.4209375000000000 0.5373431058993526
0.4210156250000000 0.5373500380244830
0.4210937500000000 0.5373569478176319
0.4211718750000000 0.5373638800661602
0.4212500000000000 0.5373707897218630
0.4213281250000000 0.5373777220951108
0.4214062500000000 0.5373846316120355
0.4214843750000000 0.5373915641113354
0.4215625000000000 0.5373984734881386
0.4216406250000000 0.5374054061148340
0.4217187500000000 0.5374123153501615
0.4217968750000000 0.5374192481056069
0.4218750000000000 0.5374261571980933
0.4219531250000000 0.5374330900836546
0.4220312500000000 0.5374399990319229
0.4221093750000000 0.5374469320489773
0.4221875000000000 0.5374538408516403
0.4222656250000000 0.5374607740015747
0.4223437500000000 0.5374676826572341
0.4224218750000000 0.5374746159414477
0.4225000000000000 0.5374815244486937
0.4225781250000000 0.5374884578685968
0.4226562500000000 0.5374953662260074
0.4227343750000000 0.5375022997830227
0.4228125000000000 0.5375092079891645
0.4228906250000000 0.5375161416847252
0.4229687500000000 0.5375230497381546
0.4230468750000000 0.5375299835737053
0.4231250000000000 0.5375368914729658
0.4232031250000000 0.5375438254499632
0.4232812500000000 0.5375507331935876
0.4233593750000000 0.5375576673134997
0.4234375000000000 0.5375645749000088
0.4235156250000000 0.5375715091643151
0.4235937500000000 0.5375784165922187
0.4236718750000000 0.5375853510024100
0.4237500000000000 0.5375922582702053
0.4238281250000000 0.5375991928277856
0.4239062500000000 0.5376060999339572
0.4239843750000000 0.5376130346404419
0.4240625000000000 0.5376199415834647
0.4241406250000000 0.5376268764403794
0.4242187500000000 0.5376337832187155
0.4242968750000000 0.5376407182275994
0.4243750000000000 0.5376476248396986
0.4244531250000000 0.5376545600021024
0.4245312500000000 0.5376614664464026
0.4246093750000000 0.5376684017638895
0.4246875000000000 0.5376753080388160
0.4247656250000000 0.5376822435129610
0.4248437500000000 0.5376891496169279
0.4249218750000000 0.5376960852493179
0.4250000000000000 0.5377029911807268
0.4250781250000000 0.5377099269729609
0.4251562500000000 0.5377168327302012
0.4252343750000000 0.5377237686838912
0.4253125000000000 0.5377306742653396
0.4253906250000000 0.5377376103821095
0.4254687500000000 0.5377445157861306
0.4255468750000000 0.5377514520676170
0.4256250000000000 0.5377583572925628
0.4257031250000000 0.5377652937404139
0.4257812500000000 0.5377721987846249
0.4258593750000000 0.5377791354005019
0.4259375000000000 0.5377860402623049
0.4260156250000000 0.5377929770478820
0.4260937500000000 0.5377998817255911
0.4261718750000000 0.5378068186825550
0.4262500000000000 0.5378137231744726
0.4263281250000000 0.5378206603045217
0.4264062500000000 0.5378275646089373
0.4264843750000000 0.5378345019137836
0.4265625000000000 0.5378414060289738
0.4266406250000000 0.5378483435103416
0.4267187500000000 0.5378552474345704
0.4267968750000000 0.5378621850941970
0.4268750000000000 0.5378690888257149
0.4269531250000000 0.5378760266653512
0.4270312500000000 0.5378829302023962
0.4271093750000000 0.5378898682238046
0.4271875000000000 0.5378967715646025
0.4272656250000000 0.5379037097695589
0.4273437500000000 0.5379106129123217
0.4274218750000000 0.5379175513026155
0.4275000000000000 0.5379244542455419
0.4275781250000000 0.5379313928229758
0.4276562500000000 0.5379382955642514
0.4277343750000000 0.5379452343306405
0.4278125000000000 0.5379521368684389
0.4278906250000000 0.5379590758256111
0.4279687500000000 0.5379659781580919
0.4280468750000000 0.5379729173078890
0.4281250000000000 0.5379798194331992
0.4282031250000000 0.5379867587774757
0.4282812500000000 0.5379936606937478
0.4283593750000000 0.5380006002343722
0.4284375000000000 0.5380075019397268
0.4285156250000000 0.5380144416785803
0.4285937500000000 0.5380213431711234
0.4286718750000000 0.5380282831101015
0.4287500000000000 0.5380351843879257
0.4288281250000000 0.5380421245289372
0.4289062500000000 0.5380490255901221
0.4289843750000000 0.5380559659350884
0.4290625000000000 0.5380628667777008
0.4291406250000000 0.5380698073285567
0.4292187500000000 0.5380767079506494
0.4292968750000000 0.5380836487093437
0.4293750000000000 0.5380905491089559
0.4294531250000000 0.5380974900774509
0.4295312500000000 0.5381043902526080
0.4296093750000000 0.5381113314328803
0.4296875000000000 0.5381182313815934
0.4297656250000000 0.5381251727756333
0.4298437500000000 0.5381320724959000
0.4299218750000000 0.5381390141057113
0.4300000000000000 0.5381459135955158
0.4300781250000000 0.5381528554231161
0.4301562500000000 0.5381597546804285
0.4302343750000000 0.5381666967278494
0.4303125000000000 0.5381735957506262
0.4303906250000000 0.5381805380199125
0.4304687500000000 0.5381874368060959
0.4305468750000000 0.5381943792993076
0.4306250000000000 0.5382012778468263
0.4307031250000000 0.5382082205660361
0.4307812500000000 0.5382151188728045
0.4308593750000000 0.5382220618200998
0.4309375000000000 0.5382289598840180
0.4310156250000000 0.5382359030615005
0.4310937500000000 0.5382428008804552
0.4311718750000000 0.5382497442902400
0.4312500000000000 0.5382566418621031
0.4313281250000000 0.5382635855063198
0.4314062500000000 0.5382704828289496
0.4314843750000000 0.5382774267097419
0.4315625000000000 0.5382843237809827
0.4316406250000000 0.5382912679005081
0.4317187500000000 0.5382981647181895
0.4317968750000000 0.5383051090786204
0.4318750000000000 0.5383120056405576
0.4319531250000000 0.5383189502440804
0.4320312500000000 0.5383258465480745
0.4321093750000000 0.5383327913968905
0.4321875000000000 0.5383396874407278
0.4322656250000000 0.5383466325370518
0.4323437500000000 0.5383535283185054
0.4324218750000000 0.5383604736645670
0.4325000000000000 0.5383673691813942
0.4325781250000000 0.5383743147794376
0.4326562500000000 0.5383812100293817
0.4327343750000000 0.5383881558816661
0.4328125000000000 0.5383950508624555
0.4328906250000000 0.5384019969712540
0.4329687500000000 0.5384088916806034
0.4330468750000000 0.5384158380482029
0.4331250000000000 0.5384227324838127
0.4332031250000000 0.5384296791125153
0.4332812500000000 0.5384365732720706
0.4333593750000000 0.5384435201641932
0.4334375000000000 0.5384504140453646
0.4335156250000000 0.5384573612032382
0.4335937500000000 0.5384642548036827
0.4336718750000000 0.5384712022296524
0.4337500000000000 0.5384780955470113
0.4338281250000000 0.5384850432434384
0.4339062500000000 0.5384919362753382
0.4339843750000000 0.5384988842445981
0.4340625000000000 0.5385057769886505
0.4341406250000000 0.5385127252331333
0.4342187500000000 0.5385196176869359
0.4342968750000000 0.5385265662090466
0.4343750000000000 0.5385334583701812
0.4344531250000000 0.5385404071723398
0.4345312500000000 0.5385472990383742
0.4346093750000000 0.5385542481230146
0.4346875000000000 0.5385611396915024
0.4347656250000000 0.5385680890610736
0.4348437500000000 0.5385749803295525
0.4349218750000000 0.5385819299865188
0.4350000000000000 0.5385888209525123
0.4350781250000000 0.5385957708993525
0.4351562500000000 0.5386026615603683
0.4352343750000000 0.5386096117995769
0.4353125000000000 0.5386165021531085
0.4353906250000000 0.5386234526871938
0.4354687500000000 0.5386303427307195
0.4355468750000000 0.5386372935622061
0.4356250000000000 0.5386441832931887
0.4357031250000000 0.5386511344246155
0.4357812500000000 0.5386580238405037
0.4358593750000000 0.5386649752744240
0.4359375000000000 0.5386718643726512
0.4360156250000000 0.5386788161116344
0.4360937500000000 0.5386857048896186
0.4361718750000000 0.5386926569362486
0.4362500000000000 0.5386995453913933
0.4363281250000000 0.5387064977482686
0.4364062500000000 0.5387133858779619
0.4364843750000000 0.5387203385476971
0.4365625000000000 0.5387272263493125
0.4366406250000000 0.5387341793345357
0.4367187500000000 0.5387410668054315
0.4367968750000000 0.5387480201087873
0.4368750000000000 0.5387549072463066
0.4369531250000000 0.5387618608704536
0.4370312500000000 0.5387687476719242
0.4371093750000000 0.5387757016195377
0.4371875000000000 0.5387825880822720
0.4372656250000000 0.5387895423560409
0.4373437500000000 0.5387964284773371
0.4374218750000000 0.5388033830799659
0.4375000000000000 0.5388102688571065
0.4375781250000000 0.5388172237913149
0.4376562500000000 0.5388241092215674
0.4377343750000000 0.5388310644900903
0.4378125000000000 0.5388379495707069
0.4378906250000000 0.5388449051762945
0.4379687500000000 0.5388517899045121
0.4380468750000000 0.5388587458499293
0.4381250000000000 0.5388656302229703
0.4382031250000000 0.5388725865109977
0.4382812500000000 0.5388794705260682
0.4383593750000000 0.5388864271595013
0.4384375000000000 0.5388933108137931
0.4385156250000000 0.5389002677954430
0.4385937500000000 0.5389071510861323
0.4386718750000000 0.5389141084188243
0.4387500000000000 0.5389209913430729
0.4388281250000000 0.5389279490296478
0.4389062500000000 0.5389348315846021
0.4389843750000000 0.5389417896279164
0.4390625000000000 0.5389486718107063
0.4391406250000000 0.5389556302136318
0.4392187500000000 0.5389625120213732
0.4392968750000000 0.5389694707867966
0.4393750000000000 0.5389763522165899
0.4394531250000000 0.5389833113474127
0.4395312500000000 0.5389901923963435
0.4396093750000000 0.5389971518954825
0.4396875000000000 0.5390040325606208
0.4397656250000000 0.5390109924310085
0.4398437500000000 0.5390178727094093
0.4399218750000000 0.5390248329539925
0.4400000000000000 0.5390317128426961
0.4400781250000000 0.5390386734644376
0.4401562500000000 0.5390455529604677
0.4402343750000000 0.5390525139623450
0.4403125000000000 0.5390593930627126
0.4403906250000000 0.5390663544477177
0.4404687500000000 0.5390732331494167
0.4405468750000000 0.5390801949205578
0.4406250000000000 0.5390870732205677
0.4407031250000000 0.5390940353808673
0.4407812500000000 0.5391009132761523
0.4408593750000000 0.5391078758286488
0.4409375000000000 0.5391147533161581
0.4410156250000000 0.5391217162639043
0.4410937500000000 0.5391285933405719
0.4411718750000000 0.5391355566866362
0.4412500000000000 0.5391424333493813
0.4413281250000000 0.5391493970968468
0.4414062500000000 0.5391562733425728
0.4414843750000000 0.5391632374945381
0.4415625000000000 0.5391701133201343
0.4416406250000000 0.5391770778797121
0.4417187500000000 0.5391839532820529
0.4417968750000000 0.5391909182523712
0.4418750000000000 0.5391977932283155
0.4419531250000000 0.5392047586125176
0.4420312500000000 0.5392116331589092
0.4421093750000000 0.5392185989601535
0.4421875000000000 0.5392254730738217
0.4422656250000000 0.5392324392952805
0.4423437500000000 0.5392393129730404
0.4424218750000000 0.5392462796179015
0.4425000000000000 0.5392531528565516
0.4425781250000000 0.5392601199280186
0.4426562500000000 0.5392669927243431
0.4427343750000000 0.5392739602256336
0.4428125000000000 0.5392808325764022
0.4428906250000000 0.5392878005107484
0.4429687500000000 0.5392946724127162
0.4430468750000000 0.5393016407833653
0.4431250000000000 0.5393085122332726
0.4432031250000000 0.5393154810434866
0.4432812500000000 0.5393223520380581
0.4433593750000000 0.5393293212911140
0.4434375000000000 0.5393361918270608
0.4435156250000000 0.5393431615262493
0.4435937500000000 0.5393500316002680
0.4436718750000000 0.5393570017488948
0.4437500000000000 0.5393638713576669
0.4438281250000000 0.5393708419590526
0.4439062500000000 0.5393777110992448
0.4439843750000000 0.5393846821567242
0.4440625000000000 0.5393915508249892
0.4441406250000000 0.5393985223419121
0.4442187500000000 0.5394053905348877
0.4442968750000000 0.5394123625146179
0.4443750000000000 0.5394192302289273
0.4444531250000000 0.5394262026748440
0.4445312500000000 0.5394330699070958
0.4446093750000000 0.5394400428225915
0.4446875000000000 0.5394469095693808
0.4447656250000000 0.5394538829578632
0.4448437500000000 0.5394607492157690
0.4449218750000000 0.5394677230806604
0.4450000000000000 0.5394745888462492
0.4450781250000000 0.5394815631909845
0.4451562500000000 0.5394884284608080
0.4452343750000000 0.5394954032888380
0.4453125000000000 0.5395022680594339
0.4453906250000000 0.5395092433742219
0.4454687500000000 0.5395161076421137
0.4455468750000000 0.5395230834471387
0.4456250000000000 0.5395299472088355
0.4457031250000000 0.5395369235075893
0.4457812500000000 0.5395437867595873
0.4458593750000000 0.5395507635555760
0.4459375000000000 0.5395576262943558
0.4460156250000000 0.5395646035911004
0.4460937500000000 0.5395714658131296
0.4461718750000000 0.5395784436141636
0.4462500000000000 0.5395853053158963
0.4463281250000000 0.5395922836247680
0.4464062500000000 0.5395991448026435
0.4464843750000000 0.5396061236229145
0.4465625000000000 0.5396129842733590
0.4466406250000000 0.5396199636086049
0.4467187500000000 0.5396268237280309
0.4467968750000000 0.5396338035818405
0.4468750000000000 0.5396406631666467
0.4469531250000000 0.5396476435426231
0.4470312500000000 0.5396545025891949
0.4471093750000000 0.5396614834909533
0.4471875000000000 0.5396683419956632
0.4472656250000000 0.5396753234268334
0.4473437500000000 0.5396821813860395
0.4474218750000000 0.5396891633502643
0.4475000000000000 0.5396960207603119
0.4475781250000000 0.5397030032612473
0.4476562500000000 0.5397098601184686
0.4477343750000000 0.5397168431597841
0.4478125000000000 0.5397236994604974
0.4478906250000000 0.5397306830458753
0.4479687500000000 0.5397375387863865
0.4480468750000000 0.5397445229195226
0.4481250000000000 0.5397513780961244
0.4482031250000000 0.5397583627807270
0.4482812500000000 0.5397652173896990
0.4483593750000000 0.5397722026294892
0.4484375000000000 0.5397790566670986
0.4485156250000000 0.5397860424658111
0.4485937500000000 0.5397928959283116
0.4486718750000000 0.5397998822896929
0.4487500000000000 0.5398067351733263
0.4488281250000000 0.5398137221011361
0.4489062500000000 0.5398205744021313
0.4489843750000000 0.5398275619001413
0.4490625000000000 0.5398344136147148
0.4491406250000000 0.5398414016867094
0.4492187500000000 0.5398482528110655
0.4492968750000000 0.5398552414608414
0.4493750000000000 0.5398620919911719
0.4494531250000000 0.5398690812225382
0.4495312500000000 0.5398759311550222
0.4496093750000000 0.5398829209718005
0.4496875000000000 0.5398897703026054
0.4497656250000000 0.5398967607086287
0.4498437500000000 0.5399036094339099
0.4499218750000000 0.5399106004330243
0.4500000000000000 0.5399174485489242
0.4500781250000000 0.5399244401449869
0.4501562500000000 0.5399312876476379
0.4502343750000000 0.5399382798445174
0.4503125000000000 0.5399451267300394
0.4503906250000000 0.5399521195316165
0.4504687500000000 0.5399589657961172
0.4505468750000000 0.5399659592062845
0.4506250000000000 0.5399728048458606
0.4507031250000000 0.5399797988685218
0.4507812500000000 0.5399866438792588
0.4508593750000000 0.5399936385183285
0.4509375000000000 0.5400004828963003
0.4510156250000000 0.5400074781557050
0.4510937500000000 0.5400143218969743
0.4511718750000000 0.5400213177806524
0.4512500000000000 0.5400281608812699
0.4513281250000000 0.5400351573931700
0.4514062500000000 0.5400419998491766
0.4514843750000000 0.5400489969932580
0.4515625000000000 0.5400558388006832
0.4516406250000000 0.5400628365809170
0.4517187500000000 0.5400696777357790
0.4517968750000000 0.5400766761561466
0.4518750000000000 0.5400835166544536
0.4519531250000000 0.5400905157189465
0.4520312500000000 0.5400973555566967
0.4521093750000000 0.5401043552693169
0.4521875000000000 0.5401111944424972
0.4522656250000000 0.5401181948072574
0.4523437500000000 0.5401250333118456
0.4524218750000000 0.5401320343327676
0.4525000000000000 0.5401388721647302
0.4525781250000000 0.5401458738458479
0.4526562500000000 0.5401527110011414
0.4527343750000000 0.5401597133464975
0.4528125000000000 0.5401665498210690
0.4528906250000000 0.5401735528347160
0.4529687500000000 0.5401803886245024
0.4530468750000000 0.5401873923105031
0.4531250000000000 0.5401942274114319
0.4532031250000000 0.5402012317738578
0.4532812500000000 0.5402080661818469
0.4533593750000000 0.5402150712247801
0.4534375000000000 0.5402219049357379
0.4535156250000000 0.5402289106632687
0.4535937500000000 0.5402357436730945
0.4536718750000000 0.5402427500893230
0.4537500000000000 0.5402495823939074
0.4538281250000000 0.5402565895029424
0.4539062500000000 0.5402634210981664
0.4539843750000000 0.5402704289041258
0.4540625000000000 0.5402772597858616
0.4541406250000000 0.5402842682928720
0.4542187500000000 0.5402910984569842
0.4542968750000000 0.5402981076691799
0.4543750000000000 0.5403049371115241
0.4544531250000000 0.5403119470330489
0.4545312500000000 0.5403187757494713
0.4546093750000000 0.5403257863844777
0.4546875000000000 0.5403326143708168
0.4547656250000000 0.5403396257234649
0.4548437500000000 0.5403464529755512
0.4549218750000000 0.5403534650500091
0.4550000000000000 0.5403602915636653
0.4550781250000000 0.5403673043641086
0.4551562500000000 0.5403741301351500
0.4552343750000000 0.5403811436657623
0.4553125000000000 0.5403879686899964
0.4553906250000000 0.5403949829549680
0.4554687500000000 0.5404018072281948
0.4555468750000000 0.5404088222317249
0.4556250000000000 0.5404156457497362
0.4557031250000000 0.5404226614960309
0.4557812500000000 0.5404294842546121
0.4558593750000000 0.5404365007478841
0.4559375000000000 0.5404433227428137
0.4560156250000000 0.5404503399872825
0.4560937500000000 0.5404571612143323
0.4561718750000000 0.5404641792142241
0.4562500000000000 0.5404709996691591
0.4563281250000000 0.5404780184287066
0.4564062500000000 0.5404848381072861
0.4564843750000000 0.5404918576307280
0.4565625000000000 0.5404986765287041
0.4566406250000000 0.5405056968202867
0.4567187500000000 0.5405125149334046
0.4567968750000000 0.5405195359973795
0.4568750000000000 0.5405263533213798
0.4569531250000000 0.5405333751620048
0.4570312500000000 0.5405401916926211
0.4571093750000000 0.5405472143141592
0.4571875000000000 0.5405540300471208
0.4572656250000000 0.5405610534538405
0.4573437500000000 0.5405678683848707
0.4574218750000000 0.5405748925810457
0.4575000000000000 0.5405817067058627
0.4575781250000000 0.5405887316957724
0.4576562500000000 0.5405955450100893
0.4577343750000000 0.5406025707980174
0.4578125000000000 0.5406093832975427
0.4578906250000000 0.5406164098877779
0.4579687500000000 0.5406232215682149
0.4580468750000000 0.5406302489650509
0.4581250000000000 0.5406370598220984
0.4582031250000000 0.5406440880298333
0.4582812500000000 0.5406508980591852
0.4583593750000000 0.5406579270821220
0.4584375000000000 0.5406647362794688
0.4585156250000000 0.5406717661219130
0.4585937500000000 0.5406785744829421
0.4586718750000000 0.5406856051492031
0.4587500000000000 0.5406924126695972
0.4588281250000000 0.5406994441639885
0.4589062500000000 0.5407062508394275
0.4589843750000000 0.5407132831662660
0.4590625000000000 0.5407200889924254
0.4591406250000000 0.5407271221560317
0.4592187500000000 0.5407339271285846
0.4592968750000000 0.5407409611332816
0.4593750000000000 0.5407477652478985
0.4594531250000000 0.5407548000980118
0.4595312500000000 0.5407616033503595
0.4596093750000000 0.5407686390502184
0.4596875000000000 0.5407754414359617
0.4597656250000000 0.5407824779898973
0.4598437500000000 0.5407892795046984
0.4599218750000000 0.5407963169170440
0.4600000000000000 0.5408031175565630
0.4600781250000000 0.5408101558316543
0.4601562500000000 0.5408169555915496
0.4602343750000000 0.5408239947337237
0.4603125000000000 0.5408307936096517
0.4603906250000000 0.5408378336232474
0.4604687500000000 0.5408446316108635
0.4605468750000000 0.5408516725002210
0.4606250000000000 0.5408584695951791
0.4607031250000000 0.5408655113646395
0.4607812500000000 0.5408723075625921
0.4608593750000000 0.5408793502164980
0.4609375000000000 0.5408861455130977
0.4610156250000000 0.5408931890557914
0.4610937500000000 0.5408999834466893
0.4611718750000000 0.5409070278825147
0.4612500000000000 0.5409138213633619
0.4613281250000000 0.5409208666966629
0.4614062500000000 0.5409276592631100
0.4614843750000000 0.5409347054982301
0.4615625000000000 0.5409414971459282
0.4616406250000000 0.5409485442872114
0.4617187500000000 0.5409553350118118
0.4617968750000000 0.5409623830636008
0.4618750000000000 0.5409691728607551
0.4619531250000000 0.5409762218273926
0.4620312500000000 0.5409830106927535
0.4621093750000000 0.5409900605785809
0.4621875000000000 0.5409968485078022
0.4622656250000000 0.5410038993171604
0.4623437500000000 0.5410106863058961
0.4624218750000000 0.5410177380431244
0.4625000000000000 0.5410245240870308
0.4625781250000000 0.5410315767564673
0.4626562500000000 0.5410383618512020
0.4627343750000000 0.5410454154571818
0.4628125000000000 0.5410521995984056
0.4628906250000000 0.5410592541452622
0.4629687500000000 0.5410660373286363
0.4630468750000000 0.5410730928207024
0.4631250000000000 0.5410798750418906
0.4632031250000000 0.5410869314834951
0.4632812500000000 0.5410937127381650
0.4633593750000000 0.5411007701336333
0.4634375000000000 0.5411075504174550
0.4635156250000000 0.5411146087711106
0.4635937500000000 0.5411213880797570
0.4636718750000000 0.5411284473959198
0.4637500000000000 0.5411352257250672
0.4638281250000000 0.5411422860080540
0.4639062500000000 0.5411490633533824
0.4639843750000000 0.5411561246075057
0.4640625000000000 0.5411629009646990
0.4641406250000000 0.5411699631942674
0.4642187500000000 0.5411767385590139
0.4642968750000000 0.5411838017683318
0.4643750000000000 0.5411905761363236
0.4644531250000000 0.5411976403296915
0.4645312500000000 0.5412044136966248
0.4646093750000000 0.5412114788783385
0.4646875000000000 0.5412182512399153
0.4647656250000000 0.5412253174142646
0.4648437500000000 0.5412320887661927
0.4649218750000000 0.5412391559374619
0.4650000000000000 0.5412459262754534
0.4650781250000000 0.5412529944479221
0.4651562500000000 0.5412597637676952
0.4652343750000000 0.5412668329456376
0.4653125000000000 0.5412736012429157
0.4653906250000000 0.5412806714305999
0.4654687500000000 0.5412874387011127
0.4655468750000000 0.5412945099027999
0.4656250000000000 0.5413012761422844
0.4657031250000000 0.5413083483622287
0.4657812500000000 0.5413151135664288
0.4658593750000000 0.5413221868088777
0.4659375000000000 0.5413289509735442
0.4660156250000000 0.5413360252427377
0.4660937500000000 0.5413427883636283
0.4661718750000000 0.5413498636638003
0.4662500000000000 0.5413566257366796
0.4663281250000000 0.5413637020720558
0.4664062500000000 0.5413704630926972
0.4664843750000000 0.5413775404674952
0.4665625000000000 0.5413843004316793
0.4666406250000000 0.5413913788501087
0.4667187500000000 0.5413981377536250
0.4667968750000000 0.5414052172198865
0.4668750000000000 0.5414119750585333
0.4669531250000000 0.5414190555768191
0.4670312500000000 0.5414258123464027
0.4671093750000000 0.5414328939208969
0.4671875000000000 0.5414396496172331
0.4672656250000000 0.5414467322521092
0.4673437500000000 0.5414534868710237
0.4674218750000000 0.5414605705704462
0.4675000000000000 0.5414673241077740
0.4675781250000000 0.5414744088758975
0.4676562500000000 0.5414811613274838
0.4677343750000000 0.5414882471684523
0.4678125000000000 0.5414949985301530
0.4678906250000000 0.5415020854481003
0.4679687500000000 0.5415088357157812
0.4680468750000000 0.5415159237148308
0.4681250000000000 0.5415226728843686
0.4682031250000000 0.5415297619686330
0.4682812500000000 0.5415365100359152
0.4683593750000000 0.5415436002094955
0.4684375000000000 0.5415503471704218
0.4685156250000000 0.5415574384374076
0.4685937500000000 0.5415641842878887
0.4686718750000000 0.5415712766523573
0.4687500000000000 0.5415780213883163
0.4688281250000000 0.5415851148543336
0.4689062500000000 0.5415918584717059
0.4689843750000000 0.5415989530433249
0.4690625000000000 0.5416056955380577
0.4691406250000000 0.5416127912193194
0.4692187500000000 0.5416195325873737
0.4692968750000000 0.5416266293823049
0.4693750000000000 0.5416333696196549
0.4694531250000000 0.5416404675322692
0.4695312500000000 0.5416472066349025
0.4696093750000000 0.5416543056692007
0.4696875000000000 0.5416610436331178
0.4697656250000000 0.5416681437930870
0.4698437500000000 0.5416748806143030
0.4699218750000000 0.5416819819039150
0.4700000000000000 0.5416887175784597
0.4700781250000000 0.5416958200016724
0.4701562500000000 0.5417025545255897
0.4702343750000000 0.5417096580863465
0.4703125000000000 0.5417163914556951
0.4703906250000000 0.5417234961579241
0.4704687500000000 0.5417302283687785
0.4705468750000000 0.5417373342163924
0.4706250000000000 0.5417440652648418
0.4707031250000000 0.5417511722617381
0.4707812500000000 0.5417579021438881
0.4708593750000000 0.5417650102939481
0.4709375000000000 0.5417717390059192
0.4710156250000000 0.5417788483130084
0.4710937500000000 0.5417855758509388
0.4711718750000000 0.5417926863189054
0.4712500000000000 0.5417994126789500
0.4713281250000000 0.5418065243116252
0.4714062500000000 0.5418132494899556
0.4714843750000000 0.5418203622911542
0.4715625000000000 0.5418270862839587
0.4716406250000000 0.5418342002574776
0.4717187500000000 0.5418409230609632
0.4717968750000000 0.5418480382105819
0.4718750000000000 0.5418547598209724
0.4719531250000000 0.5418618761504519
0.4720312500000000 0.5418685965639903
0.4721093750000000 0.5418757140770735
0.4721875000000000 0.5418824332900205
0.4722656250000000 0.5418895519904319
0.4723437500000000 0.5418962699990676
0.4724218750000000 0.5419033898905117
0.4725000000000000 0.5419101066911354
0.4725781250000000 0.5419172277772982
0.4726562500000000 0.5419239433662282
0.4727343750000000 0.5419310656507763
0.4728125000000000 0.5419377800243507
0.4728906250000000 0.5419449035109305
0.4729687500000000 0.5419516166655075
0.4730468750000000 0.5419587413577452
0.4731250000000000 0.5419654532897036
0.4732031250000000 0.5419725791912049
0.4732812500000000 0.5419792898969437
0.4733593750000000 0.5419864170112939
0.4734375000000000 0.5419931264872329
0.4735156250000000 0.5420002548179961
0.4735937500000000 0.5420069630605765
0.4736718750000000 0.5420140926112952
0.4737500000000000 0.5420207996169802
0.4738281250000000 0.5420279303911750
0.4739062500000000 0.5420346361564499
0.4739843750000000 0.5420417681576187
0.4740625000000000 0.5420484726789907
0.4741406250000000 0.5420556059106101
0.4742187500000000 0.5420623091846087
0.4742968750000000 0.5420694436501327
0.4743750000000000 0.5420761456733101
0.4744531250000000 0.5420832813761691
0.4745312500000000 0.5420899821451008
0.4746093750000000 0.5420971190887025
0.4746875000000000 0.5421038185999879
0.4747656250000000 0.5421109567877153
0.4748437500000000 0.5421176550379773
0.4749218750000000 0.5421247944731907
0.4750000000000000 0.5421314914590757
0.4750781250000000 0.5421386321451106
0.4751562500000000 0.5421453278632899
0.4752343750000000 0.5421524698034580
0.4753125000000000 0.5421591642506268
0.4753906250000000 0.5421663074482146
0.4754687500000000 0.5421730006210937
0.4755468750000000 0.5421801450793625
0.4756250000000000 0.5421868369746979
0.4757031250000000 0.5421939826968833
0.4757812500000000 0.5422006733114472
0.4758593750000000 0.5422078203007588
0.4759375000000000 0.5422145096313489
0.4760156250000000 0.5422216578909708
0.4760937500000000 0.5422283459344107
0.4761718750000000 0.5422354954674999
0.4762500000000000 0.5422421822206408
0.4763281250000000 0.5422493330303283
0.4764062500000000 0.5422560184900469
0.4764843750000000 0.5422631705794365
0.4765625000000000 0.5422698547426374
0.4766406250000000 0.5422770081148059
0.4767187500000000 0.5422836909784202
0.4767968750000000 0.5422908456364172
0.4768750000000000 0.5422975271974044
0.4769531250000000 0.5423046831442507
0.4770312500000000 0.5423113633995982
0.4771093750000000 0.5423185206382868
0.4771875000000000 0.5423251995850112
0.4772656250000000 0.5423323581185056
0.4773437500000000 0.5423390357536519
0.4774218750000000 0.5423461955848877
0.4775000000000000 0.5423528719055294
0.4775781250000000 0.5423600330374132
0.4776562500000000 0.5423667080406530
0.4777343750000000 0.5423738704760614
0.4778125000000000 0.5423805441590325
0.4778906250000000 0.5423877079008124
0.4779687500000000 0.5423943802606767
0.4780468750000000 0.5424015453116457
0.4781250000000000 0.5424082163455964
0.4782031250000000 0.5424153827085404
0.4782812500000000 0.5424220524138009
0.4783593750000000 0.5424292200914759
0.4784375000000000 0.5424358884653002
0.4785156250000000 0.5424430574604314
0.4785937500000000 0.5424497245001045
0.4786718750000000 0.5424568948153856
0.4787500000000000 0.5424635605182246
0.4788281250000000 0.5424707321563172
0.4789062500000000 0.5424773965196706
0.4789843750000000 0.5424845694832050
0.4790625000000000 0.5424912325044536
0.4791406250000000 0.5424984067960273
0.4792187500000000 0.5425050684725838
0.4792968750000000 0.5425122440947628
0.4793750000000000 0.5425189044240727
0.4794531250000000 0.5425260813793891
0.4795312500000000 0.5425327403589313
0.4796093750000000 0.5425399186498843
0.4796875000000000 0.5425465762771706
0.4797656250000000 0.5425537559062265
0.4798437500000000 0.5425604121788022
0.4799218750000000 0.5425675931483934
0.4800000000000000 0.5425742480638376
0.4800781250000000 0.5425814303763627
0.4801562500000000 0.5425880839322884
0.4802343750000000 0.5425952675901115
0.4803125000000000 0.5426019197841667
0.4803906250000000 0.5426091047896171
0.4804687500000000 0.5426157556194846
0.4805468750000000 0.5426229419748567
0.4806250000000000 0.5426295914382540
0.4807031250000000 0.5426367791458072
0.4807812500000000 0.5426434272404872
0.4808593750000000 0.5426506163024452
0.4809375000000000 0.5426572630261972
0.4810156250000000 0.5426644534447473
0.4810937500000000 0.5426710987953964
0.4811718750000000 0.5426782905726903
0.4812500000000000 0.5426849345480971
0.4813281250000000 0.5426921276862507
0.4814062500000000 0.5426987702843125
0.4814843750000000 0.5427059647854044
0.4815625000000000 0.5427126060040555
0.4816406250000000 0.5427198018701279
0.4817187500000000 0.5427264417073393
0.4817968750000000 0.5427336389403968
0.4818750000000000 0.5427402773941771
0.4819531250000000 0.5427474759961871
0.4820312500000000 0.5427541130645827
0.4821093750000000 0.5427613130374739
0.4821875000000000 0.5427679487185696
0.4822656250000000 0.5427751500642334
0.4823437500000000 0.5427817843561513
0.4824218750000000 0.5427889870764404
0.4825000000000000 0.5427956199773424
0.4825781250000000 0.5428028240740702
0.4826562500000000 0.5428094555821564
0.4827343750000000 0.5428166610570979
0.4828125000000000 0.5428232911706078
0.4828906250000000 0.5428304980254988
0.4829687500000000 0.5428371267427102
0.4830468750000000 0.5428443349792476
0.4831250000000000 0.5428509622984787
0.4832031250000000 0.5428581719183185
0.4832812500000000 0.5428647978379278
0.4833593750000000 0.5428720088426863
0.4834375000000000 0.5428786333610726
0.4835156250000000 0.5428858457523251
0.4835937500000000 0.5428924688679272
0.4836718750000000 0.5428996826472094
0.4837500000000000 0.5429063043585071
0.4838281250000000 0.5429135195273136
0.4839062500000000 0.5429201398328269
0.4839843750000000 0.5429273563926112
0.4840625000000000 0.5429339752909029
0.4841406250000000 0.5429411932430761
0.4842187500000000 0.5429478107327498
0.4842968750000000 0.5429550300786821
0.4843750000000000 0.5429616461583833
0.4844531250000000 0.5429688668994027
0.4845312500000000 0.5429754815678185
0.4846093750000000 0.5429827037052117
0.4846875000000000 0.5429893169610717
0.4847656250000000 0.5429965404960820
0.4848437500000000 0.5430031523381592
0.4849218750000000 0.5430103772719866
0.4850000000000000 0.5430169876990967
0.4850781250000000 0.5430242140328990
0.4851562500000000 0.5430308230438999
0.4852343750000000 0.5430380507787923
0.4853125000000000 0.5430446583725859
0.4853906250000000 0.5430518875096384
0.4854687500000000 0.5430584936851710
0.4855468750000000 0.5430657242254108
0.4856250000000000 0.5430723289816717
0.4857031250000000 0.5430795609260812
0.4857812500000000 0.5430861642621049
0.4858593750000000 0.5430933976116222
0.4859375000000000 0.5430999995264874
0.4860156250000000 0.5431072342820064
0.4860937500000000 0.5431138347748359
0.4861718750000000 0.5431210709372059
0.4862500000000000 0.5431276700071674
0.4863281250000000 0.5431349075771931
0.4864062500000000 0.5431415052234990
0.4864843750000000 0.5431487442019394
0.4865625000000000 0.5431553404238485
0.4866406250000000 0.5431625808114161
0.4867187500000000 0.5431691756082335
0.4867968750000000 0.5431764174055959
0.4868750000000000 0.5431830107766706
0.4869531250000000 0.5431902539844501
0.4870312500000000 0.5431968459291778
0.4871093750000000 0.5432040905479502
0.4871875000000000 0.5432106810657734
0.4872656250000000 0.5432179270960669
0.4873437500000000 0.5432245161864749
0.4874218750000000 0.5432317636287720
0.4875000000000000 0.5432383512913004
0.4875781250000000 0.5432456001460362
0.4876562500000000 0.5432521863802683
0.4877343750000000 0.5432594366478305
0.4878125000000000 0.5432660214533964
0.4878906250000000 0.5432732731341263
0.4879687500000000 0.5432798565107029
0.4880468750000000 0.5432871096048942
0.4881250000000000 0.5432936915522064
0.4882031250000000 0.5433009460601048
0.4882812500000000 0.5433075265779258
0.4883593750000000 0.5433147824997283
0.4884375000000000 0.5433213615878796
0.4885156250000000 0.5433286189237353
0.4885937500000000 0.5433351965820863
0.4886718750000000 0.5433424553320966
0.4887500000000000 0.5433490315605648
0.4888281250000000 0.5433562917247822
0.4889062500000000 0.5433628665233341
0.4889843750000000 0.5433701281017617
0.4890625000000000 0.5433767014704137
0.4891406250000000 0.5433839644630056
0.4892187500000000 0.5433905364018223
0.4892968750000000 0.5433978008084841
0.4893750000000000 0.5434043713175793
0.4894531250000000 0.5434116371381666
0.4895312500000000 0.5434182062177041
0.4896093750000000 0.5434254734520231
0.4896875000000000 0.5434320411022158
0.4897656250000000 0.5434393097500232
0.4898437500000000 0.5434458759711343
0.4899218750000000 0.5434531460321363
0.4900000000000000 0.5434597108244792
0.4900781250000000 0.5434669822983321
0.4901562500000000 0.5434735456622706
0.4902343750000000 0.5434808185485797
0.4903125000000000 0.5434873804845276
0.4903906250000000 0.5434946547828486
0.4904687500000000 0.5435012152912704
0.4905468750000000 0.5435084910011083
0.4906250000000000 0.5435150500825191
0.4907031250000000 0.5435223272033274
0.4907812500000000 0.5435288848582935
0.4908593750000000 0.5435361633894752
0.4909375000000000 0.5435427196186140
0.4910156250000000 0.5435499995595203
0.4910937500000000 0.5435565543635008
0.4911718750000000 0.5435638357134321
0.4912500000000000 0.5435703890929739
0.4913281250000000 0.5435776718511791
0.4914062500000000 0.5435842238070544
0.4914843750000000 0.5435915079727300
0.4915625000000000 0.5435980585057623
0.4916406250000000 0.5436053440780535
0.4917187500000000 0.5436118931891181
0.4917968750000000 0.5436191801671183
0.4918750000000000 0.5436257278571421
0.4919531250000000 0.5436330162398930
0.4920312500000000 0.5436395625098555
0.4921093750000000 0.5436468522963455
0.4921875000000000 0.5436533971472791
0.4922656250000000 0.5436606883364444
0.4923437500000000 0.5436672317694335
0.4924218750000000 0.5436745243601582
0.4925000000000000 0.5436810663763395
0.4925781250000000 0.5436883603674548
0.4926562500000000 0.5436949009680184
0.4927343750000000 0.5437021963583026
0.4928125000000000 0.5437087355444908
0.4928906250000000 0.5437160323326695
0.4929687500000000 0.5437225701057781
0.4930468750000000 0.5437298682905237
0.4931250000000000 0.5437364046519011
0.4932031250000000 0.5437437042318334
0.4932812500000000 0.5437502391828812
0.4933593750000000 0.5437575401565660
0.4934375000000000 0.5437640736987399
0.4935156250000000 0.5437713760646894
0.4935937500000000 0.5437779081994982
0.4936718750000000 0.5437852119561715
0.4937500000000000 0.5437917426851777
0.4938281250000000 0.5437990478309801
0.4939062500000000 0.5438055771557997
0.4939843750000000 0.5438128836890829
0.4940625000000000 0.5438194116113858
0.4941406250000000 0.5438267195304474
0.4942187500000000 0.5438332460519572
0.4942968750000000 0.5438405553550415
0.4943750000000000 0.5438470804775355
0.4944531250000000 0.5438543911628323
0.4945312500000000 0.5438609148881425
0.4946093750000000 0.5438682269537879
0.4946875000000000 0.5438747492837994
0.4947656250000000 0.5438820627278754
0.4948437500000000 0.5438885836645287
0.4949218750000000 0.5438958984850620
0.4950000000000000 0.5439024180303516
0.4950781250000000 0.5439097342253153
0.4951562500000000 0.5439162523812903
0.4952343750000000 0.5439235699486029
0.4953125000000000 0.5439300867173656
0.4953906250000000 0.5439374056548920
0.4954687500000000 0.5439439210386006
0.4955468750000000 0.5439512413441495
0.4956250000000000 0.5439577553450163
0.4957031250000000 0.5439650770163429
0.4957812500000000 0.5439715896366353
0.4958593750000000 0.5439789126714392
0.4959375000000000 0.5439854239134789
0.4960156250000000 0.5439927483094060
0.4960937500000000 0.5439992581755693
0.4961718750000000 0.5440065839302102
0.4962500000000000 0.5440130924229287
0.4963281250000000 0.5440204195338185
0.4964062500000000 0.5440269266555787
0.4964843750000000 0.5440342551201990
0.4965625000000000 0.5440407608735414
0.4966406250000000 0.5440480906893180
0.4967187500000000 0.5440545950768391
0.4967968750000000 0.5440619262411427
0.4968750000000000 0.5440684292654937
0.4969531250000000 0.5440757617756402
0.4970312500000000 0.5440822634395276
0.4971093750000000 0.5440895972927777
0.4971875000000000 0.5440960975989624
0.4972656250000000 0.5441034327925220
0.4973437500000000 0.5441099317438204
0.4974218750000000 0.5441172682748400
0.4975000000000000 0.5441237658741243
0.4975781250000000 0.5441311037396989
0.4976562500000000 0.5441375999898956
0.4977343750000000 0.5441449391870651
0.4978125000000000 0.5441514340911567
0.4978906250000000 0.5441587746169061
0.4979687500000000 0.5441652681779295
0.4980468750000000 0.5441726100291893
0.4981250000000000 0.5441791022502366
0.4982031250000000 0.5441864454238807
0.4982812500000000 0.5441929363081000
0.4983593750000000 0.5442002808009478
0.4984375000000000 0.5442067703515415
0.4985156250000000 0.5442141161603574
0.4985937500000000 0.5442206043805837
0.4986718750000000 0.5442279515020766
0.4987500000000000 0.5442344383952485
0.4988281250000000 0.5442417868260719
0.4989062500000000 0.5442482723955583
0.4989843750000000 0.5442556221323109
0.4990625000000000 0.5442621063815352
0.4991406250000000 0.5442694574207598
0.4992187500000000 0.5442759403532013
0.4992968750000000 0.5442832926913864
0.4993750000000000 0.5442897743105786
0.4994531250000000 0.5442971279441574
0.4995312500000000 0.5443036082536888
0.4996093750000000 0.5443109631790398
0.4996875000000000 0.5443174421825546
0.4997656250000000 0.5443247983960007
0.4998437500000000 0.5443312760971982
0.4999218750000000 0.5443386335950068
0.5000000000000000 0.5443451099976411
0.5000781250000000 0.5443524687760255
0.5001562500000000 0.5443589438839058
0.5002343750000000 0.5443663039390236
0.5003125000000000 0.5443727777560141
0.5003906250000000 0.5443801390839685
0.5004687500000000 0.5443866116139880
0.5005468750000001 0.5443939742108269
0.5006250000000000 0.5444004454578502
0.5007031250000000 0.5444078093195661
0.5007812500000000 0.5444142792876218
0.5008593750000000 0.5444216444101533
0.5009375000000000 0.5444281131033248
0.5010156250000000 0.5444354794825558
0.5010937500000000 0.5444419469049812
0.5011718750000000 0.5444493145367412
0.5012500000000000 0.5444557806926124
0.5013281250000000 0.5444631495726762
0.5014062500000001 0.5444696144662410
0.5014843750000000 0.5444769845903282
0.5015625000000000 0.5444834482258882
0.5016406250000001 0.5444908195896648
0.5017187500000000 0.5444972819715759
0.5017968750000000 0.5445046545706533
0.5018750000000000 0.5445111157033256
0.5019531250000000 0.5445184895332611
0.5020312500000000 0.5445249494211594
0.5021093750000000 0.5445323244774557
0.5021875000000000 0.5445387831250987
0.5022656250000000 0.5445461594032043
0.5023437500000000 0.5445526168151651
0.5024218750000000 0.5445599943104747
0.5025000000000001 0.5445664504913799
0.5025781250000000 0.5445738291992349
0.5026562500000000 0.5445802841537646
0.5027343750000000 0.5445876640694520
0.5028125000000000 0.5445941178023407
0.5028906250000000 0.5446014989210936
0.5029687500000000 0.5446079514371297
0.5030468750000000 0.5446153337541282
0.5031250000000000 0.5446217850581524
0.5032031250000000 0.5446291685685232
0.5032812500000000 0.5446356186654302
0.5033593750000001 0.5446430033642469
0.5034375000000000 0.5446494522589840
0.5035156250000000 0.5446568381412668
0.5035937500000001 0.5446632858388356
0.5036718750000000 0.5446706728995506
0.5037500000000000 0.5446771194050056
0.5038281250000000 0.5446845076390674
0.5039062500000000 0.5446909529575151
0.5039843750000000 0.5446983423597844
0.5040625000000000 0.5447047864963851
0.5041406250000000 0.5447121770616703
0.5042187500000000 0.5447186200216361
0.5042968750000000 0.5447260117446937
0.5043750000000000 0.5447324535332886
0.5044531250000001 0.5447398464088227
0.5045312500000000 0.5447462870313636
0.5046093750000000 0.5447536810540258
0.5046875000000000 0.5447601205158819
0.5047656250000000 0.5447675156802712
0.5048437500000000 0.5447739539868638
0.5049218750000000 0.5447813502875277
0.5050000000000000 0.5447877874443297
0.5050781250000000 0.5447951848757644
0.5051562500000000 0.5448016208882999
0.5052343750000000 0.5448090194449494
0.5053125000000001 0.5448154543187946
0.5053906250000000 0.5448228539950520
0.5054687500000000 0.5448292877358343
0.5055468750000001 0.5448366885260409
0.5056250000000000 0.5448431211394389
0.5057031250000000 0.5448505230378851
0.5057812500000000 0.5448569545296288
0.5058593750000000 0.5448643575305542
0.5059375000000000 0.5448707879064230
0.5060156250000000 0.5448781920040168
0.5060937500000000 0.5448846212698421
0.5061718750000000 0.5448920264582424
0.5062500000000000 0.5448984546199050
0.5063281250000000 0.5449058608932013
0.5064062500000001 0.5449122879566320
0.5064843750000000 0.5449196953088619
0.5065625000000000 0.5449261212800425
0.5066406250000000 0.5449335297051940
0.5067187500000000 0.5449399545901557
0.5067968750000000 0.5449473640821679
0.5068750000000000 0.5449537878869909
0.5069531250000000 0.5449611984397528
0.5070312500000000 0.5449676211705674
0.5071093750000000 0.5449750327779189
0.5071875000000000 0.5449814544409041
0.5072656250000001 0.5449888670966366
0.5073437500000000 0.5449952876980196
0.5074218750000000 0.5450027013958759
0.5075000000000001 0.5450091209419337
0.5075781250000000 0.5450165356756066
0.5076562500000000 0.5450229541726643
0.5077343750000000 0.5450303699357995
0.5078125000000000 0.5450367873902305
0.5078906250000000 0.5450442041764250
0.5079687500000000 0.5450506205946506
0.5080468750000000 0.5450580383974538
0.5081250000000000 0.5450644537859428
0.5082031250000000 0.5450718725988568
0.5082812500000000 0.5450782869641254
0.5083593750000001 0.5450857067806048
0.5084375000000000 0.5450921201292168
0.5085156250000000 0.5450995409426682
0.5085937500000000 0.5451059532812348
0.5086718750000000 0.5451133750850189
0.5087500000000000 0.5451197864201973
0.5088281250000000 0.5451272092076280
0.5089062500000000 0.5451336195461224
0.5089843750000000 0.5451410433104662
0.5090625000000000 0.5451474526590272
0.5091406250000000 0.5451548773935058
0.5092187500000001 0.5451612857589294
0.5092968750000000 0.5451687114567185
0.5093750000000000 0.5451751188458457
0.5094531250000001 0.5451825455000758
0.5095312500000000 0.5451889519197939
0.5096093750000000 0.5451963795235496
0.5096875000000000 0.5452027849807913
0.5097656250000000 0.5452102135271120
0.5098437500000000 0.5452166180288545
0.5099218750000000 0.5452240475107351
0.5100000000000000 0.5452304510640001
0.5100781250000000 0.5452378814743912
0.5101562500000000 0.5452442840862450
0.5102343750000000 0.5452517154180531
0.5103125000000001 0.5452581170956059
0.5103906250000000 0.5452655493416929
0.5104687500000000 0.5452719500920989
0.5105468750000000 0.5452793832452838
0.5106250000000000 0.5452857830757400
0.5107031250000000 0.5452932171287986
0.5107812500000000 0.5452996160465458
0.5108593750000000 0.5453070509922108
0.5109375000000000 0.5453134490045309
0.5110156250000000 0.5453208848354933
0.5110937500000000 0.5453272819497120
0.5111718750000001 0.5453347186586195
0.5112500000000000 0.5453411148821046
0.5113281250000000 0.5453485524615631
0.5114062500000001 0.5453549478017238
0.5114843750000000 0.5453623862442974
0.5115625000000000 0.5453687807085852
0.5116406250000000 0.5453762200067968
0.5117187500000000 0.5453826136027037
0.5117968750000000 0.5453900537490349
0.5118750000000000 0.5453964464840940
0.5119531250000000 0.5454038874709862
0.5120312500000000 0.5454102793527714
0.5121093750000000 0.5454177211726252
0.5121875000000000 0.5454241122087501
0.5122656250000001 0.5454315548539258
0.5123437500000000 0.5454379450520447
0.5124218750000000 0.5454453885148631
0.5125000000000000 0.5454517778826692
0.5125781250000000 0.5454592221554120
0.5126562500000000 0.5454656107006380
0.5127343750000000 0.5454730557755475
0.5128125000000000 0.5454794435059647
0.5128906250000000 0.5454868893752454
0.5129687500000000 0.5454932762986626
0.5130468750000000 0.5455007229544802
0.5131250000000001 0.5455071090787462
0.5132031250000000 0.5455145565132278
0.5132812500000000 0.5455209418462280
0.5133593750000001 0.5455283900514640
0.5134375000000000 0.5455347746011221
0.5135156250000000 0.5455422235691646
0.5135937500000000 0.5455486073434408
0.5136718750000000 0.5455560570663058
0.5137500000000000 0.5455624400731970
0.5138281250000000 0.5455698905428643
0.5139062500000000 0.5455762727904033
0.5139843750000000 0.5455837239988157
0.5140625000000000 0.5455901054950727
0.5141406250000000 0.5455975574341372
0.5142187500000001 0.5456039381872169
0.5142968750000000 0.5456113908488055
0.5143750000000000 0.5456177708668479
0.5144531250000000 0.5456252242427978
0.5145312500000000 0.5456316035339781
0.5146093750000000 0.5456390576160914
0.5146875000000000 0.5456454361886187
0.5147656250000000 0.5456528909686635
0.5148437500000000 0.5456592688307816
0.5149218750000000 0.5456667243004917
0.5150000000000000 0.5456731014604778
0.5150781250000001 0.5456805576115541
0.5151562500000000 0.5456869340777182
0.5152343750000000 0.5456943909018284
0.5153125000000001 0.5457007666825143
0.5153906250000000 0.5457082241712929
0.5154687500000000 0.5457145992748765
0.5155468750000000 0.5457220574199261
0.5156250000000000 0.5457284318548151
0.5157031250000000 0.5457358906477064
0.5157812500000000 0.5457422644223412
0.5158593750000000 0.5457497238546123
0.5159375000000000 0.5457560969774641
0.5160156250000000 0.5457635570406233
0.5160937500000000 0.5457699295201939
0.5161718750000001 0.5457773902057187
0.5162500000000000 0.5457837620505399
0.5163281250000000 0.5457912233498782
0.5164062500000000 0.5457975945685124
0.5164843750000000 0.5458050564730805
0.5165625000000000 0.5458114270741202
0.5166406250000000 0.5458188895753058
0.5167187500000000 0.5458252595673728
0.5167968750000000 0.5458327226565340
0.5168750000000000 0.5458390920482785
0.5169531250000000 0.5458465557167459
0.5170312500000001 0.5458529245168464
0.5171093750000000 0.5458603887559209
0.5171875000000000 0.5458667569730846
0.5172656250000001 0.5458742217740409
0.5173437500000000 0.5458805894170011
0.5174218750000000 0.5458880547710864
0.5175000000000000 0.5458944218486044
0.5175781250000000 0.5459018877470386
0.5176562500000000 0.5459082542679017
0.5177343750000000 0.5459157207018780
0.5178125000000000 0.5459220866749015
0.5178906250000000 0.5459295536355869
0.5179687500000000 0.5459359190696103
0.5180468750000000 0.5459433865481467
0.5181250000000001 0.5459497514520358
0.5182031250000000 0.5459572194395395
0.5182812500000000 0.5459635838221850
0.5183593750000000 0.5459710523097473
0.5184375000000000 0.5459774161800639
0.5185156250000000 0.5459848851587525
0.5185937500000000 0.5459912485256798
0.5186718750000000 0.5459987179865380
0.5187500000000000 0.5460050808590382
0.5188281250000000 0.5460125507930865
0.5189062500000000 0.5460189131801456
0.5189843750000001 0.5460263835783810
0.5190625000000000 0.5460327454890079
0.5191406250000000 0.5460402163424045
0.5192187500000001 0.5460465777856305
0.5192968750000000 0.5460540490851413
0.5193750000000000 0.5460604100700184
0.5194531250000000 0.5460678818065747
0.5195312500000000 0.5460742423421771
0.5196093750000000 0.5460817145066889
0.5196875000000000 0.5460880746021114
0.5197656250000000 0.5460955471854676
0.5198437500000000 0.5461019068498260
0.5199218750000000 0.5461093798428956
0.5200000000000000 0.5461157390853252
0.5200781250000001 0.5461232124789575
0.5201562500000000 0.5461295713086132
0.5202343750000000 0.5461370450936384
0.5203125000000000 0.5461434035196941
0.5203906250000000 0.5461508776869228
0.5204687500000000 0.5461572357185717
0.5205468750000000 0.5461647102587965
0.5206250000000000 0.5461710679052498
0.5207031250000000 0.5461785428092452
0.5207812500000000 0.5461849000797309
0.5208593750000000 0.5461923753382544
0.5209375000000001 0.5461987322420182
0.5210156250000000 0.5462062078458105
0.5210937500000000 0.5462125643921149
0.5211718750000001 0.5462200403318996
0.5212500000000000 0.5462263965300233
0.5213281250000000 0.5462338727965080
0.5214062500000000 0.5462402286557461
0.5214843750000000 0.5462477052396227
0.5215625000000000 0.5462540607692846
0.5216406250000000 0.5462615376612309
0.5217187500000000 0.5462678928706415
0.5217968750000000 0.5462753700613192
0.5218750000000000 0.5462817249598182
0.5219531250000000 0.5462892024398757
0.5220312500000001 0.5462955570368156
0.5221093750000000 0.5463030347968878
0.5221875000000000 0.5463093891016352
0.5222656250000000 0.5463168671323436
0.5223437500000000 0.5463232211542779
0.5224218750000000 0.5463306994462312
0.5225000000000000 0.5463370531947439
0.5225781250000000 0.5463445317385389
0.5226562500000000 0.5463508852230342
0.5227343750000000 0.5463583640092559
0.5228125000000000 0.5463647172391488
0.5228906250000001 0.5463721962583705
0.5229687500000000 0.5463785492430873
0.5230468750000000 0.5463860284858721
0.5231250000000001 0.5463923812348499
0.5232031250000000 0.5463998606917501
0.5232812500000000 0.5464062132144357
0.5233593750000000 0.5464136928759941
0.5234375000000000 0.5464200451818441
0.5235156250000000 0.5464275250385939
0.5235937500000000 0.5464338771370739
0.5236718750000000 0.5464413571795395
0.5237500000000000 0.5464477090801237
0.5238281250000000 0.5464551892988219
0.5239062500000000 0.5464615410109923
0.5239843750000001 0.5464690213964311
0.5240625000000000 0.5464753729296774
0.5241406250000000 0.5464828534723583
0.5242187500000000 0.5464892048361774
0.5242968750000000 0.5464966855265943
0.5243750000000000 0.5465030367304902
0.5244531250000000 0.5465105175591303
0.5245312500000000 0.5465168686126129
0.5246093750000000 0.5465243495699583
0.5246875000000000 0.5465307004825428
0.5247656250000000 0.5465381815590702
0.5248437500000001 0.5465445323402768
0.5249218750000000 0.5465520135264580
0.5250000000000000 0.5465583641858116
0.5250781250000001 0.5465658454721138
0.5251562500000000 0.5465721960191440
0.5252343750000000 0.5465796773960301
0.5253125000000000 0.5465860278402700
0.5253906250000000 0.5465935092982002
0.5254687500000000 0.5465998596491857
0.5255468750000000 0.5466073411786164
0.5256250000000000 0.5466136914458870
0.5257031250000000 0.5466211730372724
0.5257812500000000 0.5466275232303696
0.5258593750000000 0.5466350048741617
0.5259375000000001 0.5466413550026281
0.5260156250000000 0.5466488366892785
0.5260937500000000 0.5466551867626578
0.5261718750000000 0.5466626684826166
0.5262500000000000 0.5466690185104534
0.5263281250000000 0.5466765002541700
0.5264062500000000 0.5466828502460099
0.5264843750000000 0.5466903320039331
0.5265625000000000 0.5466966819693212
0.5266406250000000 0.5467041637319012
0.5267187500000000 0.5467105136803813
0.5267968750000001 0.5467179954380692
0.5268750000000000 0.5467243453791840
0.5269531250000000 0.5467318271224325
0.5270312500000001 0.5467381770657228
0.5271093750000000 0.5467456587849863
0.5271875000000000 0.5467520087399911
0.5272656250000000 0.5467594904257264
0.5273437500000000 0.5467658404019820
0.5274218750000000 0.5467733220446488
0.5275000000000000 0.5467796720516880
0.5275781250000000 0.5467871536417501
0.5276562500000000 0.5467935036891022
0.5277343750000000 0.5468009852170261
0.5278125000000000 0.5468073353142165
0.5278906250000001 0.5468148167704739
0.5279687500000000 0.5468211669270233
0.5280468750000000 0.5468286483020903
0.5281250000000000 0.5468349985275142
0.5282031250000000 0.5468424798118730
0.5282812500000000 0.5468488301156804
0.5283593750000000 0.5468563112998193
0.5284375000000000 0.5468626616915137
0.5285156250000000 0.5468701427659270
0.5285937500000000 0.5468764932550049
0.5286718750000000 0.5468839742101936
0.5287500000000001 0.5468903248061452
0.5288281250000000 0.5468978056326174
0.5289062500000000 0.5469041563449251
0.5289843750000001 0.5469116370331970
0.5290625000000000 0.5469179878713348
0.5291406250000000 0.5469254684119312
0.5292187500000000 0.5469318193853646
0.5292968750000000 0.5469392997688186
0.5293750000000000 0.5469456508870044
0.5294531250000000 0.5469531311038588
0.5295312500000000 0.5469594823762434
0.5296093750000000 0.5469669624170509
0.5296875000000000 0.5469733138530714
0.5297656250000000 0.5469807937083946
0.5298437500000001 0.5469871453174773
0.5299218750000000 0.5469946249778895
0.5300000000000000 0.5470009767694501
0.5300781250000000 0.5470084562255364
0.5301562500000000 0.5470148082089789
0.5302343750000000 0.5470222874513349
0.5303125000000000 0.5470286396360518
0.5303906250000000 0.5470361186552860
0.5304687500000000 0.5470424710506566
0.5305468750000000 0.5470499498373906
0.5306250000000000 0.5470563024527817
0.5307031250000001 0.5470637809976496
0.5307812500000000 0.5470701338424148
0.5308593750000000 0.5470776121360644
0.5309375000000001 0.5470839652195432
0.5310156250000000 0.5470914432526366
0.5310937500000000 0.5470977965841538
0.5311718750000000 0.5471052743473680
0.5312500000000000 0.5471116279362344
0.5313281250000000 0.5471191054202607
0.5314062500000000 0.5471254592757712
0.5314843750000000 0.5471329364713164
0.5315625000000000 0.5471392906027513
0.5316406250000000 0.5471467675005379
0.5317187500000000 0.5471531219171607
0.5317968750000001 0.5471605985079280
0.5318750000000000 0.5471669532189853
0.5319531250000000 0.5471744294934895
0.5320312500000000 0.5471807845082113
0.5321093750000000 0.5471882604572257
0.5321875000000000 0.5471946157848236
0.5322656250000000 0.5472020913991400
0.5323437500000000 0.5472084470488084
0.5324218750000000 0.5472159223192360
0.5325000000000000 0.5472222783001504
0.5325781250000000 0.5472297532175174
0.5326562500000001 0.5472361095388348
0.5327343750000000 0.5472435840939882
0.5328125000000000 0.5472499407648462
0.5328906250000001 0.5472574149486532
0.5329687500000000 0.5472637719781690
0.5330468750000000 0.5472712457815165
0.5331250000000000 0.5472776031787875
0.5332031250000000 0.5472850765925832
0.5332812500000000 0.5472914343666854
0.5333593750000000 0.5472989073818580
0.5334375000000000 0.5473052655418471
0.5335156250000000 0.5473127381493461
0.5335937500000000 0.5473190967042557
0.5336718750000000 0.5473265688950532
0.5337500000000001 0.5473329278538948
0.5338281250000000 0.5473403996189850
0.5339062500000000 0.5473467589907471
0.5339843750000001 0.5473542303211468
0.5340625000000000 0.5473605901147964
0.5341406250000000 0.5473680610015452
0.5342187500000000 0.5473744212260245
0.5342968750000000 0.5473818916601861
0.5343750000000000 0.5473882523244147
0.5344531250000000 0.5473957222970762
0.5345312500000000 0.5474020834099484
0.5346093750000001 0.5474095529122224
0.5346875000000000 0.5474159144826084
0.5347656250000000 0.5474233835056312
0.5348437500000001 0.5474297455423761
0.5349218750000000 0.5474372140773103
0.5350000000000000 0.5474435765892331
0.5350781250000000 0.5474510446272669
0.5351562500000000 0.5474574076231609
0.5352343750000000 0.5474648751555087
0.5353125000000000 0.5474712386441407
0.5353906250000000 0.5474787056620434
0.5354687500000000 0.5474850696521534
0.5355468750000000 0.5474925361468785
0.5356250000000000 0.5474989006471800
0.5357031250000001 0.5475063666100229
0.5357812500000000 0.5475127316292009
0.5358593750000000 0.5475201970514848
0.5359375000000001 0.5475265625981967
0.5360156250000000 0.5475340274712722
0.5360937500000000 0.5475403935541476
0.5361718750000000 0.5475478578693943
0.5362500000000000 0.5475542244970332
0.5363281250000000 0.5475616882458608
0.5364062500000000 0.5475680554268328
0.5364843750000000 0.5475755186006809
0.5365625000000001 0.5475818863435269
0.5366406250000000 0.5475893489338630
0.5367187500000000 0.5475957172470945
0.5367968750000001 0.5476031792454170
0.5368750000000000 0.5476095481375149
0.5369531250000000 0.5476170095353533
0.5370312500000000 0.5476233790147665
0.5371093750000000 0.5476308398036819
0.5371875000000000 0.5476372098788286
0.5372656250000000 0.5476446700504125
0.5373437500000000 0.5476510407296793
0.5374218750000000 0.5476585002755561
0.5375000000000000 0.5476648715672974
0.5375781250000000 0.5476723304791226
0.5376562500000001 0.5476787023916611
0.5377343750000000 0.5476861606611229
0.5378125000000000 0.5476925332027481
0.5378906250000001 0.5476999908215683
0.5379687500000000 0.5477063640005362
0.5380468750000000 0.5477138209604701
0.5381250000000000 0.5477201947850034
0.5382031250000000 0.5477276510778388
0.5382812500000000 0.5477340255561270
0.5383593750000000 0.5477414811736869
0.5384375000000000 0.5477478563138838
0.5385156250000001 0.5477553112480259
0.5385937500000000 0.5477616870582513
0.5386718750000000 0.5477691413008672
0.5387500000000001 0.5477755177892064
0.5388281250000000 0.5477829713322232
0.5389062500000000 0.5477893485067256
0.5389843750000000 0.5477968013421062
0.5390625000000000 0.5478031792107854
0.5391406250000000 0.5478106313305289
0.5392187500000000 0.5478170099013620
0.5392968750000000 0.5478244612975036
0.5393750000000000 0.5478308405784317
0.5394531250000000 0.5478382912430430
0.5395312500000000 0.5478446712419708
0.5396093750000001 0.5478521211671599
0.5396875000000000 0.5478585018919553
0.5397656250000000 0.5478659510698677
0.5398437500000001 0.5478723325283599
0.5399218750000000 0.5478797809511801
0.5400000000000000 0.5478861631511607
0.5400781250000000 0.5478936108111095
0.5401562500000000 0.5478999937603332
0.5402343750000000 0.5479074406496706
0.5403125000000000 0.5479138243558521
0.5403906250000000 0.5479212704668764
0.5404687500000001 0.5479276549376927
0.5405468750000000 0.5479351002627412
0.5406250000000000 0.5479414855058299
0.5407031250000001 0.5479489300372792
0.5407812500000000 0.5479553160602381
0.5408593750000000 0.5479627597905044
0.5409375000000000 0.5479691466008917
0.5410156250000000 0.5479765895224314
0.5410937500000000 0.5479829771277652
0.5411718750000000 0.5479904192330749
0.5412500000000000 0.5479968076408329
0.5413281250000000 0.5480042489224493
0.5414062500000000 0.5480106381400689
0.5414843750000000 0.5480180785905699
0.5415625000000001 0.5480244686254465
0.5416406250000000 0.5480319082374517
0.5417187500000000 0.5480382990969402
0.5417968750000001 0.5480457378631094
0.5418750000000000 0.5480521295545235
0.5419531250000000 0.5480595674675587
0.5420312500000000 0.5480659599981689
0.5421093750000000 0.5480733970508153
0.5421875000000000 0.5480797904278506
0.5422656250000000 0.5480872266128944
0.5423437500000000 0.5480936208435419
0.5424218750000001 0.5481010561538114
0.5425000000000000 0.5481074512452155
0.5425781250000000 0.5481148856735835
0.5426562500000001 0.5481212816328437
0.5427343750000000 0.5481287151722256
0.5428125000000000 0.5481351120063999
0.5428906250000000 0.5481425446497546
0.5429687500000000 0.5481489423658562
0.5430468750000000 0.5481563741061867
0.5431250000000000 0.5481627727111856
0.5432031250000000 0.5481702035415380
0.5432812500000000 0.5481766030423600
0.5433593750000000 0.5481840329558255
0.5434375000000000 0.5481904333593516
0.5435156250000001 0.5481978623490658
0.5435937500000000 0.5482042636621327
0.5436718750000000 0.5482116917212755
0.5437500000000001 0.5482180939506751
0.5438281250000000 0.5482255210724716
0.5439062500000000 0.5482319242249508
0.5439843750000000 0.5482393504026715
0.5440625000000000 0.5482457544849311
0.5441406250000000 0.5482531797118925
0.5442187500000000 0.5482595847305876
0.5442968750000000 0.5482670090001512
0.5443750000000001 0.5482734149618923
0.5444531250000000 0.5482808382674657
0.5445312500000000 0.5482872451788160
0.5446093750000001 0.5482946675138534
0.5446875000000000 0.5483010753813297
0.5447656250000000 0.5483084967393324
0.5448437500000000 0.5483149055694048
0.5449218750000000 0.5483223259439201
0.5450000000000000 0.5483287357430126
0.5450781250000000 0.5483361551276341
0.5451562500000000 0.5483425659021234
0.5452343750000000 0.5483499842904931
0.5453125000000000 0.5483563960467079
0.5453906250000000 0.5483638134325148
0.5454687500000001 0.5483702261767376
0.5455468750000000 0.5483776425537171
0.5456250000000000 0.5483840562921825
0.5457031250000001 0.5483914716541193
0.5457812500000000 0.5483978863930127
0.5458593750000000 0.5484053007337388
0.5459375000000000 0.5484117164791993
0.5460156250000000 0.5484191297925947
0.5460937500000000 0.5484255465507122
0.5461718750000000 0.5484329588307059
0.5462500000000000 0.5484393766075208
0.5463281250000001 0.5484467878480909
0.5464062500000000 0.5484532066495960
0.5464843750000000 0.5484606168447684
0.5465625000000001 0.5484670366769075
0.5466406250000000 0.5484744458207576
0.5467187500000000 0.5484808666894245
0.5467968750000000 0.5484882747760774
0.5468750000000000 0.5484946966871181
0.5469531250000000 0.5485021037107463
0.5470312500000000 0.5485085266699575
0.5471093750000000 0.5485159326247837
0.5471875000000000 0.5485223566379124
0.5472656250000000 0.5485297615182096
0.5473437500000000 0.5485361865909513
0.5474218750000001 0.5485435903910428
0.5475000000000000 0.5485500165290446
0.5475781250000000 0.5485574192433030
0.5476562500000001 0.5485638464521616
0.5477343750000000 0.5485712480750092
0.5478125000000000 0.5485776763602714
0.5478906250000000 0.5485850768861814
0.5479687500000000 0.5485915062533433
0.5480468750000000 0.5485989056768392
0.5481250000000000 0.5486053361313460
0.5482031250000000 0.5486127344470025
0.5482812500000001 0.5486191659942491
0.5483593750000000 0.5486265631966910
0.5484375000000000 0.5486329958420209
0.5485156250000001 0.5486403919259247
0.5485937500000000 0.5486468256746305
0.5486718750000000 0.5486542206347235
0.5487500000000000 0.5486606554920469
0.5488281250000000 0.5486680493231075
0.5489062500000000 0.5486744852942388
0.5489843750000000 0.5486818779910965
0.5490625000000000 0.5486883150811751
0.5491406250000000 0.5486957066387106
0.5492187500000000 0.5487021448528242
0.5492968750000000 0.5487095352659701
0.5493750000000001 0.5487159746091551
0.5494531250000000 0.5487233638728951
0.5495312500000000 0.5487298043501364
0.5496093750000001 0.5487371924595060
0.5496875000000000 0.5487436340757358
0.5497656250000000 0.5487510210258236
0.5498437500000000 0.5487574637859221
0.5499218750000000 0.5487648495718681
0.5500000000000000 0.5487712934806634
0.5500781250000000 0.5487786780976599
0.5501562500000000 0.5487851231599286
0.5502343750000001 0.5487925066032193
0.5503125000000000 0.5487989528236858
0.5503906250000000 0.5488063350885666
0.5504687500000001 0.5488127824719033
0.5505468750000000 0.5488201635537232
0.5506250000000000 0.5488266121045488
0.5507031250000000 0.5488339919987094
0.5507812500000000 0.5488404417215909
0.5508593750000000 0.5488478204235456
0.5509375000000000 0.5488542713229975
0.5510156250000000 0.5488616488282525
0.5510937500000000 0.5488681009087371
0.5511718750000000 0.5488754772128512
0.5512500000000000 0.5488819304787770
0.5513281250000001 0.5488893055773625
0.5514062500000000 0.5488957600330856
0.5514843750000000 0.5489031339218071
0.5515625000000001 0.5489095895716308
0.5516406250000000 0.5489169622462056
0.5517187500000000 0.5489234190943809
0.5517968750000000 0.5489307905505791
0.5518750000000000 0.5489372486013031
0.5519531250000000 0.5489446188349486
0.5520312500000000 0.5489510780923658
0.5521093750000000 0.5489584470993352
0.5521875000000001 0.5489649075675366
0.5522656250000000 0.5489722753437595
0.5523437500000000 0.5489787370267833
0.5524218750000001 0.5489861035682427
0.5525000000000000 0.5489925664700739
0.5525781250000000 0.5489999317728058
0.5526562500000000 0.5490063958973759
0.5527343750000000 0.5490137599574696
0.5528125000000000 0.5490202253086575
0.5528906250000000 0.5490275881222549
0.5529687500000000 0.5490340547038862
0.5530468750000000 0.5490414162671836
0.5531250000000000 0.5490478840830297
0.5532031250000000 0.5490552443922759
0.5532812500000001 0.5490617134460561
0.5533593750000000 0.5490690724975534
0.5534375000000000 0.5490755427929324
0.5535156250000001 0.5490829005830369
0.5535937500000000 0.5490893721236271
0.5536718750000000 0.5490967286487476
0.5537500000000000 0.5491032014381073
0.5538281250000000 0.5491105566947064
0.5539062500000000 0.5491170307363408
0.5539843750000000 0.5491243847209346
0.5540625000000000 0.5491308600182958
0.5541406250000001 0.5491382127274532
0.5542187500000000 0.5491446892839393
0.5542968750000000 0.5491520407142834
0.5543750000000001 0.5491585185332398
0.5544531250000000 0.5491658686814458
0.5545312500000000 0.5491723477661646
0.5546093750000000 0.5491796966289619
0.5546875000000000 0.5491861769826812
0.5547656250000000 0.5491935245568528
0.5548437500000000 0.5492000061827573
0.5549218750000000 0.5492073524651397
0.5550000000000000 0.5492138353663610
0.5550781250000000 0.5492211803538429
0.5551562500000000 0.5492276645334602
0.5552343750000001 0.5492350082229840
0.5553125000000000 0.5492414936840221
0.5553906250000000 0.5492488360725841
0.5554687500000001 0.5492553228180148
0.5555468750000000 0.5492626639026640
0.5556250000000000 0.5492691519354057
0.5557031250000000 0.5492764917132447
0.5557812500000000 0.5492829810361632
0.5558593750000000 0.5492903195043470
0.5559375000000000 0.5492968101202548
0.5560156250000000 0.5493041472759921
0.5560937500000001 0.5493106391876484
0.5561718750000000 0.5493179750282008
0.5562500000000000 0.5493244682383116
0.5563281250000001 0.5493318027609941
0.5564062500000000 0.5493382972722129
0.5564843750000000 0.5493456304743928
0.5565625000000000 0.5493521262893197
0.5566406250000000 0.5493594581684176
0.5567187500000000 0.5493659552896001
0.5567968750000000 0.5493732858430895
0.5568750000000000 0.5493797842730219
0.5569531250000000 0.5493871134984294
0.5570312500000000 0.5493936132395534
0.5571093750000000 0.5494009411344578
0.5571875000000001 0.5494074421891624
0.5572656250000000 0.5494147687511954
0.5573437500000000 0.5494212711218169
0.5574218750000001 0.5494285963486631
0.5575000000000000 0.5494351000374853
0.5575781250000000 0.5494424239268813
0.5576562500000000 0.5494489289361359
0.5577343750000000 0.5494562514858703
0.5578125000000000 0.5494627578177366
0.5578906250000000 0.5494700790256513
0.5579687500000000 0.5494765866822553
0.5580468750000001 0.5494839065462448
0.5581250000000000 0.5494904155296608
0.5582031250000000 0.5494977340476707
0.5582812500000001 0.5495042443599215
0.5583593750000000 0.5495115615299498
0.5584375000000000 0.5495180731730051
0.5585156250000000 0.5495253889931027
0.5585937500000000 0.5495319019688806
0.5586718750000000 0.5495392164371491
0.5587500000000000 0.5495457307475162
0.5588281250000000 0.5495530438621099
0.5589062500000000 0.5495595595088801
0.5589843750000000 0.5495668712680050
0.5590625000000000 0.5495733882529416
0.5591406250000001 0.5495806986548543
0.5592187500000000 0.5495872169796691
0.5592968750000000 0.5495945260226782
0.5593750000000001 0.5496010456890312
0.5594531250000000 0.5496083533714967
0.5595312500000000 0.5496148743809963
0.5596093750000000 0.5496221807013301
0.5596875000000000 0.5496287030555335
0.5597656250000000 0.5496360080121979
0.5598437500000000 0.5496425317126117
0.5599218750000000 0.5496498353041200
0.5600000000000001 0.5496563603521998
0.5600781250000000 0.5496636625771164
0.5601562500000000 0.5496701889742669
0.5602343750000001 0.5496774898312069
0.5603125000000000 0.5496840175787815
0.5603906250000000 0.5496913170664109
0.5604687500000000 0.5496978461657128
0.5605468750000000 0.5497051442827483
0.5606250000000000 0.5497116747350307
0.5607031250000000 0.5497189714802384
0.5607812500000000 0.5497255032867040
0.5608593750000000 0.5497327986589006
0.5609375000000000 0.5497393318207020
0.5610156250000000 0.5497466258187542
0.5610937500000001 0.5497531603369938
0.5611718750000000 0.5497604529598192
0.5612500000000000 0.5497669888355492
0.5613281250000001 0.5497742800821146
0.5614062500000000 0.5497808173163379
0.5614843750000000 0.5497881071856590
0.5615625000000000 0.5497946457793291
0.5616406250000000 0.5498019342704719
0.5617187500000000 0.5498084742244927
0.5617968750000000 0.5498157613365721
0.5618750000000000 0.5498223026517987
0.5619531250000001 0.5498295883839786
0.5620312500000000 0.5498361310612169
0.5621093750000000 0.5498434154127103
0.5621875000000001 0.5498499594527168
0.5622656250000000 0.5498572424227860
0.5623437500000000 0.5498637878262687
0.5624218750000000 0.5498710694142243
0.5625000000000000 0.5498776161818428
0.5625781250000000 0.5498848963870440
0.5626562500000000 0.5498914445194090
0.5627343750000000 0.5498987233412634
0.5628125000000000 0.5499052728389373
0.5628906250000000 0.5499125502769013
0.5629687500000000 0.5499191011403985
0.5630468750000001 0.5499263771939754
0.5631250000000000 0.5499329294237636
0.5632031250000000 0.5499402040925044
0.5632812500000001 0.5499467576890020
0.5633593750000000 0.5499540309725062
0.5634375000000000 0.5499605859360853
0.5635156250000000 0.5499678578339986
0.5635937500000000 0.5499744141649842
0.5636718750000000 0.5499816846769998
0.5637500000000000 0.5499882423756687
0.5638281250000000 0.5499955115015280
0.5639062500000001 0.5500020705681105
0.5639843750000000 0.5500093383076005
0.5640625000000000 0.5500158987422801
0.5641406250000001 0.5500231650952353
0.5642187500000000 0.5500297268981482
0.5642968750000000 0.5500369918644502
0.5643750000000000 0.5500435550356870
0.5644531250000000 0.5500508186152619
0.5645312500000000 0.5500573831548675
0.5646093750000000 0.5500646453476881
0.5646875000000000 0.5500712112556609
0.5647656250000000 0.5500784720617463
0.5648437500000000 0.5500850393380388
0.5649218750000000 0.5500922987574537
0.5650000000000001 0.5500988674019726
0.5650781250000000 0.5501061254348271
0.5651562500000000 0.5501126954474341
0.5652343750000001 0.5501199520938838
0.5653125000000000 0.5501265234743954
0.5653906250000000 0.5501337787346401
0.5654687500000000 0.5501403514828282
0.5655468750000000 0.5501476053571127
0.5656250000000000 0.5501541794727048
0.5657031250000000 0.5501614319613183
0.5657812500000000 0.5501680074439971
0.5658593750000001 0.5501752585472741
0.5659375000000000 0.5501818353966771
0.5660156250000000 0.5501890851149961
0.5660937500000001 0.5501956633307173
0.5661718750000000 0.5502029116645004
0.5662500000000000 0.5502094912460908
0.5663281250000000 0.5502167381958027
0.5664062500000000 0.5502233191427699
0.5664843750000000 0.5502305647089198
0.5665625000000000 0.5502371470207271
0.5666406250000000 0.5502443912038676
0.5667187500000000 0.5502509748799355
0.5667968750000000 0.5502582176806615
0.5668750000000000 0.5502648027203677
0.5669531250000001 0.5502720441393179
0.5670312500000000 0.5502786305419962
0.5671093750000000 0.5502858705798519
0.5671875000000001 0.5502924583447956
0.5672656250000000 0.5502996970022789
0.5673437500000000 0.5503062861287381
0.5674218750000000 0.5503135234066143
0.5675000000000000 0.5503201138937974
0.5675781250000000 0.5503273497928739
0.5676562500000000 0.5503339416399472
0.5677343750000000 0.5503411761610718
0.5678125000000001 0.5503477693671611
0.5678906250000000 0.5503550025112242
0.5679687500000000 0.5503615970754127
0.5680468750000001 0.5503688288433450
0.5681250000000000 0.5503754247646755
0.5682031250000000 0.5503826551574496
0.5682812500000000 0.5503892524349241
0.5683593750000000 0.5503964814535522
0.5684375000000000 0.5504030800861326
0.5685156250000000 0.5504103077316675
0.5685937500000000 0.5504169077182750
0.5686718750000000 0.5504241339918098
0.5687500000000000 0.5504307353313257
0.5688281250000000 0.5504379602339933
0.5689062500000001 0.5504445629252593
0.5689843750000000 0.5504517864582328
0.5690625000000000 0.5504583905000504
0.5691406250000001 0.5504656126645410
0.5692187500000000 0.5504722180556743
0.5692968750000000 0.5504794388529324
0.5693750000000000 0.5504860455921049
0.5694531250000000 0.5504932650234209
0.5695312500000000 0.5504998731093181
0.5696093750000000 0.5505070911760198
0.5696875000000000 0.5505137006072888
0.5697656250000001 0.5505209173107432
0.5698437500000000 0.5505275280859919
0.5699218750000000 0.5505347434276033
0.5700000000000001 0.5505413555454034
0.5700781250000000 0.5505485695266144
0.5701562500000000 0.5505551829854981
0.5702343750000000 0.5505623956077894
0.5703125000000000 0.5505690104062518
0.5703906250000000 0.5505762216711411
0.5704687500000000 0.5505828378076409
0.5705468750000000 0.5505900477166819
0.5706250000000000 0.5505966651896412
0.5707031250000000 0.5506038737444247
0.5707812500000000 0.5506104925522286
0.5708593750000001 0.5506176997543824
0.5709375000000000 0.5506243198953792
0.5710156250000000 0.5506315257465669
0.5710937500000001 0.5506381472190695
0.5711718750000000 0.5506453517209909
0.5712500000000000 0.5506519745232757
0.5713281250000000 0.5506591776776664
0.5714062500000000 0.5506658018079749
0.5714843750000000 0.5506730036166053
0.5715625000000000 0.5506796290731433
0.5716406250000000 0.5506868295378198
0.5717187500000001 0.5506934563187580
0.5717968750000000 0.5507006554413213
0.5718750000000000 0.5507072835447959
0.5719531250000001 0.5507144813271214
0.5720312500000000 0.5507211107512344
0.5721093750000000 0.5507283071952315
0.5721875000000000 0.5507349379380508
0.5722656250000000 0.5507421330456632
0.5723437500000000 0.5507487651052225
0.5724218750000000 0.5507559588784274
0.5725000000000000 0.5507625922527268
0.5725781250000000 0.5507697846935352
0.5726562500000000 0.5507764193805418
0.5727343750000000 0.5507836104909976
0.5728125000000001 0.5507902464886451
0.5728906250000000 0.5507974362708252
0.5729687500000000 0.5508040735770144
0.5730468750000001 0.5508112620330289
0.5731250000000000 0.5508179006456283
0.5732031250000000 0.5508250877776187
0.5732812500000000 0.5508317276944651
0.5733593750000000 0.5508389135046052
0.5734375000000000 0.5508455547235032
0.5735156250000000 0.5508527392139985
0.5735937500000000 0.5508593817327209
0.5736718750000001 0.5508665649058089
0.5737500000000000 0.5508732087220967
0.5738281250000000 0.5508803905800460
0.5739062500000001 0.5508870356916097
0.5739843750000000 0.5508942162367197
0.5740625000000000 0.5509008626412391
0.5741406250000000 0.5509080418758394
0.5742187500000000 0.5509146895709637
0.5742968750000000 0.5509218674974149
0.5743750000000000 0.5509285164807629
0.5744531250000000 0.5509356931014552
0.5745312500000000 0.5509423433706161
0.5746093750000000 0.5509495186879698
0.5746875000000000 0.5509561702405025
0.5747656250000001 0.5509633442569678
0.5748437500000000 0.5509699970904023
0.5749218750000000 0.5509771698084575
0.5750000000000001 0.5509838239202955
0.5750781250000000 0.5509909953424478
0.5751562500000000 0.5509976507301615
0.5752343750000000 0.5510048208589479
0.5753125000000000 0.5510114775199804
0.5753906250000000 0.5510186463579657
0.5754687500000000 0.5510253042897330
0.5755468750000000 0.5510324718395098
0.5756250000000001 0.5510391310393992
0.5757031250000000 0.5510462973035882
0.5757812500000000 0.5510529577689598
0.5758593750000001 0.5510601227502092
0.5759375000000000 0.5510667844783952
0.5760156250000000 0.5510739481793804
0.5760937500000000 0.5510806111676867
0.5761718750000000 0.5510877735911094
0.5762500000000000 0.5510944378368150
0.5763281250000000 0.5511015989854043
0.5764062500000000 0.5511082644857613
0.5764843750000000 0.5511154243622721
0.5765625000000000 0.5511220911145067
0.5766406250000000 0.5511292497217204
0.5767187500000001 0.5511359177230328
0.5767968750000000 0.5511430750637563
0.5768750000000000 0.5511497443113209
0.5769531250000001 0.5511569003883868
0.5770312500000000 0.5511635708793532
0.5771093750000000 0.5511707256956186
0.5771875000000000 0.5511773974271109
0.5772656250000000 0.5511845509854587
0.5773437500000000 0.5511912239545762
0.5774218750000000 0.5511983762579137
0.5775000000000000 0.5512050504617316
0.5775781250000001 0.5512122015129898
0.5776562500000000 0.5512188769485589
0.5777343750000000 0.5512260267506934
0.5778125000000001 0.5512327034150406
0.5778906250000000 0.5512398519710304
0.5779687500000000 0.5512465298611594
0.5780468750000000 0.5512536771740075
0.5781250000000000 0.5512603562868978
0.5782031250000000 0.5512675023596300
0.5782812500000000 0.5512741826922392
0.5783593750000000 0.5512813275279035
0.5784375000000000 0.5512880090771662
0.5785156250000000 0.5512951526788336
0.5785937500000000 0.5513018354416619
0.5786718750000001 0.5513089778124263
0.5787500000000000 0.5513156617857095
0.5788281250000000 0.5513228029286860
0.5789062500000001 0.5513294881092928
0.5789843750000000 0.5513366280276185
0.5790625000000000 0.5513433144123948
0.5791406250000000 0.5513504531092287
0.5792187500000000 0.5513571406949995
0.5792968750000000 0.5513642781735213
0.5793750000000000 0.5513709669570910
0.5794531250000000 0.5513781032205011
0.5795312500000001 0.5513847931986526
0.5796093750000000 0.5513919282501726
0.5796875000000000 0.5513986194196693
0.5797656250000001 0.5514057532625399
0.5798437500000000 0.5514124456201253
0.5799218750000000 0.5514195782576077
0.5800000000000000 0.5514262718000043
0.5800781250000000 0.5514334032353799
0.5801562500000000 0.5514400979592913
0.5802343750000000 0.5514472281958609
0.5803125000000000 0.5514539240979709
0.5803906250000000 0.5514610531390541
0.5804687500000000 0.5514677502160279
0.5805468750000000 0.5514748780649631
0.5806250000000001 0.5514815763134480
0.5807031250000000 0.5514887029735918
0.5807812500000000 0.5514954023902153
0.5808593750000001 0.5515025278649436
0.5809375000000000 0.5515092284463152
0.5810156250000000 0.5515163527390219
0.5810937500000000 0.5515230544817338
0.5811718750000000 0.5515301775958292
0.5812500000000000 0.5515368804964562
0.5813281250000000 0.5515440024353694
0.5814062500000000 0.5515507064904679
0.5814843750000001 0.5515578272576449
0.5815625000000000 0.5515645324637550
0.5816406250000000 0.5515716520626582
0.5817187500000001 0.5515783584163034
0.5817968750000000 0.5515854768504124
0.5818750000000000 0.5515921843480993
0.5819531250000000 0.5515993016209091
0.5820312500000000 0.5516060102591288
0.5821093750000000 0.5516131263741514
0.5821875000000000 0.5516198361493782
0.5822656250000000 0.5516269511101415
0.5823437500000000 0.5516336620188341
0.5824218750000000 0.5516407758288808
0.5825000000000000 0.5516474878674831
0.5825781250000001 0.5516546005303719
0.5826562500000000 0.5516613136953121
0.5827343750000000 0.5516684252146155
0.5828125000000001 0.5516751395023085
0.5828906250000000 0.5516822498816140
0.5829687500000000 0.5516889652884586
0.5830468750000000 0.5516960745313684
0.5831250000000000 0.5517027910537499
0.5832031250000000 0.5517098991638807
0.5832812500000000 0.5517166167981696
0.5833593750000000 0.5517237237791517
0.5834375000000001 0.5517304425217052
0.5835156250000000 0.5517375483771827
0.5835937500000000 0.5517442682243443
0.5836718750000001 0.5517513729579742
0.5837500000000000 0.5517580939060750
0.5838281250000000 0.5517651975215273
0.5839062500000000 0.5517719195668845
0.5839843750000000 0.5517790220678426
0.5840625000000000 0.5517857452067615
0.5841406250000000 0.5517928465969204
0.5842187500000000 0.5517995708256938
0.5842968750000000 0.5518066711087617
0.5843750000000000 0.5518133964236692
0.5844531250000000 0.5518204956033665
0.5845312500000001 0.5518272220006767
0.5846093750000000 0.5518343200807344
0.5846875000000000 0.5518410475567049
0.5847656250000001 0.5518481445408663
0.5848437500000000 0.5518548730917416
0.5849218750000000 0.5518619689837614
0.5850000000000000 0.5518686986057770
0.5850781250000000 0.5518757934094193
0.5851562500000000 0.5518825240987987
0.5852343750000000 0.5518896178178405
0.5853125000000000 0.5518963495707963
0.5853906250000001 0.5519034422090234
0.5854687500000000 0.5519101750217593
0.5855468750000000 0.5519172665829679
0.5856250000000001 0.5519240004516768
0.5857031250000000 0.5519310909396730
0.5857812500000000 0.5519378258605377
0.5858593750000000 0.5519449152791381
0.5859375000000000 0.5519516512483320
0.5860156250000000 0.5519587396013623
0.5860937500000000 0.5519654766150491
0.5861718750000000 0.5519725639063441
0.5862500000000000 0.5519793019606791
0.5863281250000000 0.5519863881940821
0.5864062500000000 0.5519931272852117
0.5864843750000001 0.5520002124645751
0.5865625000000000 0.5520069525886375
0.5866406250000000 0.5520140367178215
0.5867187500000001 0.5520207778709459
0.5867968750000000 0.5520278609538195
0.5868750000000000 0.5520346031321280
0.5869531250000000 0.5520416851725677
0.5870312500000000 0.5520484283721735
0.5871093750000000 0.5520555093740638
0.5871875000000000 0.5520622535910735
0.5872656250000000 0.5520693335583058
0.5873437500000001 0.5520760787888186
0.5874218750000000 0.5520831577252913
0.5875000000000000 0.5520899039653996
0.5875781250000001 0.5520969818750187
0.5876562500000000 0.5521037291208072
0.5877343750000000 0.5521108060074849
0.5878125000000000 0.5521175542550321
0.5878906250000000 0.5521246301226882
0.5879687500000000 0.5521313793680659
0.5880468750000000 0.5521384542206254
0.5881250000000000 0.5521452044598997
0.5882031250000000 0.5521522783012935
0.5882812500000000 0.5521590295305252
0.5883593750000000 0.5521661023646900
0.5884375000000001 0.5521728545799336
0.5885156250000000 0.5521799264108120
0.5885937500000000 0.5521866796081166
0.5886718750000001 0.5521937504396560
0.5887500000000000 0.5522005046150662
0.5888281250000000 0.5522075744512189
0.5889062500000000 0.5522143296007735
0.5889843750000000 0.5522213984454978
0.5890625000000000 0.5522281545652317
0.5891406250000000 0.5522352224224885
0.5892187500000000 0.5522419795084319
0.5892968750000001 0.5522490463821879
0.5893750000000000 0.5522558044303666
0.5894531250000000 0.5522628703245919
0.5895312500000001 0.5522696293310279
0.5896093750000000 0.5522766942496969
0.5896875000000000 0.5522834542104087
0.5897656250000000 0.5522905181574994
0.5898437500000000 0.5522972790685013
0.5899218750000000 0.5523043420479945
0.5900000000000000 0.5523111039052980
0.5900781250000000 0.5523181659211793
0.5901562500000000 0.5523249287207918
0.5902343750000000 0.5523319897770488
0.5903125000000000 0.5523387535149750
0.5903906250000001 0.5523458136155990
0.5904687500000000 0.5523525782878413
0.5905468750000000 0.5523596374368245
0.5906250000000001 0.5523664030393841
0.5907031250000000 0.5523734612407214
0.5907812500000000 0.5523802277695957
0.5908593750000000 0.5523872850272852
0.5909375000000000 0.5523940524784697
0.5910156250000000 0.5524011087965107
0.5910937500000000 0.5524078771659996
0.5911718750000000 0.5524149325483931
0.5912500000000001 0.5524217018321791
0.5913281250000000 0.5524287562829276
0.5914062500000000 0.5524355264770014
0.5914843750000001 0.5524425800001088
0.5915625000000000 0.5524493511004602
0.5916406250000000 0.5524564036999315
0.5917187500000000 0.5524631757025500
0.5917968750000000 0.5524702273823906
0.5918750000000000 0.5524770002832640
0.5919531250000000 0.5524840510474804
0.5920312500000000 0.5524908248425965
0.5921093750000000 0.5524978746951956
0.5921875000000000 0.5525046493805412
0.5922656250000000 0.5525116983255310
0.5923437500000001 0.5525184738970926
0.5924218750000000 0.5525255219384800
0.5925000000000000 0.5525322983922452
0.5925781250000001 0.5525393455340374
0.5926562500000000 0.5525461228659934
0.5927343750000000 0.5525531691121972
0.5928125000000000 0.5525599473183310
0.5928906250000000 0.5525669926729532
0.5929687500000000 0.5525737717492536
0.5930468750000000 0.5525808162162992
0.5931250000000000 0.5525875961587554
0.5932031250000001 0.5525946397422289
0.5932812500000000 0.5526014205468313
0.5933593750000000 0.5526084632507364
0.5934375000000001 0.5526152449134758
0.5935156250000000 0.5526222867418150
0.5935937500000000 0.5526290692586844
0.5936718750000000 0.5526361102154590
0.5937500000000000 0.5526428935824517
0.5938281250000000 0.5526499336716608
0.5939062500000000 0.5526567178847731
0.5939843750000000 0.5526637571104143
0.5940625000000000 0.5526705421656442
0.5941406250000000 0.5526775805317122
0.5942187500000000 0.5526843664250597
0.5942968750000001 0.5526914039355482
0.5943750000000000 0.5526981906630155
0.5944531250000000 0.5527052273219146
0.5945312500000001 0.5527120148795071
0.5946093750000000 0.5527190506908053
0.5946875000000000 0.5527258390745294
0.5947656250000000 0.5527328740422129
0.5948437500000000 0.5527396632480790
0.5949218750000000 0.5527466973761300
0.5950000000000000 0.5527534874001512
0.5950781250000000 0.5527605206925492
0.5951562500000001 0.5527673115307419
0.5952343750000000 0.5527743439914633
0.5953125000000000 0.5527811356398471
0.5953906250000001 0.5527881672728647
0.5954687500000000 0.5527949597274630
0.5955468750000000 0.5528019905367462
0.5956250000000000 0.5528087837935853
0.5957031250000000 0.5528158137830997
0.5957812500000000 0.5528226078382106
0.5958593750000000 0.5528296370119178
0.5959375000000000 0.5528364318613354
0.5960156250000000 0.5528434602231922
0.5960937500000000 0.5528502558629554
0.5961718750000000 0.5528572834169152
0.5962500000000001 0.5528640798430676
0.5963281250000000 0.5528711065930791
0.5964062500000000 0.5528779038016680
0.5964843750000001 0.5528849297516759
0.5965625000000000 0.5528917277387535
0.5966406250000000 0.5528987528926974
0.5967187500000000 0.5529055516543206
0.5967968750000000 0.5529125760161354
0.5968750000000000 0.5529193755483663
0.5969531250000000 0.5529263991219815
0.5970312500000000 0.5529331994208871
0.5971093750000001 0.5529402222102276
0.5971875000000000 0.5529470232718803
0.5972656250000000 0.5529540452808644
0.5973437500000001 0.5529608471013431
0.5974218750000000 0.5529678683338844
0.5975000000000000 0.5529746709092714
0.5975781250000000 0.5529816913692788
0.5976562500000000 0.5529884946956632
0.5977343750000000 0.5529955143870389
0.5978125000000000 0.5530023184605155
0.5978906250000000 0.5530093373871557
0.5979687500000000 0.5530161422038257
0.5980468750000000 0.5530231603696208
0.5981250000000000 0.5530299659255907
0.5982031250000001 0.5530369833344256
0.5982812500000000 0.5530437896258080
0.5983593750000000 0.5530508062815602
0.5984375000000001 0.5530576133044759
0.5985156250000000 0.5530646292110163
0.5985937500000000 0.5530714369615909
0.5986718750000000 0.5530784521227847
0.5987500000000000 0.5530852605971512
0.5988281250000000 0.5530922750168558
0.5989062500000000 0.5530990842111544
0.5989843750000000 0.5531060978932210
0.5990625000000001 0.5531129078035979
0.5991406250000000 0.5531199207518706
0.5992187500000000 0.5531267313744800
0.5992968750000001 0.5531337435927954
0.5993750000000000 0.5531405549237979
0.5994531250000000 0.5531475664159867
0.5995312500000000 0.5531543784515498
0.5996093750000000 0.5531613892214342
0.5996875000000000 0.5531682019577340
0.5997656250000000 0.5531752120091283
0.5998437500000000 0.5531820254423483
0.5999218750000000 0.5531890347790598
0.6000000000000000 0.5531958489053909
0.6000781250000000 0.5532028575312190
0.6001562500000001 0.5532096723468599
0.6002343750000000 0.5532166802655959
0.6003125000000000 0.5532234957667536
0.6003906250000001 0.5532305029821811
0.6004687500000000 0.5532373191650700
0.6005468750000000 0.5532443256809645
0.6006250000000000 0.5532511425418076
0.6007031250000000 0.5532581483619369
0.6007812500000000 0.5532649658969647
0.6008593750000000 0.5532719710250876
0.6009375000000000 0.5532787892305400
0.6010156250000001 0.5532857936704070
0.6010937500000000 0.5532926125425316
0.6011718750000000 0.5532996162978844
0.6012500000000001 0.5533064358329391
0.6013281250000000 0.5533134389075098
0.6014062500000000 0.5533202591017602
0.6014843750000000 0.5533272614992740
0.6015625000000000 0.5533340823489937
0.6016406250000000 0.5533410840731658
0.6017187500000000 0.5533479055746385
0.6017968750000000 0.5533549066291754
0.6018750000000000 0.5533617287786933
0.6019531250000000 0.5533687291672921
0.6020312500000000 0.5533755519611567
0.6021093750000001 0.5533825516875059
0.6021875000000000 0.5533893751220278
0.6022656250000000 0.5533963741898064
0.6023437500000001 0.5534031982613056
0.6024218750000000 0.5534101966741827
0.6025000000000000 0.5534170213789888
0.6025781250000000 0.5534240191406248
0.6026562500000000 0.5534308444750765
0.6027343750000000 0.5534378415891217
0.6028125000000000 0.5534446675495678
0.6028906250000000 0.5534516640196632
0.6029687500000001 0.5534584906024619
0.6030468750000000 0.5534654864322381
0.6031250000000000 0.5534723136337579
0.6032031250000001 0.5534793088268359
0.6032812500000000 0.5534861366434551
0.6033593750000000 0.5534931312034460
0.6034375000000000 0.5534999596315524
0.6035156250000000 0.5535069535620574
0.6035937500000000 0.5535137825980496
0.6036718750000000 0.5535207759026594
0.6037500000000000 0.5535276055429458
0.6038281250000000 0.5535345982252410
0.6039062500000000 0.5535414284662402
0.6039843750000000 0.5535484205297914
0.6040625000000001 0.5535552513679326
0.6041406250000000 0.5535622428162994
0.6042187500000000 0.5535690742480218
0.6042968750000001 0.5535760650847544
0.6043750000000000 0.5535828971065080
0.6044531250000000 0.5535898873351449
0.6045312500000000 0.5535967199433905
0.6046093750000000 0.5536037095674596
0.6046875000000000 0.5536105427586691
0.6047656250000000 0.5536175317816878
0.6048437500000000 0.5536243655523427
0.6049218750000001 0.5536313539778183
0.6050000000000000 0.5536381883244118
0.6050781250000000 0.5536451761558397
0.6051562500000001 0.5536520110748754
0.6052343750000000 0.5536589983157408
0.6053125000000000 0.5536658338037337
0.6053906250000000 0.5536728204575108
0.6054687500000000 0.5536796565109859
0.6055468750000000 0.5536866425811380
0.6056250000000000 0.5536934791966323
0.6057031250000000 0.5537004646866104
0.6057812500000000 0.5537073018606729
0.6058593750000000 0.5537142867739171
0.6059375000000000 0.5537211245031072
0.6060156250000001 0.5537281088430472
0.6060937500000000 0.5537349471239347
0.6061718750000000 0.5537419308939889
0.6062500000000001 0.5537487697231560
0.6063281250000000 0.5537557529267302
0.6064062500000000 0.5537625923007712
0.6064843750000000 0.5537695749412600
0.6065625000000000 0.5537764148567794
0.6066406250000000 0.5537833969375668
0.6067187500000000 0.5537902373911815
0.6067968750000000 0.5537972189156388
0.6068750000000001 0.5538040599039769
0.6069531250000000 0.5538110408754646
0.6070312500000000 0.5538178823951658
0.6071093750000001 0.5538248628170326
0.6071875000000000 0.5538317048647488
0.6072656250000000 0.5538386847403304
0.6073437500000000 0.5538455273127260
0.6074218750000000 0.5538525066453470
0.6075000000000000 0.5538593497390966
0.6075781250000000 0.5538663285320707
0.6076562500000000 0.5538731721438617
0.6077343750000000 0.5538801504004898
0.6078125000000000 0.5538869945270211
0.6078906250000000 0.5538939722505917
0.6079687500000001 0.5539008168885753
0.6080468750000000 0.5539077940823658
0.6081250000000000 0.5539146392285238
0.6082031250000001 0.5539216158957992
0.6082812500000000 0.5539284615468678
0.6083593750000000 0.5539354376908807
0.6084375000000000 0.5539422838436073
0.6085156250000000 0.5539492594675981
0.6085937500000000 0.5539561061187427
0.6086718750000000 0.5539630812259394
0.6087500000000000 0.5539699283722740
0.6088281250000001 0.5539769029658933
0.6089062500000000 0.5539837506042019
0.6089843750000000 0.5539907246874471
0.6090625000000001 0.5539975728145266
0.6091406250000000 0.5540045463905892
0.6092187500000000 0.5540113950032487
0.6092968750000000 0.5540183680753076
0.6093750000000000 0.5540252171703683
0.6094531250000000 0.5540321897415903
0.6095312500000000 0.5540390393158863
0.6096093750000000 0.5540460113894250
0.6096875000000000 0.5540528614398025
0.6097656250000000 0.5540598330188002
0.6098437500000000 0.5540666835421181
0.6099218750000001 0.5540736546297031
0.6100000000000000 0.5540805056228333
0.6100781250000000 0.5540874762221222
0.6101562500000001 0.5540943276819484
0.6102343750000000 0.5541012977960451
0.6103125000000000 0.5541081497194642
0.6103906250000000 0.5541151193514601
0.6104687500000000 0.5541219717353810
0.6105468750000000 0.5541289408883548
0.6106250000000000 0.5541357937296996
0.6107031250000000 0.5541427624067166
0.6107812500000001 0.5541496157024208
0.6108593750000000 0.5541565839065333
0.6109375000000000 0.5541634376535450
0.6110156250000001 0.5541704053877937
0.6110937500000000 0.5541772595830724
0.6111718750000000 0.5541842268504851
0.6112500000000000 0.5541910814910038
0.6113281250000000 0.5541980482945951
0.6114062500000000 0.5542049033773403
0.6114843750000000 0.5542118697201115
0.6115625000000000 0.5542187252420818
0.6116406250000000 0.5542256911270225
0.6117187500000000 0.5542325470852292
0.6117968750000000 0.5542395125153153
0.6118750000000001 0.5542463689067835
0.6119531250000000 0.5542533338849777
0.6120312500000000 0.5542601907067451
0.6121093750000001 0.5542671552359978
0.6121875000000000 0.5542740124851147
0.6122656250000000 0.5542809765683629
0.6123437500000000 0.5542878342418927
0.6124218750000000 0.5542947978820614
0.6125000000000000 0.5543016559770798
0.6125781250000000 0.5543086191770807
0.6126562500000000 0.5543154776906772
0.6127343750000001 0.5543224404534084
0.6128125000000000 0.5543292993826854
0.6128906250000000 0.5543362617110318
0.6129687500000001 0.5543431210531050
0.6130468750000000 0.5543500829499389
0.6131250000000000 0.5543569427019369
0.6132031250000000 0.5543639041701174
0.6132812500000000 0.5543707643291816
0.6133593750000000 0.5543777253715551
0.6134375000000000 0.5543845859348403
0.6135156250000000 0.5543915465542395
0.6135937500000000 0.5543984075189129
0.6136718750000000 0.5544053677181584
0.6137500000000000 0.5544122290814008
0.6138281250000001 0.5544191888632991
0.6139062500000000 0.5544260506223045
0.6139843750000000 0.5544330099896496
0.6140625000000001 0.5544398721416246
0.6141406250000000 0.5544468310971977
0.6142187500000000 0.5544536936393623
0.6142968750000000 0.5544606521859307
0.6143750000000000 0.5544675151155178
0.6144531250000000 0.5544744732558363
0.6145312500000000 0.5544813365700925
0.6146093750000000 0.5544882943069019
0.6146875000000001 0.5544951580030867
0.6147656250000000 0.5545021153391155
0.6148437500000000 0.5545089794145011
0.6149218750000001 0.5545159363524648
0.6150000000000000 0.5545228008043367
0.6150781250000000 0.5545297573469369
0.6151562500000000 0.5545366221725939
0.6152343750000000 0.5545435783225200
0.6153125000000000 0.5545504435192740
0.6153906250000000 0.5545573992792017
0.6154687500000000 0.5545642648443774
0.6155468750000000 0.5545712202169689
0.6156250000000000 0.5545780861479047
0.6157031250000000 0.5545850411358102
0.6157812500000001 0.5545919074298571
0.6158593750000000 0.5545988620357125
0.6159375000000000 0.5546057286902349
0.6160156250000001 0.5546126829166640
0.6160937500000000 0.5546195499290392
0.6161718750000000 0.5546265037786519
0.6162500000000000 0.5546333711462708
0.6163281250000000 0.5546403246216637
0.6164062500000000 0.5546471923419302
0.6164843750000000 0.5546541454456873
0.6165625000000000 0.5546610135160182
0.6166406250000001 0.5546679662507100
0.6167187500000000 0.5546748346685360
0.6167968750000000 0.5546817870367199
0.6168750000000001 0.5546886557994833
0.6169531250000000 0.5546956078037046
0.6170312500000000 0.5547024769088613
0.6171093750000000 0.5547094285516518
0.6171875000000000 0.5547162979966713
0.6172656250000000 0.5547232492805486
0.6173437500000000 0.5547301190629136
0.6174218750000000 0.5547370699903832
0.6175000000000000 0.5547439401075885
0.6175781250000000 0.5547508906811431
0.6176562500000000 0.5547577611306973
0.6177343750000001 0.5547647113528160
0.6178125000000000 0.5547715821322401
0.6178906250000000 0.5547785320053895
0.6179687500000001 0.5547854031122182
0.6180468750000000 0.5547923526388514
0.6181250000000000 0.5547992240706318
0.6182031250000000 0.5548061732531895
0.6182812500000000 0.5548130450074816
0.6183593750000000 0.5548199938483909
0.6184375000000000 0.5548268659227690
0.6185156250000000 0.5548338144244434
0.6185937500000001 0.5548406868164939
0.6186718750000000 0.5548476349813352
0.6187500000000000 0.5548545076886569
0.6188281250000001 0.5548614555190541
0.6189062500000000 0.5548683285392590
0.6189843750000000 0.5548752760375876
0.6190625000000000 0.5548821493683005
0.6191406250000000 0.5548890965369231
0.6192187500000000 0.5548959701757826
0.6192968750000000 0.5549029170170484
0.6193750000000000 0.5549097909617055
0.6194531250000000 0.5549167374779516
0.6195312500000000 0.5549236117260701
0.6196093750000000 0.5549305579196200
0.6196875000000001 0.5549374324688766
0.6197656250000000 0.5549443783420416
0.6198437500000000 0.5549512531901263
0.6199218750000001 0.5549581987452039
0.6200000000000000 0.5549650738898189
0.6200781250000000 0.5549720191290952
0.6201562500000000 0.5549788945679550
0.6202343750000000 0.5549858394937032
0.6203125000000000 0.5549927152245354
0.6203906250000000 0.5549996598390153
0.6204687500000000 0.5550065358595607
0.6205468750000001 0.5550134801650199
0.6206250000000000 0.5550203564730314
0.6207031250000000 0.5550273004717043
0.6207812500000001 0.5550341770649483
0.6208593750000000 0.5550411207590566
0.6209375000000000 0.5550479976353114
0.6210156250000000 0.5550549410270645
0.6210937500000000 0.5550618181841214
0.6211718750000000 0.5550687612757162
0.6212500000000000 0.5550756387113782
0.6213281250000000 0.5550825815049998
0.6214062500000000 0.5550894592170825
0.6214843750000000 0.5550964017149024
0.6215625000000000 0.5551032797012356
0.6216406250000001 0.5551102219054124
0.6217187500000000 0.5551171001638372
0.6217968750000000 0.5551240420765172
0.6218750000000001 0.5551309206048882
0.6219531250000000 0.5551378622282053
0.6220312500000000 0.5551447410243880
0.6221093750000000 0.5551516823604643
0.6221875000000000 0.5551585614223382
0.6222656250000000 0.5551655024732824
0.6223437500000000 0.5551723817987384
0.6224218750000000 0.5551793225666473
0.6225000000000001 0.5551862021535895
0.6225781250000000 0.5551931426405472
0.6226562500000000 0.5552000224868910
0.6227343750000001 0.5552069626949703
0.6228125000000000 0.5552138427986439
0.6228906250000000 0.5552207827299040
0.6229687500000000 0.5552276630888486
0.6230468750000000 0.5552346027453366
0.6231250000000000 0.5552414833575049
0.6232031250000000 0.5552484227412566
0.6232812500000000 0.5552553036046128
0.6233593750000000 0.5552622427176517
0.6234375000000000 0.5552691238301736
0.6235156250000000 0.5552760626745099
0.6235937500000001 0.5552829440341868
0.6236718750000000 0.5552898826118194
0.6237500000000000 0.5552967642166527
0.6238281250000001 0.5553037025295683
0.6239062500000000 0.5553105843775717
0.6239843750000000 0.5553175224277445
0.6240625000000000 0.5553244045169441
0.6241406250000000 0.5553313423063363
0.6242187500000000 0.5553382246347696
0.6242968750000000 0.5553451621653323
0.6243750000000000 0.5553520447310484
0.6244531250000001 0.5553589820047200
0.6245312500000000 0.5553658648057809
0.6246093750000000 0.5553728018244878
0.6246875000000001 0.5553796848589670
0.6247656250000000 0.5553866216246242
0.6248437500000000 0.5553935048906072
0.6249218750000000 0.5554004414051171
0.6250000000000000 0.5554073249007013
0.6250781250000000 0.5554142611659545
0.6251562500000000 0.5554211448892495
0.6252343750000000 0.5554280809071254
0.6253125000000000 0.5554349648562515
0.6253906250000000 0.5554419006286175
0.6254687500000000 0.5554487848017079
0.6255468750000001 0.5554557203304193
0.6256250000000000 0.5554626047256178
0.6257031250000000 0.5554695400125192
0.6257812500000001 0.5554764246279817
0.6258593750000000 0.5554833596749054
0.6259375000000000 0.5554902445088000
0.6260156250000000 0.5554971793175661
0.6260937500000000 0.5555040643680719
0.6261718750000000 0.5555109989404902
0.6262500000000000 0.5555178842057976
0.6263281250000000 0.5555248185436658
0.6264062500000001 0.5555317040219768
0.6264843750000000 0.5555386381270814
0.6265625000000000 0.5555455238166097
0.6266406250000001 0.5555524576907254
0.6267187500000000 0.5555593435896961
0.6267968750000000 0.5555662772345858
0.6268750000000000 0.5555731633412357
0.6269531250000000 0.5555800967586514
0.6270312500000000 0.5555869830712287
0.6271093750000000 0.5555939162629110
0.6271875000000000 0.5556008027796744
0.6272656250000000 0.5556077357473524
0.6273437500000000 0.5556146224665728
0.6274218750000000 0.5556215552119651
0.6275000000000001 0.5556284421319235
0.6275781250000000 0.5556353746567368
0.6276562500000000 0.5556422617757266
0.6277343750000001 0.5556491940816565
0.6278125000000000 0.5556560813979814
0.6278906250000000 0.5556630134867125
0.6279687500000000 0.5556699009986877
0.6280468750000000 0.5556768328718940
0.6281250000000000 0.5556837205778451
0.6282031250000000 0.5556906522371894
0.6282812500000000 0.5556975401354531
0.6283593750000001 0.5557044715825868
0.6284375000000000 0.5557113596715123
0.6285156250000000 0.5557182909080752
0.6285937500000001 0.5557251791860212
0.6286718750000000 0.5557321102136435
0.6287500000000000 0.5557389986789798
0.6288281250000000 0.5557459294992803
0.6289062500000000 0.5557528181503875
0.6289843750000000 0.5557597487649745
0.6290625000000000 0.5557666376002438
0.6291406250000000 0.5557735680107143
0.6292187500000000 0.5557804570285485
0.6292968750000000 0.5557873872364891
0.6293750000000000 0.5557942764353010
0.6294531250000001 0.5558012064422877
0.6295312500000000 0.5558080958205004
0.6296093750000000 0.5558150256280984
0.6296875000000001 0.5558219151841469
0.6297656250000000 0.5558288447939100
0.6298437500000000 0.5558357345262398
0.6299218750000000 0.5558426639397115
0.6300000000000000 0.5558495538467778
0.6300781250000000 0.5558564830654925
0.6301562500000000 0.5558633731457608
0.6302343750000000 0.5558703021712410
0.6303125000000001 0.5558771924231883
0.6303906250000000 0.5558841212569462
0.6304687500000000 0.5558910116790594
0.6305468750000001 0.5558979403225973
0.6306250000000000 0.5559048309133732
0.6307031250000000 0.5559117593681833
0.6307812500000000 0.5559186501261288
0.6308593750000000 0.5559255783936929
0.6309375000000000 0.5559324693173263
0.6310156250000000 0.5559393973991154
0.6310937500000000 0.5559462884869637
0.6311718750000000 0.5559532163844401
0.6312500000000000 0.5559601076350411
0.6313281250000000 0.5559670353496551
0.6314062500000001 0.5559739267615578
0.6314843750000000 0.5559808542947503
0.6315625000000000 0.5559877458665127
0.6316406250000001 0.5559946732197144
0.6317187500000000 0.5560015649499052
0.6317968750000000 0.5560084921245364
0.6318750000000000 0.5560153840117339
0.6319531250000000 0.5560223110092060
0.6320312500000000 0.5560292030519983
0.6321093750000000 0.5560361298737122
0.6321875000000000 0.5560430220706973
0.6322656250000001 0.5560499487180440
0.6323437500000000 0.5560568410678298
0.6324218750000000 0.5560637675421910
0.6325000000000001 0.5560706600433952
0.6325781250000000 0.5560775863461418
0.6326562500000000 0.5560844789973922
0.6327343750000000 0.5560914051298863
0.6328125000000000 0.5560982979298201
0.6328906250000000 0.5561052238934132
0.6329687500000000 0.5561121168406781
0.6330468750000000 0.5561190426367121
0.6331250000000000 0.5561259357299644
0.6332031250000000 0.5561328613597725
0.6332812500000000 0.5561397545976779
0.6333593750000001 0.5561466800625835
0.6334375000000000 0.5561535734438180
0.6335156250000000 0.5561604987451348
0.6335937500000001 0.5561673922683831
0.6336718750000000 0.5561743174074156
0.6337500000000000 0.5561812110713730
0.6338281250000000 0.5561881360494149
0.6339062500000000 0.5561950298527855
0.6339843750000000 0.5562019546711229
0.6340625000000000 0.5562088486126194
0.6341406250000000 0.5562157732725289
0.6342187500000001 0.5562226673508740
0.6342968750000000 0.5562295918536220
0.6343750000000000 0.5562364860675477
0.6344531250000001 0.5562434104143918
0.6345312500000000 0.5562503047626390
0.6346093750000000 0.5562572289548283
0.6346875000000000 0.5562641234361472
0.6347656250000000 0.5562710474749207
0.6348437500000000 0.5562779420880706
0.6349218750000000 0.5562848659746585
0.6350000000000000 0.5562917607184078
0.6350781250000000 0.5562986844540314
0.6351562500000000 0.5563055793271576
0.6352343750000000 0.5563125029130291
0.6353125000000001 0.5563193979143185
0.6353906250000000 0.5563263213516414
0.6354687500000000 0.5563332164798893
0.6355468750000001 0.5563401397698577
0.6356250000000000 0.5563470350238684
0.6357031250000000 0.5563539581676674
0.6357812500000000 0.5563608535462542
0.6358593750000000 0.5563677765450608
0.6359375000000000 0.5563746720470454
0.6360156250000000 0.5563815949020273
0.6360937500000000 0.5563884905262404
0.6361718750000001 0.5563954132385569
0.6362500000000000 0.5564023089838372
0.6363281250000000 0.5564092315546395
0.6364062500000001 0.5564161274198350
0.6364843750000000 0.5564230498502645
0.6365625000000000 0.5564299458342319
0.6366406250000000 0.5564368681254219
0.6367187500000000 0.5564437642270259
0.6367968750000000 0.5564506863801018
0.6368750000000000 0.5564575825982156
0.6369531250000000 0.5564645046142939
0.6370312500000000 0.5564714009477997
0.6371093750000000 0.5564783228279877
0.6371875000000000 0.5564852192757762
0.6372656250000001 0.5564921410211739
0.6373437500000000 0.5564990375821435
0.6374218750000000 0.5565059591938419
0.6375000000000001 0.5565128558668994
0.6375781250000000 0.5565197773459821
0.6376562500000000 0.5565266741300426
0.6377343750000000 0.5565335954775843
0.6378125000000000 0.5565404923715713
0.6378906250000000 0.5565474135886382
0.6379687500000000 0.5565543105914837
0.6380468750000000 0.5565612316791342
0.6381250000000001 0.5565681287897779
0.6382031250000000 0.5565750497490620
0.6382812500000000 0.5565819469664519
0.6383593750000001 0.5565888677984119
0.6384375000000000 0.5565957651215039
0.6385156250000000 0.5566026858271743
0.6385937500000000 0.5566095832549319
0.6386718750000000 0.5566165038353391
0.6387500000000000 0.5566234013667342
0.6388281250000000 0.5566303218228963
0.6389062500000000 0.5566372194569089
0.6389843750000000 0.5566441397898361
0.6390625000000000 0.5566510375254539
0.6391406250000000 0.5566579577361488
0.6392187500000001 0.5566648555723669
0.6392968750000000 0.5566717756618246
0.6393750000000000 0.5566786735976466
0.6394531250000001 0.5566855935668537
0.6395312500000000 0.5566924916012901
0.6396093750000000 0.5566994114512267
0.6396875000000000 0.5567063095832955
0.6397656250000000 0.5567132293149338
0.6398437500000000 0.5567201275436610
0.6399218750000000 0.5567270471579649
0.6400000000000000 0.5567339454823848
0.6400781250000001 0.5567408649803102
0.6401562500000000 0.5567477633994642
0.6402343750000000 0.5567546827819608
0.6403125000000001 0.5567615812948971
0.6403906250000000 0.5567685005629065
0.6404687500000000 0.5567753991686817
0.6405468750000000 0.5567823183231373
0.6406250000000000 0.5567892170208157
0.6407031250000000 0.5567961360626446
0.6407812500000000 0.5568030348512965
0.6408593750000000 0.5568099537814184
0.6409375000000000 0.5568168526601219
0.6410156250000000 0.5568237714794493
0.6410937500000000 0.5568306704472897
0.6411718750000001 0.5568375891567278
0.6412500000000000 0.5568444882127976
0.6413281250000000 0.5568514068132442
0.6414062500000001 0.5568583059566434
0.6414843750000000 0.5568652244489891
0.6415625000000000 0.5568721236788248
0.6416406250000000 0.5568790420639529
0.6417187500000000 0.5568859413793391
0.6417968750000000 0.5568928596581266
0.6418750000000000 0.5568997590581843
0.6419531250000000 0.5569066772315003
0.6420312500000001 0.5569135767153578
0.6421093750000000 0.5569204947840648
0.6421875000000000 0.5569273943508574
0.6422656250000001 0.5569343123158105
0.6423437500000000 0.5569412119646805
0.6424218750000000 0.5569481298267283
0.6425000000000000 0.5569550295568245
0.6425781250000000 0.5569619473168087
0.6426562500000000 0.5569688471272866
0.6427343750000000 0.5569757647860433
0.6428125000000000 0.5569826646760646
0.6428906250000000 0.5569895822344215
0.6429687500000000 0.5569964822031561
0.6430468750000000 0.5570033996619348
0.6431250000000001 0.5570102997085586
0.6432031250000000 0.5570172170685738
0.6432812500000000 0.5570241171922692
0.6433593750000001 0.5570310344543291
0.6434375000000000 0.5570379346542852
0.6435156250000000 0.5570448518191917
0.6435937500000000 0.5570517520946044
0.6436718750000000 0.5570586691631522
0.6437500000000000 0.5570655695132241
0.6438281250000000 0.5570724864862017
0.6439062500000000 0.5570793869101409
0.6439843750000001 0.5570863037883315
0.6440625000000000 0.5570932042853528
0.6441406250000000 0.5571001210695316
0.6442187500000001 0.5571070216388569
0.6442968750000000 0.5571139383297929
0.6443750000000000 0.5571208389706503
0.6444531250000000 0.5571277555691075
0.6445312500000000 0.5571346562807304
0.6446093750000000 0.5571415727874653
0.6446875000000000 0.5571484735690945
0.6447656250000000 0.5571553899848574
0.6448437500000000 0.5571622908357396
0.6449218750000000 0.5571692071612749
0.6450000000000000 0.5571761080806632
0.6450781250000001 0.5571830243167085
0.6451562500000000 0.5571899253038620
0.6452343750000000 0.5571968414511502
0.6453125000000001 0.5572037425053330
0.6453906250000000 0.5572106585645900
0.6454687500000000 0.5572175596850741
0.6455468750000000 0.5572244756570190
0.6456250000000000 0.5572313768430819
0.6457031250000000 0.5572382927284291
0.6457812500000000 0.5572451939793532
0.6458593750000000 0.5572521097788109
0.6459375000000001 0.5572590110938856
0.6460156250000000 0.5572659268081556
0.6460937500000000 0.5572728281866759
0.6461718750000001 0.5572797438164538
0.6462500000000000 0.5572866452577211
0.6463281250000000 0.5572935608036976
0.6464062500000000 0.5573004623070179
0.6464843750000000 0.5573073777698773
0.6465625000000000 0.5573142793345639
0.6466406250000000 0.5573211947149845
0.6467187500000000 0.5573280963403558
0.6467968750000000 0.5573350116390108
0.6468750000000000 0.5573419133243901
0.6469531250000000 0.5573488285419472
0.6470312500000001 0.5573557302866636
0.6471093750000000 0.5573626454237848
0.6471875000000000 0.5573695472271737
0.6472656250000001 0.5573764622845148
0.6473437500000000 0.5573833641459173
0.6474218750000000 0.5573902791241290
0.6475000000000000 0.5573971810428903
0.6475781250000000 0.5574040959426182
0.6476562500000000 0.5574109979180909
0.6477343750000000 0.5574179127399735
0.6478125000000000 0.5574248147715152
0.6478906250000001 0.5574317295161872
0.6479687500000000 0.5574386316031600
0.6480468750000000 0.5574455462712494
0.6481250000000001 0.5574524484130224
0.6482031250000000 0.5574593630051525
0.6482812500000000 0.5574662652010985
0.6483593750000000 0.5574731797178879
0.6484375000000000 0.5574800819673855
0.6485156250000000 0.5574869964094463
0.6485937500000000 0.5574938987118802
0.6486718750000000 0.5575008130798200
0.6487500000000000 0.5575077154345787
0.6488281250000000 0.5575146297289999
0.6489062500000000 0.5575215321354779
0.6489843750000001 0.5575284463569778
0.6490625000000000 0.5575353488145746
0.6491406250000000 0.5575422629637452
0.6492187500000001 0.5575491654718654
0.6492968750000000 0.5575560795492932
0.6493750000000000 0.5575629821073467
0.6494531250000000 0.5575698961136137
0.6495312500000000 0.5575767987210156
0.6496093750000000 0.5575837126566978
0.6496875000000000 0.5575906153128687
0.6497656250000000 0.5575975291785373
0.6498437500000001 0.5576044318829018
0.6499218750000000 0.5576113456791243
0.6500000000000000 0.5576182484311116
0.6500781250000001 0.5576251621584499
0.6501562500000000 0.5576320649574952
0.6502343750000000 0.5576389786165059
0.6503125000000000 0.5576458814620485
0.6503906250000000 0.5576527950532836
0.6504687500000000 0.5576596979447683
0.6505468750000000 0.5576666114687748
0.6506250000000000 0.5576735144056515
0.6507031250000000 0.5576804278629713
0.6507812500000000 0.5576873308446935
0.6508593750000000 0.5576942442358650
0.6509375000000001 0.5577011472618914
0.6510156250000000 0.5577080605874474
0.6510937500000000 0.5577149636572413
0.6511718750000001 0.5577218769177101
0.6512500000000000 0.5577287800307397
0.6513281250000000 0.5577356932266451
0.6514062500000000 0.5577425963823828
0.6514843750000000 0.5577495095142437
0.6515625000000000 0.5577564127121677
0.6516406250000000 0.5577633257804981
0.6517187500000000 0.5577702290200900
0.6517968750000001 0.5577771420253997
0.6518750000000000 0.5577840453061461
0.6519531250000000 0.5577909582489410
0.6520312500000001 0.5577978615703325
0.6521093750000000 0.5578047744511131
0.6521875000000000 0.5578116778126454
0.6522656250000000 0.5578185906319081
0.6523437500000000 0.5578254940330808
0.6524218750000000 0.5578324067913181
0.6525000000000000 0.5578393102316351
0.6525781250000000 0.5578462229293346
0.6526562500000000 0.5578531264083046
0.6527343750000000 0.5578600390459497
0.6528125000000000 0.5578669425630859
0.6528906250000001 0.5578738551411553
0.6529687500000000 0.5578807586959746
0.6530468750000000 0.5578876712149429
0.6531250000000001 0.5578945748069674
0.6532031250000000 0.5579014872673052
0.6532812500000000 0.5579083908960598
0.6533593750000000 0.5579153032982335
0.6534375000000000 0.5579222069632483
0.6535156250000000 0.5579291193077202
0.6535937500000000 0.5579360230085290
0.6536718750000000 0.5579429352957571
0.6537500000000001 0.5579498390318978
0.6538281250000000 0.5579567512623362
0.6539062500000000 0.5579636550333513
0.6539843750000001 0.5579705672074494
0.6540625000000000 0.5579774710128853
0.6541406250000000 0.5579843831310889
0.6542187500000000 0.5579912869704957
0.6542968750000000 0.5579981990332465
0.6543750000000000 0.5580051029061790
0.6544531250000000 0.5580120149139146
0.6545312500000000 0.5580189188199309
0.6546093750000000 0.5580258307730852
0.6546875000000000 0.5580327347117472
0.6547656250000000 0.5580396466107505
0.6548437500000001 0.5580465505816242
0.6549218750000000 0.5580534624269021
0.6550000000000000 0.5580603664295577
0.6550781250000001 0.5580672782215323
0.6551562500000000 0.5580741822555437
0.6552343750000000 0.5580810939946339
0.6553125000000000 0.5580879980595781
0.6553906250000000 0.5580949097461982
0.6554687500000000 0.5581018138416574
0.6555468750000000 0.5581087254762175
0.6556250000000000 0.5581156296017770
0.6557031250000001 0.5581225411846841
0.6557812500000000 0.5581294453399329
0.6558593750000000 0.5581363568715901
0.6559375000000001 0.5581432610561209
0.6560156250000000 0.5581501725369283
0.6560937500000000 0.5581570767503365
0.6561718750000000 0.5581639881806902
0.6562500000000000 0.5581708924225762
0.6563281250000000 0.5581778038028685
0.6564062500000000 0.5581847080728360
0.6564843750000000 0.5581916194034544
0.6565625000000000 0.5581985237011116
0.6566406250000000 0.5582054349824412
0.6567187500000000 0.5582123393073984
0.6567968750000001 0.5582192505398209
0.6568750000000000 0.5582261548916925
0.6569531250000000 0.5582330660755858
0.6570312500000001 0.5582399704539895
0.6571093750000000 0.5582468815897283
0.6571875000000000 0.5582537859942852
0.6572656250000000 0.5582606970822407
0.6573437500000000 0.5582676015125755
0.6574218750000000 0.5582745125531149
0.6575000000000000 0.5582814170088560
0.6575781250000000 0.5582883280023438
0.6576562500000001 0.5582952324831224
0.6577343750000000 0.5583021434299198
0.6578125000000000 0.5583090479353703
0.6578906250000001 0.5583159588358345
0.6579687500000000 0.5583228633655959
0.6580468750000000 0.5583297742200812
0.6581250000000000 0.5583366787737940
0.6582031250000000 0.5583435895826520
0.6582812500000000 0.5583504941599611
0.6583593750000000 0.5583574049235387
0.6584375000000000 0.5583643095240927
0.6585156250000000 0.5583712202427340
0.6585937500000000 0.5583781248661845
0.6586718750000000 0.5583850355402308
0.6587500000000001 0.5583919401862315
0.6588281250000000 0.5583988508160211
0.6589062500000000 0.5584057554842302
0.6589843750000001 0.5584126660700972
0.6590625000000000 0.5584195707601758
0.6591406250000000 0.5584264813024520
0.6592187500000000 0.5584333860140637
0.6592968750000000 0.5584402965130780
0.6593750000000000 0.5584472012458896
0.6594531250000000 0.5584541117019673
0.6595312500000000 0.5584610164556493
0.6596093750000001 0.5584679268691127
0.6596875000000000 0.5584748316433379
0.6597656250000000 0.5584817420145066
0.6598437500000001 0.5584886468089514
0.6599218750000000 0.5584955571381413
0.6600000000000000 0.5585024619524851
0.6600781250000000 0.5585093722400094
0.6601562500000000 0.5585162770739346
0.6602343750000000 0.5585231873201041
0.6603125000000000 0.5585300921732951
0.6603906250000000 0.5585370023784172
0.6604687500000000 0.5585439072505621
0.6605468750000000 0.5585508174149418
0.6606250000000000 0.5585577223057318
0.6607031250000001 0.5585646324296701
0.6607812500000000 0.5585715373387984
0.6608593750000000 0.5585784474225949
0.6609375000000001 0.5585853523497584
0.6610156250000000 0.5585922623937085
0.6610937500000000 0.5585991673386073
0.6611718750000000 0.5586060773430037
0.6612500000000000 0.5586129823053396
0.6613281250000000 0.5586198922704733
0.6614062500000000 0.5586267972499515
0.6614843750000000 0.5586337071761098
0.6615625000000001 0.5586406121724378
0.6616406250000000 0.5586475220599058
0.6617187500000000 0.5586544270727946
0.6617968750000001 0.5586613369218538
0.6618750000000000 0.5586682419510168
0.6619531250000000 0.5586751517619465
0.6620312500000000 0.5586820568071000
0.6621093750000000 0.5586889665801772
0.6621875000000000 0.5586958716410390
0.6622656250000000 0.5587027813765383
0.6623437500000000 0.5587096864528294
0.6624218750000000 0.5587165961510221
0.6625000000000000 0.5587235012424669
0.6625781250000000 0.5587304109036213
0.6626562500000001 0.5587373160099466
0.6627343750000000 0.5587442256343291
0.6628125000000000 0.5587511307552636
0.6628906250000001 0.5587580403431380
0.6629687500000000 0.5587649454784137
0.6630468750000000 0.5587718550300406
0.6631250000000000 0.5587787601793918
0.6632031250000000 0.5587856696950300
0.6632812500000000 0.5587925748581928
0.6633593750000000 0.5587994843380988
0.6634375000000000 0.5588063895148123
0.6635156250000001 0.5588132989592398
0.6635937500000000 0.5588202041492459
0.6636718750000000 0.5588271135584457
0.6637500000000001 0.5588340187614883
0.6638281250000000 0.5588409281357093
0.6639062500000000 0.5588478333515351
0.6639843750000000 0.5588547426910233
0.6640625000000000 0.5588616479193815
0.6641406250000000 0.5588685572243807
0.6642187500000000 0.5588754624650223
0.6642968750000000 0.5588823717357745
0.6643750000000000 0.5588892769884525
0.6644531250000000 0.5588961862251974
0.6645312500000000 0.5589030914896680
0.6646093750000001 0.5589100006926419
0.6646875000000000 0.5589169059686637
0.6647656250000000 0.5589238151381013
0.6648437500000001 0.5589307204254348
0.6649218750000000 0.5589376295615681
0.6650000000000000 0.5589445348599765
0.6650781250000000 0.5589514439630356
0.6651562500000000 0.5589583492722833
0.6652343750000000 0.5589652583424966
0.6653125000000000 0.5589721636623513
0.6653906250000000 0.5589790726999434
0.6654687500000001 0.5589859780301749
0.6655468750000000 0.5589928870353695
0.6656250000000000 0.5589997923757496
0.6657031250000001 0.5590067013487674
0.6657812500000000 0.5590136066990706
0.6658593750000000 0.5590205156401300
0.6659375000000000 0.5590274210001328
0.6660156250000000 0.5590343299094505
0.6660937500000000 0.5590412352789312
0.6661718750000000 0.5590481441567219
0.6662500000000000 0.5590550495354607
0.6663281250000000 0.5590619583819372
0.6664062500000000 0.5590688637697167
0.6664843750000000 0.5590757725850890
0.6665625000000001 0.5590826779816939
0.6666406250000000 0.5590895867661702
0.6667187500000000 0.5590964921713876
0.6667968750000001 0.5591034009251743
0.6668750000000000 0.5591103063387926
0.6669531250000000 0.5591172150620939
0.6670312500000000 0.5591241204839038
0.6671093750000000 0.5591310291769225
0.6671875000000000 0.5591379346067168
0.6672656250000000 0.5591448432696522
0.6673437500000000 0.5591517487072261
0.6674218750000001 0.5591586573402763
0.6675000000000000 0.5591655627854271
0.6675781250000000 0.5591724713887885
0.6676562500000001 0.5591793768413140
0.6677343750000000 0.5591862854151811
0.6678125000000000 0.5591931908748823
0.6678906250000000 0.5592000994194474
0.6679687500000000 0.5592070048861274
0.6680468750000000 0.5592139134015800
0.6681250000000000 0.5592208188750436
0.6682031250000000 0.5592277273615726
0.6682812500000000 0.5592346328416261
0.6683593750000000 0.5592415412994178
0.6684375000000000 0.5592484467858696
0.6685156250000001 0.5592553552151091
0.6685937500000000 0.5592622607077693
0.6686718750000000 0.5592691691086389
0.6687500000000001 0.5592760746073199
0.6688281250000000 0.5592829829800009
0.6689062500000000 0.5592898884845163
0.6689843750000000 0.5592967968291880
0.6690625000000000 0.5593037023393536
0.6691406250000000 0.5593106106561931
0.6692187500000000 0.5593175161718265
0.6692968750000000 0.5593244244610094
0.6693750000000001 0.5593313299819299
0.6694531250000000 0.5593382382436300
0.6695312500000000 0.5593451437696589
0.6696093750000001 0.5593520520040478
0.6696875000000000 0.5593589575350081
0.6697656250000000 0.5593658657422567
0.6698437500000000 0.5593727712779725
0.6699218750000000 0.5593796794582488
0.6700000000000000 0.5593865849985468
0.6700781250000000 0.5593934931520181
0.6701562500000000 0.5594003986967255
0.6702343750000000 0.5594073068235575
0.6703125000000000 0.5594142123725039
0.6703906250000000 0.5594211204728597
0.6704687500000001 0.5594280260258769
0.6705468750000000 0.5594349340999181
0.6706250000000000 0.5594418396568394
0.6707031250000001 0.5594487477047260
0.6707812500000000 0.5594556532653859
0.6708593750000000 0.5594625612872762
0.6709375000000000 0.5594694668515111
0.6710156250000000 0.5594763748475626
0.6710937500000000 0.5594832804152098
0.6711718750000000 0.5594901883855781
0.6712500000000000 0.5594970939564768
0.6713281250000001 0.5595040019013156
0.6714062500000000 0.5595109074753073
0.6714843750000000 0.5595178153947683
0.6715625000000001 0.5595247209716956
0.6716406250000000 0.5595316288659296
0.6717187500000000 0.5595385344456365
0.6717968750000000 0.5595454423147925
0.6718750000000000 0.5595523478971253
0.6719531250000000 0.5595592557413502
0.6720312500000000 0.5595661613261560
0.6721093750000000 0.5595730691455962
0.6721875000000000 0.5595799747327240
0.6722656250000000 0.5595868825275232
0.6723437500000000 0.5595937881168238
0.6724218750000001 0.5596006958871247
0.6725000000000000 0.5596076014784499
0.6725781250000000 0.5596145092243943
0.6726562500000001 0.5596214148175969
0.6727343750000000 0.5596283225393250
0.6728125000000000 0.5596352281342596
0.6728906250000000 0.5596421358319105
0.6729687500000000 0.5596490414284326
0.6730468750000000 0.5596559491021432
0.6731250000000000 0.5596628547001113
0.6732031250000000 0.5596697623500169
0.6732812500000001 0.5596766679492895
0.6733593750000000 0.5596835755755247
0.6734375000000000 0.5596904811759622
0.6735156250000001 0.5596973887786600
0.6735937500000000 0.5597042943801237
0.6736718750000000 0.5597112019594161
0.6737500000000000 0.5597181075617692
0.6738281250000000 0.5597250151177861
0.6739062500000000 0.5597319207208934
0.6739843750000000 0.5597388282537633
0.6740625000000000 0.5597457338574906
0.6741406250000000 0.5597526413673412
0.6742187500000000 0.5597595469715556
0.6742968750000000 0.5597664544585128
0.6743750000000001 0.5597733600630830
0.6744531250000000 0.5597802675272717
0.6745312500000000 0.5597871731320673
0.6746093750000001 0.5597940805736114
0.6746875000000000 0.5598009861785033
0.6747656250000000 0.5598078935975247
0.6748437500000000 0.5598147992023855
0.6749218750000000 0.5598217065990049
0.6750000000000000 0.5598286122037089
0.6750781250000000 0.5598355195780456
0.6751562500000000 0.5598424251824677
0.6752343750000001 0.5598493325346401
0.6753125000000000 0.5598562381386565
0.6753906250000000 0.5598631454687819
0.6754687500000001 0.5598700510722702
0.6755468750000000 0.5598769583804643
0.6756250000000000 0.5598838639833026
0.6757031250000000 0.5598907712696806
0.6757812500000000 0.5598976768717490
0.6758593750000000 0.5599045841364240
0.6759375000000000 0.5599114897376037
0.6760156250000000 0.5599183969806881
0.6760937500000000 0.5599253025808613
0.6761718750000000 0.5599322098024662
0.6762500000000000 0.5599391154015165
0.6763281250000001 0.5599460226017513
0.6764062500000000 0.5599529281995637
0.6764843750000000 0.5599598353785372
0.6765625000000001 0.5599667409749972
0.6766406250000000 0.5599736481328175
0.6767187500000000 0.5599805537278116
0.6767968750000000 0.5599874608645853
0.6768750000000000 0.5599943664580018
0.6769531250000000 0.5600012735738338
0.6770312500000000 0.5600081791655621
0.6771093750000000 0.5600150862605566
0.6771875000000001 0.5600219918504873
0.6772656250000000 0.5600288989247472
0.6773437500000000 0.5600358045127714
0.6774218750000001 0.5600427115663985
0.6775000000000000 0.5600496171524094
0.6775781250000000 0.5600565241855041
0.6776562500000000 0.5600634297693955
0.6777343750000000 0.5600703367820582
0.6778125000000000 0.5600772423637240
0.6778906250000000 0.5600841493560536
0.6779687500000000 0.5600910549353895
0.6780468750000000 0.5600979619074834
0.6781250000000000 0.5601048674843868
0.6782031250000000 0.5601117744363414
0.6782812500000001 0.5601186800107104
0.6783593750000000 0.5601255869426210
0.6784375000000000 0.5601324925143545
0.6785156250000001 0.5601393994263156
0.6785937500000000 0.5601463049953136
0.6786718750000000 0.5601532118874185
0.6787500000000000 0.5601601174535822
0.6788281250000000 0.5601670243259238
0.6789062500000000 0.5601739298891544
0.6789843750000000 0.5601808367418243
0.6790625000000000 0.5601877423020254
0.6791406250000001 0.5601946491351136
0.6792187500000000 0.5602015546921890
0.6792968750000000 0.5602084615057854
0.6793750000000001 0.5602153670596398
0.6794531250000000 0.5602222738538328
0.6795312500000000 0.5602291794043726
0.6796093750000000 0.5602360861792495
0.6796875000000000 0.5602429917263814
0.6797656250000000 0.5602498984820288
0.6798437500000000 0.5602568040256607
0.6799218750000000 0.5602637107621644
0.6800000000000000 0.5602706163022045
0.6800781250000000 0.5602775230196498
0.6801562500000000 0.5602844285560078
0.6802343750000001 0.5602913352544783
0.6803125000000000 0.5602982407870650
0.6803906250000000 0.5603051474666434
0.6804687500000001 0.5603120529953708
0.6805468750000000 0.5603189596561381
0.6806250000000000 0.5603258651809190
0.6807031250000000 0.5603327718229567
0.6807812500000000 0.5603396773437038
0.6808593750000000 0.5603465839670926
0.6809375000000000 0.5603534894837201
0.6810156250000000 0.5603603960885389
0.6810937500000001 0.5603673016009622
0.6811718750000000 0.5603742081872894
0.6812500000000000 0.5603811136954243
0.6813281250000001 0.5603880202633373
0.6814062500000000 0.5603949257671009
0.6814843750000000 0.5604018323166768
0.6815625000000000 0.5604087378159860
0.6816406250000000 0.5604156443473010
0.6817187500000000 0.5604225498420745
0.6817968750000000 0.5604294563552029
0.6818750000000000 0.5604363618453607
0.6819531250000000 0.5604432683403766
0.6820312500000000 0.5604501738258387
0.6821093750000000 0.5604570803028154
0.6821875000000001 0.5604639857835031
0.6822656250000000 0.5604708922425128
0.6823437500000000 0.5604777977183483
0.6824218750000001 0.5604847041594627
0.6825000000000000 0.5604916096303683
0.6825781250000000 0.5604985160536583
0.6826562500000000 0.5605054215195575
0.6827343750000000 0.5605123279250936
0.6828125000000000 0.5605192333859099
0.6828906250000000 0.5605261397737616
0.6829687500000000 0.5605330452294205
0.6830468750000001 0.5605399515996563
0.6831250000000000 0.5605468570500831
0.6832031250000000 0.5605537634027706
0.6832812500000001 0.5605606688478927
0.6833593750000000 0.5605675751830989
0.6834375000000000 0.5605744806228427
0.6835156250000000 0.5605813869406339
0.6835937500000000 0.5605882923749279
0.6836718750000000 0.5605951986753699
0.6837500000000000 0.5606021041041424
0.6838281250000000 0.5606090103873003
0.6839062500000000 0.5606159158104806
0.6839843750000000 0.5606228220764183
0.6840625000000000 0.5606297274939374
0.6841406250000001 0.5606366337427173
0.6842187500000000 0.5606435391545062
0.6842968750000000 0.5606504453861917
0.6843750000000001 0.5606573507921817
0.6844531250000000 0.5606642570068344
0.6845312500000000 0.5606711624069580
0.6846093750000000 0.5606780686046395
0.6846875000000000 0.5606849739988292
0.6847656250000000 0.5606918801796003
0.6848437500000000 0.5606987855677901
0.6849218750000000 0.5607056917317098
0.6850000000000001 0.5607125971138349
0.6850781250000000 0.5607195032609624
0.6851562500000000 0.5607264086369576
0.6852343750000001 0.5607333147673514
0.6853125000000000 0.5607402201371525
0.6853906250000000 0.5607471262508703
0.6854687500000000 0.5607540316144140
0.6855468750000000 0.5607609377115130
0.6856250000000000 0.5607678430687363
0.6857031250000000 0.5607747491492726
0.6857812500000000 0.5607816545001135
0.6858593750000000 0.5607885605641433
0.6859375000000000 0.5607954659085399
0.6860156250000000 0.5608023719561179
0.6860937500000001 0.5608092772940101
0.6861718750000000 0.5608161833251909
0.6862500000000000 0.5608230886565179
0.6863281250000001 0.5608299946713554
0.6864062500000000 0.5608368999960573
0.6864843750000000 0.5608438059946051
0.6865625000000000 0.5608507113126231
0.6866406250000000 0.5608576172949339
0.6867187500000000 0.5608645226062092
0.6867968750000000 0.5608714285723350
0.6868750000000000 0.5608783338768097
0.6869531250000001 0.5608852398268022
0.6870312500000000 0.5608921451244195
0.6871093750000000 0.5608990510583287
0.6871875000000001 0.5609059563490323
0.6872656250000000 0.5609128622669091
0.6873437500000000 0.5609197675506422
0.6874218750000000 0.5609266734525361
0.6875000000000000 0.5609335787292434
0.6875781250000000 0.5609404846152036
0.6876562500000000 0.5609473898848305
0.6877343750000000 0.5609542957549056
0.6878125000000000 0.5609612010173973
0.6878906250000000 0.5609681068716352
0.6879687500000000 0.5609750121269378
0.6880468750000001 0.5609819179653867
0.6881250000000000 0.5609888232134470
0.6882031250000000 0.5609957290361529
0.6882812500000001 0.5610026342769187
0.6883593750000000 0.5610095400839274
0.6884375000000000 0.5610164453173475
0.6885156250000000 0.5610233511087045
0.6885937500000000 0.5610302563347266
0.6886718750000000 0.5610371621104779
0.6887500000000000 0.5610440673290505
0.6888281250000000 0.5610509730892407
0.6889062500000001 0.5610578783003141
0.6889843750000000 0.5610647840449869
0.6890625000000000 0.5610716892485104
0.6891406250000001 0.5610785949777104
0.6892187500000000 0.5610855001736342
0.6892968750000000 0.5610924058874042
0.6893750000000000 0.5610993110756801
0.6894531250000000 0.5611062167740619
0.6895312500000000 0.5611131219546420
0.6896093750000000 0.5611200276376777
0.6896875000000000 0.5611269328105137
0.6897656250000000 0.5611338384782448
0.6898437500000000 0.5611407436432895
0.6899218750000000 0.5611476492957577
0.6900000000000001 0.5611545544529635
0.6900781250000000 0.5611614600902092
0.6901562500000000 0.5611683652395301
0.6902343750000001 0.5611752708615930
0.6903125000000000 0.5611821760029831
0.6903906250000000 0.5611890816099033
0.6904687500000000 0.5611959867433171
0.6905468750000000 0.5612028923351334
0.6906250000000000 0.5612097974605258
0.6907031250000000 0.5612167030372771
0.6907812500000000 0.5612236081546034
0.6908593750000001 0.5612305137163279
0.6909375000000000 0.5612374188255441
0.6910156250000000 0.5612443243722798
0.6910937500000001 0.5612512294733419
0.6911718750000000 0.5612581350051262
0.6912500000000000 0.5612650400979915
0.6913281250000000 0.5612719456148606
0.6914062500000000 0.5612788506994868
0.6914843750000000 0.5612857562014765
0.6915625000000000 0.5612926612778216
0.6916406250000000 0.5612995667649682
0.6917187500000000 0.5613064718329900
0.6917968750000000 0.5613133773053295
0.6918750000000000 0.5613202823649863
0.6919531250000001 0.5613271878225535
0.6920312500000000 0.5613340928738044
0.6921093750000000 0.5613409983166344
0.6921875000000001 0.5613479033594385
0.6922656250000000 0.5613548087875656
0.6923437500000000 0.5613617138218829
0.6924218750000000 0.5613686192353406
0.6925000000000000 0.5613755242611319
0.6925781250000000 0.5613824296599533
0.6926562500000000 0.5613893346771792
0.6927343750000000 0.5613962400613971
0.6928125000000001 0.5614031450700192
0.6928906250000000 0.5614100504396660
0.6929687500000000 0.5614169554396455
0.6930468750000001 0.5614238607947537
0.6931250000000000 0.5614307657860529
0.6932031250000000 0.5614376711266539
0.6932812500000000 0.5614445761092346
0.6933593750000000 0.5614514814353603
0.6934375000000000 0.5614583864091857
0.6935156250000000 0.5614652917208663
0.6935937500000000 0.5614721966858995
0.6936718750000000 0.5614791019831656
0.6937500000000000 0.5614860069393707
0.6938281250000000 0.5614929122222523
0.6939062500000001 0.5614998171695929
0.6939843750000000 0.5615067224381202
0.6940625000000000 0.5615136273765601
0.6941406250000001 0.5615205326307623
0.6942187500000000 0.5615274375602668
0.6942968750000000 0.5615343428001729
0.6943750000000000 0.5615412477207065
0.6944531250000000 0.5615481529463457
0.6945312500000000 0.5615550578578736
0.6946093750000000 0.5615619630692742
0.6946875000000000 0.5615688679717623
0.6947656250000001 0.5615757731689522
0.6948437500000000 0.5615826780623665
0.6949218750000000 0.5615895832453731
0.6950000000000001 0.5615964881296802
0.6950781250000000 0.5616033932985308
0.6951562500000000 0.5616102981736980
0.6952343750000000 0.5616172033284194
0.6953125000000000 0.5616241081944132
0.6953906250000000 0.5616310133350320
0.6954687500000000 0.5616379181918204
0.6955468750000000 0.5616448233183627
0.6956250000000000 0.5616517281659134
0.6957031250000000 0.5616586332784047
0.6957812500000000 0.5616655381166862
0.6958593750000001 0.5616724432151525
0.6959375000000000 0.5616793480441329
0.6960156250000000 0.5616862531285993
0.6960937500000001 0.5616931579482477
0.6961718750000000 0.5617000630187385
0.6962500000000000 0.5617069678290245
0.6963281250000000 0.5617138728855648
0.6964062500000000 0.5617207776864569
0.6964843750000000 0.5617276827290718
0.6965625000000000 0.5617345875205396
0.6966406250000000 0.5617414925492521
0.6967187500000001 0.5617483973312665
0.6967968750000000 0.5617553023461006
0.6968750000000000 0.5617622071186311
0.6969531250000001 0.5617691121196104
0.6970312500000000 0.5617760168826281
0.6971093750000000 0.5617829218697756
0.6971875000000000 0.5617898266232513
0.6972656250000000 0.5617967315965896
0.6973437500000000 0.5618036363404946
0.6974218750000000 0.5618105413000463
0.6975000000000000 0.5618174460343525
0.6975781250000000 0.5618243509801389
0.6976562500000000 0.5618312557048185
0.6977343750000000 0.5618381606368622
0.6978125000000001 0.5618450653518866
0.6978906250000000 0.5618519702702086
0.6979687500000000 0.5618588749755513
0.6980468750000001 0.5618657798801732
0.6981250000000000 0.5618726845758062
0.6982031250000000 0.5618795894667489
0.6982812500000000 0.5618864941526452
0.6983593750000000 0.5618933990299294
0.6984375000000000 0.5619003037060628
0.6985156250000000 0.5619072085697089
0.6985937500000000 0.5619141132360523
0.6986718750000001 0.5619210180860811
0.6987500000000000 0.5619279227426082
0.6988281250000000 0.5619348275790390
0.6989062500000001 0.5619417322257250
0.6989843750000000 0.5619486370485767
0.6990625000000000 0.5619555416853960
0.6991406250000000 0.5619624464946882
0.6992187500000000 0.5619693511216153
0.6992968750000000 0.5619762559173672
0.6993750000000000 0.5619831605343768
0.6994531250000000 0.5619900653166072
0.6995312500000000 0.5619969699236749
0.6996093750000000 0.5620038746924022
0.6996875000000000 0.5620107792895033
0.6997656250000001 0.5620176840447457
0.6998437500000000 0.5620245886318560
0.6999218750000000 0.5620314933736313
0.7000000000000001 0.5620383979507271
0.7000781250000000 0.5620453026790532
0.7001562500000000 0.5620522072461105
0.7002343750000000 0.5620591119610050
0.7003125000000000 0.5620660165179998
0.7003906250000000 0.5620729212194804
0.7004687500000000 0.5620798257663896
0.7005468750000000 0.5620867304544733
0.7006250000000001 0.5620936349912734
0.7007031250000000 0.5621005396659772
0.7007812500000000 0.5621074441926458
0.7008593750000001 0.5621143488539857
0.7009375000000000 0.5621212533705000
0.7010156250000000 0.5621281580184930
0.7010937500000000 0.5621350625248304
0.7011718750000000 0.5621419671594924
0.7012500000000000 0.5621488716556311
0.7013281250000000 0.5621557762769775
0.7014062500000000 0.5621626807628964
0.7014843750000000 0.5621695853709425
0.7015625000000000 0.5621764898466193
0.7016406250000000 0.5621833944413812
0.7017187500000001 0.5621902989067942
0.7017968750000000 0.5621972034882872
0.7018750000000000 0.5622041079434149
0.7019531250000001 0.5622110125116544
0.7020312500000000 0.5622179169564757
0.7021093750000000 0.5622248215114769
0.7021875000000000 0.5622317259459703
0.7022656250000000 0.5622386304877472
0.7023437500000000 0.5622455349118931
0.7024218750000000 0.5622524394404597
0.7025000000000000 0.5622593438542379
0.7025781250000001 0.5622662483696081
0.7026562500000000 0.5622731527729985
0.7027343750000000 0.5622800572751865
0.7028125000000001 0.5622869616681685
0.7028906250000000 0.5622938661571883
0.7029687500000000 0.5623007705397421
0.7030468750000000 0.5623076750156076
0.7031250000000000 0.5623145793877138
0.7032031250000000 0.5623214838504378
0.7032812500000000 0.5623283882120772
0.7033593750000000 0.5623352926616725
0.7034375000000000 0.5623421970128262
0.7035156250000000 0.5623491014493057
0.7035937500000000 0.5623560057899541
0.7036718750000001 0.5623629102133313
0.7037500000000000 0.5623698145434562
0.7038281250000000 0.5623767189537426
0.7039062500000001 0.5623836232733253
0.7039843750000000 0.5623905276705344
0.7040625000000000 0.5623974319795556
0.7041406250000000 0.5624043363636991
0.7042187500000000 0.5624112406621418
0.7042968750000000 0.5624181450332311
0.7043750000000000 0.5624250493210771
0.7044531250000000 0.5624319536791240
0.7045312500000001 0.5624388579563553
0.7046093750000000 0.5624457623013719
0.7046875000000000 0.5624526665679703
0.7047656250000001 0.5624595708999686
0.7048437500000000 0.5624664751559165
0.7049218750000000 0.5624733794749077
0.7050000000000000 0.5624802837201873
0.7050781250000000 0.5624871880261828
0.7051562500000000 0.5624940922607773
0.7052343750000000 0.5625009965537874
0.7053125000000000 0.5625079007776801
0.7053906250000000 0.5625148050577156
0.7054687500000000 0.5625217092708897
0.7055468750000000 0.5625286135379612
0.7056250000000001 0.5625355177403996
0.7057031250000000 0.5625424219945181
0.7057812500000000 0.5625493261862042
0.7058593750000001 0.5625562304273795
0.7059375000000000 0.5625631346082974
0.7060156250000000 0.5625700388365394
0.7060937500000000 0.5625769430066729
0.7061718750000000 0.5625838472219917
0.7062500000000000 0.5625907513813246
0.7063281250000000 0.5625976555837303
0.7064062500000000 0.5626045597322467
0.7064843750000001 0.5626114639217491
0.7065625000000000 0.5626183680594328
0.7066406250000000 0.5626252722360410
0.7067187500000001 0.5626321763628771
0.7067968750000000 0.5626390805266004
0.7068750000000000 0.5626459846425733
0.7069531250000000 0.5626528887934209
0.7070312500000000 0.5626597928985152
0.7071093750000000 0.5626666970364964
0.7071875000000000 0.5626736011306969
0.7072656250000000 0.5626805052558205
0.7073437500000000 0.5626874093391128
0.7074218750000000 0.5626943134513869
0.7075000000000000 0.5627012175237560
0.7075781250000001 0.5627081216231896
0.7076562500000000 0.5627150256846206
0.7077343750000000 0.5627219297712219
0.7078125000000001 0.5627288338217011
0.7078906250000000 0.5627357378954781
0.7079687500000000 0.5627426419349904
0.7080468750000000 0.5627495459959521
0.7081250000000000 0.5627564500244829
0.7082031250000000 0.5627633540726368
0.7082812500000000 0.5627702580901726
0.7083593750000000 0.5627771621255272
0.7084375000000001 0.5627840661320529
0.7085156250000000 0.5627909701546160
0.7085937500000000 0.5627978741501183
0.7086718750000001 0.5628047781598968
0.7087500000000000 0.5628116821443631
0.7088281250000000 0.5628185861413639
0.7089062500000000 0.5628254901147802
0.7089843750000000 0.5628323940990113
0.7090625000000000 0.5628392980613640
0.7091406250000000 0.5628462020328322
0.7092187500000000 0.5628531059841082
0.7092968750000000 0.5628600099428207
0.7093750000000000 0.5628669138830069
0.7094531250000000 0.5628738178289704
0.7095312500000001 0.5628807217580537
0.7096093750000000 0.5628876256912755
0.7096875000000000 0.5628945296092425
0.7097656250000001 0.5629014335297292
0.7098437500000000 0.5629083374365674
0.7099218750000000 0.5629152413443255
0.7100000000000000 0.5629221452400222
0.7100781250000000 0.5629290491350583
0.7101562500000000 0.5629359530196006
0.7102343750000000 0.5629428569019209
0.7103125000000000 0.5629497607752967
0.7103906250000001 0.5629566646449075
0.7104687500000000 0.5629635685071042
0.7105468750000000 0.5629704723640120
0.7106250000000001 0.5629773762150170
0.7107031250000000 0.5629842800592276
0.7107812500000000 0.5629911838990294
0.7108593750000000 0.5629980877305484
0.7109375000000000 0.5630049915591345
0.7110156250000000 0.5630118953779681
0.7110937500000000 0.5630187991953267
0.7111718750000000 0.5630257030014806
0.7112500000000000 0.5630326068075999
0.7113281250000000 0.5630395106010794
0.7114062500000000 0.5630464143959478
0.7114843750000001 0.5630533181767584
0.7115625000000000 0.5630602219603640
0.7116406250000000 0.5630671257285118
0.7117187500000001 0.5630740295008428
0.7117968750000000 0.5630809332563321
0.7118750000000000 0.5630878370173782
0.7119531250000000 0.5630947407602144
0.7120312500000000 0.5631016445099634
0.7121093750000000 0.5631085482401521
0.7121875000000000 0.5631154519785928
0.7122656250000000 0.5631223556961384
0.7123437500000001 0.5631292594232603
0.7124218750000000 0.5631361631281675
0.7125000000000000 0.5631430668439595
0.7125781250000001 0.5631499705362331
0.7126562500000000 0.5631568742406848
0.7127343750000000 0.5631637779203287
0.7128125000000000 0.5631706816134292
0.7128906250000000 0.5631775852804489
0.7129687500000000 0.5631844889621866
0.7130468750000000 0.5631913926165867
0.7131250000000000 0.5631982962869516
0.7132031250000000 0.5632051999287361
0.7132812500000000 0.5632121035877177
0.7133593750000000 0.5632190072168906
0.7134375000000001 0.5632259108644789
0.7135156250000000 0.5632328144810440
0.7135937500000000 0.5632397181172286
0.7136718750000001 0.5632466217211903
0.7137500000000000 0.5632535253459615
0.7138281250000000 0.5632604289373231
0.7139062500000000 0.5632673325506705
0.7139843750000000 0.5632742361294364
0.7140625000000000 0.5632811397313501
0.7141406250000000 0.5632880432975235
0.7142187500000000 0.5632949468879936
0.7142968750000001 0.5633018504415789
0.7143750000000000 0.5633087540205950
0.7144531250000000 0.5633156575615961
0.7145312500000001 0.5633225611291482
0.7146093750000000 0.5633294646575683
0.7146875000000000 0.5633363682136474
0.7147656250000000 0.5633432717294897
0.7148437500000000 0.5633501752740857
0.7149218750000000 0.5633570787773545
0.7150000000000000 0.5633639823104577
0.7150781250000000 0.5633708858011554
0.7151562500000000 0.5633777893227569
0.7152343750000000 0.5633846928008869
0.7153125000000000 0.5633915963109771
0.7153906250000001 0.5633984997765427
0.7154687500000000 0.5634054032751119
0.7155468750000000 0.5634123067281163
0.7156250000000001 0.5634192102151560
0.7157031250000000 0.5634261136556015
0.7157812500000000 0.5634330171311027
0.7158593750000000 0.5634399205589919
0.7159375000000000 0.5634468240229454
0.7160156250000000 0.5634537274382819
0.7160937500000000 0.5634606308906789
0.7161718750000000 0.5634675342934649
0.7162500000000001 0.5634744377342961
0.7163281250000000 0.5634813411245343
0.7164062500000000 0.5634882445537912
0.7164843750000001 0.5634951479314840
0.7165625000000000 0.5635020513491582
0.7166406250000000 0.5635089547143085
0.7167187500000000 0.5635158581203904
0.7167968750000000 0.5635227614730010
0.7168750000000000 0.5635296648674821
0.7169531250000000 0.5635365682075549
0.7170312500000000 0.5635434715904268
0.7171093750000000 0.5635503749179648
0.7171875000000000 0.5635572782892185
0.7172656250000000 0.5635641816042236
0.7173437500000001 0.5635710849638518
0.7174218750000000 0.5635779882663252
0.7175000000000000 0.5635848916143196
0.7175781250000001 0.5635917949042637
0.7176562500000000 0.5635986982406157
0.7177343750000000 0.5636056015180327
0.7178125000000000 0.5636125048427338
0.7178906250000000 0.5636194081076261
0.7179687500000000 0.5636263114206684
0.7180468750000000 0.5636332146730373
0.7181250000000000 0.5636401179744132
0.7182031250000001 0.5636470212142605
0.7182812500000000 0.5636539245039615
0.7183593750000000 0.5636608277312891
0.7184375000000001 0.5636677310093076
0.7185156250000000 0.5636746342241170
0.7185937500000000 0.5636815374904448
0.7186718750000000 0.5636884406927382
0.7187500000000000 0.5636953439473672
0.7188281250000000 0.5637022471371460
0.7189062500000000 0.5637091503800687
0.7189843750000000 0.5637160535573345
0.7190625000000000 0.5637229567885431
0.7191406250000000 0.5637298599532973
0.7192187500000000 0.5637367631727840
0.7192968750000001 0.5637436663250283
0.7193750000000000 0.5637505695327855
0.7194531250000000 0.5637574726725207
0.7195312500000001 0.5637643758685411
0.7196093750000000 0.5637712789957690
0.7196875000000000 0.5637781821800448
0.7197656250000000 0.5637850852947662
0.7198437500000000 0.5637919884672905
0.7199218750000000 0.5637988915695067
0.7200000000000000 0.5638057947302719
0.7200781250000000 0.5638126978199840
0.7201562500000001 0.5638196009689829
0.7202343750000000 0.5638265040461915
0.7203125000000000 0.5638334071834172
0.7203906250000001 0.5638403102481236
0.7204687500000000 0.5638472133735687
0.7205468750000000 0.5638541164257735
0.7206250000000000 0.5638610195394310
0.7207031250000000 0.5638679225791354
0.7207812500000000 0.5638748256809978
0.7208593750000000 0.5638817287082030
0.7209375000000000 0.5638886317982630
0.7210156250000000 0.5638955348129701
0.7210937500000000 0.5639024378912206
0.7211718750000000 0.5639093408934298
0.7212500000000001 0.5639162439598643
0.7213281250000000 0.5639231469495766
0.7214062500000000 0.5639300500041876
0.7214843750000001 0.5639369529814040
0.7215625000000000 0.5639438560241848
0.7216406250000000 0.5639507589889055
0.7217187500000000 0.5639576620198500
0.7217968750000000 0.5639645649720748
0.7218750000000000 0.5639714679911763
0.7219531250000000 0.5639783709309060
0.7220312500000000 0.5639852739381574
0.7221093750000001 0.5639921768653925
0.7221875000000000 0.5639990798607878
0.7222656250000000 0.5640059827755288
0.7223437500000001 0.5640128857590602
0.7224218750000000 0.5640197886613080
0.7225000000000000 0.5640266916329693
0.7225781250000000 0.5640335945227239
0.7226562500000000 0.5640404974825082
0.7227343750000000 0.5640474003597705
0.7228125000000000 0.5640543033076717
0.7228906250000000 0.5640612061724410
0.7229687500000000 0.5640681091084527
0.7230468750000000 0.5640750119607300
0.7231250000000000 0.5640819148848453
0.7232031250000001 0.5640888177246305
0.7232812500000000 0.5640957206368431
0.7233593750000000 0.5641026234641365
0.7234375000000001 0.5641095263644402
0.7235156250000000 0.5641164291792415
0.7235937500000000 0.5641233320676302
0.7236718750000000 0.5641302348699396
0.7237500000000000 0.5641371377464072
0.7238281250000000 0.5641440405362242
0.7239062500000000 0.5641509434007644
0.7239843750000000 0.5641578461780891
0.7240625000000001 0.5641647490306964
0.7241406250000000 0.5641716517955284
0.7242187500000000 0.5641785546361958
0.7242968750000001 0.5641854573885360
0.7243750000000000 0.5641923602172570
0.7244531250000000 0.5641992629571052
0.7245312500000000 0.5642061657738739
0.7246093750000000 0.5642130685012298
0.7246875000000000 0.5642199713060403
0.7247656250000000 0.5642268740209032
0.7248437500000000 0.5642337768137499
0.7249218750000000 0.5642406795161199
0.7250000000000000 0.5642475822969962
0.7250781250000000 0.5642544849868729
0.7251562500000001 0.5642613877557733
0.7252343750000000 0.5642682904331564
0.7253125000000000 0.5642751931900749
0.7253906250000001 0.5642820958549641
0.7254687500000000 0.5642889985998945
0.7255468750000000 0.5642959012522895
0.7256250000000000 0.5643028039852265
0.7257031250000000 0.5643097066251261
0.7257812500000000 0.5643166093460641
0.7258593750000000 0.5643235119734683
0.7259375000000000 0.5643304146824012
0.7260156250000001 0.5643373172973096
0.7260937500000000 0.5643442199942315
0.7261718750000000 0.5643511225966441
0.7262500000000001 0.5643580252815488
0.7263281250000000 0.5643649278714646
0.7264062500000000 0.5643718305443469
0.7264843750000000 0.5643787331217657
0.7265625000000000 0.5643856357826199
0.7266406250000000 0.5643925383475402
0.7267187500000000 0.5643994409963612
0.7267968750000000 0.5644063435487827
0.7268750000000000 0.5644132461855644
0.7269531250000000 0.5644201487254868
0.7270312500000000 0.5644270513502236
0.7271093750000001 0.5644339538776462
0.7271875000000000 0.5644408564903325
0.7272656250000000 0.5644477590052541
0.7273437500000001 0.5644546616058845
0.7274218750000000 0.5644615641083051
0.7275000000000000 0.5644684666968737
0.7275781250000000 0.5644753691867924
0.7276562500000000 0.5644822717632938
0.7277343750000000 0.5644891742407099
0.7278125000000000 0.5644960768051385
0.7278906250000000 0.5645029792700512
0.7279687500000001 0.5645098818224016
0.7280468750000000 0.5645167842748098
0.7281250000000000 0.5645236868150773
0.7282031250000001 0.5645305892549797
0.7282812500000000 0.5645374917831587
0.7283593750000000 0.5645443942105547
0.7284375000000000 0.5645512967266401
0.7285156250000000 0.5645581991415279
0.7285937500000000 0.5645651016455150
0.7286718750000000 0.5645720040478939
0.7287500000000000 0.5645789065397767
0.7288281250000000 0.5645858089296463
0.7289062500000000 0.5645927114094192
0.7289843750000000 0.5645996137867786
0.7290625000000001 0.5646065162544369
0.7291406250000000 0.5646134186192842
0.7292187500000000 0.5646203210748230
0.7292968750000001 0.5646272234271575
0.7293750000000000 0.5646341258705709
0.7294531250000000 0.5646410282103920
0.7295312500000000 0.5646479306416750
0.7296093750000000 0.5646548329689810
0.7296875000000000 0.5646617353881289
0.7297656250000000 0.5646686377029189
0.7298437500000000 0.5646755401099260
0.7299218750000001 0.5646824424121988
0.7300000000000000 0.5646893448070603
0.7300781250000000 0.5646962470968151
0.7301562500000001 0.5647031494795256
0.7302343750000000 0.5647100517567606
0.7303125000000000 0.5647169541273156
0.7303906250000000 0.5647238563920296
0.7304687500000000 0.5647307587504241
0.7305468750000000 0.5647376610026159
0.7306250000000000 0.5647445633488443
0.7307031250000000 0.5647514655885134
0.7307812500000000 0.5647583679225704
0.7308593750000000 0.5647652701497153
0.7309375000000000 0.5647721724715963
0.7310156250000001 0.5647790746862154
0.7310937500000000 0.5647859769959156
0.7311718750000000 0.5647928791980075
0.7312500000000001 0.5647997814955217
0.7313281250000000 0.5648066836850854
0.7314062500000000 0.5648135859704091
0.7314843750000000 0.5648204881474427
0.7315625000000000 0.5648273904205708
0.7316406250000000 0.5648342925850731
0.7317187500000000 0.5648411948460009
0.7317968750000000 0.5648480969979708
0.7318750000000001 0.5648549992466928
0.7319531250000000 0.5648619013861289
0.7320312500000000 0.5648688036226406
0.7321093750000001 0.5648757057495413
0.7321875000000000 0.5648826079738379
0.7322656250000000 0.5648895100882020
0.7323437500000000 0.5648964123002781
0.7324218750000000 0.5649033144021044
0.7325000000000000 0.5649102166019558
0.7325781250000000 0.5649171186912421
0.7326562500000000 0.5649240208788641
0.7327343750000000 0.5649309229556090
0.7328125000000000 0.5649378251309963
0.7328906250000000 0.5649447271951991
0.7329687500000001 0.5649516293583469
0.7330468750000000 0.5649585314100056
0.7331250000000000 0.5649654335609093
0.7332031250000001 0.5649723356000226
0.7332812500000000 0.5649792377386773
0.7333593750000000 0.5649861397652433
0.7334375000000000 0.5649930418916447
0.7335156250000000 0.5649999439056621
0.7335937500000000 0.5650068460198050
0.7336718750000000 0.5650137480212721
0.7337500000000000 0.5650206501231522
0.7338281250000001 0.5650275521120675
0.7339062500000000 0.5650344542016799
0.7339843750000000 0.5650413561780417
0.7340625000000001 0.5650482582553815
0.7341406250000000 0.5650551602191887
0.7342187500000000 0.5650620622842514
0.7342968750000000 0.5650689642355019
0.7343750000000000 0.5650758662882824
0.7344531250000000 0.5650827682269753
0.7345312500000000 0.5650896702674688
0.7346093750000000 0.5650965721936024
0.7346875000000000 0.5651034742218045
0.7347656250000000 0.5651103761353770
0.7348437500000000 0.5651172781512828
0.7349218750000001 0.5651241800522927
0.7350000000000000 0.5651310820558977
0.7350781250000000 0.5651379839443427
0.7351562500000001 0.5651448859356432
0.7352343750000000 0.5651517878115218
0.7353125000000000 0.5651586897905123
0.7353906250000000 0.5651655916538229
0.7354687500000000 0.5651724936204994
0.7355468750000000 0.5651793954712401
0.7356250000000000 0.5651862974255976
0.7357031250000000 0.5651931992637668
0.7357812500000001 0.5652001012058009
0.7358593750000000 0.5652070030313966
0.7359375000000000 0.5652139049611029
0.7360156250000001 0.5652208067741241
0.7360937500000000 0.5652277086914971
0.7361718750000000 0.5652346104919422
0.7362500000000000 0.5652415123969777
0.7363281250000000 0.5652484141848446
0.7364062500000000 0.5652553160775383
0.7364843750000000 0.5652622178528252
0.7365625000000000 0.5652691197331727
0.7366406250000000 0.5652760214958775
0.7367187500000000 0.5652829233638741
0.7367968750000000 0.5652898251139956
0.7368750000000001 0.5652967269696368
0.7369531250000000 0.5653036287071730
0.7370312500000000 0.5653105305504541
0.7371093750000001 0.5653174322754034
0.7371875000000000 0.5653243341063197
0.7372656250000000 0.5653312358186804
0.7373437500000000 0.5653381376372277
0.7374218750000000 0.5653450393369978
0.7375000000000000 0.5653519411431712
0.7375781250000000 0.5653588428303493
0.7376562500000000 0.5653657446241444
0.7377343750000001 0.5653726462987285
0.7378125000000000 0.5653795480801407
0.7378906250000000 0.5653864497421294
0.7379687500000001 0.5653933515111538
0.7380468750000000 0.5654002531605455
0.7381250000000000 0.5654071549171776
0.7382031250000000 0.5654140565539704
0.7382812500000000 0.5654209582982059
0.7383593750000000 0.5654278599223974
0.7384375000000000 0.5654347616542325
0.7385156250000000 0.5654416632658209
0.7385937500000000 0.5654485649852509
0.7386718750000000 0.5654554665842342
0.7387500000000000 0.5654623682912543
0.7388281250000001 0.5654692698776314
0.7389062500000000 0.5654761715722368
0.7389843750000000 0.5654830731460058
0.7390625000000001 0.5654899748281924
0.7391406250000000 0.5654968763893510
0.7392187500000000 0.5655037780591142
0.7392968750000000 0.5655106796076612
0.7393750000000000 0.5655175812649964
0.7394531250000000 0.5655244828009297
0.7395312500000000 0.5655313844458323
0.7396093750000000 0.5655382859691506
0.7396875000000001 0.5655451876016154
0.7397656250000000 0.5655520891123172
0.7398437500000000 0.5655589907323398
0.7399218750000001 0.5655658922304232
0.7400000000000000 0.5655727938379996
0.7400781250000000 0.5655796953234620
0.7401562500000000 0.5655865969185879
0.7402343750000000 0.5655934983914277
0.7403125000000000 0.5656003999740985
0.7403906250000000 0.5656073014343141
0.7404687500000000 0.5656142030045250
0.7405468750000000 0.5656211044521149
0.7406250000000000 0.5656280060098614
0.7407031250000000 0.5656349074448234
0.7407812500000001 0.5656418089901011
0.7408593750000000 0.5656487104124335
0.7409375000000000 0.5656556119452376
0.7410156250000001 0.5656625133549388
0.7410937500000000 0.5656694148752653
0.7411718750000000 0.5656763162723331
0.7412500000000000 0.5656832177801771
0.7413281250000000 0.5656901191646101
0.7414062500000000 0.5656970206599669
0.7414843750000000 0.5657039220317636
0.7415625000000000 0.5657108235146284
0.7416406250000001 0.5657177248737867
0.7417187500000000 0.5657246263441555
0.7417968750000000 0.5657315276906735
0.7418750000000001 0.5657384291485419
0.7419531250000000 0.5657453304824176
0.7420312500000000 0.5657522319277810
0.7421093750000000 0.5657591332490129
0.7421875000000000 0.5657660346818666
0.7422656250000000 0.5657729359904529
0.7423437500000000 0.5657798374107925
0.7424218750000000 0.5657867387067308
0.7425000000000000 0.5657936401145522
0.7425781250000000 0.5658005413978414
0.7426562500000000 0.5658074427931391
0.7427343750000001 0.5658143440637776
0.7428125000000000 0.5658212454465475
0.7428906250000000 0.5658281467045334
0.7429687500000001 0.5658350480747705
0.7430468750000000 0.5658419493201021
0.7431250000000000 0.5658488506778021
0.7432031250000000 0.5658557519104779
0.7432812500000000 0.5658626532556359
0.7433593750000000 0.5658695544756539
0.7434375000000000 0.5658764558082656
0.7435156250000000 0.5658833570156240
0.7435937500000001 0.5658902583356848
0.7436718750000000 0.5658971595303819
0.7437500000000000 0.5659040608378871
0.7438281250000001 0.5659109620199213
0.7439062500000000 0.5659178633148664
0.7439843750000000 0.5659247644842360
0.7440625000000000 0.5659316657666164
0.7441406250000000 0.5659385669233193
0.7442187500000000 0.5659454681931304
0.7442968750000000 0.5659523693371653
0.7443750000000000 0.5659592705944021
0.7444531250000000 0.5659661717257677
0.7445312500000000 0.5659730729704252
0.7446093750000000 0.5659799740891197
0.7446875000000001 0.5659868753211936
0.7447656250000000 0.5659937764272155
0.7448437500000000 0.5660006776467010
0.7449218750000001 0.5660075787400481
0.7450000000000000 0.5660144799469409
0.7450781250000000 0.5660213810276116
0.7451562500000000 0.5660282822219068
0.7452343750000000 0.5660351832898999
0.7453125000000000 0.5660420844715923
0.7453906250000000 0.5660489855269064
0.7454687500000000 0.5660558866959915
0.7455468750000001 0.5660627877386247
0.7456250000000000 0.5660696888950978
0.7457031250000000 0.5660765899250486
0.7457812500000001 0.5660834910689049
0.7458593750000000 0.5660903920861717
0.7459375000000000 0.5660972932174064
0.7460156250000000 0.5661041942219874
0.7460937500000000 0.5661110953405963
0.7461718750000000 0.5661179963324899
0.7462500000000000 0.5661248974384676
0.7463281250000000 0.5661317984176727
0.7464062500000000 0.5661386995110144
0.7464843750000000 0.5661456004775292
0.7465625000000000 0.5661525015582305
0.7466406250000001 0.5661594025120532
0.7467187500000000 0.5661663035801089
0.7467968750000000 0.5661732045212383
0.7468750000000001 0.5661801055766440
0.7469531250000000 0.5661870065050785
0.7470312500000000 0.5661939075478289
0.7471093750000000 0.5662008084635671
0.7471875000000000 0.5662077094936574
0.7472656250000000 0.5662146103966980
0.7473437500000000 0.5662215114141232
0.7474218750000000 0.5662284123044647
0.7475000000000001 0.5662353133092199
0.7475781250000000 0.5662422141868608
0.7476562500000000 0.5662491151789414
0.7477343750000001 0.5662560160438801
0.7478125000000000 0.5662629170232810
0.7478906250000000 0.5662698178755162
0.7479687500000001 0.5662767188422326
0.7480468750000000 0.5662836196817629
0.7481250000000000 0.5662905206357894
0.7482031250000000 0.5662974214626139
0.7482812500000000 0.5663043224039453
0.7483593750000000 0.5663112232180627
0.7484375000000000 0.5663181241466939
0.7485156250000000 0.5663250249481031
0.7485937500000001 0.5663319258640289
0.7486718750000000 0.5663388266527287
0.7487500000000000 0.5663457275559439
0.7488281250000001 0.5663526283319330
0.7489062500000000 0.5663595292224330
0.7489843750000000 0.5663664299857093
0.7490625000000000 0.5663733308634895
0.7491406250000000 0.5663802316140518
0.7492187500000000 0.5663871324791069
0.7492968750000000 0.5663940332169543
0.7493750000000000 0.5664009340692785
0.7494531250000001 0.5664078347944101
0.7495312500000000 0.5664147356339984
0.7496093750000000 0.5664216363464133
0.7496875000000001 0.5664285371732602
0.7497656250000000 0.5664354378729568
0.7498437500000000 0.5664423386870581
0.7499218750000001 0.5664492393740345
0.7500000000000000 0.5664561401753847
0.7500781250000000 0.5664630408496406
0.7501562500000000 0.5664699416382341
0.7502343750000000 0.5664768422997682
0.7503125000000000 0.5664837430755998
0.7503906250000000 0.5664906437244113
0.7504687500000000 0.5664975444874758
0.7505468750000001 0.5665044451235629
0.7506250000000000 0.5665113458738552
0.7507031250000000 0.5665182464972177
0.7507812500000001 0.5665251472347318
0.7508593750000000 0.5665320478453687
0.7509375000000000 0.5665389485700995
0.7510156250000000 0.5665458491680095
0.7510937500000000 0.5665527498799516
0.7511718750000000 0.5665596504651336
0.7512500000000000 0.5665665511642822
0.7513281250000000 0.5665734517367350
0.7514062500000001 0.5665803524230847
0.7514843750000000 0.5665872529828071
0.7515625000000000 0.5665941536563522
0.7516406250000001 0.5666010542033441
0.7517187500000000 0.5666079548640789
0.7517968750000000 0.5666148553983390
0.7518750000000001 0.5666217560462581
0.7519531250000000 0.5666286565677858
0.7520312500000000 0.5666355572028836
0.7521093750000000 0.5666424577116781
0.7521875000000000 0.5666493583339491
0.7522656250000000 0.5666562588300094
0.7523437500000000 0.5666631594394481
0.7524218750000000 0.5666700599227738
0.7525000000000001 0.5666769605193738
0.7525781250000000 0.5666838609899645
0.7526562500000000 0.5666907615737204
0.7527343750000001 0.5666976620315752
0.7528125000000000 0.5667045626024810
0.7528906250000000 0.5667114630475996
0.7529687500000000 0.5667183636056499
0.7530468750000000 0.5667252640380314
0.7531250000000000 0.5667321645832204
0.7532031250000000 0.5667390650028641
0.7532812500000000 0.5667459655351859
0.7533593750000001 0.5667528659420913
0.7534375000000000 0.5667597664615404
0.7535156250000000 0.5667666668557066
0.7535937500000001 0.5667735673622770
0.7536718750000000 0.5667804677437043
0.7537500000000000 0.5667873682373896
0.7538281250000001 0.5667942686060771
0.7539062500000000 0.5668011690868721
0.7539843750000000 0.5668080694428193
0.7540625000000000 0.5668149699107176
0.7541406250000000 0.5668218702539243
0.7542187500000000 0.5668287707089199
0.7542968750000000 0.5668356710393859
0.7543750000000000 0.5668425714814724
0.7544531250000001 0.5668494717991973
0.7545312500000000 0.5668563722283694
0.7546093750000000 0.5668632725333526
0.7546875000000001 0.5668701729496035
0.7547656250000000 0.5668770732418454
0.7548437500000000 0.5668839736451686
0.7549218750000000 0.5668908739246695
0.7550000000000000 0.5668977743150585
0.7550781250000000 0.5669046745818180
0.7551562500000000 0.5669115749592671
0.7552343750000000 0.5669184752132845
0.7553125000000001 0.5669253755777881
0.7553906250000000 0.5669322758190630
0.7554687500000000 0.5669391761706141
0.7555468750000001 0.5669460763991474
0.7556250000000000 0.5669529767377394
0.7557031250000000 0.5669598769535309
0.7557812500000001 0.5669667772791575
0.7558593750000000 0.5669736774822074
0.7559375000000000 0.5669805777948617
0.7560156250000000 0.5669874779851704
0.7560937500000000 0.5669943782848459
0.7561718750000000 0.5670012784624132
0.7562500000000000 0.5670081787491041
0.7563281250000000 0.5670150789139298
0.7564062500000001 0.5670219791876292
0.7564843750000000 0.5670288793397137
0.7565625000000000 0.5670357796004152
0.7566406250000001 0.5670426797397590
0.7567187500000000 0.5670495799874552
0.7567968750000000 0.5670564801140586
0.7568750000000000 0.5670633803487434
0.7569531250000000 0.5670702804626063
0.7570312500000000 0.5670771806842729
0.7571093750000000 0.5670840807853962
0.7571875000000000 0.5670909809940377
0.7572656250000001 0.5670978810824217
0.7573437500000000 0.5671047812780311
0.7574218750000000 0.5671116813536764
0.7575000000000001 0.5671185815362468
0.7575781250000000 0.5671254815991535
0.7576562500000000 0.5671323817686781
0.7577343750000001 0.5671392818188475
0.7578125000000000 0.5671461819753189
0.7578906250000000 0.5671530820127514
0.7579687500000000 0.5671599821561627
0.7580468750000000 0.5671668821808591
0.7581250000000000 0.5671737823112029
0.7582031250000000 0.5671806823231639
0.7582812500000000 0.5671875824404333
0.7583593750000001 0.5671944824396600
0.7584375000000000 0.5672013825438472
0.7585156250000000 0.5672082825303404
0.7585937500000001 0.5672151826214387
0.7586718750000000 0.5672220825951991
0.7587500000000000 0.5672289826732009
0.7588281250000000 0.5672358826342295
0.7589062500000000 0.5672427826991278
0.7589843750000000 0.5672496826474251
0.7590625000000000 0.5672565826992128
0.7591406250000000 0.5672634826347802
0.7592187500000001 0.5672703826734491
0.7592968750000000 0.5672772825962880
0.7593750000000000 0.5672841826218303
0.7594531250000001 0.5672910825319423
0.7595312500000000 0.5672979825443504
0.7596093750000000 0.5673048824417358
0.7596875000000001 0.5673117824410030
0.7597656250000000 0.5673186823256634
0.7598437500000000 0.5673255823117812
0.7599218750000000 0.5673324821837183
0.7600000000000000 0.5673393821566790
0.7600781250000000 0.5673462820158938
0.7601562500000000 0.5673531819756897
0.7602343750000000 0.5673600818221839
0.7603125000000001 0.5673669817688068
0.7603906250000000 0.5673738816025825
0.7604687500000000 0.5673807815360237
0.7605468750000001 0.5673876813570825
0.7606250000000000 0.5673945812773348
0.7607031250000000 0.5674014810856778
0.7607812500000000 0.5674083809927327
0.7608593750000000 0.5674152807883623
0.7609375000000000 0.5674221806822113
0.7610156250000000 0.5674290804651294
0.7610937500000000 0.5674359803457641
0.7611718750000001 0.5674428801159728
0.7612500000000000 0.5674497799833854
0.7613281250000000 0.5674566797408855
0.7614062500000001 0.5674635795950681
0.7614843750000000 0.5674704793398618
0.7615625000000000 0.5674773791808058
0.7616406250000001 0.5674842789128952
0.7617187500000000 0.5674911787405917
0.7617968750000000 0.5674980784599795
0.7618750000000000 0.5675049782744198
0.7619531250000000 0.5675118779811078
0.7620312500000000 0.5675187777822835
0.7621093750000000 0.5675256774762740
0.7621875000000000 0.5675325772641766
0.7622656250000001 0.5675394769454720
0.7623437500000000 0.5675463767200920
0.7624218750000000 0.5675532763886951
0.7625000000000001 0.5675601761500237
0.7625781250000000 0.5675670758059373
0.7626562500000000 0.5675739755539653
0.7627343750000000 0.5675808751971919
0.7628125000000000 0.5675877749319101
0.7628906250000000 0.5675946745624525
0.7629687500000000 0.5676015742838519
0.7630468750000000 0.5676084739017124
0.7631250000000001 0.5676153736097843
0.7632031250000000 0.5676222732149661
0.7632812500000000 0.5676291729097005
0.7633593750000001 0.5676360725022064
0.7634375000000000 0.5676429721835942
0.7635156250000000 0.5676498717634272
0.7635937500000001 0.5676567714314591
0.7636718750000000 0.5676636709986220
0.7637500000000000 0.5676705706532884
0.7638281250000000 0.5676774702077848
0.7639062500000000 0.5676843698490759
0.7639843750000000 0.5676912693909090
0.7640625000000000 0.5676981690188151
0.7641406250000000 0.5677050685479882
0.7642187500000001 0.5677119681624994
0.7642968750000000 0.5677188676790160
0.7643750000000000 0.5677257672801221
0.7644531250000001 0.5677326667839863
0.7645312500000000 0.5677395663716770
0.7646093750000000 0.5677464658628923
0.7646875000000000 0.5677533654371579
0.7647656250000000 0.5677602649157278
0.7648437500000000 0.5677671644765578
0.7649218750000000 0.5677740639424868
0.7650000000000000 0.5677809634898705
0.7650781250000001 0.5677878629431622
0.7651562500000000 0.5677947624770897
0.7652343750000000 0.5678016619177481
0.7653125000000001 0.5678085614382087
0.7653906250000000 0.5678154608662378
0.7654687500000000 0.5678223603732206
0.7655468750000001 0.5678292597886252
0.7656250000000000 0.5678361592821198
0.7657031250000000 0.5678430586849037
0.7657812500000000 0.5678499581648994
0.7658593750000000 0.5678568575550668
0.7659375000000000 0.5678637570215529
0.7660156250000000 0.5678706563991084
0.7660937500000000 0.5678775558520738
0.7661718750000001 0.5678844552170225
0.7662500000000000 0.5678913546564556
0.7663281250000000 0.5678982540088019
0.7664062500000001 0.5679051534346916
0.7664843750000000 0.5679120527744408
0.7665625000000000 0.5679189521867757
0.7666406250000000 0.5679258515139322
0.7667187500000000 0.5679327509127015
0.7667968750000000 0.5679396502272701
0.7668750000000000 0.5679465496124620
0.7669531250000000 0.5679534489144485
0.7670312500000001 0.5679603482860511
0.7671093750000000 0.5679672475754607
0.7671875000000000 0.5679741469334619
0.7672656250000001 0.5679810462103002
0.7673437500000000 0.5679879455546882
0.7674218750000000 0.5679948448189608
0.7675000000000001 0.5680017441497236
0.7675781250000000 0.5680086434014359
0.7676562500000000 0.5680155427185616
0.7677343750000000 0.5680224419577188
0.7678125000000000 0.5680293412611955
0.7678906250000000 0.5680362404878039
0.7679687500000000 0.5680431397776189
0.7680468750000000 0.5680500389916843
0.7681250000000001 0.5680569382678252
0.7682031250000000 0.5680638374693536
0.7682812500000000 0.5680707367318080
0.7683593750000001 0.5680776359208061
0.7684375000000000 0.5680845351695601
0.7685156250000000 0.5680914343460349
0.7685937500000000 0.5680983335810763
0.7686718750000000 0.5681052327450333
0.7687500000000000 0.5681121319663492
0.7688281250000000 0.5681190311177950
0.7689062500000000 0.5681259303253725
0.7689843750000001 0.5681328294643141
0.7690625000000000 0.5681397286581398
0.7691406250000000 0.5681466277845841
0.7692187500000001 0.5681535269646441
0.7692968750000000 0.5681604260785988
0.7693750000000000 0.5681673252448792
0.7694531250000001 0.5681742243463515
0.7695312500000000 0.5681811234988390
0.7696093750000000 0.5681880225878351
0.7696875000000000 0.5681949217265166
0.7697656250000000 0.5682018208030444
0.7698437500000000 0.5682087199279052
0.7699218750000000 0.5682156189919724
0.7700000000000000 0.5682225181029991
0.7700781250000001 0.5682294171546129
0.7701562500000000 0.5682363162517908
0.7702343750000000 0.5682432152909594
0.7703125000000001 0.5682501143742746
0.7703906250000000 0.5682570134010055
0.7704687500000000 0.5682639124704432
0.7705468750000000 0.5682708114847455
0.7706250000000000 0.5682777105402904
0.7707031250000000 0.5682846095421721
0.7707812500000000 0.5682915085838099
0.7708593750000000 0.5682984075732792
0.7709375000000001 0.5683053066009948
0.7710156250000000 0.5683122055780608
0.7710937500000000 0.5683191045918385
0.7711718750000001 0.5683260035565104
0.7712500000000000 0.5683329025563350
0.7713281250000000 0.5683398015086212
0.7714062500000001 0.5683467004944776
0.7714843750000000 0.5683535994343868
0.7715625000000000 0.5683604984062592
0.7716406250000000 0.5683673973338015
0.7717187500000000 0.5683742962916737
0.7717968750000000 0.5683811952068584
0.7718750000000000 0.5683880941507147
0.7719531250000000 0.5683949930535513
0.7720312500000001 0.5684018919833755
0.7721093750000000 0.5684087908738735
0.7721875000000000 0.5684156897896495
0.7722656250000001 0.5684225886678187
0.7723437500000000 0.5684294875695303
0.7724218750000000 0.5684363864353810
0.7725000000000000 0.5684432853230109
0.7725781250000000 0.5684501841765534
0.7726562500000000 0.5684570830500854
0.7727343750000000 0.5684639818913300
0.7728125000000000 0.5684708807507469
0.7728906250000001 0.5684777795797039
0.7729687500000000 0.5684846784249891
0.7730468750000000 0.5684915772416691
0.7731250000000001 0.5684984760728048
0.7732031250000000 0.5685053748772193
0.7732812500000000 0.5685122736941882
0.7733593750000001 0.5685191724863481
0.7734375000000000 0.5685260712891321
0.7735156250000000 0.5685329700690488
0.7735937500000000 0.5685398688576303
0.7736718750000000 0.5685467676253154
0.7737500000000000 0.5685536663996761
0.7738281250000000 0.5685605651551414
0.7739062500000000 0.5685674639152628
0.7739843750000001 0.5685743626585206
0.7740625000000000 0.5685812614043843
0.7741406250000000 0.5685881601354460
0.7742187500000001 0.5685950588670337
0.7742968750000000 0.5686019575859117
0.7743750000000000 0.5686088563032043
0.7744531250000000 0.5686157550099115
0.7745312500000000 0.5686226537128897
0.7746093750000000 0.5686295524074388
0.7746875000000000 0.5686364510960830
0.7747656250000000 0.5686433497784874
0.7748437500000001 0.5686502484527779
0.7749218750000000 0.5686571471230508
0.7750000000000000 0.5686640457829678
0.7750781250000001 0.5686709444411224
0.7751562500000000 0.5686778430866462
0.7752343750000000 0.5686847417326960
0.7753125000000001 0.5686916403638065
0.7753906250000000 0.5686985389977652
0.7754687500000000 0.5687054376144420
0.7755468750000000 0.5687123362363240
0.7756250000000000 0.5687192348385461
0.7757031250000000 0.5687261334483656
0.7757812500000000 0.5687330320361120
0.7758593750000000 0.5687399306338838
0.7759375000000001 0.5687468292071336
0.7760156250000000 0.5687537277928724
0.7760937500000000 0.5687606263516041
0.7761718750000001 0.5687675249253245
0.7762500000000000 0.5687744234695166
0.7763281250000000 0.5687813220312343
0.7764062500000000 0.5687882205608650
0.7764843750000000 0.5687951191105948
0.7765625000000000 0.5688020176256428
0.7766406250000000 0.5688089161633998
0.7767187500000000 0.5688158146638428
0.7767968750000001 0.5688227131896435
0.7768750000000000 0.5688296116754586
0.7769531250000000 0.5688365101893191
0.7770312500000001 0.5688434086604838
0.7771093750000000 0.5688503071624201
0.7771875000000000 0.5688572056189115
0.7772656250000001 0.5688641041089406
0.7773437500000000 0.5688710025507351
0.7774218750000000 0.5688779010288740
0.7775000000000000 0.5688847994559482
0.7775781250000000 0.5688916979222139
0.7776562500000000 0.5688985963345440
0.7777343750000000 0.5689054947889541
0.7778125000000000 0.5689123931865160
0.7778906250000001 0.5689192916290879
0.7779687500000000 0.5689261900118573
0.7780468750000000 0.5689330884426090
0.7781250000000001 0.5689399868105616
0.7782031250000000 0.5689468852295115
0.7782812500000000 0.5689537835826221
0.7783593750000000 0.5689606819897886
0.7784375000000000 0.5689675803280324
0.7785156250000000 0.5689744787234341
0.7785937500000000 0.5689813770467852
0.7786718750000000 0.5689882754304418
0.7787500000000001 0.5689951737388746
0.7788281250000000 0.5690020721108048
0.7789062500000000 0.5690089704042941
0.7789843750000001 0.5690158687645173
0.7790625000000000 0.5690227670430364
0.7791406250000000 0.5690296653915725
0.7792187500000001 0.5690365636550950
0.7792968750000000 0.5690434619919646
0.7793750000000000 0.5690503602404634
0.7794531250000000 0.5690572585656872
0.7795312500000000 0.5690641567991347
0.7796093750000000 0.5690710551127335
0.7796875000000000 0.5690779533311027
0.7797656250000000 0.5690848516330972
0.7798437500000001 0.5690917498363603
0.7799218750000000 0.5690986481267722
0.7800000000000000 0.5691055463149012
0.7800781250000001 0.5691124445937523
0.7801562500000000 0.5691193427667184
0.7802343750000000 0.5691262410340305
0.7803125000000000 0.5691331391918059
0.7803906250000000 0.5691400374476008
0.7804687500000000 0.5691469355901565
0.7805468750000000 0.5691538338344569
0.7806250000000000 0.5691607319617632
0.7807031250000001 0.5691676301945928
0.7807812500000000 0.5691745283066199
0.7808593750000000 0.5691814265280021
0.7809375000000001 0.5691883246247198
0.7810156250000000 0.5691952228346777
0.7810937500000000 0.5692021209160559
0.7811718750000001 0.5692090191146143
0.7812500000000000 0.5692159171806217
0.7813281250000000 0.5692228153678049
0.7814062500000000 0.5692297134184106
0.7814843750000000 0.5692366115942431
0.7815625000000000 0.5692435096294161
0.7816406250000000 0.5692504077939228
0.7817187500000000 0.5692573058136312
0.7817968750000001 0.5692642039668377
0.7818750000000000 0.5692711019710496
0.7819531250000000 0.5692780001129811
0.7820312500000001 0.5692848981016644
0.7821093750000000 0.5692917962323472
0.7821875000000000 0.5692986942054684
0.7822656250000000 0.5693055923249295
0.7823437500000000 0.5693124902824557
0.7824218750000000 0.5693193883907217
0.7825000000000000 0.5693262863326191
0.7825781250000000 0.5693331844297171
0.7826562500000001 0.5693400823559519
0.7827343750000000 0.5693469804419095
0.7828125000000000 0.5693538783524482
0.7828906250000001 0.5693607764272928
0.7829687500000000 0.5693676743221004
0.7830468750000000 0.5693745723858604
0.7831250000000001 0.5693814702649017
0.7832031250000000 0.5693883683176065
0.7832812500000000 0.5693952661808457
0.7833593750000000 0.5694021642225244
0.7834375000000000 0.5694090620699260
0.7835156250000000 0.5694159601006077
0.7835937500000000 0.5694228579321354
0.7836718750000000 0.5694297559518505
0.7837500000000001 0.5694366537674670
0.7838281250000000 0.5694435517762461
0.7839062500000000 0.5694504495759146
0.7839843750000001 0.5694573475737883
0.7840625000000000 0.5694642453574714
0.7841406250000000 0.5694711433444706
0.7842187500000000 0.5694780411121305
0.7842968750000000 0.5694849390882869
0.7843750000000000 0.5694918368398852
0.7844531250000000 0.5694987348052304
0.7845312500000000 0.5695056325407291
0.7846093750000001 0.5695125304952958
0.7846875000000000 0.5695194282146544
0.7847656250000000 0.5695263261584761
0.7848437500000001 0.5695332238616557
0.7849218750000000 0.5695401217947648
0.7850000000000000 0.5695470194817256
0.7850781250000001 0.5695539174041558
0.7851562500000000 0.5695608150748576
0.7852343750000000 0.5695677129866429
0.7853125000000000 0.5695746106410445
0.7853906250000000 0.5695815085422202
0.7854687500000000 0.5695884061802795
0.7855468750000000 0.5695953040708811
0.7856250000000000 0.5696022016925558
0.7857031250000001 0.5696090995726190
0.7857812500000000 0.5696159971778672
0.7858593750000000 0.5696228950474278
0.7859375000000001 0.5696297926362067
0.7860156250000000 0.5696366904953011
0.7860937500000000 0.5696435880675677
0.7861718750000000 0.5696504859162328
0.7862500000000000 0.5696573834719429
0.7863281250000000 0.5696642813102166
0.7864062500000000 0.5696711788493258
0.7864843750000000 0.5696780766772459
0.7865625000000001 0.5696849741997098
0.7866406250000000 0.5696918720173150
0.7867187500000000 0.5696987695230880
0.7867968750000001 0.5697056673304171
0.7868750000000000 0.5697125648194534
0.7869531250000000 0.5697194626165463
0.7870312500000001 0.5697263600887993
0.7871093750000000 0.5697332578756963
0.7871875000000000 0.5697401553311187
0.7872656250000000 0.5697470531078606
0.7873437500000000 0.5697539505464050
0.7874218750000000 0.5697608483130331
0.7875000000000000 0.5697677457346517
0.7875781250000000 0.5697746434912070
0.7876562500000001 0.5697815408958516
0.7877343750000000 0.5697884386423767
0.7878125000000000 0.5697953360299980
0.7878906250000001 0.5698022337665358
0.7879687500000000 0.5698091311370840
0.7880468750000000 0.5698160288636779
0.7881250000000000 0.5698229262171028
0.7882031250000000 0.5698298239337966
0.7882812500000000 0.5698367212700479
0.7883593750000000 0.5698436189768856
0.7884375000000000 0.5698505162959119
0.7885156250000001 0.5698574139929393
0.7885937500000000 0.5698643112946883
0.7886718750000000 0.5698712089819510
0.7887500000000001 0.5698781062663705
0.7888281250000000 0.5698850039439137
0.7889062500000000 0.5698919012109516
0.7889843750000001 0.5698987988788224
0.7890625000000000 0.5699056961284241
0.7891406250000000 0.5699125937866701
0.7892187500000000 0.5699194910187818
0.7892968750000000 0.5699263886674507
0.7893750000000000 0.5699332858820179
0.7894531250000000 0.5699401835211582
0.7895312500000000 0.5699470807181248
0.7896093750000001 0.5699539783477862
0.7896875000000000 0.5699608755270964
0.7897656250000000 0.5699677731473280
0.7898437500000001 0.5699746703089258
0.7899218750000000 0.5699815679197781
0.7900000000000000 0.5699884650636057
0.7900781250000000 0.5699953626651298
0.7901562500000000 0.5700022597911292
0.7902343750000000 0.5700091573833773
0.7903125000000000 0.5700160544914897
0.7903906250000000 0.5700229520745140
0.7904687500000001 0.5700298491646802
0.7905468750000000 0.5700367467385337
0.7906250000000000 0.5700436438106943
0.7907031250000001 0.5700505413754302
0.7907812500000000 0.5700574384295244
0.7908593750000000 0.5700643359851976
0.7909375000000001 0.5700712330211637
0.7910156250000000 0.5700781305678292
0.7910937500000000 0.5700850275856053
0.7911718750000000 0.5700919251233194
0.7912500000000000 0.5700988221228426
0.7913281250000000 0.5701057196516613
0.7914062500000000 0.5701126166328688
0.7914843750000000 0.5701195141528486
0.7915625000000001 0.5701264111156771
0.7916406250000000 0.5701333086268757
0.7917187500000000 0.5701402055712598
0.7917968750000001 0.5701471030737360
0.7918750000000000 0.5701539999996106
0.7919531250000000 0.5701608974934232
0.7920312500000000 0.5701677944007227
0.7921093750000000 0.5701746918859314
0.7921875000000000 0.5701815887745886
0.7922656250000000 0.5701884862512547
0.7923437500000000 0.5701953831212018
0.7924218750000001 0.5702022805893865
0.7925000000000000 0.5702091774405544
0.7925781250000000 0.5702160749003209
0.7926562500000001 0.5702229717326405
0.7927343750000000 0.5702298691840515
0.7928125000000000 0.5702367659974530
0.7928906250000001 0.5702436634405721
0.7929687500000000 0.5702505602349848
0.7930468750000000 0.5702574576698765
0.7931250000000000 0.5702643544452288
0.7932031250000000 0.5702712518719584
0.7932812500000000 0.5702781486281786
0.7933593750000000 0.5702850460468122
0.7934375000000000 0.5702919427838267
0.7935156250000001 0.5702988401944310
0.7935937500000000 0.5703057369121659
0.7936718750000000 0.5703126343148094
0.7937500000000001 0.5703195310131893
0.7938281250000000 0.5703264284079408
0.7939062500000000 0.5703333250868909
0.7939843750000000 0.5703402224738187
0.7940625000000000 0.5703471191332627
0.7941406250000000 0.5703540165124373
0.7942187500000000 0.5703609131522981
0.7942968750000000 0.5703678105237904
0.7943750000000001 0.5703747071439899
0.7944531250000000 0.5703816045078720
0.7945312500000000 0.5703885011083312
0.7946093750000001 0.5703953984646757
0.7946875000000000 0.5704022950453149
0.7947656250000000 0.5704091923941956
0.7948437500000001 0.5704160889549341
0.7949218750000000 0.5704229862964256
0.7950000000000000 0.5704298828371814
0.7950781250000000 0.5704367801713597
0.7951562500000000 0.5704436766920503
0.7952343750000000 0.5704505740189911
0.7953125000000000 0.5704574705195337
0.7953906250000000 0.5704643678393139
0.7954687500000001 0.5704712643196247
0.7955468750000000 0.5704781616323221
0.7956250000000000 0.5704850580923160
0.7957031250000001 0.5704919553980100
0.7957812500000000 0.5704988518376000
0.7958593750000000 0.5705057491363712
0.7959375000000000 0.5705126455554704
0.7960156250000000 0.5705195428473994
0.7960937500000000 0.5705264392459198
0.7961718750000000 0.5705333365310888
0.7962500000000000 0.5705402329089411
0.7963281250000001 0.5705471301874331
0.7964062500000000 0.5705540265445275
0.7964843750000000 0.5705609238164262
0.7965625000000001 0.5705678201526718
0.7966406250000000 0.5705747174180618
0.7967187500000000 0.5705816137333671
0.7967968750000001 0.5705885109923340
0.7968750000000000 0.5705954072866063
0.7969531250000000 0.5706023045392369
0.7970312500000000 0.5706092008123819
0.7971093750000000 0.5706160980587646
0.7971875000000000 0.5706229943106870
0.7972656250000000 0.5706298915509105
0.7973437500000000 0.5706367877815142
0.7974218750000001 0.5706436850156688
0.7975000000000000 0.5706505812248570
0.7975781250000000 0.5706574784530333
0.7976562500000001 0.5706643746407078
0.7977343750000000 0.5706712718629979
0.7978125000000000 0.5706781680290596
0.7978906250000000 0.5706850652455573
0.7979687500000000 0.5706919613899052
0.7980468750000000 0.5706988586007044
0.7981250000000000 0.5707057547232376
0.7982031250000000 0.5707126519284337
0.7982812500000001 0.5707195480290493
0.7983593750000000 0.5707264452287392
0.7984375000000000 0.5707333413073339
0.7985156250000001 0.5707402385016141
0.7985937500000000 0.5707471345580839
0.7986718750000000 0.5707540317470533
0.7987500000000001 0.5707609277812923
0.7988281250000000 0.5707678249650502
0.7989062500000000 0.5707747209769511
0.7989843750000000 0.5707816181555997
0.7990625000000000 0.5707885141450536
0.7991406250000000 0.5707954113186947
0.7992187500000000 0.5708023072855928
0.7992968750000000 0.5708092044543297
0.7993750000000001 0.5708161003985613
0.7994531250000000 0.5708229975624985
0.7995312500000000 0.5708298934839524
0.7996093750000001 0.5708367906431951
0.7996875000000000 0.5708436865417583
0.7997656250000000 0.5708505836964135
0.7998437500000000 0.5708574795719723
0.7999218750000000 0.5708643767221477
0.8000000000000000 0.5708712725745869
0.8000781250000000 0.5708781697203916
0.8001562500000000 0.5708850655495948
0.8002343750000001 0.5708919626911396
0.8003125000000000 0.5708988584969887
0.8003906250000000 0.5709057556343854
0.8004687500000001 0.5709126514167616
0.8005468750000000 0.5709195485501233
0.8006250000000000 0.5709264443089062
0.8007031250000001 0.5709333414383473
0.8007812500000000 0.5709402371734146
0.8008593750000000 0.5709471342990516
0.8009375000000000 0.5709540300102801
0.8010156250000000 0.5709609271322299
0.8010937500000000 0.5709678228194959
0.8011718750000000 0.5709747199378761
0.8012500000000000 0.5709816156010540
0.8013281250000001 0.5709885127159849
0.8014062500000000 0.5709954083549472
0.8014843750000000 0.5710023054665496
0.8015625000000001 0.5710092010811687
0.8016406250000000 0.5710160981895647
0.8017187500000000 0.5710229937797107
0.8017968750000000 0.5710298908850244
0.8018750000000000 0.5710367864505663
0.8019531250000000 0.5710436835529225
0.8020312500000000 0.5710505790937278
0.8021093750000000 0.5710574761932530
0.8021875000000001 0.5710643717091882
0.8022656250000000 0.5710712688060101
0.8023437500000000 0.5710781642969398
0.8024218750000001 0.5710850613911883
0.8025000000000000 0.5710919568569757
0.8025781250000000 0.5710988539487811
0.8026562500000001 0.5711057493892880
0.8027343750000000 0.5711126464787832
0.8028125000000000 0.5711195418938697
0.8028906250000000 0.5711264389811883
0.8029687500000000 0.5711333343707136
0.8030468750000000 0.5711402314559906
0.8031250000000000 0.5711471268198119
0.8032031250000000 0.5711540239031844
0.8032812500000001 0.5711609192411579
0.8033593750000000 0.5711678163227634
0.8034375000000000 0.5711747116347436
0.8035156250000001 0.5711816087147220
0.8035937500000000 0.5711885040005619
0.8036718750000000 0.5711954010790546
0.8037500000000000 0.5712022963386053
0.8038281250000000 0.5712091934157550
0.8039062500000000 0.5712160886488664
0.8039843750000000 0.5712229857248174
0.8040625000000000 0.5712298809313376
0.8041406250000001 0.5712367780062364
0.8042187500000000 0.5712436731860119
0.8042968750000000 0.5712505702600059
0.8043750000000001 0.5712574654128811
0.8044531250000000 0.5712643624861201
0.8045312500000000 0.5712712576119385
0.8046093750000001 0.5712781546845728
0.8046875000000000 0.5712850497831766
0.8047656250000000 0.5712919468553586
0.8048437500000000 0.5712988419265876
0.8049218750000000 0.5713057389984718
0.8050000000000000 0.5713126340421646
0.8050781250000000 0.5713195311139060
0.8051562500000000 0.5713264261298993
0.8052343750000001 0.5713333232016562
0.8053125000000000 0.5713402181897846
0.8053906250000000 0.5713471152617164
0.8054687500000001 0.5713540102218129
0.8055468750000000 0.5713609072940807
0.8056250000000000 0.5713678022259772
0.8057031250000000 0.5713746992987433
0.8057812500000000 0.5713815942022693
0.8058593750000000 0.5713884912756986
0.8059375000000000 0.5713953861506825
0.8060156250000000 0.5714022832249402
0.8060937500000001 0.5714091780712085
0.8061718750000000 0.5714160751464634
0.8062500000000000 0.5714229699638399
0.8063281250000001 0.5714298670402623
0.8064062500000000 0.5714367618285693
0.8064843750000000 0.5714436589063304
0.8065625000000001 0.5714505536653890
0.8066406250000000 0.5714574507446626
0.8067187500000000 0.5714643454742916
0.8067968750000000 0.5714712425552533
0.8068750000000000 0.5714781372552695
0.8069531250000000 0.5714850343380961
0.8070312500000000 0.5714919290083154
0.8071093750000000 0.5714988260931859
0.8071875000000001 0.5715057207334211
0.8072656250000000 0.5715126178205171
0.8073437500000000 0.5715195124305789
0.8074218750000001 0.5715264095200837
0.8075000000000000 0.5715333040997819
0.8075781250000000 0.5715402011918805
0.8076562500000000 0.5715470957410222
0.8077343750000000 0.5715539928359011
0.8078125000000000 0.5715608873542920
0.8078906250000000 0.5715677844521404
0.8079687500000000 0.5715746789395836
0.8080468750000001 0.5715815760405927
0.8081250000000000 0.5715884704968897
0.8082031250000000 0.5715953676012518
0.8082812500000001 0.5716022620262027
0.8083593750000000 0.5716091591341126
0.8084375000000000 0.5716160535275144
0.8085156250000001 0.5716229506391699
0.8085937500000000 0.5716298450008169
0.8086718750000000 0.5716367421164177
0.8087500000000000 0.5716436364461031
0.8088281250000000 0.5716505335658502
0.8089062500000000 0.5716574278633653
0.8089843750000000 0.5716643249874619
0.8090625000000000 0.5716712192525955
0.8091406250000001 0.5716781163812471
0.8092187500000000 0.5716850106137861
0.8092968750000000 0.5716919077472007
0.8093750000000001 0.5716988019469290
0.8094531250000000 0.5717056990853169
0.8095312500000000 0.5717125932520173
0.8096093750000000 0.5717194903955898
0.8096875000000000 0.5717263845290426
0.8097656250000000 0.5717332816780144
0.8098437500000000 0.5717401757779972
0.8099218750000000 0.5717470729325848
0.8100000000000001 0.5717539669988734
0.8100781250000000 0.5717608641592956
0.8101562500000000 0.5717677581916633
0.8102343750000001 0.5717746553581414
0.8103125000000000 0.5717815493563592
0.8103906250000000 0.5717884465291165
0.8104687500000001 0.5717953404929532
0.8105468750000000 0.5718022376722152
0.8106250000000000 0.5718091316014380
0.8107031250000000 0.5718160287874325
0.8107812500000000 0.5718229226818049
0.8108593750000000 0.5718298198747628
0.8109375000000000 0.5718367137340463
0.8110156250000000 0.5718436109342007
0.8110937500000001 0.5718505047581546
0.8111718750000000 0.5718574019657400
0.8112500000000000 0.5718642957541220
0.8113281250000001 0.5718711929693762
0.8114062500000000 0.5718780867219402
0.8114843750000000 0.5718849839451038
0.8115625000000000 0.5718918776616011
0.8116406250000000 0.5718987748929171
0.8117187500000000 0.5719056685730975
0.8117968750000000 0.5719125658128101
0.8118750000000000 0.5719194594564216
0.8119531250000001 0.5719263567047781
0.8120312500000000 0.5719332503115649
0.8121093750000000 0.5719401475688156
0.8121875000000001 0.5719470411385195
0.8122656250000000 0.5719539384049172
0.8123437500000000 0.5719608319372778
0.8124218750000001 0.5719677292130771
0.8125000000000000 0.5719746227078316
0.8125781250000000 0.5719815199932905
0.8126562500000000 0.5719884134501726
0.8127343750000000 0.5719953107455519
0.8128125000000000 0.5720022041642937
0.8128906250000000 0.5720091014698557
0.8129687500000000 0.5720159948501863
0.8130468750000001 0.5720228921661967
0.8131250000000000 0.5720297855078420
0.8132031250000000 0.5720366828345699
0.8132812500000001 0.5720435761372531
0.8133593750000000 0.5720504734749697
0.8134375000000000 0.5720573667384120
0.8135156250000000 0.5720642640873905
0.8135937500000000 0.5720711573113104
0.8136718750000000 0.5720780546718276
0.8137500000000000 0.5720849478559399
0.8138281250000000 0.5720918452282756
0.8139062500000001 0.5720987383722924
0.8139843750000000 0.5721056357567290
0.8140625000000000 0.5721125288603602
0.8141406250000001 0.5721194262571826
0.8142187500000000 0.5721263193201350
0.8142968750000000 0.5721332167296311
0.8143750000000001 0.5721401097516093
0.8144531250000000 0.5721470071740693
0.8145312500000000 0.5721539001547734
0.8146093750000000 0.5721607975904924
0.8146875000000000 0.5721676905296207
0.8147656250000000 0.5721745879788949
0.8148437500000000 0.5721814808761422
0.8149218750000000 0.5721883783392712
0.8150000000000001 0.5721952711943303
0.8150781250000000 0.5722021686716164
0.8151562500000000 0.5722090614841765
0.8152343750000001 0.5722159589759254
0.8153125000000000 0.5722228517456724
0.8153906250000000 0.5722297492521931
0.8154687500000000 0.5722366419788104
0.8155468750000000 0.5722435395004138
0.8156250000000000 0.5722504321835816
0.8157031250000000 0.5722573297205834
0.8157812500000000 0.5722642223599780
0.8158593750000001 0.5722711199126955
0.8159375000000000 0.5722780125079916
0.8160156250000000 0.5722849100767458
0.8160937500000001 0.5722918026276139
0.8161718750000000 0.5722987002127290
0.8162500000000000 0.5723055927188367
0.8163281250000001 0.5723124903206400
0.8164062500000000 0.5723193827816517
0.8164843750000000 0.5723262804004741
0.8165625000000000 0.5723331728160503
0.8166406250000000 0.5723400704522259
0.8167187500000000 0.5723469628220241
0.8167968750000000 0.5723538604758907
0.8168750000000000 0.5723607527995656
0.8169531250000001 0.5723676504714624
0.8170312500000000 0.5723745427486655
0.8171093750000000 0.5723814404389371
0.8171875000000001 0.5723883326693163
0.8172656250000000 0.5723952303783091
0.8173437500000000 0.5724021225615091
0.8174218750000000 0.5724090202895739
0.8175000000000000 0.5724159124252358
0.8175781250000000 0.5724228101727260
0.8176562500000000 0.5724297022604873
0.8177343750000000 0.5724366000277612
0.8178125000000001 0.5724434920672555
0.8178906250000000 0.5724503898546737
0.8179687500000000 0.5724572818455324
0.8180468750000001 0.5724641796534593
0.8181250000000000 0.5724710715953086
0.8182031250000000 0.5724779694241126
0.8182812500000001 0.5724848613165768
0.8183593750000000 0.5724917591666283
0.8184375000000000 0.5724986510093280
0.8185156250000000 0.5725055488810021
0.8185937500000000 0.5725124406735533
0.8186718750000000 0.5725193385672289
0.8187500000000000 0.5725262303092450
0.8188281250000000 0.5725331282253037
0.8189062500000001 0.5725400199163944
0.8189843750000000 0.5725469178552217
0.8190625000000000 0.5725538094949920
0.8191406250000001 0.5725607074569787
0.8192187500000000 0.5725675990450300
0.8192968750000000 0.5725744970305691
0.8193750000000000 0.5725813885665000
0.8194531250000000 0.5725882865759883
0.8195312500000000 0.5725951780593929
0.8196093750000000 0.5726020760932313
0.8196875000000000 0.5726089675237001
0.8197656250000001 0.5726158655822937
0.8198437500000000 0.5726227569594133
0.8199218750000000 0.5726296550431704
0.8200000000000001 0.5726365463665238
0.8200781250000000 0.5726434444758567
0.8201562500000000 0.5726503357450228
0.8202343750000001 0.5726572338803478
0.8203125000000000 0.5726641250949016
0.8203906250000000 0.5726710232566394
0.8204687500000000 0.5726779144161513
0.8205468750000000 0.5726848126047260
0.8206250000000000 0.5726917037087638
0.8207031250000000 0.5726986019246039
0.8207812500000000 0.5727054929727297
0.8208593750000001 0.5727123912162678
0.8209375000000000 0.5727192822080406
0.8210156250000000 0.5727261804797129
0.8210937500000001 0.5727330714146875
0.8211718750000000 0.5727399697149350
0.8212500000000000 0.5727468605926616
0.8213281250000000 0.5727537589219295
0.8214062500000000 0.5727606497419542
0.8214843750000000 0.5727675481006914
0.8215625000000000 0.5727744388625567
0.8216406250000000 0.5727813372512159
0.8217187500000001 0.5727882279544605
0.8217968750000000 0.5727951263734986
0.8218750000000000 0.5728020170176563
0.8219531250000001 0.5728089154675349
0.8220312500000000 0.5728158060521354
0.8221093750000000 0.5728227045333201
0.8221875000000001 0.5728295950578890
0.8222656250000000 0.5728364935708500
0.8223437500000000 0.5728433840349078
0.8224218750000000 0.5728502825801203
0.8225000000000000 0.5728571729831831
0.8225781250000000 0.5728640715611260
0.8226562500000000 0.5728709619027061
0.8227343750000000 0.5728778605138624
0.8228125000000001 0.5728847507934675
0.8228906250000000 0.5728916494383253
0.8229687500000000 0.5728985396554587
0.8230468750000001 0.5729054383345106
0.8231250000000000 0.5729123284886707
0.8232031250000000 0.5729192272024131
0.8232812500000000 0.5729261172930943
0.8233593750000000 0.5729330160420291
0.8234375000000000 0.5729399060687199
0.8235156250000000 0.5729468048533540
0.8235937500000000 0.5729536948155394
0.8236718750000001 0.5729605936363832
0.8237500000000000 0.5729674835335432
0.8238281250000000 0.5729743823911124
0.8239062500000001 0.5729812722227223
0.8239843750000000 0.5729881711175376
0.8240625000000000 0.5729950608830675
0.8241406250000001 0.5730019598156542
0.8242187500000000 0.5730088495145698
0.8242968750000000 0.5730157484854577
0.8243750000000000 0.5730226381172201
0.8244531250000000 0.5730295371269437
0.8245312500000000 0.5730364266910092
0.8246093750000000 0.5730433257401081
0.8246875000000000 0.5730502152359279
0.8247656250000001 0.5730571143249468
0.8248437500000000 0.5730640037519671
0.8249218750000000 0.5730709028814549
0.8250000000000001 0.5730777922391176
0.8250781250000000 0.5730846914096287
0.8251562500000000 0.5730915806973699
0.8252343750000000 0.5730984799094638
0.8253125000000000 0.5731053691267153
0.8253906250000000 0.5731122683809559
0.8254687500000000 0.5731191575271439
0.8255468750000000 0.5731260568241013
0.8256250000000001 0.5731329458986464
0.8257031250000000 0.5731398452388953
0.8257812500000000 0.5731467342412139
0.8258593750000001 0.5731536336253340
0.8259375000000000 0.5731605225548366
0.8260156250000000 0.5731674219834133
0.8260937500000001 0.5731743108395054
0.8261718750000000 0.5731812103131290
0.8262500000000000 0.5731880990952107
0.8263281250000000 0.5731949986144773
0.8264062500000000 0.5732018873219431
0.8264843750000000 0.5732087868874540
0.8265625000000000 0.5732156755196938
0.8266406250000000 0.5732225751320544
0.8267187500000001 0.5732294636884527
0.8267968750000000 0.5732363633482754
0.8268750000000000 0.5732432518282101
0.8269531250000001 0.5732501515361125
0.8270312500000000 0.5732570399389574
0.8271093750000000 0.5732639396955617
0.8271875000000000 0.5732708280206847
0.8272656250000000 0.5732777278266190
0.8273437500000000 0.5732846160733819
0.8274218750000000 0.5732915159292804
0.8275000000000000 0.5732984040970405
0.8275781250000001 0.5733053040035421
0.8276562500000000 0.5733121920916500
0.8277343750000000 0.5733190920494003
0.8278125000000001 0.5733259800572013
0.8278906250000000 0.5733328800668509
0.8279687500000000 0.5733397679936848
0.8280468750000001 0.5733466680558897
0.8281250000000000 0.5733535559010908
0.8282031250000000 0.5733604560165135
0.8282812500000000 0.5733673437794092
0.8283593750000000 0.5733742439487184
0.8284375000000000 0.5733811316286307
0.8285156250000000 0.5733880318525004
0.8285937500000000 0.5733949194487455
0.8286718750000001 0.5734018197278556
0.8287500000000000 0.5734087072397442
0.8288281250000000 0.5734156075747801
0.8289062500000001 0.5734224950016167
0.8289843750000000 0.5734293953932706
0.8290625000000000 0.5734362827343531
0.8291406250000000 0.5734431831833233
0.8292187500000000 0.5734500704379438
0.8292968750000000 0.5734569709449338
0.8293750000000000 0.5734638581123792
0.8294531250000000 0.5734707586780990
0.8295312500000001 0.5734776457576491
0.8296093750000000 0.5734845463828152
0.8296875000000000 0.5734914333737442
0.8297656250000001 0.5734983340590785
0.8298437500000000 0.5735052209606543
0.8299218750000000 0.5735121217068854
0.8300000000000001 0.5735190085183688
0.8300781250000000 0.5735259093262324
0.8301562500000000 0.5735327960468786
0.8302343750000000 0.5735396969171157
0.8303125000000000 0.5735465835461736
0.8303906250000000 0.5735534844795320
0.8304687500000000 0.5735603710162439
0.8305468750000000 0.5735672720134775
0.8306250000000001 0.5735741584570795
0.8307031250000000 0.5735810595189487
0.8307812500000000 0.5735879458686698
0.8308593750000001 0.5735948469959423
0.8309375000000000 0.5736017332510055
0.8310156250000000 0.5736086344444545
0.8310937500000000 0.5736155206040762
0.8311718750000000 0.5736224218644821
0.8312500000000000 0.5736293079278716
0.8313281250000000 0.5736362092560214
0.8314062500000000 0.5736430952223824
0.8314843750000001 0.5736499966190692
0.8315625000000000 0.5736568824875976
0.8316406250000000 0.5736637839536224
0.8317187500000001 0.5736706697235073
0.8317968750000000 0.5736775712596767
0.8318750000000000 0.5736844569301019
0.8319531250000001 0.5736913585372294
0.8320312500000000 0.5736982441073701
0.8321093750000000 0.5737051457862776
0.8321875000000000 0.5737120312553022
0.8322656250000000 0.5737189330068174
0.8323437500000000 0.5737258183738879
0.8324218750000000 0.5737327201988456
0.8325000000000000 0.5737396054631173
0.8325781250000001 0.5737465073623583
0.8326562500000000 0.5737533925229797
0.8327343750000000 0.5737602944973533
0.8328125000000001 0.5737671795534648
0.8328906250000000 0.5737740816038271
0.8329687500000000 0.5737809665545620
0.8330468750000000 0.5737878686817762
0.8331250000000000 0.5737947535262614
0.8332031250000000 0.5738016557311978
0.8332812500000000 0.5738085404685522
0.8333593750000000 0.5738154427520886
0.8334375000000001 0.5738223273814245
0.8335156250000000 0.5738292297444453
0.8335937500000000 0.5738361142648671
0.8336718750000001 0.5738430167082652
0.8337500000000000 0.5738499011188700
0.8338281250000000 0.5738568036435447
0.8339062500000001 0.5738636879434226
0.8339843750000000 0.5738705905502812
0.8340625000000000 0.5738774747385142
0.8341406250000000 0.5738843774284718
0.8342187500000000 0.5738912615041343
0.8342968750000000 0.5738981642781130
0.8343750000000000 0.5739050482402724
0.8344531250000000 0.5739119510992023
0.8345312500000001 0.5739188349469180
0.8346093750000000 0.5739257378917362
0.8346875000000000 0.5739326216240604
0.8347656250000001 0.5739395246557119
0.8348437500000000 0.5739464082716892
0.8349218750000000 0.5739533113911267
0.8350000000000000 0.5739601948897932
0.8350781250000000 0.5739670980979775
0.8351562500000000 0.5739739814783621
0.8352343750000000 0.5739808847762616
0.8353125000000000 0.5739877680373849
0.8353906250000001 0.5739946714259760
0.8354687500000000 0.5740015545668512
0.8355468750000000 0.5740084580471180
0.8356250000000001 0.5740153410667496
0.8357031250000000 0.5740222446396849
0.8357812500000000 0.5740291275370696
0.8358593750000001 0.5740360312036740
0.8359375000000000 0.5740429139778003
0.8360156250000000 0.5740498177390824
0.8360937500000000 0.5740567003889306
0.8361718750000000 0.5740636042459077
0.8362500000000000 0.5740704867704501
0.8363281250000000 0.5740773907241469
0.8364062500000000 0.5740842731223473
0.8364843750000001 0.5740911771737975
0.8365625000000000 0.5740980594446116
0.8366406250000000 0.5741049635948567
0.8367187500000001 0.5741118457372321
0.8367968750000000 0.5741187499873220
0.8368750000000000 0.5741256320001977
0.8369531250000000 0.5741325363511907
0.8370312500000000 0.5741394182334976
0.8371093750000000 0.5741463226864600
0.8371875000000000 0.5741532044371203
0.8372656250000000 0.5741601089931284
0.8373437500000001 0.5741669906110549
0.8374218750000000 0.5741738952711926
0.8375000000000000 0.5741807767552900
0.8375781250000001 0.5741876815206498
0.8376562500000000 0.5741945628698154
0.8377343750000000 0.5742014677414977
0.8378125000000001 0.5742083489546194
0.8378906250000000 0.5742152539337342
0.8379687500000000 0.5742221350096899
0.8380468750000000 0.5742290400973571
0.8381250000000000 0.5742359210350167
0.8382031250000000 0.5742428262323636
0.8382812500000000 0.5742497070305885
0.8383593750000000 0.5742566123387514
0.8384375000000001 0.5742634929963937
0.8385156250000000 0.5742703984165184
0.8385937500000000 0.5742772789324209
0.8386718750000001 0.5742841844656622
0.8387500000000000 0.5742910648386591
0.8388281250000000 0.5742979704861801
0.8389062500000000 0.5743048507150966
0.8389843750000000 0.5743117564780706
0.8390625000000000 0.5743186365617224
0.8391406250000000 0.5743255424413309
0.8392187500000000 0.5743324223785250
0.8392968750000001 0.5743393283759592
0.8393750000000000 0.5743462081654924
0.8394531250000000 0.5743531142819532
0.8395312500000001 0.5743599939226136
0.8396093750000000 0.5743669001593108
0.8396875000000000 0.5743737796498770
0.8397656250000001 0.5743806860080299
0.8398437500000000 0.5743875653472709
0.8399218750000000 0.5743944718281080
0.8400000000000000 0.5744013510147843
0.8400781250000000 0.5744082576195432
0.8401562500000000 0.5744151366524053
0.8402343750000000 0.5744220433823335
0.8403125000000000 0.5744289222601221
0.8403906250000001 0.5744358291164775
0.8404687500000000 0.5744427078379230
0.8405468750000000 0.5744496148219725
0.8406250000000001 0.5744564933857962
0.8407031250000000 0.5744634004988171
0.8407812500000000 0.5744702789037304
0.8408593750000000 0.5744771861470090
0.8409375000000000 0.5744840643917137
0.8410156250000000 0.5744909717665461
0.8410937500000000 0.5744978498497347
0.8411718750000000 0.5745047573574268
0.8412500000000001 0.5745116352777809
0.8413281250000000 0.5745185429196494
0.8414062500000000 0.5745254206758410
0.8414843750000001 0.5745323284532120
0.8415625000000000 0.5745392060439026
0.8416406250000000 0.5745461139581126
0.8417187500000001 0.5745529913819543
0.8417968750000000 0.5745598994343502
0.8418750000000000 0.5745667766899835
0.8419531250000000 0.5745736848819223
0.8420312500000000 0.5745805619679790
0.8421093750000000 0.5745874703008274
0.8421875000000000 0.5745943472159285
0.8422656250000000 0.5746012556910639
0.8423437500000001 0.5746081324338201
0.8424218750000000 0.5746150410526303
0.8425000000000000 0.5746219176216417
0.8425781250000001 0.5746288263855245
0.8426562500000000 0.5746357027793815
0.8427343750000000 0.5746426116897450
0.8428125000000000 0.5746494879070272
0.8428906250000000 0.5746563969652905
0.8429687500000000 0.5746632730045665
0.8430468750000000 0.5746701822121593
0.8431250000000000 0.5746770580719873
0.8432031250000001 0.5746839674303508
0.8432812500000000 0.5746908431092770
0.8433593750000000 0.5746977526198626
0.8434375000000001 0.5747046281164240
0.8435156250000000 0.5747115377806933
0.8435937500000000 0.5747184130934160
0.8436718750000001 0.5747253229128414
0.8437500000000000 0.5747321980402408
0.8438281250000000 0.5747391080163059
0.8439062500000000 0.5747459829568855
0.8439843750000000 0.5747528930910851
0.8440625000000000 0.5747597678433385
0.8441406250000000 0.5747666781371782
0.8442187500000000 0.5747735526995866
0.8442968750000001 0.5747804631545834
0.8443750000000000 0.5747873375256184
0.8444531250000000 0.5747942481432993
0.8445312500000001 0.5748011223214207
0.8446093750000000 0.5748080331033250
0.8446875000000000 0.5748149070869814
0.8447656250000000 0.5748218180346588
0.8448437500000000 0.5748286918222878
0.8449218750000000 0.5748356029373003
0.8450000000000000 0.5748424765273276
0.8450781250000000 0.5748493878112477
0.8451562500000001 0.5748562612020879
0.8452343750000000 0.5748631726565007
0.8453125000000000 0.5748700458465563
0.8453906250000001 0.5748769574730572
0.8454687500000000 0.5748838304607202
0.8455468750000000 0.5748907422609167
0.8456250000000001 0.5748976150445669
0.8457031250000000 0.5749045270200783
0.8457812500000000 0.5749113995980840
0.8458593750000000 0.5749183117505401
0.8459375000000000 0.5749251841212585
0.8460156250000000 0.5749320964523021
0.8460937500000000 0.5749389686140770
0.8461718750000000 0.5749458811253635
0.8462500000000001 0.5749527530765279
0.8463281250000000 0.5749596657697222
0.8464062500000000 0.5749665375085981
0.8464843750000001 0.5749734503853779
0.8465625000000000 0.5749803219102744
0.8466406250000000 0.5749872349723302
0.8467187500000000 0.5749941062815440
0.8467968750000000 0.5750010195305779
0.8468750000000000 0.5750078906223941
0.8469531250000000 0.5750148040601205
0.8470312500000000 0.5750216749328113
0.8471093750000001 0.5750285885609572
0.8471875000000000 0.5750354592127831
0.8472656250000000 0.5750423730330867
0.8473437500000001 0.5750492434622964
0.8474218750000000 0.5750561574765091
0.8475000000000000 0.5750630276813380
0.8475781250000001 0.5750699418912228
0.8476562500000000 0.5750768118698955
0.8477343750000000 0.5750837262772277
0.8478125000000000 0.5750905960279552
0.8478906250000000 0.5750975106345231
0.8479687500000000 0.5751043801555040
0.8480468750000000 0.5751112949631086
0.8481250000000000 0.5751181642525287
0.8482031250000001 0.5751250792629835
0.8482812500000000 0.5751319483190164
0.8483593750000000 0.5751388635341467
0.8484375000000001 0.5751457323549543
0.8485156250000000 0.5751526477765982
0.8485937500000000 0.5751595163603285
0.8486718750000000 0.5751664319903376
0.8487500000000000 0.5751733003351256
0.8488281250000000 0.5751802161753646
0.8489062500000000 0.5751870842793321
0.8489843750000000 0.5751940003316789
0.8490625000000001 0.5752008681929355
0.8491406250000000 0.5752077844592791
0.8492187500000000 0.5752146520759224
0.8492968750000001 0.5752215685581659
0.8493750000000000 0.5752284359282784
0.8494531250000000 0.5752353526283385
0.8495312500000001 0.5752422197499906
0.8496093750000000 0.5752491366697968
0.8496875000000000 0.5752560035410457
0.8497656250000000 0.5752629206825405
0.8498437500000000 0.5752697873014302
0.8499218750000000 0.5752767046665694
0.8500000000000000 0.5752835710311304
0.8500781250000000 0.5752904886218834
0.8501562500000001 0.5752973547301327
0.8502343750000000 0.5753042725484818
0.8503125000000000 0.5753111383984235
0.8503906250000001 0.5753180564463649
0.8504687500000000 0.5753249220359891
0.8505468750000000 0.5753318403155330
0.8506250000000000 0.5753387056428160
0.8507031250000000 0.5753456241559851
0.8507812500000000 0.5753524892188904
0.8508593750000000 0.5753594079677218
0.8509375000000000 0.5753662727641989
0.8510156250000001 0.5753731917507426
0.8510937500000000 0.5753800562787271
0.8511718750000000 0.5753869755050482
0.8512500000000001 0.5753938397624616
0.8513281250000000 0.5754007592306382
0.8514062500000000 0.5754076232153885
0.8514843750000001 0.5754145429275126
0.8515625000000000 0.5754214066374940
0.8516406250000000 0.5754283265956717
0.8517187500000000 0.5754351900287642
0.8517968750000000 0.5754421102351158
0.8518750000000000 0.5754489733891850
0.8519531250000000 0.5754558938458445
0.8520312500000000 0.5754627567187427
0.8521093750000001 0.5754696774278582
0.8521875000000000 0.5754765400174235
0.8522656250000000 0.5754834609811571
0.8523437500000001 0.5754903232852128
0.8524218750000000 0.5754972445057421
0.8525000000000000 0.5755041065220965
0.8525781250000000 0.5755110280016128
0.8526562500000000 0.5755178897280615
0.8527343750000000 0.5755248114687692
0.8528125000000000 0.5755316729030930
0.8528906250000000 0.5755385949072124
0.8529687500000001 0.5755454560471771
0.8530468750000000 0.5755523783169424
0.8531250000000000 0.5755592391602992
0.8532031250000001 0.5755661616979596
0.8532812500000000 0.5755730222424456
0.8533593750000000 0.5755799450502650
0.8534375000000001 0.5755868052936011
0.8535156250000000 0.5755937283738585
0.8535937500000000 0.5756005883137522
0.8536718750000000 0.5756075116687408
0.8537500000000000 0.5756143713028846
0.8538281250000000 0.5756212949349121
0.8539062500000000 0.5756281542609839
0.8539843750000000 0.5756350781723729
0.8540625000000001 0.5756419371880360
0.8541406250000000 0.5756488613811243
0.8542187500000000 0.5756557200840258
0.8542968750000001 0.5756626445611667
0.8543750000000000 0.5756695029489393
0.8544531250000000 0.5756764277125005
0.8545312500000000 0.5756832857827623
0.8546093750000000 0.5756902108351268
0.8546875000000000 0.5756970685854796
0.8547656250000000 0.5757039939290457
0.8548437500000000 0.5757108513570778
0.8549218750000001 0.5757177769942584
0.8550000000000000 0.5757246340975413
0.8550781250000000 0.5757315600307656
0.8551562500000001 0.5757384168068553
0.8552343750000000 0.5757453430385683
0.8553125000000000 0.5757521994850062
0.8553906250000001 0.5757591260176667
0.8554687500000000 0.5757659821319790
0.8555468750000000 0.5757729089680621
0.8556250000000000 0.5757797647477589
0.8557031250000000 0.5757866918897554
0.8557812500000000 0.5757935473323309
0.8558593750000000 0.5758004747827478
0.8559375000000000 0.5758073298856805
0.8560156250000001 0.5758142576470394
0.8560937500000000 0.5758211124077930
0.8561718750000000 0.5758280404826319
0.8562500000000001 0.5758348948986536
0.8563281250000000 0.5758418232895256
0.8564062500000000 0.5758486773582477
0.8564843750000000 0.5758556060677217
0.8565625000000000 0.5758624597865604
0.8566406250000000 0.5758693888172217
0.8567187500000000 0.5758762421835760
0.8567968750000000 0.5758831715380266
0.8568750000000001 0.5758900245492806
0.8569531250000000 0.5758969542301371
0.8570312500000000 0.5759038068836586
0.8571093750000001 0.5759107368935547
0.8571875000000000 0.5759175891866952
0.8572656250000000 0.5759245195282805
0.8573437500000001 0.5759313714583754
0.8574218750000000 0.5759383021343157
0.8575000000000000 0.5759451536986840
0.8575781250000000 0.5759520847116611
0.8576562500000000 0.5759589359076062
0.8577343750000000 0.5759658672603186
0.8578125000000000 0.5759727180851270
0.8578906250000000 0.5759796497802890
0.8579687500000001 0.5759865002312307
0.8580468750000000 0.5759934322715738
0.8581250000000000 0.5760002823459028
0.8582031250000001 0.5760072147341740
0.8582812500000000 0.5760140644291277
0.8583593750000000 0.5760209971680916
0.8584375000000000 0.5760278464808902
0.8585156250000000 0.5760347795733277
0.8585937500000000 0.5760416285011751
0.8586718750000000 0.5760485619498837
0.8587500000000000 0.5760554104899670
0.8588281250000001 0.5760623442977610
0.8589062500000000 0.5760691924472505
0.8589843750000000 0.5760761266169614
0.8590625000000001 0.5760829743730104
0.8591406250000000 0.5760899089074857
0.8592187500000000 0.5760967562672319
0.8592968750000001 0.5761036911693356
0.8593750000000000 0.5761105381298990
0.8594531250000000 0.5761174734025128
0.8595312500000000 0.5761243199609964
0.8596093750000000 0.5761312556070191
0.8596875000000000 0.5761381017605086
0.8597656250000000 0.5761450377828558
0.8598437500000000 0.5761518835284202
0.8599218750000001 0.5761588199300248
0.8600000000000000 0.5761656652647155
0.8600781250000000 0.5761726020485277
0.8601562500000001 0.5761794469693789
0.8602343750000000 0.5761863841383659
0.8603125000000000 0.5761932286423953
0.8603906250000000 0.5762001661995414
0.8604687500000000 0.5762070102837488
0.8605468750000000 0.5762139482320560
0.8606250000000000 0.5762207918934235
0.8607031250000000 0.5762277302359115
0.8607812500000001 0.5762345734714037
0.8608593750000000 0.5762415122111095
0.8609375000000000 0.5762483550176742
0.8610156250000001 0.5762552941576516
0.8610937500000000 0.5762621365322195
0.8611718750000000 0.5762690760755401
0.8612500000000001 0.5762759180150233
0.8613281250000000 0.5762828579647762
0.8614062500000000 0.5762896994660700
0.8614843750000000 0.5762966398253625
0.8615625000000000 0.5763034808853439
0.8616406250000000 0.5763104216573004
0.8617187500000000 0.5763172622728290
0.8617968750000000 0.5763242034605922
0.8618750000000001 0.5763310436285096
0.8619531250000000 0.5763379852352399
0.8620312500000000 0.5763448249523698
0.8621093750000001 0.5763517669812455
0.8621875000000000 0.5763586062443938
0.8622656250000000 0.5763655486986106
0.8623437500000000 0.5763723875045657
0.8624218750000000 0.5763793303873374
0.8625000000000000 0.5763861687328691
0.8625781250000000 0.5763931120474286
0.8626562500000000 0.5763999499292881
0.8627343750000001 0.5764068936788853
0.8628125000000000 0.5764137310938077
0.8628906250000000 0.5764206752817101
0.8629687500000001 0.5764275122264108
0.8630468750000000 0.5764344568559052
0.8631250000000000 0.5764412933270813
0.8632031250000001 0.5764482384014725
0.8632812500000000 0.5764550743958038
0.8633593750000000 0.5764620199184145
0.8634375000000000 0.5764688554325617
0.8635156250000000 0.5764758014067333
0.8635937500000000 0.5764826364373391
0.8636718750000000 0.5764895828664308
0.8637500000000000 0.5764964174101201
0.8638281250000001 0.5765033642975091
0.8639062500000000 0.5765101983508885
0.8639843750000000 0.5765171456999715
0.8640625000000001 0.5765239792596273
0.8641406250000000 0.5765309270738198
0.8642187500000000 0.5765377601363206
0.8642968750000000 0.5765447084190561
0.8643750000000000 0.5765515409809524
0.8644531250000000 0.5765584897356827
0.8645312500000000 0.5765653217935066
0.8646093750000000 0.5765722710237025
0.8646875000000001 0.5765791025739664
0.8647656250000000 0.5765860522831173
0.8648437500000000 0.5765928833223161
0.8649218750000001 0.5765998335139296
0.8650000000000000 0.5766066640385388
0.8650781250000000 0.5766136147161421
0.8651562500000001 0.5766204447226181
0.8652343750000000 0.5766273958897571
0.8653125000000000 0.5766342253745379
0.8653906250000000 0.5766411770347771
0.8654687500000000 0.5766480059942822
0.8655468750000000 0.5766549581512044
0.8656250000000000 0.5766617865818340
0.8657031250000000 0.5766687392390416
0.8657812500000001 0.5766755671371768
0.8658593750000000 0.5766825202982916
0.8659375000000000 0.5766893476602943
0.8660156250000001 0.5766963013289558
0.8660937500000000 0.5767031281511704
0.8661718750000000 0.5767100823310378
0.8662500000000000 0.5767169086097879
0.8663281250000000 0.5767238633045403
0.8664062500000000 0.5767306890361300
0.8664843750000000 0.5767376442494656
0.8665625000000000 0.5767444694301812
0.8666406250000001 0.5767514251658161
0.8667187500000000 0.5767582497919245
0.8667968750000000 0.5767652060535947
0.8668750000000001 0.5767720301213429
0.8669531250000000 0.5767789869128040
0.8670312500000000 0.5767858104184200
0.8671093750000001 0.5767927677434468
0.8671875000000000 0.5767995906831394
0.8672656250000000 0.5768065485455254
0.8673437500000000 0.5768133709154841
0.8674218750000000 0.5768203293190429
0.8675000000000000 0.5768271511154377
0.8675781250000000 0.5768341100640020
0.8676562500000000 0.5768409312829835
0.8677343750000001 0.5768478907804052
0.8678125000000000 0.5768547114181047
0.8678906250000000 0.5768616714682553
0.8679687500000001 0.5768684915207846
0.8680468750000000 0.5768754521275552
0.8681250000000000 0.5768822715910062
0.8682031250000000 0.5768892327583078
0.8682812500000000 0.5768960516287530
0.8683593750000000 0.5769030133605156
0.8684375000000000 0.5769098316340083
0.8685156250000000 0.5769167939341816
0.8685937500000001 0.5769236116067553
0.8686718750000000 0.5769305744793087
0.8687500000000000 0.5769373915469768
0.8688281250000001 0.5769443549958998
0.8689062500000000 0.5769511714546561
0.8689843750000000 0.5769581354839576
0.8690625000000001 0.5769649513297768
0.8691406250000000 0.5769719159434854
0.8692187500000000 0.5769787311723212
0.8692968750000000 0.5769856963744854
0.8693750000000000 0.5769925109822730
0.8694531250000000 0.5769994767769611
0.8695312500000000 0.5770062907596152
0.8696093750000000 0.5770132571509151
0.8696875000000001 0.5770200705043307
0.8697656250000000 0.5770270374963506
0.8698437500000000 0.5770338502164029
0.8699218750000001 0.5770408178132703
0.8700000000000000 0.5770476298958146
0.8700781250000000 0.5770545981016773
0.8701562500000000 0.5770614095425490
0.8702343750000000 0.5770683783615743
0.8703125000000000 0.5770751891565893
0.8703906250000000 0.5770821585929646
0.8704687500000000 0.5770889687379180
0.8705468750000001 0.5770959387958510
0.8706250000000000 0.5771027482865185
0.8707031250000000 0.5771097189702369
0.8707812500000001 0.5771165278023734
0.8708593750000000 0.5771234991161250
0.8709375000000000 0.5771303072854659
0.8710156250000001 0.5771372792335185
0.8710937500000000 0.5771440867357790
0.8711718750000000 0.5771510593224204
0.8712500000000000 0.5771578661532959
0.8713281250000000 0.5771648393828334
0.8714062500000000 0.5771716455379993
0.8714843750000000 0.5771786194147610
0.8715625000000000 0.5771854248898716
0.8716406250000001 0.5771923994182062
0.8717187500000000 0.5771992042088967
0.8717968750000000 0.5772061793931719
0.8718750000000001 0.5772129834950568
0.8719531250000000 0.5772199593396614
0.8720312500000000 0.5772267627483347
0.8721093750000000 0.5772337392576778
0.8721875000000000 0.5772405419687139
0.8722656250000000 0.5772475191472242
0.8723437500000000 0.5772543211561767
0.8724218750000000 0.5772612990083036
0.8725000000000001 0.5772681003107063
0.8725781250000000 0.5772750788409188
0.8726562500000000 0.5772818794322859
0.8727343750000001 0.5772888586450732
0.8728125000000000 0.5772956585208978
0.8728906250000000 0.5773026384207702
0.8729687500000001 0.5773094375765245
0.8730468750000000 0.5773164181680130
0.8731250000000000 0.5773232165991498
0.8732031250000000 0.5773301978868038
0.8732812500000000 0.5773369955887563
0.8733593750000000 0.5773439775771468
0.8734375000000000 0.5773507745453262
0.8735156250000000 0.5773577572390445
0.8735937500000001 0.5773645534688432
0.8736718750000000 0.5773715368725006
0.8737500000000000 0.5773783323592893
0.8738281250000001 0.5773853164775176
0.8739062500000000 0.5773921112166477
0.8739843750000000 0.5773990960540992
0.8740625000000000 0.5774058900409008
0.8741406250000000 0.5774128756022487
0.8742187500000000 0.5774196688320318
0.8742968750000000 0.5774266551219690
0.8743750000000000 0.5774334475900237
0.8744531250000001 0.5774404346132631
0.8745312500000000 0.5774472263148585
0.8746093750000000 0.5774542140761343
0.8746875000000001 0.5774610050065195
0.8747656250000000 0.5774679935105861
0.8748437500000000 0.5774747836649895
0.8749218750000001 0.5774817729166213
0.8750000000000000 0.5774885622902510
0.8750781250000000 0.5774955522942429
0.8751562500000000 0.5775023408822875
0.8752343750000000 0.5775093316434544
0.8753125000000000 0.5775161194410811
0.8753906250000000 0.5775231109642586
0.8754687500000000 0.5775298979666151
0.8755468750000001 0.5775368902566590
0.8756250000000000 0.5775436764588716
0.8757031250000000 0.5775506695206590
0.8757812500000001 0.5775574549178338
0.8758593750000000 0.5775644487562615
0.8759375000000000 0.5775712333434843
0.8760156250000000 0.5775782279634695
0.8760937500000000 0.5775850117358059
0.8761718750000000 0.5775920071422865
0.8762500000000000 0.5775987900947813
0.8763281250000000 0.5776057862927156
0.8764062500000001 0.5776125684203937
0.8764843750000000 0.5776195654147598
0.8765625000000000 0.5776263467126252
0.8766406250000001 0.5776333445084222
0.8767187500000000 0.5776401249714593
0.8767968750000000 0.5776471235737060
0.8768750000000001 0.5776539031968778
0.8769531250000000 0.5776609026106148
0.8770312500000000 0.5776676813888644
0.8771093750000000 0.5776746816191515
0.8771875000000000 0.5776814595474016
0.8772656250000000 0.5776884605993189
0.8773437500000000 0.5776952376724720
0.8774218750000000 0.5777022395511205
0.8775000000000001 0.5777090157640588
0.8775781250000000 0.5777160184745590
0.8776562500000000 0.5777227938221443
0.8777343750000001 0.5777297973696381
0.8778125000000000 0.5777365718467117
0.8778906250000000 0.5777435762363605
0.8779687500000000 0.5777503498377438
0.8780468750000000 0.5777573550747290
0.8781250000000000 0.5777641277952231
0.8782031250000000 0.5777711338847474
0.8782812500000000 0.5777779057191329
0.8783593750000001 0.5777849126664187
0.8784375000000000 0.5777916836094552
0.8785156250000000 0.5777986914197457
0.8785937500000001 0.5778054614661738
0.8786718750000000 0.5778124701447316
0.8787500000000000 0.5778192392892709
0.8788281250000001 0.5778262488413792
0.8789062500000000 0.5778330170787300
0.8789843750000000 0.5778400275096917
0.8790625000000000 0.5778467948345333
0.8791406250000000 0.5778538061496723
0.8792187500000000 0.5778605725566636
0.8792968750000000 0.5778675847613239
0.8793750000000000 0.5778743502451041
0.8794531250000001 0.5778813633446495
0.8795312500000000 0.5778881278998381
0.8796093750000000 0.5778951418996517
0.8796875000000001 0.5779019055208485
0.8797656250000000 0.5779089204263337
0.8798437500000000 0.5779156831081176
0.8799218750000000 0.5779226989246991
0.8800000000000000 0.5779294606616284
0.8800781250000000 0.5779364773947501
0.8801562500000000 0.5779432381813641
0.8802343750000000 0.5779502558364901
0.8803125000000001 0.5779570156673077
0.8803906250000000 0.5779640342499214
0.8804687500000000 0.5779707931194421
0.8805468750000001 0.5779778126350477
0.8806250000000000 0.5779845705377502
0.8807031250000000 0.5779915909918714
0.8807812500000001 0.5779983479222149
0.8808593750000000 0.5780053693203955
0.8809375000000000 0.5780121252728196
0.8810156250000000 0.5780191476206229
0.8810937500000000 0.5780259025895471
0.8811718750000000 0.5780329258925562
0.8812500000000000 0.5780396798723806
0.8813281250000000 0.5780467041361984
0.8814062500000001 0.5780534571213030
0.8814843750000000 0.5780604823515523
0.8815625000000000 0.5780672343362971
0.8816406250000001 0.5780742605386207
0.8817187500000000 0.5780810115173470
0.8817968750000000 0.5780880386974060
0.8818750000000000 0.5780947886644348
0.8819531250000000 0.5781018168279116
0.8820312500000000 0.5781085657775439
0.8821093750000000 0.5781155949301398
0.8821875000000000 0.5781223428566578
0.8822656250000001 0.5781293730040930
0.8823437500000000 0.5781361199017594
0.8824218750000000 0.5781431510497744
0.8825000000000001 0.5781498969128318
0.8825781250000000 0.5781569290671867
0.8826562500000000 0.5781636738898586
0.8827343750000001 0.5781707070563320
0.8828125000000000 0.5781774508328229
0.8828906250000000 0.5781844850172131
0.8829687500000000 0.5781912277417083
0.8830468750000000 0.5781982629498321
0.8831250000000000 0.5782050046164978
0.8832031250000000 0.5782120408541921
0.8832812500000000 0.5782187814571745
0.8833593750000001 0.5782258187302959
0.8834375000000000 0.5782325582637221
0.8835156250000000 0.5782395965781458
0.8835937500000001 0.5782463350361235
0.8836718750000000 0.5782533743977437
0.8837500000000000 0.5782601117743628
0.8838281250000000 0.5782671521890924
0.8839062500000000 0.5782738884784230
0.8839843750000000 0.5782809299521946
0.8840625000000000 0.5782876651482874
0.8841406250000000 0.5782947076870519
0.8842187500000001 0.5783014417839398
0.8842968750000000 0.5783084853936676
0.8843750000000000 0.5783152183853634
0.8844531250000001 0.5783222630720435
0.8845312500000000 0.5783289949525423
0.8846093750000000 0.5783360407221817
0.8846875000000001 0.5783427714854595
0.8847656250000000 0.5783498183440846
0.8848437500000000 0.5783565479840991
0.8849218750000000 0.5783635959377547
0.8850000000000000 0.5783703244484444
0.8850781250000000 0.5783773735031936
0.8851562500000000 0.5783841008784789
0.8852343750000000 0.5783911510404038
0.8853125000000001 0.5783978772741868
0.8853906250000000 0.5784049285493875
0.8854687500000000 0.5784116536355515
0.8855468750000001 0.5784187060301468
0.8856250000000000 0.5784254299625567
0.8857031250000000 0.5784324834826837
0.8857812500000000 0.5784392062551863
0.8858593750000000 0.5784462609070001
0.8859375000000000 0.5784529825134243
0.8860156250000000 0.5784600383030979
0.8860937500000000 0.5784667587372543
0.8861718750000001 0.5784738156709792
0.8862500000000000 0.5784805349266604
0.8863281250000000 0.5784875930106459
0.8864062500000001 0.5784943110816264
0.8864843750000000 0.5785013703220997
0.8865625000000000 0.5785080872021364
0.8866406250000001 0.5785151476053425
0.8867187500000000 0.5785218632881746
0.8867968750000000 0.5785289248603759
0.8868750000000000 0.5785356393397246
0.8869531250000000 0.5785427020872022
0.8870312500000000 0.5785494153567706
0.8871093750000000 0.5785564792858224
0.8871875000000000 0.5785631913392969
0.8872656250000001 0.5785702564562386
0.8873437500000000 0.5785769672872877
0.8874218750000000 0.5785840335984520
0.8875000000000001 0.5785907432007272
0.8875781250000000 0.5785978107124645
0.8876562500000000 0.5786045190795994
0.8877343750000000 0.5786115877982776
0.8878125000000000 0.5786182949238892
0.8878906250000000 0.5786253648558924
0.8879687500000000 0.5786320707335804
0.8880468750000000 0.5786391418853107
0.8881250000000001 0.5786458465086576
0.8882031250000000 0.5786529188865340
0.8882812500000000 0.5786596222491052
0.8883593750000001 0.5786666958595631
0.8884375000000000 0.5786733979549077
0.8885156250000000 0.5786804728043995
0.8885937500000001 0.5786871736260496
0.8886718750000000 0.5786942497210449
0.8887500000000000 0.5787009492625155
0.8888281250000000 0.5787080266094998
0.8889062500000000 0.5787147248642898
0.8889843750000000 0.5787218034697659
0.8890625000000000 0.5787285004313576
0.8891406250000000 0.5787355803018439
0.8892187500000001 0.5787422759637031
0.8892968750000000 0.5787493571057353
0.8893750000000000 0.5787560514613113
0.8894531250000001 0.5787631338814404
0.8895312500000000 0.5787698269241673
0.8896093750000000 0.5787769106289604
0.8896875000000000 0.5787836023522559
0.8897656250000000 0.5787906873482968
0.8898437500000000 0.5787973777455616
0.8899218750000000 0.5788044640394496
0.8900000000000000 0.5788111531040693
0.8900781250000001 0.5788182407024202
0.8901562500000000 0.5788249284277643
0.8902343750000000 0.5788320173372090
0.8903125000000001 0.5788387037166320
0.8903906250000000 0.5788457939438164
0.8904687500000000 0.5788524789706572
0.8905468750000001 0.5788595705222433
0.8906250000000000 0.5788662541898250
0.8907031250000000 0.5788733470724904
0.8907812500000000 0.5788800293741209
0.8908593750000000 0.5788871235945580
0.8909375000000000 0.5788938045235300
0.8910156250000000 0.5789009000884463
0.8910937500000000 0.5789075796380376
0.8911718750000001 0.5789146765541561
0.8912500000000000 0.5789213547176293
0.8913281250000000 0.5789284529916875
0.8914062500000001 0.5789351297622904
0.8914843750000000 0.5789422294010408
0.8915625000000000 0.5789489047720068
0.8916406250000000 0.5789560057822163
0.8917187500000000 0.5789626797467634
0.8917968750000000 0.5789697821352140
0.8918750000000000 0.5789764546865468
0.8919531250000000 0.5789835584600339
0.8920312500000001 0.5789902295913419
0.8921093750000000 0.5789973347566756
0.8921875000000000 0.5790040044611348
0.8922656250000001 0.5790111110251400
0.8923437500000000 0.5790177792959110
0.8924218750000000 0.5790248872654264
0.8925000000000001 0.5790315540956568
0.8925781250000000 0.5790386634775347
0.8926562500000000 0.5790453288603583
0.8927343750000000 0.5790524396614647
0.8928125000000000 0.5790591035900009
0.8928906250000000 0.5790662158172161
0.8929687500000000 0.5790728782845710
0.8930468750000000 0.5790799919447885
0.8931250000000001 0.5790866529440550
0.8932031250000000 0.5790937680441816
0.8932812500000000 0.5791004275684385
0.8933593750000001 0.5791075441153941
0.8934375000000000 0.5791142021577088
0.8935156250000000 0.5791213201584257
0.8935937500000000 0.5791279767118518
0.8936718750000000 0.5791350961732762
0.8937500000000000 0.5791417512308535
0.8938281250000000 0.5791488721599446
0.8939062500000000 0.5791555257147009
0.8939843750000001 0.5791626481184299
0.8940625000000000 0.5791693001633805
0.8941406250000000 0.5791764240487315
0.8942187500000001 0.5791830745768790
0.8942968750000000 0.5791901999508481
0.8943750000000000 0.5791968489551829
0.8944531250000001 0.5792039758247791
0.8945312500000000 0.5792106232982785
0.8946093750000000 0.5792177516705233
0.8946875000000000 0.5792243976061541
0.8947656250000000 0.5792315274880789
0.8948437500000000 0.5792381718787952
0.8949218750000000 0.5792453032774455
0.8950000000000000 0.5792519461161897
0.8950781250000001 0.5792590790386211
0.8951562500000000 0.5792657203183245
0.8952343750000000 0.5792728547716044
0.8953125000000001 0.5792794944851865
0.8953906250000000 0.5792866304763941
0.8954687500000000 0.5792932686167629
0.8955468750000000 0.5793004061529888
0.8956250000000000 0.5793070427130413
0.8957031250000000 0.5793141818013865
0.8957812500000000 0.5793208167740092
0.8958593750000000 0.5793279574215852
0.8959375000000001 0.5793345907996537
0.8960156250000000 0.5793417330135835
0.8960937500000000 0.5793483647899627
0.8961718750000001 0.5793555085773796
0.8962500000000000 0.5793621387449231
0.8963281250000000 0.5793692841129716
0.8964062500000001 0.5793759126645234
0.8964843750000000 0.5793830596203572
0.8965625000000000 0.5793896865487517
0.8966406250000000 0.5793968350995339
0.8967187500000000 0.5794034603975948
0.8967968750000000 0.5794106105505000
0.8968750000000000 0.5794172342110413
0.8969531250000000 0.5794243859732527
0.8970312500000001 0.5794310079890795
0.8971093750000000 0.5794381613677896
0.8971875000000000 0.5794447817316974
0.8972656250000001 0.5794519367341083
0.8973437500000000 0.5794585554388830
0.8974218750000000 0.5794657120722065
0.8975000000000000 0.5794723291106244
0.8975781250000000 0.5794794873820818
0.8976562500000000 0.5794861027469101
0.8977343750000000 0.5794932626637305
0.8978125000000000 0.5794998763477296
0.8978906250000001 0.5795070379171497
0.8979687500000000 0.5795136499130706
0.8980468750000000 0.5795208131423375
0.8981250000000001 0.5795274234429214
0.8982031250000000 0.5795345883392904
0.8982812500000000 0.5795411969372712
0.8983593750000001 0.5795483635080050
0.8984375000000000 0.5795549703961093
0.8985156250000000 0.5795621386484781
0.8985937500000000 0.5795687438194236
0.8986718750000000 0.5795759137607067
0.8987500000000000 0.5795825172072040
0.8988281250000000 0.5795896888446871
0.8989062500000000 0.5795962905594393
0.8989843750000001 0.5796034639004161
0.8990625000000000 0.5796100638761182
0.8991406250000000 0.5796172389278900
0.8992187500000001 0.5796238371572310
0.8992968750000000 0.5796310139271044
0.8993750000000000 0.5796376104027670
0.8994531250000000 0.5796447888980560
0.8995312500000000 0.5796513836127154
0.8996093750000000 0.5796585638407412
0.8996875000000000 0.5796651567870652
0.8997656250000000 0.5796723387551557
0.8998437500000001 0.5796789299258069
0.8999218750000000 0.5796861136412953
0.9000000000000000 0.5796927030289305
0.9000781250000001 0.5796998884991559
0.9001562500000000 0.5797064760964253
0.9002343750000000 0.5797136633287330
0.9003125000000001 0.5797202491282811
0.9003906250000000 0.5797274381300230
0.9004687500000000 0.5797340221244889
0.9005468750000000 0.5797412129030204
0.9006250000000000 0.5797477950850379
0.9007031250000000 0.5797549876477208
0.9007812500000000 0.5797615680099196
0.9008593750000000 0.5797687623641196
0.9009375000000001 0.5797753408991236
0.9010156250000000 0.5797825370522117
0.9010937500000000 0.5797891137526408
0.9011718750000001 0.5797963117119929
0.9012500000000000 0.5798028865704611
0.9013281250000000 0.5798100863434574
0.9014062500000000 0.5798166593525754
0.9014843750000000 0.5798238609466009
0.9015625000000000 0.5798304320989750
0.9016406250000000 0.5798376355214173
0.9017187500000000 0.5798442048096509
0.9017968750000001 0.5798514100679015
0.9018750000000000 0.5798579774845938
0.9019531250000000 0.5798651845860481
0.9020312500000001 0.5798717501237949
0.9021093750000000 0.5798789590758517
0.9021875000000000 0.5798855227272453
0.9022656250000001 0.5798927335373062
0.9023437500000000 0.5798992952949366
0.9024218750000000 0.5799065079704063
0.9025000000000000 0.5799130678268603
0.9025781250000000 0.5799202823751454
0.9026562500000000 0.5799268403230077
0.9027343750000000 0.5799340567515181
0.9028125000000000 0.5799406127833705
0.9028906250000001 0.5799478310995180
0.9029687500000000 0.5799543852079410
0.9030468750000000 0.5799616054191388
0.9031250000000001 0.5799681575967111
0.9032031250000000 0.5799753797103741
0.9032812500000000 0.5799819299496723
0.9033593750000000 0.5799891539732172
0.9034375000000000 0.5799957022668173
0.9035156250000000 0.5800029282076620
0.9035937500000000 0.5800094745481376
0.9036718750000000 0.5800167024137020
0.9037500000000001 0.5800232467936260
0.9038281250000000 0.5800304765913296
0.9039062500000000 0.5800370190032751
0.9039843750000001 0.5800442507405386
0.9040625000000000 0.5800507911770773
0.9041406250000000 0.5800580248613209
0.9042187500000001 0.5800645633150259
0.9042968750000000 0.5800717989536700
0.9043750000000000 0.5800783354171128
0.9044531250000000 0.5800855730175787
0.9045312500000000 0.5800921074833318
0.9046093750000000 0.5800993470530388
0.9046875000000000 0.5801058795136759
0.9047656250000000 0.5801131210600436
0.9048437500000001 0.5801196515081379
0.9049218750000000 0.5801268950385853
0.9050000000000000 0.5801334234667113
0.9050781250000001 0.5801406689886560
0.9051562500000000 0.5801471953893892
0.9052343750000000 0.5801544429102473
0.9053125000000000 0.5801609672761660
0.9053906250000000 0.5801682168033514
0.9054687500000000 0.5801747391270345
0.9055468750000000 0.5801819906679607
0.9056250000000000 0.5801885109419892
0.9057031250000001 0.5801957645040660
0.9057812500000000 0.5802022827210239
0.9058593750000000 0.5802095383116592
0.9059375000000001 0.5802160544641324
0.9060156250000000 0.5802233120907321
0.9060937500000000 0.5802298261713088
0.9061718750000001 0.5802370858412754
0.9062500000000000 0.5802435978425480
0.9063281250000000 0.5802508595632808
0.9064062500000000 0.5802573694778438
0.9064843750000000 0.5802646332567389
0.9065625000000000 0.5802711410771914
0.9066406250000000 0.5802784069216412
0.9067187500000000 0.5802849126405846
0.9067968750000001 0.5802921805579784
0.9068750000000000 0.5802986841680191
0.9069531250000000 0.5803059541657407
0.9070312500000001 0.5803124556594896
0.9071093750000000 0.5803197277449188
0.9071875000000000 0.5803262271149906
0.9072656250000000 0.5803335012955038
0.9073437500000000 0.5803399985345179
0.9074218750000000 0.5803472748174852
0.9075000000000000 0.5803537699180669
0.9075781250000000 0.5803610483108531
0.9076562500000001 0.5803675412656327
0.9077343750000000 0.5803748217755980
0.9078125000000000 0.5803813125772112
0.9078906250000001 0.5803885952117096
0.9079687500000000 0.5803950838527983
0.9080468750000000 0.5804023686191773
0.9081250000000001 0.5804088550923895
0.9082031250000000 0.5804161419979910
0.9082812500000000 0.5804226262959811
0.9083593750000000 0.5804299153481399
0.9084375000000000 0.5804363974635689
0.9085156250000000 0.5804436886696136
0.9085937500000000 0.5804501685951495
0.9086718750000000 0.5804574619624012
0.9087500000000001 0.5804639396907192
0.9088281250000000 0.5804712352264916
0.9089062500000000 0.5804777107502748
0.9089843750000001 0.5804850084618743
0.9090625000000000 0.5804914817738122
0.9091406250000000 0.5804987816685375
0.9092187500000000 0.5805052527613288
0.9092968750000000 0.5805125548464702
0.9093750000000000 0.5805190237128216
0.9094531250000000 0.5805263279956603
0.9095312500000000 0.5805327946282879
0.9096093750000001 0.5805401011160962
0.9096875000000000 0.5805465655077249
0.9097656250000000 0.5805538742077664
0.9098437500000001 0.5805603363511297
0.9099218750000000 0.5805676472706595
0.9100000000000000 0.5805741071584996
0.9100781250000001 0.5805814203047627
0.9101562500000000 0.5805878779298325
0.9102343750000000 0.5805951933100644
0.9103125000000000 0.5806016486651259
0.9103906250000000 0.5806089662865517
0.9104687500000000 0.5806154193643780
0.9105468750000000 0.5806227392342126
0.9106250000000000 0.5806291900275871
0.9107031250000001 0.5806365121530338
0.9107812500000000 0.5806429606547513
0.9108593750000000 0.5806502850430026
0.9109375000000001 0.5806567312458693
0.9110156250000000 0.5806640579041061
0.9110937500000000 0.5806705018009392
0.9111718750000000 0.5806778307363312
0.9112500000000000 0.5806842723199600
0.9113281250000000 0.5806916035396649
0.9114062500000000 0.5806980428029298
0.9114843750000000 0.5807053763140942
0.9115625000000001 0.5807118132498479
0.9116406250000000 0.5807191490596049
0.9117187500000000 0.5807255836607138
0.9117968750000001 0.5807329217761835
0.9118750000000000 0.5807393540355267
0.9119531250000000 0.5807466944638160
0.9120312500000001 0.5807531243742853
0.9121093750000000 0.5807604671224891
0.9121875000000000 0.5807668946769894
0.9122656250000000 0.5807742397521883
0.9123437500000000 0.5807806649436387
0.9124218750000000 0.5807880123528992
0.9125000000000000 0.5807944351742332
0.9125781250000000 0.5808017849246075
0.9126562500000001 0.5808082053687729
0.9127343750000000 0.5808155574672986
0.9128125000000000 0.5808219755272579
0.9128906250000001 0.5808293299809580
0.9129687500000000 0.5808357456496883
0.9130468750000000 0.5808431024655704
0.9131250000000000 0.5808495157360647
0.9132031250000000 0.5808568749211207
0.9132812500000000 0.5808632857863881
0.9133593750000000 0.5808706473475940
0.9134375000000000 0.5808770558006588
0.9135156250000001 0.5808844197449746
0.9135937500000000 0.5808908257788776
0.9136718750000000 0.5808981921132476
0.9137500000000001 0.5809045957210456
0.9138281250000000 0.5809119644523972
0.9139062500000000 0.5809183656271635
0.9139843750000001 0.5809257367624076
0.9140625000000000 0.5809321354972338
0.9141406250000000 0.5809395090432626
0.9142187500000000 0.5809459053312568
0.9142968750000000 0.5809532812949465
0.9143750000000000 0.5809596751292347
0.9144531250000000 0.5809670535174425
0.9145312500000000 0.5809734448911698
0.9146093750000001 0.5809808257107341
0.9146875000000000 0.5809872146170633
0.9147656250000000 0.5809945978748052
0.9148437500000001 0.5810009843069176
0.9149218750000000 0.5810083700096389
0.9150000000000000 0.5810147539607353
0.9150781250000000 0.5810221421152181
0.9151562500000000 0.5810285235785182
0.9152343750000000 0.5810359141915262
0.9153125000000000 0.5810422931602689
0.9153906250000000 0.5810496862385460
0.9154687500000001 0.5810560627059904
0.9155468750000000 0.5810634582562597
0.9156250000000000 0.5810698322156856
0.9157031250000001 0.5810772302446497
0.9157812500000000 0.5810836016893579
0.9158593750000000 0.5810910022036987
0.9159375000000001 0.5810973711270100
0.9160156250000000 0.5811047741333890
0.9160937500000000 0.5811111405286449
0.9161718750000000 0.5811185460337025
0.9162500000000000 0.5811249098942668
0.9163281250000000 0.5811323179046207
0.9164062500000000 0.5811386792238790
0.9164843750000000 0.5811460897461256
0.9165625000000001 0.5811524485174856
0.9166406250000000 0.5811598615581982
0.9167187500000000 0.5811662177750909
0.9167968750000001 0.5811736333408202
0.9168750000000000 0.5811799869966985
0.9169531250000000 0.5811874050939729
0.9170312500000000 0.5811937561823126
0.9171093750000000 0.5812011768176374
0.9171875000000000 0.5812075253319383
0.9172656250000000 0.5812149485117943
0.9173437500000000 0.5812212944455795
0.9174218750000001 0.5812287201764248
0.9175000000000000 0.5812350635232414
0.9175781250000000 0.5812424918115089
0.9176562500000001 0.5812488325649291
0.9177343750000000 0.5812562634170267
0.9178125000000000 0.5812626015706475
0.9178906250000001 0.5812700349929594
0.9179687500000000 0.5812763705404019
0.9180468750000000 0.5812838065392860
0.9181250000000000 0.5812901394741982
0.9182031250000000 0.5812975780559867
0.9182812500000000 0.5813039083720415
0.9183593750000000 0.5813113495430418
0.9184375000000000 0.5813176772339371
0.9185156250000001 0.5813251210004308
0.9185937500000000 0.5813314460598916
0.9186718750000000 0.5813388924281324
0.9187500000000001 0.5813452148499110
0.9188281250000000 0.5813526638261264
0.9189062500000000 0.5813589836040014
0.9189843750000000 0.5813664351943916
0.9190625000000000 0.5813727523221693
0.9191406250000000 0.5813802065329075
0.9192187500000000 0.5813865210044209
0.9192968750000000 0.5813939778416521
0.9193750000000001 0.5814002896507637
0.9194531250000000 0.5814077491206040
0.9195312500000000 0.5814140582612043
0.9196093750000001 0.5814215203697418
0.9196875000000000 0.5814278268357497
0.9197656250000000 0.5814352915890439
0.9198437500000001 0.5814415953744072
0.9199218750000000 0.5814490627784881
0.9200000000000000 0.5814553638771841
0.9200781250000000 0.5814628339380525
0.9201562500000000 0.5814691323440878
0.9202343750000000 0.5814766050677148
0.9203125000000000 0.5814829007751262
0.9203906250000000 0.5814903761674524
0.9204687500000001 0.5814966691703072
0.9205468750000000 0.5815041472372432
0.9206250000000000 0.5815104375296388
0.9207031250000001 0.5815179182770642
0.9207812500000000 0.5815242058531288
0.9208593750000000 0.5815316892868925
0.9209375000000000 0.5815379741407865
0.9210156250000000 0.5815454602667045
0.9210937500000000 0.5815517423926198
0.9211718750000000 0.5815592312164776
0.9212500000000000 0.5815655106086378
0.9213281250000001 0.5815730021361880
0.9214062500000000 0.5815792787888492
0.9214843750000000 0.5815867730258122
0.9215625000000001 0.5815930469332626
0.9216406250000000 0.5816005438853268
0.9217187500000000 0.5816068150418878
0.9217968750000001 0.5816143147147073
0.9218750000000000 0.5816205831147342
0.9219531250000000 0.5816280855139300
0.9220312500000000 0.5816343511518106
0.9221093750000000 0.5816418562829706
0.9221875000000000 0.5816481191531275
0.9222656250000000 0.5816556270218050
0.9223437500000000 0.5816618871186938
0.9224218750000001 0.5816693977304082
0.9225000000000000 0.5816756550485206
0.9225781250000000 0.5816831684087549
0.9226562500000001 0.5816894229426179
0.9227343750000000 0.5816969390568211
0.9228125000000000 0.5817031908009954
0.9228906250000000 0.5817107096745814
0.9229687500000000 0.5817169586236643
0.9230468750000000 0.5817244802620106
0.9231250000000000 0.5817307264106348
0.9232031250000000 0.5817382508190833
0.9232812500000001 0.5817444941619178
0.9233593750000000 0.5817520213457735
0.9234375000000000 0.5817582618775251
0.9235156250000001 0.5817657918420555
0.9235937500000000 0.5817720295574673
0.9236718750000000 0.5817795623079038
0.9237500000000001 0.5817857972017553
0.9238281250000000 0.5817933327432925
0.9239062500000000 0.5817995648104013
0.9239843750000000 0.5818071031481944
0.9240625000000000 0.5818133323834166
0.9241406250000000 0.5818208735225840
0.9242187500000000 0.5818270999208128
0.9242968750000000 0.5818346438664347
0.9243750000000001 0.5818408674226024
0.9244531250000000 0.5818484141797188
0.9245312500000000 0.5818546348887976
0.9246093750000001 0.5818621844624101
0.9246875000000000 0.5818684023194107
0.9247656250000000 0.5818759547144812
0.9248437500000000 0.5818821697144539
0.9249218750000000 0.5818897249359051
0.9250000000000000 0.5818959370739401
0.9250781250000000 0.5819034951266543
0.9251562500000000 0.5819097043978820
0.9252343750000001 0.5819172652867012
0.9253125000000000 0.5819234716862924
0.9253906250000000 0.5819310354160183
0.9254687500000001 0.5819372389391845
0.9255468750000000 0.5819448055145774
0.9256250000000000 0.5819510061565722
0.9257031250000001 0.5819585755823500
0.9257812500000000 0.5819647733384690
0.9258593750000000 0.5819723456193083
0.9259375000000000 0.5819785404848878
0.9260156250000000 0.5819861156254238
0.9260937500000000 0.5819923075958426
0.9261718750000000 0.5819998856006682
0.9262500000000000 0.5820060746713477
0.9263281250000001 0.5820136555450126
0.9264062500000000 0.5820198417114167
0.9264843750000000 0.5820274254584278
0.9265625000000001 0.5820336087160645
0.9266406250000000 0.5820411953408851
0.9267187500000000 0.5820473756853053
0.9267968750000000 0.5820549651923551
0.9268750000000000 0.5820611426191539
0.9269531250000000 0.5820687350128081
0.9270312500000000 0.5820749095176246
0.9271093750000000 0.5820825048022152
0.9271875000000001 0.5820886763807326
0.9272656250000000 0.5820962745605466
0.9273437500000000 0.5821024432084926
0.9274218750000001 0.5821100442877720
0.9275000000000000 0.5821162100009207
0.9275781250000000 0.5821238139838611
0.9276562500000001 0.5821299767580317
0.9277343750000000 0.5821375836487843
0.9278125000000000 0.5821437434798414
0.9278906250000000 0.5821513532825112
0.9279687500000000 0.5821575101663653
0.9280468750000000 0.5821651228850113
0.9281250000000000 0.5821712768176196
0.9282031250000000 0.5821788924562533
0.9282812500000001 0.5821850434336203
0.9283593750000000 0.5821926619962067
0.9284375000000000 0.5821988100143837
0.9285156250000001 0.5822064315048409
0.9285937500000000 0.5822125765599254
0.9286718750000000 0.5822202009821246
0.9287500000000000 0.5822263430702627
0.9288281250000000 0.5822339704280258
0.9289062500000000 0.5822401095454122
0.9289843750000000 0.5822477398425135
0.9290625000000000 0.5822538759853906
0.9291406250000001 0.5822615092255563
0.9292187500000000 0.5822676423902146
0.9292968750000000 0.5822752785771220
0.9293750000000001 0.5822814087599015
0.9294531250000000 0.5822890478971788
0.9295312500000000 0.5822951750944692
0.9296093750000001 0.5823028171856944
0.9296875000000000 0.5823089413939342
0.9297656250000000 0.5823165864426372
0.9298437500000000 0.5823227076583144
0.9299218750000000 0.5823303556679743
0.9300000000000000 0.5823364738876281
0.9300781250000000 0.5823441248616729
0.9301562500000000 0.5823502400818926
0.9302343750000001 0.5823578940237002
0.9303125000000000 0.5823640062411266
0.9303906250000000 0.5823716631540234
0.9304687500000001 0.5823777723653479
0.9305468750000000 0.5823854322526097
0.9306250000000000 0.5823915384545745
0.9307031250000000 0.5823992013194264
0.9307812500000000 0.5824053045088252
0.9308593750000000 0.5824129703544393
0.9309375000000000 0.5824190705281189
0.9310156250000000 0.5824267393576152
0.9310937500000001 0.5824328365124744
0.9311718750000000 0.5824405083289204
0.9312500000000000 0.5824466024619104
0.9313281250000001 0.5824542772683213
0.9314062500000000 0.5824603683764458
0.9314843750000000 0.5824680461757838
0.9315625000000001 0.5824741342561006
0.9316406250000000 0.5824818150512737
0.9317187500000000 0.5824879001008937
0.9317968750000000 0.5824955838947570
0.9318750000000000 0.5825016659108447
0.9319531250000000 0.5825093527061993
0.9320312500000000 0.5825154316859732
0.9321093750000000 0.5825231214855657
0.9321875000000001 0.5825291974262993
0.9322656250000000 0.5825368902328217
0.9323437500000000 0.5825429631318428
0.9324218750000001 0.5825506589479326
0.9325000000000000 0.5825567288026241
0.9325781250000000 0.5825644276308629
0.9326562500000000 0.5825704944386635
0.9327343750000000 0.5825781962815781
0.9328125000000000 0.5825842600399807
0.9328906250000000 0.5825919649000432
0.9329687500000000 0.5825980256065968
0.9330468750000001 0.5826057334862218
0.9331250000000000 0.5826117911385326
0.9332031250000000 0.5826195020400790
0.9332812500000001 0.5826255566358088
0.9333593750000000 0.5826332705615789
0.9334375000000000 0.5826393220984464
0.9335156250000001 0.5826470390506855
0.9335937500000000 0.5826530875264664
0.9336718750000000 0.5826608075073633
0.9337500000000000 0.5826668529198902
0.9338281250000000 0.5826745759315758
0.9339062500000000 0.5826806182787392
0.9339843750000000 0.5826883443232866
0.9340625000000000 0.5826943836030348
0.9341406250000001 0.5827021126824597
0.9342187500000000 0.5827081488927990
0.9342968750000000 0.5827158810090584
0.9343750000000001 0.5827219141480535
0.9344531250000000 0.5827296493030457
0.9345312500000000 0.5827356793688198
0.9346093750000000 0.5827434175643855
0.9346875000000000 0.5827494445551198
0.9347656250000000 0.5827571857930407
0.9348437500000000 0.5827632097069766
0.9349218750000000 0.5827709539889735
0.9350000000000001 0.5827769748244122
0.9350781250000000 0.5827847221521475
0.9351562500000000 0.5827907399074486
0.9352343750000001 0.5827984902825251
0.9353125000000000 0.5828045049561088
0.9353906250000000 0.5828122583800687
0.9354687500000001 0.5828182699704156
0.9355468750000000 0.5828260264447404
0.9356250000000000 0.5828320349503918
0.9357031250000000 0.5828397944765028
0.9357812500000000 0.5828457998960603
0.9358593750000000 0.5828535624753182
0.9359375000000000 0.5828595648074442
0.9360156250000000 0.5828673304411487
0.9360937500000001 0.5828733296845667
0.9361718750000000 0.5828810983739554
0.9362500000000000 0.5828870945274517
0.9363281250000001 0.5828948662737002
0.9364062500000000 0.5829008593361221
0.9364843750000000 0.5829086341403454
0.9365625000000000 0.5829146241106017
0.9366406250000000 0.5829224019738520
0.9367187500000000 0.5829283888509140
0.9367968750000000 0.5829361697741816
0.9368750000000000 0.5829421535570829
0.9369531250000001 0.5829499375412954
0.9370312500000000 0.5829559182291326
0.9371093750000000 0.5829637052751548
0.9371875000000001 0.5829696828670868
0.9372656250000000 0.5829774729757204
0.9373437500000000 0.5829834474709701
0.9374218750000001 0.5829912406429532
0.9375000000000000 0.5829972120408067
0.9375781250000000 0.5830050082768136
0.9376562500000000 0.5830109765766216
0.9377343750000000 0.5830187758772625
0.9378125000000000 0.5830247410784389
0.9378906250000000 0.5830325434442606
0.9379687500000000 0.5830385055462831
0.9380468750000001 0.5830463109777680
0.9381250000000000 0.5830522699801790
0.9382031250000000 0.5830600784777453
0.9382812500000001 0.5830660343801516
0.9383593750000000 0.5830738459441529
0.9384375000000000 0.5830797987462261
0.9385156250000000 0.5830876133769501
0.9385937500000000 0.5830935630784272
0.9386718750000000 0.5831013807760975
0.9387500000000000 0.5831073273767808
0.9388281250000000 0.5831151481415545
0.9389062500000001 0.5831210916413118
0.9389843750000000 0.5831289154732812
0.9390625000000000 0.5831348558720457
0.9391406250000001 0.5831426827712370
0.9392187500000000 0.5831486200690082
0.9392968750000000 0.5831564500353815
0.9393750000000001 0.5831623842322251
0.9394531250000000 0.5831702172656740
0.9395312500000000 0.5831761483617217
0.9396093750000000 0.5831839844620740
0.9396875000000000 0.5831899124575243
0.9397656250000000 0.5831977516245405
0.9398437500000000 0.5832036765196587
0.9399218750000000 0.5832115187530326
0.9400000000000001 0.5832174405481507
0.9400781250000000 0.5832252858475093
0.9401562500000000 0.5832312045430272
0.9402343750000001 0.5832390529079292
0.9403125000000000 0.5832449685043145
0.9403906250000000 0.5832528199342516
0.9404687500000000 0.5832587324320384
0.9405468750000000 0.5832665869264345
0.9406250000000000 0.5832724963262258
0.9407031250000000 0.5832803538844371
0.9407812500000000 0.5832862601869030
0.9408593750000001 0.5832941208082176
0.9409375000000000 0.5833000240140970
0.9410156250000000 0.5833078876977345
0.9410937500000001 0.5833137878078342
0.9411718750000000 0.5833216545529460
0.9412500000000000 0.5833275515681418
0.9413281250000001 0.5833354213738102
0.9414062500000000 0.5833413152950462
0.9414843750000000 0.5833491881602858
0.9415625000000000 0.5833550789885746
0.9416406250000000 0.5833629549123300
0.9417187500000000 0.5833688426487548
0.9417968750000000 0.5833767216299014
0.9418750000000000 0.5833826062756133
0.9419531250000001 0.5833904883129570
0.9420312500000000 0.5833963698691780
0.9421093750000000 0.5834042549614553
0.9421875000000001 0.5834101334294757
0.9422656250000000 0.5834180215753537
0.9423437500000000 0.5834238969565344
0.9424218750000000 0.5834317881546095
0.9425000000000000 0.5834376604503816
0.9425781250000000 0.5834455546991800
0.9426562500000000 0.5834514239110449
0.9427343750000000 0.5834593212090232
0.9428125000000001 0.5834651873385516
0.9428906250000000 0.5834730876840963
0.9429687500000000 0.5834789507329300
0.9430468750000001 0.5834868541243564
0.9431250000000000 0.5834927140942078
0.9432031250000000 0.5835006205297606
0.9432812500000001 0.5835064774224132
0.9433593750000000 0.5835143869002658
0.9434375000000000 0.5835202407175740
0.9435156250000000 0.5835281532358293
0.9435937500000000 0.5835340039797187
0.9436718750000000 0.5835419195364078
0.9437500000000000 0.5835477672088748
0.9438281250000000 0.5835556858019584
0.9439062500000001 0.5835615304050713
0.9439843750000000 0.5835694520324375
0.9440625000000000 0.5835752935683357
0.9441406250000001 0.5835832182278020
0.9442187500000000 0.5835890566986973
0.9442968750000000 0.5835969843880088
0.9443750000000000 0.5836028197961839
0.9444531250000000 0.5836107505130141
0.9445312500000000 0.5836165828608241
0.9446093750000000 0.5836245166027746
0.9446875000000000 0.5836303458926468
0.9447656250000001 0.5836382826572465
0.9448437500000000 0.5836441088916804
0.9449218750000000 0.5836520486763865
0.9450000000000001 0.5836578718579538
0.9450781250000000 0.5836658146601504
0.9451562500000000 0.5836716347914961
0.9452343750000001 0.5836795806084946
0.9453125000000000 0.5836853976923359
0.9453906250000000 0.5836933465213754
0.9454687500000000 0.5836991605605016
0.9455468750000000 0.5837071123987487
0.9456250000000000 0.5837129233960233
0.9457031250000000 0.5837208782405705
0.9457812500000000 0.5837266861989293
0.9458593750000001 0.5837346440467969
0.9459375000000000 0.5837404489692486
0.9460156250000000 0.5837484098173840
0.9460937500000001 0.5837542117070105
0.9461718750000000 0.5837621755522874
0.9462500000000000 0.5837679744122444
0.9463281250000000 0.5837759412514630
0.9464062500000000 0.5837817370849790
0.9464843750000000 0.5837897069148671
0.9465625000000000 0.5837954997252434
0.9466406250000000 0.5838034725424551
0.9467187500000001 0.5838092623330675
0.9467968750000000 0.5838172381341824
0.9468750000000000 0.5838230249084809
0.9469531250000001 0.5838310036900045
0.9470312500000000 0.5838367874515127
0.9471093750000000 0.5838447692098774
0.9471875000000001 0.5838505499621923
0.9472656250000000 0.5838585346937566
0.9473437500000000 0.5838643124405494
0.9474218750000000 0.5838723001415971
0.9475000000000000 0.5838780748866135
0.9475781250000000 0.5838860655533544
0.9476562500000000 0.5838918373004143
0.9477343750000000 0.5838998309289845
0.9478125000000001 0.5839055996819807
0.9478906250000000 0.5839135962684425
0.9479687500000000 0.5839193620313432
0.9480468750000001 0.5839273615716841
0.9481250000000000 0.5839331243485311
0.9482031250000000 0.5839411268386638
0.9482812500000000 0.5839468866335742
0.9483593750000000 0.5839548920693375
0.9484375000000000 0.5839606488865023
0.9485156250000000 0.5839686572636600
0.9485937500000000 0.5839744111073453
0.9486718750000001 0.5839824224215867
0.9487500000000000 0.5839881732961332
0.9488281250000000 0.5839961875430726
0.9489062500000001 0.5840019354528951
0.9489843750000000 0.5840099526280730
0.9490625000000000 0.5840156975776618
0.9491406250000001 0.5840237176765426
0.9492187500000000 0.5840294596704629
0.9492968750000000 0.5840374826884370
0.9493750000000000 0.5840432217313278
0.9494531250000000 0.5840512476637114
0.9495312500000000 0.5840569837602871
0.9496093750000000 0.5840650126023205
0.9496875000000000 0.5840707457573702
0.9497656250000001 0.5840787775042193
0.9498437500000000 0.5840845077226072
0.9499218750000000 0.5840925423693630
0.9500000000000001 0.5840982696560286
0.9500781250000000 0.5841063071977062
0.9501562500000000 0.5841120315576640
0.9502343750000000 0.5841200719892041
0.9503125000000000 0.5841257934275436
0.9503906250000000 0.5841338367438118
0.9504687500000000 0.5841395552656971
0.9505468750000000 0.5841476014614840
0.9506250000000001 0.5841533170721543
0.9507031250000000 0.5841613661421758
0.9507812500000000 0.5841670788469464
0.9508593750000001 0.5841751307858418
0.9509375000000000 0.5841808405901024
0.9510156250000000 0.5841888953924373
0.9510937500000001 0.5841946023016528
0.9511718750000000 0.5842026599619170
0.9512500000000000 0.5842083639816277
0.9513281250000000 0.5842164244942358
0.9514062500000000 0.5842221256300568
0.9514843750000000 0.5842301889893489
0.9515625000000000 0.5842358872469704
0.9516406250000000 0.5842439534472107
0.9517187500000001 0.5842496488323986
0.9517968750000000 0.5842577178677765
0.9518750000000000 0.5842634103863710
0.9519531250000001 0.5842714822510011
0.9520312500000000 0.5842771719089184
0.9521093750000000 0.5842852465968391
0.9521875000000000 0.5842909334000704
0.9522656250000000 0.5842990109052461
0.9523437500000000 0.5843046948598573
0.9524218750000000 0.5843127751761762
0.9525000000000000 0.5843184562883090
0.9525781250000001 0.5843265394095846
0.9526562500000000 0.5843322176854555
0.9527343750000000 0.5843403036054265
0.9528125000000001 0.5843459790513270
0.9528906250000000 0.5843540677636565
0.9529687500000000 0.5843597403859533
0.9530468750000001 0.5843678318842298
0.9531250000000000 0.5843735016893641
0.9532031250000000 0.5843815959671014
0.9532812500000000 0.5843872629615899
0.9533593750000000 0.5843953600122258
0.9534375000000000 0.5844010242026603
0.9535156250000000 0.5844091240195584
0.9535937500000000 0.5844147854126053
0.9536718750000001 0.5844228879890541
0.9537500000000000 0.5844285465914549
0.9538281250000000 0.5844366519206677
0.9539062500000001 0.5844423077392388
0.9539843750000000 0.5844504158143551
0.9540625000000000 0.5844560688559871
0.9541406250000000 0.5844641796700709
0.9542187500000000 0.5844698299417294
0.9542968750000000 0.5844779434877698
0.9543750000000000 0.5844835909964955
0.9544531250000000 0.5844917072674075
0.9545312500000001 0.5844973520203153
0.9546093750000000 0.5845054710089390
0.9546875000000000 0.5845111130132182
0.9547656250000001 0.5845192347123198
0.9548437500000000 0.5845248739752340
0.9549218750000000 0.5845329983775047
0.9550000000000001 0.5845386349063926
0.9550781250000000 0.5845467620044491
0.9551562500000000 0.5845523958067236
0.9552343750000000 0.5845605255931081
0.9553125000000000 0.5845661566762563
0.9553906250000000 0.5845742891434376
0.9554687500000000 0.5845799175150207
0.9555468750000000 0.5845880526553927
0.9556250000000001 0.5845936783230454
0.9557031250000000 0.5846018161289288
0.9557812500000000 0.5846074391003609
0.9558593750000001 0.5846155795640011
0.9559375000000000 0.5846211998469962
0.9560156250000000 0.5846293429605653
0.9560937500000000 0.5846349605629809
0.9561718750000000 0.5846431063185769
0.9562500000000000 0.5846487212483438
0.9563281250000000 0.5846568696379922
0.9564062500000000 0.5846624819031141
0.9564843750000001 0.5846706329187662
0.9565625000000000 0.5846762425273214
0.9566406250000000 0.5846843961608545
0.9567187500000001 0.5846900031209947
0.9567968750000000 0.5846981593642133
0.9568750000000000 0.5847037636841628
0.9569531250000001 0.5847119225287984
0.9570312500000000 0.5847175242168554
0.9571093750000000 0.5847256856545652
0.9571875000000000 0.5847312847191010
0.9572656250000000 0.5847394487414702
0.9573437500000000 0.5847450451909285
0.9574218750000000 0.5847532117894690
0.9575000000000000 0.5847588056323674
0.9575781250000001 0.5847669747985177
0.9576562500000000 0.5847725660434457
0.9577343750000000 0.5847807377685724
0.9578125000000001 0.5847863264241923
0.9578906250000000 0.5847945006995897
0.9579687500000000 0.5848000867746359
0.9580468750000000 0.5848082635915256
0.9581250000000000 0.5848138470948053
0.9582031250000000 0.5848220264443359
0.9582812500000000 0.5848276073847289
0.9583593750000000 0.5848357892579776
0.9584375000000001 0.5848413676444348
0.9585156250000000 0.5848495520324075
0.9585937500000000 0.5848551278739514
0.9586718750000001 0.5848633147675812
0.9587500000000000 0.5848688880733077
0.9588281250000000 0.5848770774634559
0.9589062500000001 0.5848826482425313
0.9589843750000000 0.5848908401199879
0.9590625000000000 0.5848964083816508
0.9591406250000000 0.5849046027371344
0.9592187500000000 0.5849101684906932
0.9592968750000000 0.5849183653148525
0.9593750000000000 0.5849239285696872
0.9594531250000000 0.5849321278530984
0.9595312500000001 0.5849376886186611
0.9596093750000000 0.5849458903518292
0.9596875000000000 0.5849514486376423
0.9597656250000001 0.5849596528110023
0.9598437500000000 0.5849652086266580
0.9599218750000000 0.5849734152305748
0.9600000000000000 0.5849789685857365
0.9600781250000000 0.5849871776105038
0.9601562500000000 0.5849927285149051
0.9602343750000000 0.5850009399507468
0.9603125000000000 0.5850064884141913
0.9603906250000001 0.5850147022512611
0.9604687500000000 0.5850202482836224
0.9605468750000000 0.5850284645120045
0.9606250000000001 0.5850340081232256
0.9607031250000000 0.5850422267329347
0.9607812500000000 0.5850477679330277
0.9608593750000001 0.5850559889140096
0.9609375000000000 0.5850615277130561
0.9610156250000000 0.5850697510551864
0.9610937500000000 0.5850752874633376
0.9611718750000000 0.5850835131564239
0.9612500000000000 0.5850890471838986
0.9613281250000000 0.5850972752176796
0.9614062500000000 0.5851028068747665
0.9614843750000001 0.5851110372389118
0.9615625000000000 0.5851165665359678
0.9616406250000000 0.5851247992200783
0.9617187500000001 0.5851303261675289
0.9617968750000000 0.5851385611611382
0.9618750000000000 0.5851440857694762
0.9619531250000001 0.5851523230620495
0.9620312500000000 0.5851578453418359
0.9621093750000000 0.5851660849227709
0.9621875000000000 0.5851716048846345
0.9622656250000000 0.5851798467432605
0.9623437500000001 0.5851853643978980
0.9624218750000000 0.5851936085234779
0.9625000000000000 0.5851991238816520
0.9625781250000001 0.5852073702633818
0.9626562500000000 0.5852128833359226
0.9627343750000000 0.5852211319629310
0.9628125000000001 0.5852266427607355
0.9628906250000000 0.5852348936220851
0.9629687500000000 0.5852404021561163
0.9630468750000000 0.5852486552408029
0.9631250000000000 0.5852541615220904
0.9632031250000000 0.5852624168190443
0.9632812500000000 0.5852679208586831
0.9633593750000000 0.5852761783567684
0.9634375000000001 0.5852816801659193
0.9635156250000000 0.5852899398539350
0.9635937500000000 0.5852954394438247
0.9636718750000001 0.5853037013105039
0.9637500000000000 0.5853091986924239
0.9638281250000000 0.5853174627264347
0.9639062500000001 0.5853229579117420
0.9639843750000000 0.5853312241016878
0.9640625000000000 0.5853367171018035
0.9641406250000000 0.5853449854362233
0.9642187500000000 0.5853504762626327
0.9642968750000001 0.5853587467300014
0.9643750000000000 0.5853642353942542
0.9644531250000000 0.5853725079829825
0.9645312500000001 0.5853779944966928
0.9646093750000000 0.5853862691951268
0.9646875000000000 0.5853917535699722
0.9647656250000001 0.5854000303663955
0.9648437500000000 0.5854055126141162
0.9649218750000000 0.5854137914967497
0.9650000000000000 0.5854192716291486
0.9650781250000000 0.5854275525861499
0.9651562500000000 0.5854330306150938
0.9652343750000000 0.5854413136345571
0.9653125000000000 0.5854467895719748
0.9653906250000001 0.5854550746419326
0.9654687500000000 0.5854605484998155
0.9655468750000000 0.5854688356082383
0.9656250000000001 0.5854743073986384
0.9657031250000000 0.5854825965334355
0.9657812500000000 0.5854880662684672
0.9658593750000001 0.5854963574174855
0.9659375000000000 0.5855018251093250
0.9660156250000000 0.5855101182603506
0.9660937500000000 0.5855155839212343
0.9661718750000000 0.5855238790619929
0.9662500000000001 0.5855293427042179
0.9663281250000000 0.5855376398223743
0.9664062500000000 0.5855431014582984
0.9664843750000001 0.5855514005414570
0.9665625000000000 0.5855568601834976
0.9666406250000000 0.5855651612192042
0.9667187500000001 0.5855706188798383
0.9667968750000000 0.5855789218555774
0.9668750000000000 0.5855843775473425
0.9669531250000000 0.5855926824505404
0.9670312500000000 0.5855981361860315
0.9671093750000000 0.5856064430040557
0.9671875000000000 0.5856118947959278
0.9672656250000000 0.5856202035160861
0.9673437500000001 0.5856256533770524
0.9674218750000000 0.5856339639865953
0.9675000000000000 0.5856394119294271
0.9675781250000001 0.5856477244155467
0.9676562500000000 0.5856531704530723
0.9677343750000000 0.5856614848029041
0.9678125000000001 0.5856669289480095
0.9678906250000000 0.5856752451486309
0.9679687500000000 0.5856806874142603
0.9680468750000000 0.5856890054526911
0.9681250000000000 0.5856944458518446
0.9682031250000001 0.5857027657150488
0.9682812500000000 0.5857082042607831
0.9683593750000000 0.5857165259356684
0.9684375000000001 0.5857219626410960
0.9685156250000000 0.5857302861145142
0.9685937500000000 0.5857357209928036
0.9686718750000001 0.5857440462515513
0.9687500000000000 0.5857494793159254
0.9688281250000000 0.5857578063467441
0.9689062500000000 0.5857632376104820
0.9689843750000000 0.5857715664000573
0.9690625000000000 0.5857769958764930
0.9691406250000000 0.5857853264114564
0.9692187500000000 0.5857907541139776
0.9692968750000001 0.5857990863809068
0.9693750000000000 0.5858045123229552
0.9694531250000000 0.5858128463083738
0.9695312500000001 0.5858182705034448
0.9696093750000000 0.5858266061938235
0.9696875000000000 0.5858320286554650
0.9697656250000001 0.5858403660372216
0.9698437500000000 0.5858457867790346
0.9699218750000000 0.5858541258385345
0.9700000000000000 0.5858595448741718
0.9700781250000000 0.5858678855977283
0.9701562500000001 0.5858733029408959
0.9702343750000000 0.5858816453147687
0.9703125000000000 0.5858870609792248
0.9703906250000001 0.5858954049896228
0.9704687500000000 0.5859008189891760
0.9705468750000000 0.5859091646222582
0.9706250000000001 0.5859145769707671
0.9707031250000000 0.5859229242126412
0.9707812500000000 0.5859283349240162
0.9708593750000000 0.5859366837607390
0.9709375000000000 0.5859420928489406
0.9710156250000000 0.5859504432665191
0.9710937500000000 0.5859558507455571
0.9711718750000000 0.5859642027299496
0.9712500000000001 0.5859696086138829
0.9713281250000000 0.5859779621509975
0.9714062500000000 0.5859833664539346
0.9714843750000001 0.5859917215296315
0.9715625000000000 0.5859971242657285
0.9716406250000000 0.5860054808658198
0.9717187500000001 0.5860108820492814
0.9717968750000000 0.5860192401595303
0.9718750000000000 0.5860246398046094
0.9719531250000000 0.5860329994107327
0.9720312500000000 0.5860383975317282
0.9721093750000001 0.5860467586193941
0.9721875000000000 0.5860521552306542
0.9722656250000000 0.5860605177854846
0.9723437500000001 0.5860659129014021
0.9724218750000000 0.5860742769089735
0.9725000000000000 0.5860796705439876
0.9725781250000001 0.5860880359898302
0.9726562500000000 0.5860934281584256
0.9727343750000000 0.5861017950280240
0.9728125000000000 0.5861071857447314
0.9728906250000000 0.5861155540235250
0.9729687500000000 0.5861209433029193
0.9730468750000000 0.5861293129763031
0.9731250000000000 0.5861347008330039
0.9732031250000001 0.5861430718863289
0.9732812500000000 0.5861484583349995
0.9733593750000000 0.5861568307535726
0.9734375000000001 0.5861622158089200
0.9735156250000000 0.5861705895780053
0.9735937500000000 0.5861759732547794
0.9736718750000001 0.5861843483595975
0.9737500000000000 0.5861897306725909
0.9738281250000000 0.5861981070983212
0.9739062500000000 0.5862034880623682
0.9739843750000000 0.5862118657941464
0.9740625000000001 0.5862172454241247
0.9741406250000000 0.5862256244470460
0.9742187500000000 0.5862310027578730
0.9742968750000001 0.5862393830569905
0.9743750000000000 0.5862447600636259
0.9744531250000000 0.5862531416239531
0.9745312500000001 0.5862585173413957
0.9746093750000000 0.5862669001479058
0.9746875000000000 0.5862722745911950
0.9747656250000000 0.5862806586288205
0.9748437500000000 0.5862860318130356
0.9749218750000000 0.5862944170666710
0.9750000000000000 0.5862997890069288
0.9750781250000000 0.5863081754614289
0.9751562500000001 0.5863135461728874
0.9752343750000000 0.5863219338130680
0.9753125000000000 0.5863273033109219
0.9753906250000001 0.5863356921215618
0.9754687500000000 0.5863410604210436
0.9755468750000000 0.5863494503868838
0.9756250000000001 0.5863548175032635
0.9757031250000000 0.5863632086090076
0.9757812500000000 0.5863685745575922
0.9758593750000000 0.5863769667879073
0.9759375000000000 0.5863823315840400
0.9760156250000001 0.5863907249235574
0.9760937500000000 0.5863960885826174
0.9761718750000000 0.5864044830159326
0.9762500000000001 0.5864098455533336
0.9763281250000000 0.5864182410650076
0.9764062500000000 0.5864236024961992
0.9764843750000001 0.5864319990707567
0.9765625000000000 0.5864373594112234
0.9766406250000000 0.5864457570331562
0.9767187500000000 0.5864511162984153
0.9767968750000000 0.5864595149521806
0.9768750000000000 0.5864648731577842
0.9769531250000000 0.5864732728278064
0.9770312500000000 0.5864786299893382
0.9771093750000001 0.5864870306600092
0.9771875000000000 0.5864923867930866
0.9772656250000000 0.5865007884487652
0.9773437500000001 0.5865061435690370
0.9774218750000000 0.5865145461940509
0.9775000000000000 0.5865199003171979
0.9775781250000001 0.5865283038958429
0.9776562500000000 0.5865336570375768
0.9777343750000000 0.5865420615541183
0.9778125000000000 0.5865474137301814
0.9778906250000000 0.5865558191688537
0.9779687500000001 0.5865611703950194
0.9780468750000000 0.5865695767400270
0.9781250000000000 0.5865749270320971
0.9782031250000001 0.5865833342676161
0.9782812500000000 0.5865886836414216
0.9783593750000000 0.5865970917515982
0.9784375000000001 0.5866024402229998
0.9785156250000000 0.5866108491919516
0.9785937500000000 0.5866161967768377
0.9786718750000000 0.5866246065886550
0.9787500000000000 0.5866299533029417
0.9788281250000000 0.5866383639416864
0.9789062500000000 0.5866437098013174
0.9789843750000000 0.5866521212510249
0.9790625000000001 0.5866574662719700
0.9791406250000000 0.5866658785166503
0.9792187500000000 0.5866712227149053
0.9792968750000001 0.5866796357385412
0.9793750000000000 0.5866849791301285
0.9794531250000000 0.5866933929166772
0.9795312500000001 0.5866987355176442
0.9796093750000000 0.5867071500510387
0.9796875000000000 0.5867124918774570
0.9797656250000000 0.5867209071416053
0.9798437500000000 0.5867262482095705
0.9799218750000001 0.5867346641883581
0.9800000000000000 0.5867400045139897
0.9800781250000000 0.5867484211912768
0.9801562500000001 0.5867537607907179
0.9802343750000000 0.5867621781503428
0.9803125000000000 0.5867675170397590
0.9803906250000001 0.5867759350655373
0.9804687500000000 0.5867812732611160
0.9805468750000000 0.5867896919368413
0.9806250000000000 0.5867950294547921
0.9807031250000000 0.5868034487642365
0.9807812500000000 0.5868087856207900
0.9808593750000000 0.5868172055477050
0.9809375000000000 0.5868225417591122
0.9810156250000001 0.5868309622872289
0.9810937500000000 0.5868362978697610
0.9811718750000000 0.5868447189827903
0.9812500000000001 0.5868500539527388
0.9813281250000000 0.5868584756343722
0.9814062500000000 0.5868638100080467
0.9814843750000001 0.5868722322419573
0.9815625000000000 0.5868775660356864
0.9816406250000000 0.5868859888055288
0.9817187500000000 0.5868913220356593
0.9817968750000000 0.5868997453250704
0.9818750000000001 0.5869050780079659
0.9819531250000000 0.5869135018005655
0.9820312500000000 0.5869188339526077
0.9821093750000001 0.5869272582319980
0.9821875000000000 0.5869325898695843
0.9822656250000000 0.5869410146193524
0.9823437500000001 0.5869463457588964
0.9824218750000000 0.5869547709626129
0.9825000000000000 0.5869601016205435
0.9825781250000000 0.5869685272617645
0.9826562500000000 0.5869738574545257
0.9827343750000000 0.5869822835167918
0.9828125000000000 0.5869876132608427
0.9828906250000000 0.5869960397276800
0.9829687500000001 0.5870013690394925
0.9830468750000000 0.5870097958944153
0.9831250000000000 0.5870151247904747
0.9832031250000001 0.5870235520169831
0.9832812500000000 0.5870288805137877
0.9833593750000000 0.5870373080953695
0.9834375000000001 0.5870426362094294
0.9835156250000000 0.5870510641295609
0.9835937500000000 0.5870563918773988
0.9836718750000000 0.5870648201195432
0.9837500000000000 0.5870701475176935
0.9838281250000001 0.5870785760653034
0.9839062500000000 0.5870839031303106
0.9839843750000000 0.5870923319668295
0.9840625000000001 0.5870976587152471
0.9841406250000000 0.5871060878241081
0.9842187500000000 0.5871114142725007
0.9842968750000001 0.5871198436371268
0.9843750000000000 0.5871251698020677
0.9844531250000000 0.5871335994058738
0.9845312500000000 0.5871389253039448
0.9846093750000000 0.5871473551303369
0.9846875000000000 0.5871526807781284
0.9847656250000000 0.5871611108105046
0.9848437500000000 0.5871664362246143
0.9849218750000001 0.5871748664463653
0.9850000000000000 0.5871801916433979
0.9850781250000000 0.5871886220379086
0.9851562500000001 0.5871939470344744
0.9852343750000000 0.5872023775851236
0.9853125000000000 0.5872077023978395
0.9853906250000001 0.5872161330879995
0.9854687500000000 0.5872214577334876
0.9855468750000000 0.5872298885465261
0.9856250000000000 0.5872352130414136
0.9857031250000000 0.5872436439606934
0.9857812500000001 0.5872489683216119
0.9858593750000000 0.5872573993304911
0.9859375000000000 0.5872627235740764
0.9860156250000001 0.5872711546559107
0.9860937500000000 0.5872764787988011
0.9861718750000000 0.5872849099369426
0.9862500000000001 0.5872902339957792
0.9863281250000000 0.5872986651735773
0.9864062500000000 0.5873039891650044
0.9864843750000000 0.5873124203658069
0.9865625000000000 0.5873177443064690
0.9866406250000000 0.5873261755136231
0.9867187500000000 0.5873314994201660
0.9867968750000000 0.5873399306170175
0.9868750000000001 0.5873452545060879
0.9869531250000000 0.5873536856759821
0.9870312500000000 0.5873590095642268
0.9871093750000001 0.5873674406905097
0.9871875000000000 0.5873727645945744
0.9872656250000000 0.5873811956605923
0.9873437500000001 0.5873865195971230
0.9874218750000000 0.5873949505862235
0.9875000000000000 0.5874002745718634
0.9875781250000000 0.5874087054673955
0.9876562500000000 0.5874140295187873
0.9877343750000001 0.5874224603041029
0.9878125000000000 0.5874277844378847
0.9878906250000000 0.5874362150963390
0.9879687500000001 0.5874415393291466
0.9880468750000000 0.5874499698440977
0.9881250000000000 0.5874552941925635
0.9882031250000001 0.5874637245473732
0.9882812500000000 0.5874690490281252
0.9883593750000000 0.5874774792061603
0.9884375000000000 0.5874828038358212
0.9885156250000000 0.5874912338204538
0.9885937500000000 0.5874965586156414
0.9886718750000000 0.5875049883902483
0.9887500000000000 0.5875103133675749
0.9888281250000001 0.5875187429155393
0.9889062500000000 0.5875240680916111
0.9889843750000000 0.5875324973963227
0.9890625000000001 0.5875378227877377
0.9891406250000000 0.5875462518325943
0.9892187500000000 0.5875515774559436
0.9892968750000001 0.5875600062243501
0.9893750000000000 0.5875653320962173
0.9894531250000000 0.5875737605715861
0.9895312500000000 0.5875790867085464
0.9896093750000000 0.5875875148742997
0.9896875000000001 0.5875928412929182
0.9897656250000000 0.5876012691324873
0.9898437500000000 0.5876065958493206
0.9899218750000001 0.5876150233461463
0.9900000000000000 0.5876203503777401
0.9900781250000000 0.5876287775152743
0.9901562500000001 0.5876341048781637
0.9902343750000000 0.5876425316398689
0.9903125000000000 0.5876478593505782
0.9903906250000000 0.5876562857199277
0.9904687500000000 0.5876616137949700
0.9905468750000000 0.5876700397554493
0.9906250000000000 0.5876753682113246
0.9907031250000000 0.5876837937464321
0.9907812500000001 0.5876891225996281
0.9908593750000000 0.5876975476928749
0.9909375000000000 0.5877028769598658
0.9910156250000001 0.5877113015947771
0.9910937500000000 0.5877166312920230
0.9911718750000000 0.5877250554521369
0.9912500000000001 0.5877303855960853
0.9913281250000000 0.5877388092649546
0.9914062500000000 0.5877441398720366
0.9914843750000000 0.5877525630332299
0.9915625000000000 0.5877578941198617
0.9916406250000001 0.5877663167569627
0.9917187500000000 0.5877716483395447
0.9917968750000000 0.5877800704361532
0.9918750000000001 0.5877854025310694
0.9919531250000000 0.5877938240708024
0.9920312500000000 0.5877991566944192
0.9921093750000001 0.5878075776609107
0.9921875000000000 0.5878129108295773
0.9922656250000000 0.5878213312064788
0.9923437500000000 0.5878266649365269
0.9924218750000000 0.5878350847075079
0.9925000000000000 0.5878404190152501
0.9925781250000000 0.5878488381639990
0.9926562500000000 0.5878541730657275
0.9927343750000001 0.5878625915759518
0.9928125000000000 0.5878679270879401
0.9928906250000000 0.5878763449433650
0.9929687500000001 0.5878816810818643
0.9930468750000000 0.5878900982662343
0.9931250000000000 0.5878954350474731
0.9932031250000001 0.5879038515445490
0.9932812500000000 0.5879091889847294
0.9933593750000000 0.5879176047782864
0.9934375000000000 0.5879229428935783
0.9935156250000000 0.5879313579673987
0.9935937500000001 0.5879366967739307
0.9936718750000000 0.5879451111117912
0.9937500000000000 0.5879504506256289
0.9938281250000001 0.5879588642112745
0.9939062500000000 0.5879642044483843
0.9939843750000000 0.5879726172654757
0.9940625000000001 0.5879779582416498
0.9941406250000000 0.5879863702736614
0.9942187500000000 0.5879917120043748
0.9942968750000000 0.5880001232343954
0.9943750000000000 0.5880054657345241
0.9944531250000000 0.5880138761448647
0.9945312500000000 0.5880192194281376
0.9946093750000000 0.5880276289995657
0.9946875000000001 0.5880329730774928
0.9947656250000000 0.5880413817877347
0.9948437500000000 0.5880467266675099
0.9949218750000001 0.5880551344883220
0.9950000000000000 0.5880604801687271
0.9950781250000000 0.5880688870601667
0.9951562500000001 0.5880742335235621
0.9952343750000000 0.5880826394227896
0.9953125000000000 0.5880879866194521
0.9953906250000000 0.5880963914188359
0.9954687500000000 0.5881017392363382
0.9955468750000001 0.5881101427406409
0.9956250000000000 0.5881154909439865
0.9957031250000000 0.5881238927866568
0.9957812500000001 0.5881292409012224
0.9958593750000000 0.5881376403807246
0.9959375000000000 0.5881429874633886
0.9960156250000001 0.5881513832231816
0.9960937500000000 0.5881567274148185
0.9961718750000000 0.5881651168176290
0.9962500000000000 0.5881704544681079
0.9963281250000000 0.5881788323724532
0.9964062500000000 0.5881841563297550
0.9964843750000000 0.5881925126976755
0.9965625000000000 0.5881978089625995
0.9966406250000001 0.5882061241820449
0.9967187500000000 0.5882113653671325
0.9967968750000000 0.5882196011058028
0.9968750000000001 0.5882247336455877
0.9969531250000000 0.5882328149675887
0.9970312500000000 0.5882377341112540
0.9971093750000001 0.5882455145109782
0.9971875000000000 0.5882500154283611
0.9972656250000000 0.5882572084676763
0.9973437500000000 0.5882608906607302
0.9974218750000000 0.5882669363283900
0.9975000000000001 0.5882690167872450
0.9975781250000000 0.5882728203142439
0.9976562500000000 0.5882717684287284
0.9977343750000001 0.5882711900888475
0.9978125000000000 0.5882640147750559
0.9978906250000000 0.5882548742399116
0.9979687500000001 0.5882357339021493
0.9980468750000000 0.5882098710182239
0.9981250000000000 0.5881673704516716
0.9982031250000000 0.5881088825580856
0.9982812500000000 0.5880208444463172
0.9983593750000000 0.5878988401647158
0.9984375000000000 0.5877222978253899
0.9985156250000000 0.5874771479368857
0.9985937500000001 0.5871295893143813
0.9986718750000000 0.5866476042262744
0.9987500000000000 0.5859732825262679
0.9988281250000001 0.5850428507993658
0.9989062500000000 0.5837574786518470
0.9989843750000000 0.5820027131539135
0.9990625000000001 0.5796201064072755
0.9991406250000000 0.5764313541924404
0.9992187500000000 0.5722195598797633
0.9992968750000000 0.5667715148570351
0.9993750000000000 0.5598835607239592
0.9994531250000001 0.5514335426776951
0.9995312500000000 0.5414066306806087
0.9996093750000000 0.5299669719651734
0.9996875000000001 0.5174431484576205
0.9997656250000000 0.5043292902550970
0.9998437500000000 0.4911815434136427
0.9999218750000001 0.4785597034935891
1.0000000000000000 0.4669073998344857
1.0000781249999999 0.4565396722664699
1.0001562500000001 0.4475917998362533
1.0002343750000000 0.4400836330088393
1.0003124999999999 0.4339133099333274
1.0003906250000001 0.4289442071501574
1.0004687500000000 0.4249910396614337
1.0005468749999999 0.4218927417742698
1.0006250000000001 0.4194767188610172
1.0007031250000000 0.4176165141082484
1.0007812500000000 0.4161822865470973
1.0008593750000001 0.4150917144097082
1.0009375000000000 0.4142553282513389
1.0010156250000000 0.4136260914392025
1.0010937500000001 0.4131438184211182
1.0011718750000000 0.4127853686928296
1.0012500000000000 0.4125095314590083
1.0013281250000001 0.4123081161529350
1.0014062500000001 0.4121515313320501
1.0014843750000000 0.4120405545479086
1.0015624999999999 0.4119525014489049
1.0016406250000001 0.4118934028004657
1.0017187500000000 0.4118446178995926
1.0017968749999999 0.4118152095036729
1.0018750000000001 0.4117888886281518
1.0019531250000000 0.4117764487625696
1.0020312499999999 0.4117629682241798
1.0021093750000001 0.4117602174165885
1.0021875000000000 0.4117540741745663
1.0022656249999999 0.4117568517929928
1.0023437500000001 0.4117549018212030
1.0024218750000000 0.4117608313375612
1.0024999999999999 0.4117612792712663
1.0025781250000001 0.4117690036910126
1.0026562500000000 0.4117708246079970
1.0027343750000000 0.4117795692167989
1.0028125000000001 0.4117821781307257
1.0028906250000000 0.4117915006615100
1.0029687500000000 0.4117945637364392
1.0030468750000001 0.4118042116963632
1.0031250000000000 0.4118075384540694
1.0032031250000000 0.4118173676711445
1.0032812500000001 0.4118208494568067
1.0033593750000001 0.4118307775847077
1.0034375000000000 0.4118343524435805
1.0035156249999999 0.4118443324234712
1.0035937500000001 0.4118479650539205
1.0036718750000000 0.4118579699678054
1.0037499999999999 0.4118616402796135
1.0038281250000001 0.4118716547055379
1.0039062500000000 0.4118753512896707
1.0039843749999999 0.4118853663677990
1.0040625000000001 0.4118890827693274
1.0041406250000000 0.4118990933859498
1.0042187499999999 0.4119028259768295
1.0042968750000001 0.4119128291571446
1.0043750000000000 0.4119165759220935
1.0044531249999999 0.4119265699128847
1.0045312500000001 0.4119303297564035
1.0046093750000000 0.4119403135024705
1.0046875000000000 0.4119440858533064
1.0047656250000001 0.4119540586986314
1.0048437500000000 0.4119578432840080
1.0049218750000000 0.4119678048011948
1.0050000000000001 0.4119716015179395
1.0050781250000000 0.4119815514108621
1.0051562500000000 0.4119853602518419
1.0052343750000001 0.4119952983000831
1.0053125000000001 0.4119991193122072
1.0053906250000000 0.4120090453393491
1.0054687499999999 0.4120128785995913
1.0055468750000001 0.4120227924551194
1.0056250000000000 0.4120266380568267
1.0057031249999999 0.4120365396058049
1.0057812500000001 0.4120403976508766
1.0058593750000000 0.4120502867680587
1.0059374999999999 0.4120541573624776
1.0060156250000001 0.4120640339289503
1.0060937500000000 0.4120679171802266
1.0061718749999999 0.4120777810814975
1.0062500000000001 0.4120816770972061
1.0063281250000000 0.4120915282221158
1.0064062499999999 0.4120954371090572
1.0064843750000001 0.4121052753491625
1.0065625000000000 0.4121091972128801
1.0066406250000000 0.4121190224621053
1.0067187500000001 0.4121229574066058
1.0067968750000000 0.4121327695610474
1.0068750000000000 0.4121367176886383
1.0069531250000001 0.4121465166464569
1.0070312500000000 0.4121504780576498
1.0071093750000000 0.4121602637190112
1.0071875000000001 0.4121642385124641
1.0072656250000001 0.4121740107795091
1.0073437500000000 0.4121779990519908
1.0074218749999999 0.4121877578288198
1.0075000000000001 0.4121917596751863
1.0075781250000000 0.4122015048678542
1.0076562499999999 0.4122055203810329
1.0077343750000001 0.4122152518975477
1.0078125000000000 0.4122192811685271
1.0078906249999999 0.4122289989188511
1.0079687500000001 0.4122330420366717
1.0080468750000000 0.4122427459327248
1.0081249999999999 0.4122468029844727
1.0082031250000001 0.4122564929401356
1.0082812500000000 0.4122605640109369
1.0083593749999999 0.4122702399420546
1.0084375000000001 0.4122743251150708
1.0085156250000000 0.4122839869394566
1.0085937500000000 0.4122880862958806
1.0086718750000001 0.4122977339333178
1.0087500000000000 0.4123018475523711
1.0088281250000000 0.4123114809246171
1.0089062500000001 0.4123156088835464
1.0089843750000000 0.4123252279143343
1.0090625000000000 0.4123293702884097
1.0091406250000001 0.4123389749034508
1.0092187500000001 0.4123431317659632
1.0092968750000000 0.4123527218929482
1.0093749999999999 0.4123568933152091
1.0094531250000001 0.4123664688838091
1.0095312500000000 0.4123706549351487
1.0096093749999999 0.4123802158770162
1.0096875000000001 0.4123844166247835
1.0097656250000000 0.4123939628735524
1.0098437499999999 0.4123981783831147
1.0099218750000001 0.4124077098744006
1.0100000000000000 0.4124119402091441
1.0100781249999999 0.4124214568805429
1.0101562500000001 0.4124257021018741
1.0102343750000000 0.4124352038929611
1.0103124999999999 0.4124394640603072
1.0103906250000001 0.4124489509126365
1.0104687500000000 0.4124532260834471
1.0105468750000000 0.4124626979405490
1.0106250000000001 0.4124669881702989
1.0107031250000000 0.4124764449776773
1.0107812500000000 0.4124807503198687
1.0108593750000001 0.4124901920249988
1.0109375000000000 0.4124945125311641
1.0110156250000000 0.4125039390834894
1.0110937500000001 0.4125082748031945
1.0111718750000001 0.4125176861541231
1.0112500000000000 0.4125220371349710
1.0113281249999999 0.4125314332378719
1.0114062500000001 0.4125357995255074
1.0114843750000000 0.4125451803357056
1.0115624999999999 0.4125495619738190
1.0116406250000001 0.4125589274485917
1.0117187500000000 0.4125633244789242
1.0117968749999999 0.4125726745774947
1.0118750000000001 0.4125770870398439
1.0119531250000000 0.4125864217233770
1.0120312499999999 0.4125908496556016
1.0121093750000001 0.4126001688871977
1.0121875000000000 0.4126046123252240
1.0122656249999999 0.4126139160699129
1.0123437500000001 0.4126183750477410
1.0124218750000000 0.4126276632724756
1.0125000000000000 0.4126321378221855
1.0125781250000001 0.4126414104958352
1.0126562500000000 0.4126459006475944
1.0127343750000000 0.4126551577409379
1.0128125000000001 0.4126596635230076
1.0128906250000000 0.4126689050087258
1.0129687500000000 0.4126734264474690
1.0130468750000001 0.4126826523001378
1.0131250000000001 0.4126871894200262
1.0132031250000000 0.4126963996161085
1.0132812499999999 0.4127009524397308
1.0133593750000001 0.4127101469575690
1.0134375000000000 0.4127147155056379
1.0135156249999999 0.4127238943254468
1.0135937500000001 0.4127284786168067
1.0136718750000000 0.4127376417206647
1.0137499999999999 0.4127422417723003
1.0138281250000001 0.4127513891441426
1.0139062500000000 0.4127560049711853
1.0139843749999999 0.4127651365967958
1.0140625000000001 0.4127697682125324
1.0141406250000000 0.4127788840795367
1.0142187499999999 0.4127835314954157
1.0142968750000001 0.4127926315932737
1.0143750000000000 0.4127972948189126
1.0144531250000000 0.4128063791389124
1.0145312500000001 0.4128110581821036
1.0146093750000000 0.4128201267173554
1.0146875000000000 0.4128248215840717
1.0147656250000001 0.4128338743295025
1.0148437500000000 0.4128385850239026
1.0149218750000000 0.4128476219762515
1.0150000000000001 0.4128523485006837
1.0150781250000001 0.4128613696584989
1.0151562500000000 0.4128661120135038
1.0152343749999999 0.4128751173771399
1.0153125000000001 0.4128798755614521
1.0153906250000000 0.4128888651330697
1.0154687499999999 0.4128936391436179
1.0155468750000001 0.4129026129271839
1.0156250000000000 0.4129074027590892
1.0157031249999999 0.4129163607603795
1.0157812500000001 0.4129211664069524
1.0158593750000000 0.4129301086335561
1.0159374999999999 0.4129349300862908
1.0160156250000001 0.4129438565476169
1.0160937500000000 0.4129486937961833
1.0161718749999999 0.4129576045034698
1.0162500000000001 0.4129624575357041
1.0163281250000000 0.4129713525020284
1.0164062500000000 0.4129762213039201
1.0164843750000001 0.4129851005442137
1.0165625000000000 0.4129899850998907
1.0166406250000000 0.4129988486309558
1.0167187500000001 0.4130037489226654
1.0167968750000000 0.4130125967631946
1.0168750000000000 0.4130175127712833
1.0169531250000001 0.4130263449418812
1.0170312500000001 0.4130312766447712
1.0171093750000000 0.4130400931679803
1.0171874999999999 0.4130450405421426
1.0172656250000001 0.4130538414424700
1.0173437500000000 0.4130588044623960
1.0174218749999999 0.4130675897663439
1.0175000000000001 0.4130725684045140
1.0175781250000000 0.4130813381406125
1.0176562499999999 0.4130863323674626
1.0177343750000001 0.4130950865663024
1.0178125000000000 0.4131000963501907
1.0178906249999999 0.4131088350444585
1.0179687500000001 0.4131138603516291
1.0180468750000000 0.4131225835761430
1.0181249999999999 0.4131276243706916
1.0182031250000001 0.4131363321624351
1.0182812500000000 0.4131413884062747
1.0183593750000000 0.4131500808044312
1.0184375000000001 0.4131551524572591
1.0185156250000000 0.4131638295032420
1.0185937500000000 0.4131689165225122
1.0186718750000001 0.4131775782599910
1.0187500000000000 0.4131826806008890
1.0188281250000000 0.4131913270758121
1.0189062500000001 0.4131964446912368
1.0189843750000001 0.4132050759518458
1.0190625000000000 0.4132102087923980
1.0191406249999999 0.4132188248892341
1.0192187500000001 0.4132239729032157
1.0192968750000000 0.4132325738891162
1.0193749999999999 0.4132377370225396
1.0194531250000001 0.4132463229526213
1.0195312500000000 0.4132515011492321
1.0196093749999999 0.4132600720808626
1.0196875000000001 0.4132652652821758
1.0197656250000000 0.4132738212749286
1.0198437499999999 0.4132790294202825
1.0199218750000001 0.4132875705358741
1.0200000000000000 0.4132927935625020
1.0200781249999999 0.4133013198647110
1.0201562500000001 0.4133065577078323
1.0202343750000000 0.4133150692623984
1.0203125000000000 0.4133203218553295
1.0203906250000001 0.4133288187298309
1.0204687500000000 0.4133340860041197
1.0205468750000000 0.4133425682678283
1.0206250000000001 0.4133478501534098
1.0207031250000000 0.4133563178771233
1.0207812500000000 0.4133616143024992
1.0208593750000001 0.4133700675583511
1.0209375000000001 0.4133753784507905
1.0210156250000000 0.4133838173120373
1.0210937499999999 0.4133891425978012
1.0211718750000001 0.4133975671385880
1.0212500000000000 0.4134029067431737
1.0213281249999999 0.4134113170382794
1.0214062500000001 0.4134166708866845
1.0214843750000000 0.4134250670112493
1.0215624999999999 0.4134304350282530
1.0216406250000001 0.4134388170574889
1.0217187500000000 0.4134441991679476
1.0217968749999999 0.4134525671768381
1.0218750000000001 0.4134579633059910
1.0219531250000000 0.4134663173689804
1.0220312499999999 0.4134717274427629
1.0221093750000001 0.4134800676334420
1.0221875000000000 0.4134854915788008
1.0222656250000000 0.4134938179695912
1.0223437500000001 0.4134992557147985
1.0224218750000000 0.4135075683766430
1.0225000000000000 0.4135130198516009
1.0225781250000001 0.4135213188536635
1.0226562500000000 0.4135267839901975
1.0227343750000000 0.4135350693995794
1.0228125000000001 0.4135405481317124
1.0228906250000001 0.4135488200131889
1.0229687500000000 0.4135543122773907
1.0230468749999999 0.4135625706931766
1.0231250000000001 0.4135680764285836
1.0232031250000000 0.4135763214381296
1.0232812499999999 0.4135818405867301
1.0233593750000001 0.4135900722465574
1.0234375000000000 0.4135956047533361
1.0235156249999999 0.4136038231169134
1.0235937500000001 0.4136093689299523
1.0236718750000000 0.4136175740476191
1.0237499999999999 0.4136231331181485
1.0238281250000001 0.4136313250370885
1.0239062500000000 0.4136368973194893
1.0239843749999999 0.4136450760837554
1.0240625000000001 0.4136506615355057
1.0241406250000000 0.4136588271860999
1.0242187500000000 0.4136644257676685
1.0242968750000001 0.4136725783426762
1.0243750000000000 0.4136781900173613
1.0244531250000000 0.4136863295521395
1.0245312500000001 0.4136919542858533
1.0246093750000000 0.4137000808132716
1.0246875000000000 0.4137057185742743
1.0247656250000001 0.4137138321250068
1.0248437500000001 0.4137194828835902
1.0249218750000000 0.4137275834864536
1.0249999999999999 0.4137332472145820
1.0250781250000001 0.4137413348969152
1.0251562500000000 0.4137470115678273
1.0252343749999999 0.4137550863559071
1.0253125000000001 0.4137607759436836
1.0253906250000000 0.4137688378631711
1.0254687499999999 0.4137745403422766
1.0255468750000001 0.4137825894186856
1.0256250000000000 0.4137883047634910
1.0257031249999999 0.4137963410226725
1.0257812500000001 0.4138020692069671
1.0258593750000000 0.4138100926755992
1.0259374999999999 0.4138158336720993
1.0260156250000001 0.4138238443781780
1.0260937500000000 0.4138295981580401
1.0261718750000000 0.4138375961313588
1.0262500000000001 0.4138433626637079
1.0263281250000000 0.4138513479363211
1.0264062500000000 0.4138571271877986
1.0264843750000001 0.4138650997944595
1.0265625000000000 0.4138708917288005
1.0266406250000000 0.4138788517073671
1.0267187500000001 0.4138846562850133
1.0267968750000001 0.4138926036768154
1.0268750000000000 0.4138984208545692
1.0269531249999999 0.4139063557047313
1.0270312500000001 0.4139121854354574
1.0271093750000000 0.4139201077931725
1.0271874999999999 0.4139259500255498
1.0272656250000001 0.4139338599443001
1.0273437500000000 0.4139397146226284
1.0274218749999999 0.4139476121603514
1.0275000000000001 0.4139534792244130
1.0275781250000000 0.4139613644436107
1.0276562499999999 0.4139672438285913
1.0277343750000001 0.4139751167963814
1.0278125000000000 0.4139810084328455
1.0278906249999999 0.4139888692209576
1.0279687500000001 0.4139947730348811
1.0280468750000000 0.4140026217195973
1.0281250000000000 0.4140085376324524
1.0282031250000001 0.4140163742944966
1.0282812500000000 0.4140223022233882
1.0283593750000000 0.4140301269477661
1.0284375000000001 0.4140360668056129
1.0285156250000000 0.4140438796814100
1.0285937500000000 0.4140498313771677
1.0286718750000001 0.4140576324973072
1.0287500000000001 0.4140635959362273
1.0288281250000000 0.4140713853971950
1.0289062499999999 0.4140773604811147
1.0289843750000001 0.4140851383826565
1.0290625000000000 0.4140911250103129
1.0291406249999999 0.4140988914551101
1.0292187500000001 0.4141048895224733
1.0292968750000000 0.4141126446158029
1.0293749999999999 0.4141186540164207
1.0294531250000001 0.4141263978658067
1.0295312500000000 0.4141324184911565
1.0296093749999999 0.4141401512060165
1.0296875000000001 0.4141461829458579
1.0297656250000000 0.4141539046371525
1.0298437499999999 0.4141599473798762
1.0299218750000001 0.4141676581597638
1.0300000000000000 0.4141737117927301
1.0300781250000000 0.4141814117742345
1.0301562500000001 0.4141874761840998
1.0302343750000000 0.4141951654807919
1.0303125000000000 0.4142012405538175
1.0303906250000001 0.4142089192795166
1.0304687500000000 0.4142150049018571
1.0305468750000000 0.4142226731703528
1.0306250000000001 0.4142287692283225
1.0307031250000001 0.4142364271531210
1.0307812500000000 0.4142425335334352
1.0308593749999999 0.4142501812275303
1.0309375000000001 0.4142562978175215
1.0310156250000000 0.4142639353931918
1.0310937499999999 0.4142700620809996
1.0311718750000001 0.4142776896496316
1.0312500000000000 0.4142838263243651
1.0313281249999999 0.4142914439963045
1.0314062500000001 0.4142975905481796
1.0314843750000000 0.4143051984326056
1.0315624999999999 0.4143113547530573
1.0316406250000001 0.4143189529578836
1.0317187500000000 0.4143251189396535
1.0317968749999999 0.4143327075714521
1.0318750000000001 0.4143388831086529
1.0319531250000000 0.4143464622725996
1.0320312500000000 0.4143526472607604
1.0321093750000001 0.4143602170606003
1.0321875000000000 0.4143664113966908
1.0322656250000000 0.4143739719347219
1.0323437500000001 0.4143801755171610
1.0324218750000000 0.4143877268942340
1.0325000000000000 0.4143939396228827
1.0325781250000001 0.4144014819384148
1.0326562500000001 0.4144077037145568
1.0327343750000000 0.4144152370665557
1.0328124999999999 0.4144214677928673
1.0328906250000001 0.4144289922779676
1.0329687500000000 0.4144352318584774
1.0330468749999999 0.4144427475719833
1.0331250000000001 0.4144489959120271
1.0332031250000000 0.4144565029479607
1.0332812499999999 0.4144627599541296
1.0333593750000001 0.4144702584052851
1.0334375000000000 0.4144765239853706
1.0335156249999999 0.4144840139433699
1.0335937500000001 0.4144902880063068
1.0336718750000000 0.4144977695616580
1.0337499999999999 0.4145040520174658
1.0338281250000001 0.4145115252596207
1.0339062500000000 0.4145178160193464
1.0339843750000000 0.4145252810367583
1.0340625000000001 0.4145315800124193
1.0341406250000000 0.4145390368925989
1.0342187500000000 0.4145453439971279
1.0342968750000001 0.4145527928266968
1.0343750000000000 0.4145591079738897
1.0344531250000000 0.4145665488386317
1.0345312500000001 0.4145728719430979
1.0346093750000001 0.4145803049280070
1.0346875000000000 0.4145866359051228
1.0347656249999999 0.4145940610944475
1.0348437500000001 0.4146003998603142
1.0349218750000000 0.4146078173375982
1.0349999999999999 0.4146141638090024
1.0350781250000001 0.4146215736571224
1.0351562500000000 0.4146279277515009
1.0352343749999999 0.4146353300526990
1.0353125000000001 0.4146416916881082
1.0353906250000000 0.4146490865240219
1.0354687499999999 0.4146554556191083
1.0355468750000001 0.4146628430707979
1.0356250000000000 0.4146692195447735
1.0357031249999999 0.4146765996927445
1.0357812500000001 0.4146829834653663
1.0358593750000000 0.4146903563895890
1.0359375000000000 0.4146967473811400
1.0360156250000001 0.4147041131610665
1.0360937500000000 0.4147105112923405
1.0361718750000000 0.4147178700069194
1.0362500000000001 0.4147242751992077
1.0363281250000000 0.4147316269268952
1.0364062500000000 0.4147380391019762
1.0364843750000001 0.4147453839207465
1.0365625000000001 0.4147518030008762
1.0366406250000000 0.4147591409882293
1.0367187499999999 0.4147655668961354
1.0367968750000001 0.4147728981291021
1.0368750000000000 0.4147793307879789
1.0369531249999999 0.4147866553431253
1.0370312500000001 0.4147930946766303
1.0371093750000000 0.4148004126300610
1.0371874999999999 0.4148068585623120
1.0372656250000001 0.4148141699896720
1.0373437500000000 0.4148206224452458
1.0374218749999999 0.4148279274217211
1.0375000000000001 0.4148343863256537
1.0375781250000000 0.4148416849259713
1.0376562499999999 0.4148481502037576
1.0377343750000001 0.4148554425021852
1.0378125000000000 0.4148619140797806
1.0378906250000000 0.4148692001501241
1.0379687500000001 0.4148756779539459
1.0380468750000000 0.4148829578695493
1.0381250000000000 0.4148894418264781
1.0382031250000001 0.4148967156602201
1.0382812500000000 0.4149032056976031
1.0383593750000000 0.4149104735218951
1.0384375000000001 0.4149169695675480
1.0385156250000001 0.4149242314543317
1.0385937500000000 0.4149307334365408
1.0386718749999999 0.4149379894572853
1.0387500000000001 0.4149444973048116
1.0388281250000000 0.4149517475305103
1.0389062499999999 0.4149582611725916
1.0389843750000001 0.4149655056737597
1.0390625000000000 0.4149720250401135
1.0391406249999999 0.4149792638867849
1.0392187500000001 0.4149857889076114
1.0392968750000000 0.4149930221693357
1.0393749999999999 0.4149995527753209
1.0394531250000001 0.4150067805211610
1.0395312500000000 0.4150133166434788
1.0396093749999999 0.4150205389420077
1.0396875000000001 0.4150270805123238
1.0397656250000000 0.4150342974316219
1.0398437500000000 0.4150408443820953
1.0399218750000001 0.4150480559897481
1.0400000000000000 0.4150546082530340
1.0400781250000000 0.4150618146161298
1.0401562500000001 0.4150683721253823
1.0402343750000000 0.4150755733105089
1.0403125000000000 0.4150821359993834
1.0403906250000001 0.4150893320726266
1.0404687500000001 0.4150958998752813
1.0405468750000000 0.4151030909022230
1.0406249999999999 0.4151096637533219
1.0407031250000001 0.4151168497990369
1.0407812500000000 0.4151234276337512
1.0408593749999999 0.4151306087628066
1.0409375000000001 0.4151371915168164
1.0410156250000000 0.4151443677932694
1.0410937499999999 0.4151509554027656
1.0411718750000001 0.4151581268901615
1.0412500000000000 0.4151647192918475
1.0413281249999999 0.4151718860532190
1.0414062500000001 0.4151784831843117
1.0414843750000000 0.4151856452821764
1.0415624999999999 0.4151922470804084
1.0416406250000001 0.4151994045767684
1.0417187500000000 0.4152060109803886
1.0417968750000000 0.4152131639367287
1.0418750000000001 0.4152197748845032
1.0419531250000000 0.4152269233617905
1.0420312500000000 0.4152335387930047
1.0421093750000001 0.4152406828516864
1.0421875000000000 0.4152473027061455
1.0422656250000000 0.4152544424061483
1.0423437500000001 0.4152610666241783
1.0424218750000001 0.4152682020249083
1.0425000000000000 0.4152748305473566
1.0425781249999999 0.4152819617076977
1.0426562500000001 0.4152885944759343
1.0427343750000000 0.4152957214542473
1.0428124999999999 0.4153023584101653
1.0428906250000001 0.4153094812642878
1.0429687500000000 0.4153161223503041
1.0430468749999999 0.4153232411375495
1.0431250000000001 0.4153298862966056
1.0432031250000000 0.4153370010737623
1.0432812499999999 0.4153436502493246
1.0433593750000001 0.4153507610726558
1.0434375000000000 0.4153574142087168
1.0435156249999999 0.4153645211339596
1.0435937500000001 0.4153711781750376
1.0436718750000000 0.4153782812574026
1.0437500000000000 0.4153849421485432
1.0438281250000001 0.4153920414427135
1.0439062500000000 0.4153987061294896
1.0439843750000000 0.4154058016896212
1.0440625000000001 0.4154124701181334
1.0441406250000000 0.4154195619978537
1.0442187500000000 0.4154262341147314
1.0442968750000001 0.4154333223671393
1.0443750000000001 0.4154399981195404
1.0444531250000000 0.4154470827972057
1.0445312499999999 0.4154537621328176
1.0446093750000001 0.4154608432877805
1.0446875000000000 0.4154675261548204
1.0447656249999999 0.4154746038385914
1.0448437500000001 0.4154812901858064
1.0449218750000000 0.4154883644493653
1.0449999999999999 0.4154950542260333
1.0450781250000001 0.4155021251198291
1.0451562500000000 0.4155088182757597
1.0452343749999999 0.4155158858497096
1.0453125000000001 0.4155225823352435
1.0453906250000000 0.4155296466387336
1.0454687499999999 0.4155363464047430
1.0455468750000001 0.4155434074866274
1.0456250000000000 0.4155501104845167
1.0457031250000000 0.4155571683931175
1.0457812500000001 0.4155638745748233
1.0458593750000000 0.4155709293579300
1.0459375000000000 0.4155776386759217
1.0460156250000001 0.4155846903807910
1.0460937500000000 0.4155914027880706
1.0461718750000000 0.4155984514614268
1.0462500000000001 0.4156051669115285
1.0463281250000001 0.4156122125995638
1.0464062500000000 0.4156189310465542
1.0464843749999999 0.4156259737949280
1.0465625000000001 0.4156326951934065
1.0466406250000000 0.4156397350472459
1.0467187499999999 0.4156464593523436
1.0467968750000001 0.4156534963562442
1.0468750000000000 0.4156602235236236
1.0469531249999999 0.4156672577216500
1.0470312500000001 0.4156739877075041
1.0471093750000000 0.4156810191431909
1.0471874999999999 0.4156877519042425
1.0472656250000001 0.4156947806205946
1.0473437500000000 0.4157015161140954
1.0474218749999999 0.4157085421535897
1.0475000000000001 0.4157152803373191
1.0475781250000000 0.4157223037419052
1.0476562500000000 0.4157290445741689
1.0477343750000001 0.4157360653852713
1.0478125000000000 0.4157428088248994
1.0478906250000000 0.4157498270834188
1.0479687500000001 0.4157565730897639
1.0480468750000000 0.4157635888360799
1.0481250000000000 0.4157703373690150
1.0482031250000001 0.4157773506429876
1.0482812500000001 0.4157841016629036
1.0483593750000000 0.4157911125038766
1.0484374999999999 0.4157978659716795
1.0485156250000001 0.4158048744184827
1.0485937500000000 0.4158116302955908
1.0486718749999999 0.4158186363865439
1.0487500000000001 0.4158253946348840
1.0488281250000000 0.4158323984077992
1.0489062499999999 0.4158391589898037
1.0489843750000001 0.4158461604819903
1.0490625000000000 0.4158529233605926
1.0491406249999999 0.4158599226088602
1.0492187500000001 0.4158666877474912
1.0492968750000000 0.4158736847881547
1.0493749999999999 0.4158804521507377
1.0494531250000001 0.4158874470196215
1.0495312500000000 0.4158942165705681
1.0496093750000000 0.4159012093030111
1.0496875000000001 0.4159079810072158
1.0497656250000000 0.4159149716380763
1.0498437500000000 0.4159217454609115
1.0499218750000001 0.4159287340245727
1.0500000000000000 0.4159355099318832
1.0500781250000000 0.4159424964622587
1.0501562500000001 0.4159492744203560
1.0502343750000001 0.4159562589508957
1.0503125000000000 0.4159630389265518
1.0503906249999999 0.4159700214902483
1.0504687500000001 0.4159768034506898
1.0505468750000000 0.4159837840800837
1.0506249999999999 0.4159905679929861
1.0507031250000001 0.4159975467201726
1.0507812500000000 0.4160043325536531
1.0508593749999999 0.4160113094102891
1.0509375000000001 0.4160180971329006
1.0510156250000000 0.4160250721502102
1.0510937499999999 0.4160318617309345
1.0511718750000001 0.4160388349397163
1.0512500000000000 0.4160456263479577
1.0513281249999999 0.4160525977785916
1.0514062500000001 0.4160593909841695
1.0514843750000000 0.4160663606666233
1.0515625000000000 0.4160731556397663
1.0516406250000001 0.4160801236036015
1.0517187500000000 0.4160869203149409
1.0517968750000000 0.4160938865893203
1.0518750000000001 0.4161006850098827
1.0519531250000000 0.4161076496235768
1.0520312500000000 0.4161144497247782
1.0521093750000001 0.4161214127061710
1.0521875000000001 0.4161282144598104
1.0522656250000000 0.4161351758369067
1.0523437499999999 0.4161419792151593
1.0524218750000001 0.4161489390155902
1.0525000000000000 0.4161557439910019
1.0525781249999999 0.4161627022420316
1.0526562500000001 0.4161695087875119
1.0527343750000000 0.4161764655160431
1.0528124999999999 0.4161832736048605
1.0528906250000001 0.4161902288374398
1.0529687500000000 0.4161970384432163
1.0530468749999999 0.4162039922060400
1.0531250000000001 0.4162108033027446
1.0532031250000000 0.4162177556216641
1.0532812499999999 0.4162245681836091
1.0533593750000001 0.4162315190841351
1.0534375000000000 0.4162383330859704
1.0535156250000000 0.4162452825932783
1.0535937500000001 0.4162520980099871
1.0536718750000000 0.4162590461489215
1.0537500000000000 0.4162658629558154
1.0538281250000001 0.4162728097508944
1.0539062500000000 0.4162796279236098
1.0539843750000000 0.4162865733990283
1.0540625000000001 0.4162933929135230
1.0541406250000001 0.4163003370931566
1.0542187500000000 0.4163071579257058
1.0542968749999999 0.4163141008331142
1.0543750000000001 0.4163209229603075
1.0544531250000000 0.4163278646187379
1.0545312499999999 0.4163346880174756
1.0546093750000001 0.4163416284498654
1.0546875000000000 0.4163484530973569
1.0547656249999999 0.4163553923263363
1.0548437500000001 0.4163622182000963
1.0549218750000000 0.4163691562479909
1.0549999999999999 0.4163759833258379
1.0550781250000001 0.4163829202146707
1.0551562500000000 0.4163897484747248
1.0552343749999999 0.4163966842262180
1.0553125000000001 0.4164035136468989
1.0553906250000000 0.4164104482824766
1.0554687500000000 0.4164172788425015
1.0555468750000001 0.4164242123832907
1.0556250000000000 0.4164310440616731
1.0557031250000000 0.4164379765285052
1.0557812500000001 0.4164448093045532
1.0558593750000000 0.4164517407179661
1.0559375000000000 0.4164585745712805
1.0560156250000001 0.4164655049515197
1.0560937500000001 0.4164723398619938
1.0561718750000000 0.4164792692290130
1.0562499999999999 0.4164861051768305
1.0563281250000001 0.4164930335502937
1.0564062500000000 0.4164998705159282
1.0564843749999999 0.4165067979152097
1.0565625000000001 0.4165136358794231
1.0566406250000000 0.4165205623236100
1.0567187499999999 0.4165274012674515
1.0567968750000001 0.4165343267753437
1.0568750000000000 0.4165411666801488
1.0569531249999999 0.4165480912702608
1.0570312500000001 0.4165549321176499
1.0571093750000000 0.4165618558082117
1.0571874999999999 0.4165686975800891
1.0572656250000001 0.4165756203890476
1.0573437500000000 0.4165824630676000
1.0574218750000000 0.4165893850126203
1.0575000000000001 0.4165962285803159
1.0575781250000000 0.4166031496787818
1.0576562500000000 0.4166099941183690
1.0577343750000001 0.4166169143873855
1.0578125000000000 0.4166237596818907
1.0578906250000000 0.4166306791382853
1.0579687500000001 0.4166375252710121
1.0580468750000001 0.4166444439313358
1.0581250000000000 0.4166512908858631
1.0582031249999999 0.4166582087663926
1.0582812500000001 0.4166650565265726
1.0583593750000000 0.4166719736433123
1.0584374999999999 0.4166788221932686
1.0585156250000001 0.4166857385619525
1.0585937500000000 0.4166925878860783
1.0586718749999999 0.4166995035221714
1.0587500000000001 0.4167063536051277
1.0588281250000000 0.4167132685238291
1.0589062499999999 0.4167201193505418
1.0589843750000001 0.4167270335667861
1.0590625000000000 0.4167338851224441
1.0591406249999999 0.4167407986509046
1.0592187500000001 0.4167476509209573
1.0592968750000000 0.4167545637760477
1.0593750000000000 0.4167614167462022
1.0594531250000001 0.4167683289420805
1.0595312500000000 0.4167751825982985
1.0596093750000000 0.4167820941488687
1.0596875000000001 0.4167889484773648
1.0597656250000000 0.4167958593962799
1.0598437500000000 0.4168027143835180
1.0599218750000001 0.4168096246841829
1.0600000000000001 0.4168164803168736
1.0600781250000000 0.4168233900124483
1.0601562499999999 0.4168302462775454
1.0602343750000001 0.4168371553809479
1.0603125000000000 0.4168440122656457
1.0603906249999999 0.4168509207895555
1.0604687500000001 0.4168577782812850
1.0605468750000000 0.4168646862381465
1.0606249999999999 0.4168715443245725
1.0607031250000001 0.4168784517265975
1.0607812500000000 0.4168853103956159
1.0608593749999999 0.4168922172547870
1.0609375000000001 0.4168990764945206
1.0610156250000000 0.4169059828225954
1.0610937499999999 0.4169128426213910
1.0611718750000001 0.4169197484299045
1.0612500000000000 0.4169266087763291
1.0613281250000000 0.4169335140765981
1.0614062500000001 0.4169403749594358
1.0614843750000000 0.4169472797625613
1.0615625000000000 0.4169541411708100
1.0616406250000001 0.4169610454876811
1.0617187500000000 0.4169679074105488
1.0617968750000000 0.4169748112518468
1.0618750000000001 0.4169816736787478
1.0619531250000001 0.4169885770549485
1.0620312500000000 0.4169954399755006
1.0621093749999999 0.4170023428968785
1.0621875000000001 0.4170092063008997
1.0622656250000000 0.4170161087775308
1.0623437499999999 0.4170229726550349
1.0624218750000001 0.4170298746968010
1.0625000000000000 0.4170367390379952
1.0625781249999999 0.4170436406545863
1.0626562500000001 0.4170505054498677
1.0627343750000000 0.4170574066507857
1.0628124999999999 0.4170642718907376
1.0628906250000001 0.4170711726852999
1.0629687500000000 0.4170780383606886
1.0630468749999999 0.4170849387580310
1.0631250000000001 0.4170918048598031
1.0632031250000000 0.4170987048688827
1.0632812500000000 0.4171055713881616
1.0633593750000001 0.4171124710177606
1.0634375000000000 0.4171193379458429
1.0635156250000000 0.4171262372045716
1.0635937500000001 0.4171331045329246
1.0636718750000000 0.4171400034292241
1.0637500000000000 0.4171468711494826
1.0638281250000001 0.4171537696916282
1.0639062500000001 0.4171606377955913
1.0639843750000000 0.4171675359916954
1.0640624999999999 0.4171744044713236
1.0641406250000001 0.4171813023293386
1.0642187500000000 0.4171881711767509
1.0642968749999999 0.4171950687044723
1.0643750000000001 0.4172019379119435
1.0644531250000000 0.4172088351170122
1.0645312499999999 0.4172157046769703
1.0646093750000001 0.4172226015668754
1.0646875000000000 0.4172294714718980
1.0647656249999999 0.4172363680539806
1.0648437500000001 0.4172432382967929
1.0649218750000000 0.4172501345782477
1.0649999999999999 0.4172570051517197
1.0650781250000001 0.4172639011395978
1.0651562500000000 0.4172707720367416
1.0652343750000000 0.4172776677379532
1.0653125000000001 0.4172845389519211
1.0653906250000000 0.4172914343732377
1.0654687500000000 0.4172983058973187
1.0655468750000001 0.4173052010453763
1.0656250000000000 0.4173120728729940
1.0657031250000000 0.4173189677542955
1.0657812500000001 0.4173258398790053
1.0658593750000001 0.4173327344999224
1.0659375000000000 0.4173396069154102
1.0660156249999999 0.4173465012821856
1.0660937500000001 0.4173533739822643
1.0661718750000000 0.4173602681010148
1.0662499999999999 0.4173671410796227
1.0663281250000001 0.4173740349563409
1.0664062500000000 0.4173809082075395
1.0664843749999999 0.4173878018480957
1.0665625000000001 0.4173946753660672
1.0666406250000000 0.4174015687762125
1.0667187499999999 0.4174084425552573
1.0667968750000001 0.4174153357406250
1.0668750000000000 0.4174222097751606
1.0669531249999999 0.4174291027412686
1.0670312500000001 0.4174359770258266
1.0671093750000000 0.4174428697780794
1.0671875000000000 0.4174497443073036
1.0672656250000001 0.4174566368509948
1.0673437500000000 0.4174635116196396
1.0674218750000000 0.4174704039599528
1.0675000000000001 0.4174772789628806
1.0675781250000000 0.4174841711048927
1.0676562500000000 0.4174910463370724
1.0677343750000001 0.4174979382857545
1.0678125000000001 0.4175048137422596
1.0678906250000000 0.4175117055024796
1.0679687500000001 0.4175185811784856
1.0680468750000001 0.4175254727550098
1.0681250000000000 0.4175323486457934
1.0682031249999999 0.4175392400432882
1.0682812500000001 0.4175461161442247
1.0683593750000000 0.4175530073672586
1.0684374999999999 0.4175598836738206
1.0685156250000001 0.4175667747268657
1.0685937500000000 0.4175736512346209
1.0686718749999999 0.4175805421220551
1.0687500000000001 0.4175874188266648
1.0688281250000000 0.4175943095527735
1.0689062499999999 0.4176011864499909
1.0689843750000001 0.4176080770189681
1.0690625000000000 0.4176149541046364
1.0691406250000000 0.4176218445205870
1.0692187500000001 0.4176287217906380
1.0692968750000000 0.4176356120575793
1.0693750000000000 0.4176424895080316
1.0694531250000001 0.4176493796298947
1.0695312500000000 0.4176562572568524
1.0696093750000000 0.4176631472374839
1.0696875000000001 0.4176700250371345
1.0697656250000001 0.4176769148802981
1.0698437500000000 0.4176837928489115
1.0699218750000001 0.4176906825582895
1.0700000000000001 0.4176975606922161
1.0700781250000000 0.4177044502714111
1.0701562499999999 0.4177113285670802
1.0702343750000001 0.4177182180196165
1.0703125000000000 0.4177250964735351
1.0703906249999999 0.4177319858028599
1.0704687500000001 0.4177388644116114
1.0705468750000000 0.4177457536210967
1.0706249999999999 0.4177526323813387
1.0707031250000001 0.4177595214742825
1.0707812500000000 0.4177664003827464
1.0708593749999999 0.4177732893623738
1.0709375000000001 0.4177801684158627
1.0710156250000000 0.4177870572853278
1.0710937500000000 0.4177939364807156
1.0711718750000001 0.4178008252431025
1.0712500000000000 0.4178077045773319
1.0713281250000000 0.4178145932356563
1.0714062500000001 0.4178214727057380
1.0714843750000000 0.4178283612629486
1.0715625000000000 0.4178352408659596
1.0716406250000001 0.4178421293249391
1.0717187500000001 0.4178490090580221
1.0717968750000000 0.4178558974215882
1.0718750000000001 0.4178627772819498
1.0719531250000001 0.4178696655528573
1.0720312500000000 0.4178765455377663
1.0721093749999999 0.4178834337187080
1.0721875000000001 0.4178903138254953
1.0722656250000000 0.4178972019191025
1.0723437499999999 0.4179040821451592
1.0724218750000001 0.4179109701540037
1.0725000000000000 0.4179178504967803
1.0725781249999999 0.4179247384233752
1.0726562500000001 0.4179316188803799
1.0727343750000000 0.4179385067271811
1.0728124999999999 0.4179453872959789
1.0728906250000001 0.4179522750653861
1.0729687500000000 0.4179591557435976
1.0730468750000000 0.4179660434379555
1.0731250000000001 0.4179729242232559
1.0732031250000000 0.4179798118448548
1.0732812500000000 0.4179866927349732
1.0733593750000001 0.4179935802860506
1.0734375000000000 0.4180004612787681
1.0735156250000000 0.4180073487615095
1.0735937500000001 0.4180142298546587
1.0736718750000001 0.4180211172711989
1.0737500000000000 0.4180279984626628
1.0738281250000001 0.4180348858150869
1.0739062500000001 0.4180417671027976
1.0739843750000000 0.4180486543931416
1.0740624999999999 0.4180555357750796
1.0741406250000001 0.4180624230053322
1.0742187500000000 0.4180693044795250
1.0742968749999999 0.4180761916516278
1.0743750000000001 0.4180830732161497
1.0744531250000000 0.4180899603319984
1.0745312499999999 0.4180968419849686
1.0746093750000001 0.4181037290464145
1.0746875000000000 0.4181106107859967
1.0747656249999999 0.4181174977948466
1.0748437500000001 0.4181243796192481
1.0749218750000000 0.4181312665772662
1.0750000000000000 0.4181381484847368
1.0750781250000001 0.4181450353936449
1.0751562500000000 0.4181519173824760
1.0752343750000000 0.4181588042439549
1.0753125000000001 0.4181656863124787
1.0753906250000000 0.4181725731281689
1.0754687500000000 0.4181794552747574
1.0755468750000001 0.4181863420462597
1.0756250000000001 0.4181932242693244
1.0757031250000000 0.4182001109982010
1.0757812500000001 0.4182069932961910
1.0758593750000001 0.4182138799839666
1.0759375000000000 0.4182207623553685
1.0760156249999999 0.4182276490035309
1.0760937500000001 0.4182345314468680
1.0761718750000000 0.4182414180568684
1.0762499999999999 0.4182483005706997
1.0763281250000001 0.4182551871439543
1.0764062500000000 0.4182620697268737
1.0764843749999999 0.4182689562647640
1.0765625000000001 0.4182758389153999
1.0766406250000000 0.4182827254192734
1.0767187499999999 0.4182896081362873
1.0767968750000001 0.4182964946074588
1.0768750000000000 0.4183033773895450
1.0769531250000000 0.4183102638292967
1.0770312500000001 0.4183171466751816
1.0771093750000000 0.4183240330847642
1.0771875000000000 0.4183309159932052
1.0772656250000001 0.4183378023738384
1.0773437500000000 0.4183446853436235
1.0774218750000000 0.4183515716964973
1.0775000000000001 0.4183584547264443
1.0775781250000001 0.4183653410527184
1.0776562500000000 0.4183722241416748
1.0777343750000001 0.4183791104424804
1.0778125000000001 0.4183859935893218
1.0778906250000000 0.4183928798657620
1.0779687499999999 0.4183997630693916
1.0780468750000001 0.4184066493225421
1.0781250000000000 0.4184135325818906
1.0782031249999999 0.4184204188128001
1.0782812500000001 0.4184273021268249
1.0783593750000000 0.4184341883365153
1.0784374999999999 0.4184410717041998
1.0785156250000001 0.4184479578936678
1.0785937500000000 0.4184548413140206
1.0786718749999999 0.4184617274842380
1.0787500000000001 0.4184686109562924
1.0788281250000000 0.4184754971082064
1.0789062500000000 0.4184823806310200
1.0789843750000001 0.4184892667655535
1.0790625000000000 0.4184961503382076
1.0791406250000000 0.4185030364562607
1.0792187500000001 0.4185099200778596
1.0792968750000000 0.4185168061803092
1.0793750000000000 0.4185236898499797
1.0794531250000001 0.4185305759376806
1.0795312500000001 0.4185374596545717
1.0796093750000000 0.4185443457283567
1.0796875000000001 0.4185512294916389
1.0797656250000001 0.4185581155523199
1.0798437500000000 0.4185649993611844
1.0799218749999999 0.4185718854095523
1.0800000000000001 0.4185787692632111
1.0800781250000000 0.4185856553000366
1.0801562499999999 0.4185925391977218
1.0802343750000001 0.4185994252237558
1.0803125000000000 0.4186063091647187
1.0803906249999999 0.4186131951806930
1.0804687500000001 0.4186200791642040
1.0805468750000000 0.4186269651708315
1.0806249999999999 0.4186338491961796
1.0807031250000001 0.4186407351941546
1.0807812500000000 0.4186476192606475
1.0808593750000000 0.4186545052506463
1.0809375000000001 0.4186613893576091
1.0810156250000000 0.4186682753402906
1.0810937500000000 0.4186751594870656
1.0811718750000001 0.4186820454630717
1.0812500000000000 0.4186889296490180
1.0813281250000000 0.4186958156189741
1.0814062500000001 0.4187026998434676
1.0814843750000001 0.4187095858079820
1.0815625000000000 0.4187164700704148
1.0816406250000001 0.4187233560300804
1.0817187500000001 0.4187302403298603
1.0817968750000000 0.4187371262852547
1.0818749999999999 0.4187440106218042
1.0819531250000001 0.4187508965734895
1.0820312500000000 0.4187577809462467
1.0821093749999999 0.4187646668947704
1.0821875000000001 0.4187715513031881
1.0822656250000000 0.4187784372490828
1.0823437499999999 0.4187853216926280
1.0824218750000001 0.4187922076364124
1.0825000000000000 0.4187990921145661
1.0825781249999999 0.4188059780567450
1.0826562500000001 0.4188128625690019
1.0827343750000000 0.4188197485100668
1.0828125000000000 0.4188266330559346
1.0828906250000001 0.4188335189963638
1.0829687500000000 0.4188404035753636
1.0830468750000000 0.4188472895156226
1.0831250000000001 0.4188541741272876
1.0832031250000000 0.4188610600678294
1.0832812500000000 0.4188679447117057
1.0833593750000001 0.4188748306529711
1.0834375000000001 0.4188817153286166
1.0835156250000000 0.4188886012710341
1.0835937500000001 0.4188954859780189
1.0836718750000001 0.4189023719220057
1.0837500000000000 0.4189092566599110
1.0838281249999999 0.4189161426058727
1.0839062500000001 0.4189230273742912
1.0839843750000000 0.4189299133226226
1.0840624999999999 0.4189367981211575
1.0841406250000001 0.4189436840722425
1.0842187500000000 0.4189505689005082
1.0842968749999999 0.4189574548547198
1.0843750000000001 0.4189643397123412
1.0844531250000000 0.4189712256700422
1.0845312499999999 0.4189781105566542
1.0846093750000001 0.4189849965181975
1.0846875000000000 0.4189918814334450
1.0847656250000000 0.4189987673991732
1.0848437500000001 0.4190056523427111
1.0849218750000000 0.4190125383129577
1.0850000000000000 0.4190194232844499
1.0850781250000001 0.4190263092595388
1.0851562500000000 0.4190331942586589
1.0852343750000000 0.4190400802389044
1.0853125000000001 0.4190469652653352
1.0853906250000001 0.4190538512510433
1.0854687500000000 0.4190607363044760
1.0855468750000001 0.4190676222959436
1.0856250000000001 0.4190745073760780
1.0857031250000000 0.4190813933735940
1.0857812499999999 0.4190882784801385
1.0858593750000001 0.4190951644839830
1.0859375000000000 0.4191020496166541
1.0860156249999999 0.4191089356270993
1.0860937500000001 0.4191158207856215
1.0861718750000000 0.4191227068029317
1.0862499999999999 0.4191295919870375
1.0863281250000001 0.4191364780114691
1.0864062500000000 0.4191433632208985
1.0864843749999999 0.4191502492527007
1.0865625000000001 0.4191571344872008
1.0866406250000000 0.4191640205266153
1.0867187500000000 0.4191709057859409
1.0867968750000001 0.4191777918332023
1.0868750000000000 0.4191846771171148
1.0869531250000000 0.4191915631724510
1.0870312500000001 0.4191984484807190
1.0871093750000000 0.4192053345443504
1.0871875000000000 0.4192122198767493
1.0872656250000001 0.4192191059488904
1.0873437500000001 0.4192259913052019
1.0874218750000000 0.4192328773860603
1.0875000000000001 0.4192397627660725
1.0875781250000001 0.4192466488558499
1.0876562500000000 0.4192535342593570
1.0877343749999999 0.4192604203582488
1.0878125000000001 0.4192673057850513
1.0878906250000000 0.4192741918932468
1.0879687499999999 0.4192810773431507
1.0880468750000001 0.4192879634608338
1.0881250000000000 0.4192948489336510
1.0882031249999999 0.4193017350609999
1.0882812500000001 0.4193086205565477
1.0883593750000000 0.4193155066937347
1.0884374999999999 0.4193223922118364
1.0885156250000001 0.4193292783590286
1.0885937500000000 0.4193361638995122
1.0886718750000000 0.4193430500568717
1.0887500000000001 0.4193499356195705
1.0888281250000000 0.4193568217872542
1.0889062500000000 0.4193637073720066
1.0889843750000001 0.4193705935501663
1.0890625000000000 0.4193774791568158
1.0891406250000000 0.4193843653455986
1.0892187500000001 0.4193912509739929
1.0892968750000001 0.4193981371735414
1.0893750000000000 0.4194050228235333
1.0894531250000001 0.4194119090339850
1.0895312500000001 0.4194187947054319
1.0896093750000000 0.4194256809269203
1.0896874999999999 0.4194325666196833
1.0897656250000001 0.4194394528523378
1.0898437500000000 0.4194463385662826
1.0899218749999999 0.4194532248102282
1.0900000000000001 0.4194601105452245
1.0900781250000000 0.4194669968005822
1.0901562499999999 0.4194738825565039
1.0902343750000001 0.4194807688233907
1.0903125000000000 0.4194876546001154
1.0903906249999999 0.4194945408786444
1.0904687500000001 0.4195014266760534
1.0905468750000000 0.4195083129663344
1.0906250000000000 0.4195151987843130
1.0907031250000001 0.4195220850864514
1.0907812500000000 0.4195289709248884
1.0908593750000000 0.4195358572389867
1.0909375000000001 0.4195427430977742
1.0910156250000000 0.4195496294239313
1.0910937500000000 0.4195565153029647
1.0911718750000001 0.4195634016412761
1.0912500000000001 0.4195702875404545
1.0913281250000000 0.4195771738910126
1.0914062500000001 0.4195840598102378
1.0914843750000001 0.4195909461731317
1.0915625000000000 0.4195978321123091
1.0916406249999999 0.4196047184876248
1.0917187500000001 0.4196116044466623
1.0917968750000000 0.4196184908344833
1.0918749999999999 0.4196253768132919
1.0919531250000001 0.4196322632136984
1.0920312500000000 0.4196391492121920
1.0921093749999999 0.4196460356252615
1.0921875000000001 0.4196529216433566
1.0922656250000000 0.4196598080691643
1.0923437499999999 0.4196666941067800
1.0924218750000001 0.4196735805453978
1.0925000000000000 0.4196804666024562
1.0925781250000000 0.4196873530539537
1.0926562500000001 0.4196942391303792
1.0927343750000000 0.4197011255948238
1.0928125000000000 0.4197080116905430
1.0928906250000001 0.4197148981679995
1.0929687500000000 0.4197217842829415
1.0930468750000000 0.4197286707734723
1.0931250000000001 0.4197355569075686
1.0932031250000001 0.4197424434112341
1.0932812500000000 0.4197493295644182
1.0933593750000001 0.4197562160812766
1.0934375000000001 0.4197631022534840
1.0935156250000000 0.4197699887835915
1.0935937499999999 0.4197768749747601
1.0936718750000001 0.4197837615181704
1.0937500000000000 0.4197906477282400
1.0938281249999999 0.4197975342850053
1.0939062500000001 0.4198044205139175
1.0939843750000000 0.4198113070840879
1.0940624999999999 0.4198181933317867
1.0941406250000001 0.4198250799154101
1.0942187500000000 0.4198319661818409
1.0942968749999999 0.4198388527789638
1.0943750000000001 0.4198457390640739
1.0944531250000000 0.4198526256747409
1.0945312500000000 0.4198595119784793
1.0946093750000001 0.4198663986027333
1.0946875000000000 0.4198732849250507
1.0947656250000000 0.4198801715629332
1.0948437500000001 0.4198870579037819
1.0949218750000000 0.4198939445553320
1.0950000000000000 0.4199008309146662
1.0950781250000001 0.4199077175799227
1.0951562500000001 0.4199146039576973
1.0952343750000000 0.4199214906366965
1.0953125000000001 0.4199283770328687
1.0953906250000001 0.4199352637256458
1.0954687500000000 0.4199421501401738
1.0955468749999999 0.4199490368467627
1.0956250000000001 0.4199559232796061
1.0957031250000000 0.4199628100000394
1.0957812499999999 0.4199696964511591
1.0958593750000001 0.4199765831854679
1.0959375000000000 0.4199834696548264
1.0960156249999999 0.4199903564030404
1.0960937500000001 0.4199972428906012
1.0961718750000000 0.4200041296527490
1.0962499999999999 0.4200110161584769
1.0963281250000001 0.4200179029345861
1.0964062500000000 0.4200247894584472
1.0964843750000000 0.4200316762485437
1.0965625000000001 0.4200385627905051
1.0966406250000000 0.4200454495946141
1.0967187500000000 0.4200523361546440
1.0967968750000001 0.4200592229727897
1.0968750000000000 0.4200661095508573
1.0969531250000000 0.4200729963830629
1.0970312500000001 0.4200798829791382
1.0971093750000001 0.4200867698254258
1.0971875000000000 0.4200936564394803
1.0972656250000001 0.4201005432998707
1.0973437500000001 0.4201074299318766
1.0974218750000000 0.4201143168063902
1.0974999999999999 0.4201212034563204
1.0975781250000001 0.4201280903449763
1.0976562500000000 0.4201349770128051
1.0977343749999999 0.4201418639156214
1.0978125000000001 0.4201487506013237
1.0978906250000000 0.4201556375183182
1.0979687499999999 0.4201625242218697
1.0980468750000001 0.4201694111530589
1.0981250000000000 0.4201762978744360
1.0982031249999999 0.4201831848198359
1.0982812500000001 0.4201900715590161
1.0983593750000000 0.4201969585186416
1.0984375000000000 0.4202038452756030
1.0985156250000001 0.4202107322494684
1.0985937500000000 0.4202176190241899
1.0986718750000000 0.4202245060123093
1.0987500000000001 0.4202313928047698
1.0988281250000000 0.4202382798071562
1.0989062500000000 0.4202451666173363
1.0989843750000001 0.4202520536340015
1.0990625000000001 0.4202589404618823
1.0991406250000000 0.4202658274928381
1.0992187500000001 0.4202727143384007
1.0992968750000001 0.4202796013836585
1.0993750000000000 0.4202864882468849
1.0994531249999999 0.4202933753064548
1.0995312500000001 0.4203002621873281
1.0996093750000000 0.4203071492612198
1.0996874999999999 0.4203140361597230
1.0997656250000001 0.4203209232479462
1.0998437500000000 0.4203278101640630
1.0999218749999999 0.4203346972666262
1.1000000000000001 0.4203415842003412
1.1000781250000000 0.4203484713172527
1.1001562499999999 0.4203553582685505
1.1002343750000001 0.4203622453998183
1.1003125000000000 0.4203691323686840
1.1003906250000000 0.4203760195143152
1.1004687500000001 0.4203829065007349
1.1005468750000000 0.4203897936607364
1.1006250000000000 0.4203966806646960
1.1007031250000001 0.4204035678390743
1.1007812500000000 0.4204104548605605
1.1008593750000000 0.4204173420493218
1.1009375000000001 0.4204242290883213
1.1010156250000001 0.4204311162914713
1.1010937500000000 0.4204380033479716
1.1011718750000001 0.4204448905655154
1.1012500000000001 0.4204517776395044
1.1013281250000000 0.4204586648714467
1.1014062499999999 0.4204655519629127
1.1014843750000001 0.4204724392092579
1.1015625000000000 0.4204793263181894
1.1016406249999999 0.4204862135789418
1.1017187500000001 0.4204931007053276
1.1017968750000000 0.4204999879804910
1.1018749999999999 0.4205068751243203
1.1019531250000001 0.4205137624138981
1.1020312500000000 0.4205206495751604
1.1021093749999999 0.4205275368791558
1.1021875000000001 0.4205344240578412
1.1022656250000000 0.4205413113762568
1.1023437500000000 0.4205481985723551
1.1024218750000001 0.4205550859051939
1.1025000000000000 0.4205619731186955
1.1025781250000000 0.4205688604659599
1.1026562500000001 0.4205757476968552
1.1027343750000000 0.4205826350585472
1.1028125000000000 0.4205895223068272
1.1028906250000001 0.4205964096829488
1.1029687500000001 0.4206032969486044
1.1030468750000000 0.4206101843391574
1.1031250000000001 0.4206170716221799
1.1032031250000001 0.4206239590271656
1.1032812500000000 0.4206308463275463
1.1033593749999999 0.4206377337469662
1.1034375000000001 0.4206446210646969
1.1035156250000000 0.4206515084985520
1.1035937499999999 0.4206583958336246
1.1036718750000001 0.4206652832819157
1.1037500000000000 0.4206721706343221
1.1038281249999999 0.4206790580970502
1.1039062500000001 0.4206859454667826
1.1039843750000000 0.4206928329439479
1.1040624999999999 0.4206997203309989
1.1041406250000001 0.4207066078226018
1.1042187500000000 0.4207134952269642
1.1042968750000000 0.4207203827330047
1.1043750000000001 0.4207272701546711
1.1044531250000000 0.4207341576751492
1.1045312500000000 0.4207410451141125
1.1046093750000001 0.4207479326490284
1.1046875000000000 0.4207548201052814
1.1047656250000000 0.4207617076546349
1.1048437500000001 0.4207685951281708
1.1049218750000001 0.4207754826919615
1.1050000000000000 0.4207823701827735
1.1050781250000001 0.4207892577610010
1.1051562500000001 0.4207961452690824
1.1052343750000000 0.4208030328617463
1.1053124999999999 0.4208099203870904
1.1053906250000001 0.4208168079941901
1.1054687500000000 0.4208236955367905
1.1055468749999999 0.4208305831583253
1.1056250000000001 0.4208374707181755
1.1057031250000000 0.4208443583541446
1.1057812499999999 0.4208512459312383
1.1058593750000001 0.4208581335816410
1.1059375000000000 0.4208650211759717
1.1060156249999999 0.4208719088408074
1.1060937500000001 0.4208787964523689
1.1061718750000000 0.4208856841316362
1.1062500000000000 0.4208925717604227
1.1063281250000001 0.4208994594541205
1.1064062500000000 0.4209063471001258
1.1064843750000000 0.4209132348082531
1.1065625000000001 0.4209201224714712
1.1066406250000000 0.4209270101940270
1.1067187500000000 0.4209338978744517
1.1067968750000001 0.4209407856114347
1.1068750000000001 0.4209476733090604
1.1069531250000000 0.4209545610604693
1.1070312500000001 0.4209614487752900
1.1071093750000001 0.4209683365411236
1.1071875000000000 0.4209752242731334
1.1072656249999999 0.4209821120533904
1.1073437500000001 0.4209889998025835
1.1074218750000000 0.4209958875972628
1.1074999999999999 0.4210027753636332
1.1075781250000001 0.4210096631727334
1.1076562500000000 0.4210165509562753
1.1077343749999999 0.4210234387797950
1.1078125000000001 0.4210303265805027
1.1078906250000000 0.4210372144184408
1.1079687499999999 0.4210441022363084
1.1080468750000001 0.4210509900886634
1.1081250000000000 0.4210578779236853
1.1082031250000000 0.4210647657904555
1.1082812500000001 0.4210716536426260
1.1083593750000000 0.4210785415238106
1.1084375000000000 0.4210854293931235
1.1085156250000001 0.4210923172887211
1.1085937500000000 0.4210992051751706
1.1086718750000000 0.4211060930851802
1.1087500000000001 0.4211129809887604
1.1088281250000001 0.4211198689131802
1.1089062500000000 0.4211267568338857
1.1089843750000001 0.4211336447727144
1.1090625000000001 0.4211405327105392
1.1091406250000000 0.4211474206637758
1.1092187499999999 0.4211543086187141
1.1092968750000001 0.4211611965863569
1.1093750000000000 0.4211680845584030
1.1094531249999999 0.4211749725404509
1.1095312500000001 0.4211818605295987
1.1096093750000000 0.4211887485260506
1.1096874999999999 0.4211956365322943
1.1097656250000001 0.4212025245431490
1.1098437500000000 0.4212094125664824
1.1099218749999999 0.4212163005917389
1.1100000000000001 0.4212231886321562
1.1100781250000000 0.4212300766718133
1.1101562500000000 0.4212369647293083
1.1102343750000001 0.4212438527833650
1.1103125000000000 0.4212507408579317
1.1103906250000000 0.4212576289263869
1.1104687500000001 0.4212645170180191
1.1105468750000000 0.4212714051008720
1.1106250000000000 0.4212782932095636
1.1107031250000001 0.4212851813068131
1.1107812500000001 0.4212920694325579
1.1108593750000000 0.4212989575442032
1.1109375000000001 0.4213058456869951
1.1110156250000001 0.4213127338130351
1.1110937500000000 0.4213196219728678
1.1111718749999999 0.4213265101133017
1.1112500000000001 0.4213333982901690
1.1113281250000000 0.4213402864449961
1.1114062499999999 0.4213471746388915
1.1114843750000001 0.4213540628081111
1.1115625000000000 0.4213609510190283
1.1116406249999999 0.4213678392026395
1.1117187500000001 0.4213747274305722
1.1117968750000000 0.4213816156285746
1.1118749999999999 0.4213885038735160
1.1119531250000001 0.4213953920859089
1.1120312500000000 0.4214022803478526
1.1121093750000000 0.4214091685746356
1.1121875000000001 0.4214160568535750
1.1122656250000000 0.4214229450947474
1.1123437500000000 0.4214298333906760
1.1124218750000001 0.4214367216462372
1.1125000000000000 0.4214436099591483
1.1125781250000000 0.4214504982290984
1.1126562500000001 0.4214573865589848
1.1127343750000001 0.4214642748433237
1.1128125000000000 0.4214711631901786
1.1128906250000001 0.4214780514889057
1.1129687500000001 0.4214849398527225
1.1130468750000000 0.4214918281658377
1.1131249999999999 0.4214987165466091
1.1132031250000001 0.4215056048741126
1.1132812500000000 0.4215124932718317
1.1133593749999999 0.4215193816137232
1.1134375000000001 0.4215262700283829
1.1135156250000000 0.4215331583846624
1.1135937499999999 0.4215400468162556
1.1136718750000001 0.4215469351869234
1.1137500000000000 0.4215538236354429
1.1138281249999999 0.4215607120204987
1.1139062500000001 0.4215676004859374
1.1139843750000000 0.4215744888853818
1.1140625000000000 0.4215813773677319
1.1141406250000001 0.4215882657815654
1.1142187500000000 0.4215951542808195
1.1142968750000000 0.4216020427090423
1.1143750000000001 0.4216089312251931
1.1144531250000000 0.4216158196678055
1.1145312500000000 0.4216227082008454
1.1146093750000001 0.4216295966578481
1.1146875000000001 0.4216364852077695
1.1147656250000000 0.4216433736791630
1.1148437500000001 0.4216502622459581
1.1149218750000001 0.4216571507317430
1.1150000000000000 0.4216640393154040
1.1150781249999999 0.4216709278155814
1.1151562500000001 0.4216778164161004
1.1152343750000000 0.4216847049306706
1.1153124999999999 0.4216915935480399
1.1153906250000001 0.4216984820770041
1.1154687500000000 0.4217053707112154
1.1155468749999999 0.4217122592545745
1.1156250000000001 0.4217191479056200
1.1157031250000000 0.4217260364633748
1.1157812499999999 0.4217329251312465
1.1158593750000001 0.4217398137033981
1.1159375000000000 0.4217467023880875
1.1160156250000000 0.4217535909746374
1.1160937500000001 0.4217604796761362
1.1161718750000000 0.4217673682770856
1.1162500000000000 0.4217742569953853
1.1163281250000001 0.4217811456107354
1.1164062500000000 0.4217880343458278
1.1164843750000000 0.4217949229755802
1.1165625000000001 0.4218018117274566
1.1166406250000001 0.4218087003716126
1.1167187500000000 0.4218155891402646
1.1167968750000001 0.4218224777988256
1.1168750000000001 0.4218293665842446
1.1169531250000000 0.4218362552572124
1.1170312499999999 0.4218431440593896
1.1171093750000001 0.4218500327467657
1.1171875000000000 0.4218569215656924
1.1172656249999999 0.4218638102674784
1.1173437500000001 0.4218706991031461
1.1174218750000000 0.4218775878193439
1.1174999999999999 0.4218844766717432
1.1175781250000001 0.4218913654023548
1.1176562500000000 0.4218982542714769
1.1177343749999999 0.4219051430165043
1.1178125000000001 0.4219120319023401
1.1178906250000000 0.4219189206617852
1.1179687500000000 0.4219258095643255
1.1180468750000001 0.4219326983381906
1.1181250000000000 0.4219395872574262
1.1182031250000000 0.4219464760457132
1.1182812500000001 0.4219533649816349
1.1183593750000000 0.4219602537843463
1.1184375000000000 0.4219671427369447
1.1185156250000001 0.4219740315540827
1.1185937500000001 0.4219809205233483
1.1186718750000000 0.4219878093549155
1.1187500000000001 0.4219946983408388
1.1188281250000001 0.4220015871868376
1.1189062500000000 0.4220084761894089
1.1189843749999999 0.4220153650498419
1.1190625000000001 0.4220222540690517
1.1191406250000000 0.4220291429439215
1.1192187499999999 0.4220360319797600
1.1192968750000001 0.4220429208690695
1.1193750000000000 0.4220498099215266
1.1194531249999999 0.4220566988252786
1.1195312500000001 0.4220635878943446
1.1196093750000000 0.4220704768125417
1.1196874999999999 0.4220773658982070
1.1197656250000001 0.4220842548308521
1.1198437500000000 0.4220911439331063
1.1199218750000000 0.4220980328802025
1.1200000000000001 0.4221049219990359
1.1200781250000000 0.4221118109605861
1.1201562500000000 0.4221187000959883
1.1202343750000001 0.4221255890719960
1.1203125000000000 0.4221324782239565
1.1203906250000000 0.4221393672144248
1.1204687500000001 0.4221462563829336
1.1205468750000001 0.4221531453878656
1.1206250000000000 0.4221600345729125
1.1207031250000001 0.4221669235923116
1.1207812500000001 0.4221738127938859
1.1208593750000000 0.4221807018277557
1.1209374999999999 0.4221875910458467
1.1210156250000001 0.4221944800941910
1.1210937500000000 0.4222013693287879
1.1211718749999999 0.4222082583916102
1.1212500000000001 0.4222151476427028
1.1213281250000000 0.4222220367200062
1.1214062499999999 0.4222289259875839
1.1214843750000001 0.4222358150793724
1.1215625000000000 0.4222427043634242
1.1216406249999999 0.4222495934697014
1.1217187500000001 0.4222564827702167
1.1217968750000000 0.4222633718909865
1.1218750000000000 0.4222702612079542
1.1219531250000001 0.4222771503432205
1.1220312500000000 0.4222840396766297
1.1221093750000000 0.4222909288263966
1.1221875000000001 0.4222978181762361
1.1222656250000000 0.4223047073405074
1.1223437500000000 0.4223115967067663
1.1224218750000001 0.4223184858855464
1.1225000000000001 0.4223253752682133
1.1225781250000000 0.4223322644615062
1.1226562500000001 0.4223391538605699
1.1227343750000001 0.4223460430683801
1.1228125000000000 0.4223529324838292
1.1228906249999999 0.4223598217061608
1.1229687500000001 0.4223667111379839
1.1230468750000000 0.4223736003748414
1.1231249999999999 0.4223804898230273
1.1232031250000001 0.4223873790744149
1.1232812500000000 0.4223942685389521
1.1233593749999999 0.4224011578048744
1.1234375000000001 0.4224080472857513
1.1235156250000000 0.4224149365662127
1.1235937499999999 0.4224218260634175
1.1236718750000001 0.4224287153584231
1.1237500000000000 0.4224356048719440
1.1238281250000000 0.4224424941814984
1.1239062500000001 0.4224493837113238
1.1239843750000000 0.4224562730354318
1.1240625000000000 0.4224631625815497
1.1241406250000001 0.4224700519202160
1.1242187500000000 0.4224769414826145
1.1242968750000000 0.4224838308358440
1.1243750000000001 0.4224907204145114
1.1244531250000001 0.4224976097823090
1.1245312500000000 0.4225044993772332
1.1246093750000001 0.4225113887596040
1.1246875000000001 0.4225182783707728
1.1247656250000000 0.4225251677677218
1.1248437499999999 0.4225320573951233
1.1249218750000001 0.4225389468066556
1.1250000000000000 0.4225458364502777
1.1250781249999999 0.4225527258763983
1.1251562500000001 0.4225596155362286
1.1252343750000000 0.4225665049769430
1.1253124999999999 0.4225733946529693
1.1253906250000001 0.4225802841082825
1.1254687500000000 0.4225871738004927
1.1255468749999999 0.4225940632704100
1.1256250000000001 0.4226009529787916
1.1257031250000000 0.4226078424633186
1.1257812500000000 0.4226147321878592
1.1258593750000001 0.4226216216870010
1.1259375000000000 0.4226285114276883
1.1260156250000000 0.4226354009414504
1.1260937500000001 0.4226422906982716
1.1261718750000000 0.4226491802266598
1.1262500000000000 0.4226560699996024
1.1263281250000001 0.4226629595426222
1.1264062500000001 0.4226698493316735
1.1264843750000000 0.4226767388893306
1.1265625000000001 0.4226836286944781
1.1266406250000001 0.4226905182667780
1.1267187500000000 0.4226974080880090
1.1267968749999999 0.4227042976749573
1.1268750000000001 0.4227111875122592
1.1269531250000000 0.4227180771138618
1.1270312499999999 0.4227249669672215
1.1271093750000001 0.4227318565834842
1.1271875000000000 0.4227387464528892
1.1272656249999999 0.4227456360838177
1.1273437500000001 0.4227525259692549
1.1274218750000000 0.4227594156148551
1.1274999999999999 0.4227663055163118
1.1275781250000001 0.4227731951765897
1.1276562500000000 0.4227800850940529
1.1277343750000000 0.4227869747690143
1.1278125000000001 0.4227938647024712
1.1278906250000000 0.4228007543921217
1.1279687500000000 0.4228076443415595
1.1280468750000001 0.4228145340459054
1.1281250000000000 0.4228214240113109
1.1282031250000000 0.4228283137303582
1.1282812500000001 0.4228352037117183
1.1283593750000001 0.4228420934454731
1.1284375000000000 0.4228489834427748
1.1285156250000001 0.4228558731912430
1.1285937500000001 0.4228627632044732
1.1286718750000000 0.4228696529676610
1.1287499999999999 0.4228765429968067
1.1288281250000001 0.4228834327747201
1.1289062500000000 0.4228903228197683
1.1289843749999999 0.4228972126124134
1.1290625000000001 0.4229041026733509
1.1291406250000000 0.4229109924807338
1.1292187499999999 0.4229178825575473
1.1292968750000001 0.4229247723796743
1.1293750000000000 0.4229316624723509
1.1294531249999999 0.4229385523092278
1.1295312500000001 0.4229454424177543
1.1296093750000000 0.4229523322693877
1.1296875000000000 0.4229592223937508
1.1297656250000001 0.4229661122601467
1.1298437500000000 0.4229730024003332
1.1299218750000000 0.4229798922814979
1.1300000000000001 0.4229867824374946
1.1300781250000000 0.4229936723334342
1.1301562500000000 0.4230005625052281
1.1302343750000001 0.4230074524159487
1.1303125000000001 0.4230143426035265
1.1303906250000000 0.4230212325290345
1.1304687500000001 0.4230281227323828
1.1305468750000001 0.4230350126726847
1.1306250000000000 0.4230419028917902
1.1307031249999999 0.4230487928468920
1.1307812500000001 0.4230556830817414
1.1308593750000000 0.4230625730516495
1.1309374999999999 0.4230694633022298
1.1310156250000001 0.4230763532869504
1.1310937500000000 0.4230832435532483
1.1311718749999999 0.4230901335527873
1.1312500000000001 0.4230970238347899
1.1313281250000000 0.4231039138491536
1.1314062499999999 0.4231108041468474
1.1314843750000001 0.4231176941760422
1.1315625000000000 0.4231245844894141
1.1316406250000000 0.4231314745334461
1.1317187500000001 0.4231383648624828
1.1317968750000000 0.4231452549213584
1.1318750000000000 0.4231521452660467
1.1319531250000001 0.4231590353397718
1.1320312500000000 0.4231659257000987
1.1321093750000000 0.4231728157886798
1.1321875000000001 0.4231797061646319
1.1322656250000001 0.4231865962680751
1.1323437500000000 0.4231934866596392
1.1324218750000001 0.4232003767779509
1.1325000000000001 0.4232072671851138
1.1325781250000000 0.4232141573183000
1.1326562499999999 0.4232210477410486
1.1327343750000001 0.4232279378891154
1.1328125000000000 0.4232348283274367
1.1328906249999999 0.4232417184903903
1.1329687500000001 0.4232486089442714
1.1330468750000000 0.4232554991221175
1.1331249999999999 0.4232623895915452
1.1332031250000001 0.4232692797842902
1.1332812500000000 0.4232761702692514
1.1333593749999999 0.4232830604769015
1.1334375000000001 0.4232899509773831
1.1335156250000000 0.4232968411999440
1.1335937500000000 0.4233037317159334
1.1336718750000001 0.4233106219534110
1.1337500000000000 0.4233175124848951
1.1338281250000000 0.4233244027372956
1.1339062500000001 0.4233312932842614
1.1339843750000000 0.4233381835515906
1.1340625000000000 0.4233450741140253
1.1341406250000001 0.4233519643962892
1.1342187500000001 0.4233588549741800
1.1342968750000000 0.4233657452713844
1.1343750000000001 0.4233726358647183
1.1344531250000001 0.4233795261768689
1.1345312500000000 0.4233864167856334
1.1346093749999999 0.4233933071127362
1.1346875000000001 0.4234001977369182
1.1347656250000000 0.4234070880789791
1.1348437499999999 0.4234139787185660
1.1349218750000001 0.4234208690755905
1.1350000000000000 0.4234277597305696
1.1350781249999999 0.4234346501025635
1.1351562500000001 0.4234415407729221
1.1352343750000000 0.4234484311598913
1.1353124999999999 0.4234553218456167
1.1353906250000001 0.4234622122475667
1.1354687500000000 0.4234691029486465
1.1355468750000000 0.4234759933655828
1.1356250000000001 0.4234828840820042
1.1357031250000000 0.4234897745139325
1.1357812500000000 0.4234966652456833
1.1358593750000001 0.4235035556926091
1.1359375000000000 0.4235104464396764
1.1360156250000000 0.4235173369016054
1.1360937500000001 0.4235242276639771
1.1361718750000001 0.4235311181409144
1.1362500000000000 0.4235380089185780
1.1363281250000001 0.4235448994105293
1.1364062500000001 0.4235517902034724
1.1364843750000000 0.4235586807104429
1.1365624999999999 0.4235655715186533
1.1366406250000001 0.4235724620406486
1.1367187500000000 0.4235793528641137
1.1367968749999999 0.4235862434011389
1.1368750000000001 0.4235931342398468
1.1369531250000000 0.4236000247919073
1.1370312499999999 0.4236069156458457
1.1371093750000001 0.4236138062129465
1.1371875000000000 0.4236206970821034
1.1372656249999999 0.4236275876642497
1.1373437500000001 0.4236344785486127
1.1374218750000000 0.4236413691458100
1.1375000000000000 0.4236482600453670
1.1375781250000001 0.4236551506576204
1.1376562500000000 0.4236620415723593
1.1377343750000000 0.4236689321996737
1.1378125000000001 0.4236758231295829
1.1378906250000000 0.4236827137719629
1.1379687500000000 0.4236896047170304
1.1380468750000001 0.4236964953744815
1.1381250000000001 0.4237033863346953
1.1382031250000000 0.4237102770072220
1.1382812500000001 0.4237171679825705
1.1383593750000001 0.4237240586701777
1.1384375000000000 0.4237309496606491
1.1385156249999999 0.4237378403633416
1.1385937500000001 0.4237447313689241
1.1386718750000000 0.4237516220867067
1.1387499999999999 0.4237585131073887
1.1388281250000001 0.4237654038402662
1.1389062500000000 0.4237722948760357
1.1389843749999999 0.4237791856240130
1.1390625000000001 0.4237860766748585
1.1391406250000000 0.4237929674379403
1.1392187499999999 0.4237998585038500
1.1392968750000001 0.4238067492820407
1.1393750000000000 0.4238136403630036
1.1394531250000000 0.4238205311563076
1.1395312500000001 0.4238274222523121
1.1396093750000000 0.4238343130607339
1.1396875000000000 0.4238412041717686
1.1397656250000001 0.4238480949953128
1.1398437500000000 0.4238549861213662
1.1399218750000000 0.4238618769600372
1.1400000000000001 0.4238687681010980
1.1400781250000001 0.4238756589549002
1.1401562500000000 0.4238825501109573
1.1402343750000001 0.4238894409798948
1.1403125000000001 0.4238963321509369
1.1403906250000000 0.4239032230350142
1.1404687499999999 0.4239101142210301
1.1405468750000001 0.4239170051202512
1.1406250000000000 0.4239238963212300
1.1407031249999999 0.4239307872355989
1.1407812500000001 0.4239376784515294
1.1408593750000000 0.4239445693810505
1.1409374999999999 0.4239514606119216
1.1410156250000001 0.4239583515565989
1.1410937500000000 0.4239652428023996
1.1411718749999999 0.4239721337622373
1.1412500000000001 0.4239790250229565
1.1413281250000000 0.4239859159979587
1.1414062500000000 0.4239928072735854
1.1414843750000001 0.4239996982637562
1.1415625000000000 0.4240065895542794
1.1416406250000000 0.4240134805596227
1.1417187500000001 0.4240203718650319
1.1417968750000000 0.4240272628855513
1.1418750000000000 0.4240341542058357
1.1419531250000001 0.4240410452415349
1.1420312500000001 0.4240479365766839
1.1421093750000000 0.4240548276275669
1.1421875000000001 0.4240617189775698
1.1422656250000001 0.4240686100436400
1.1423437500000000 0.4240755014084863
1.1424218749999999 0.4240823924897474
1.1425000000000001 0.4240892838694265
1.1425781250000000 0.4240961749658824
1.1426562499999999 0.4241030663603836
1.1427343750000001 0.4241099574720378
1.1428125000000000 0.4241168488813507
1.1428906249999999 0.4241237400082066
1.1429687500000001 0.4241306314323209
1.1430468750000000 0.4241375225743819
1.1431249999999999 0.4241444140132873
1.1432031250000001 0.4241513051705568
1.1432812500000000 0.4241581966242433
1.1433593750000000 0.4241650877967243
1.1434375000000001 0.4241719792651814
1.1435156250000000 0.4241788704528777
1.1435937500000000 0.4241857619360949
1.1436718750000001 0.4241926531390099
1.1437500000000000 0.4241995446369772
1.1438281250000000 0.4242064358551141
1.1439062500000001 0.4242133273678211
1.1439843750000001 0.4242202186011830
1.1440625000000000 0.4242271101286201
1.1441406250000001 0.4242340013772098
1.1442187500000001 0.4242408929193670
1.1442968750000000 0.4242477841831879
1.1443749999999999 0.4242546757400549
1.1444531250000001 0.4242615670191101
1.1445312500000000 0.4242684585906771
1.1446093749999999 0.4242753498849694
1.1446875000000001 0.4242822414712266
1.1447656250000000 0.4242891327807589
1.1448437499999999 0.4242960243816966
1.1449218750000001 0.4243029157064717
1.1450000000000000 0.4243098073220801
1.1450781249999999 0.4243166986621010
1.1451562500000001 0.4243235902923705
1.1452343750000000 0.4243304816476396
1.1453125000000000 0.4243373732925605
1.1453906250000001 0.4243442646630808
1.1454687500000000 0.4243511563226435
1.1455468750000000 0.4243580477084177
1.1456250000000001 0.4243649393826125
1.1457031250000000 0.4243718307836432
1.1457812500000000 0.4243787224724608
1.1458593750000001 0.4243856138887503
1.1459375000000001 0.4243925055921813
1.1460156250000000 0.4243993970237324
1.1460937500000001 0.4244062887417673
1.1461718750000001 0.4244131801885823
1.1462500000000000 0.4244200719212119
1.1463281249999999 0.4244269633832931
1.1464062500000001 0.4244338551305083
1.1464843750000000 0.4244407466078578
1.1465624999999999 0.4244476383696495
1.1466406250000001 0.4244545298622697
1.1467187500000000 0.4244614216386287
1.1467968749999999 0.4244683131465219
1.1468750000000001 0.4244752049374388
1.1469531250000000 0.4244820964606074
1.1470312499999999 0.4244889882660733
1.1471093750000001 0.4244958798045191
1.1471875000000000 0.4245027716245251
1.1472656250000000 0.4245096631782503
1.1473437500000001 0.4245165550127876
1.1474218750000000 0.4245234465817939
1.1475000000000000 0.4245303384308536
1.1475781250000001 0.4245372300151430
1.1476562500000000 0.4245441218787164
1.1477343750000000 0.4245510134782910
1.1478125000000001 0.4245579053563692
1.1478906250000001 0.4245647969712305
1.1479687500000000 0.4245716888638050
1.1480468750000001 0.4245785804939550
1.1481250000000001 0.4245854724010169
1.1482031250000000 0.4245923640464573
1.1482812499999999 0.4245992559679984
1.1483593750000001 0.4246061476287306
1.1484375000000000 0.4246130395647423
1.1485156249999999 0.4246199312407679
1.1485937500000001 0.4246268231912417
1.1486718750000000 0.4246337148825624
1.1487499999999999 0.4246406068474901
1.1488281250000001 0.4246474985541071
1.1489062500000000 0.4246543905334803
1.1489843749999999 0.4246612822553952
1.1490625000000001 0.4246681742492054
1.1491406250000000 0.4246750659864198
1.1492187500000000 0.4246819579946590
1.1492968750000001 0.4246888497471738
1.1493750000000000 0.4246957417698339
1.1494531250000000 0.4247026335376504
1.1495312500000001 0.4247095255747234
1.1496093750000000 0.4247164173578426
1.1496875000000000 0.4247233094093207
1.1497656250000001 0.4247302012077436
1.1498437500000001 0.4247370932736188
1.1499218750000000 0.4247439850873464
1.1500000000000001 0.4247508771676107
1.1500781250000001 0.4247577689966443
1.1501562500000000 0.4247646610912900
1.1502343749999999 0.4247715529356301
1.1503125000000001 0.4247784450446495
1.1503906250000000 0.4247853369042972
1.1504687499999999 0.4247922290276824
1.1505468750000001 0.4247991209026384
1.1506250000000000 0.4248060130403820
1.1507031249999999 0.4248129049306470
1.1507812500000001 0.4248197970827411
1.1508593750000000 0.4248266889883160
1.1509374999999999 0.4248335811547534
1.1510156250000001 0.4248404730756385
1.1510937500000000 0.4248473652564118
1.1511718750000000 0.4248542571926076
1.1512500000000001 0.4248611493877094
1.1513281250000000 0.4248680413392164
1.1514062500000000 0.4248749335486395
1.1514843750000001 0.4248818255154579
1.1515625000000000 0.4248887177391953
1.1516406250000000 0.4248956097213252
1.1517187500000001 0.4249025019593700
1.1517968750000001 0.4249093939568117
1.1518750000000000 0.4249162862091564
1.1519531250000001 0.4249231782219103
1.1520312500000001 0.4249300704885479
1.1521093750000000 0.4249369625166142
1.1521874999999999 0.4249438547975377
1.1522656250000001 0.4249507468409163
1.1523437500000000 0.4249576391361189
1.1524218749999999 0.4249645311948098
1.1525000000000001 0.4249714235042848
1.1525781250000000 0.4249783155782878
1.1526562499999999 0.4249852079020285
1.1527343750000001 0.4249920999913435
1.1528125000000000 0.4249989923293430
1.1528906249999999 0.4250058844339700
1.1529687500000001 0.4250127767862217
1.1530468750000000 0.4250196689061601
1.1531250000000000 0.4250265612726579
1.1532031250000001 0.4250334534079071
1.1532812500000000 0.4250403457886444
1.1533593750000000 0.4250472379392043
1.1534375000000001 0.4250541303341746
1.1535156250000000 0.4250610225000448
1.1535937500000000 0.4250679149092414
1.1536718750000001 0.4250748070904215
1.1537500000000001 0.4250816995138384
1.1538281250000000 0.4250885917103275
1.1539062500000001 0.4250954841479586
1.1539843750000001 0.4251023763597561
1.1540625000000000 0.4251092688115951
1.1541406249999999 0.4251161610387002
1.1542187500000001 0.4251230535047412
1.1542968750000000 0.4251299457471531
1.1543749999999999 0.4251368382273899
1.1544531250000001 0.4251437304851078
1.1545312500000000 0.4251506229795346
1.1546093749999999 0.4251575152525575
1.1546875000000001 0.4251644077611685
1.1547656250000000 0.4251713000494950
1.1548437499999999 0.4251781925722846
1.1549218750000001 0.4251850848759139
1.1550000000000000 0.4251919774128761
1.1550781250000000 0.4251988697318070
1.1551562500000001 0.4252057622829362
1.1552343750000000 0.4252126546171677
1.1553125000000000 0.4252195471824582
1.1553906250000001 0.4252264395319887
1.1554687500000000 0.4252333321114353
1.1555468750000000 0.4252402244762634
1.1556250000000001 0.4252471170698607
1.1557031250000001 0.4252540094499847
1.1557812500000000 0.4252609020577276
1.1558593750000001 0.4252677944531461
1.1559375000000001 0.4252746870750289
1.1560156250000000 0.4252815794857405
1.1560937499999999 0.4252884721217580
1.1561718750000001 0.4252953645477609
1.1562500000000000 0.4253022571979081
1.1563281249999999 0.4253091496392007
1.1564062500000001 0.4253160423034724
1.1564843750000000 0.4253229347600527
1.1565624999999999 0.4253298274384441
1.1566406250000001 0.4253367199103104
1.1567187500000000 0.4253436126028163
1.1567968749999999 0.4253505050899663
1.1568750000000001 0.4253573977965824
1.1569531250000000 0.4253642902990143
1.1570312500000000 0.4253711830197355
1.1571093750000001 0.4253780755374472
1.1571875000000000 0.4253849682722686
1.1572656250000000 0.4253918608052581
1.1573437500000001 0.4253987535541752
1.1574218750000000 0.4254056461024400
1.1575000000000000 0.4254125388654483
1.1575781250000001 0.4254194314289861
1.1576562500000001 0.4254263242060814
1.1577343750000000 0.4254332167848896
1.1578125000000001 0.4254401095760674
1.1578906250000001 0.4254470021701437
1.1579687500000000 0.4254538949753995
1.1580468749999999 0.4254607875847413
1.1581250000000001 0.4254676804040712
1.1582031250000000 0.4254745730286757
1.1582812499999999 0.4254814658620753
1.1583593750000001 0.4254883585019402
1.1584375000000000 0.4254952513494052
1.1585156249999999 0.4255021440045277
1.1585937500000001 0.4255090368660541
1.1586718750000000 0.4255159295364312
1.1587499999999999 0.4255228224120154
1.1588281250000001 0.4255297150976441
1.1589062500000000 0.4255366079872820
1.1589843750000000 0.4255435006881595
1.1590625000000001 0.4255503935918472
1.1591406250000000 0.4255572863079706
1.1592187500000000 0.4255641792257041
1.1592968750000001 0.4255710719570704
1.1593750000000000 0.4255779648888462
1.1594531250000000 0.4255848576354520
1.1595312500000001 0.4255917505812665
1.1596093750000001 0.4255986433431088
1.1596875000000000 0.4256055363029582
1.1597656250000001 0.4256124290800337
1.1598437500000001 0.4256193220539146
1.1599218750000000 0.4256262148462200
1.1599999999999999 0.4256331078341289
1.1600781250000001 0.4256400006416606
1.1601562500000000 0.4256468936435945
1.1602343749999999 0.4256537864663488
1.1603125000000001 0.4256606794823042
1.1603906250000000 0.4256675723202778
1.1604687499999999 0.4256744653502516
1.1605468750000001 0.4256813582034408
1.1606250000000000 0.4256882512474295
1.1607031249999999 0.4256951441158307
1.1607812500000001 0.4257020371738318
1.1608593750000000 0.4257089300574407
1.1609375000000000 0.4257158231294511
1.1610156250000001 0.4257227160282643
1.1610937500000000 0.4257296091142805
1.1611718750000000 0.4257365020282944
1.1612500000000001 0.4257433951283137
1.1613281250000000 0.4257502880575242
1.1614062500000000 0.4257571811715437
1.1614843750000001 0.4257640741159466
1.1615625000000001 0.4257709672439636
1.1616406250000000 0.4257778602035553
1.1617187500000001 0.4257847533455669
1.1617968750000001 0.4257916463203431
1.1618750000000000 0.4257985394763467
1.1619531249999999 0.4258054324663029
1.1620312500000001 0.4258123256362963
1.1621093750000000 0.4258192186414282
1.1621874999999999 0.4258261118254087
1.1622656250000001 0.4258330048457123
1.1623437500000000 0.4258398980436772
1.1624218749999999 0.4258467910791482
1.1625000000000001 0.4258536842910952
1.1625781250000000 0.4258605773417289
1.1626562499999999 0.4258674705676557
1.1627343750000001 0.4258743636334477
1.1628125000000000 0.4258812568733521
1.1628906250000000 0.4258881499542977
1.1629687500000001 0.4258950432081776
1.1630468750000000 0.4259019363042723
1.1631250000000000 0.4259088295721253
1.1632031250000001 0.4259157226833644
1.1632812500000000 0.4259226159651884
1.1633593750000000 0.4259295090915672
1.1634375000000001 0.4259364023873603
1.1635156250000001 0.4259432955288742
1.1635937500000000 0.4259501888386341
1.1636718750000001 0.4259570819952782
1.1637500000000001 0.4259639753190032
1.1638281250000000 0.4259708684907724
1.1639062499999999 0.4259777618284605
1.1639843750000001 0.4259846550153500
1.1640625000000000 0.4259915483669996
1.1641406249999999 0.4259984415690043
1.1642187500000001 0.4260053349346135
1.1642968750000000 0.4260122281517284
1.1643749999999999 0.4260191215312955
1.1644531250000001 0.4260260147635156
1.1645312500000000 0.4260329081570387
1.1646093749999999 0.4260398014043589
1.1646875000000001 0.4260466948118365
1.1647656250000000 0.4260535880742516
1.1648437500000000 0.4260604814956821
1.1649218750000001 0.4260673747731867
1.1650000000000000 0.4260742682085685
1.1650781250000000 0.4260811615011578
1.1651562500000001 0.4260880549504891
1.1652343750000000 0.4260949482581577
1.1653125000000000 0.4261018417214371
1.1653906250000001 0.4261087350441798
1.1654687500000001 0.4261156285214058
1.1655468750000000 0.4261225218592171
1.1656250000000001 0.4261294153503883
1.1657031250000001 0.4261363087032631
1.1657812500000000 0.4261432022083779
1.1658593749999999 0.4261500955763106
1.1659375000000001 0.4261569890953677
1.1660156250000000 0.4261638824783531
1.1660937499999999 0.4261707760113511
1.1661718750000001 0.4261776694093838
1.1662500000000000 0.4261845629563215
1.1663281249999999 0.4261914563693955
1.1664062500000001 0.4261983499302718
1.1664843750000000 0.4262052433583818
1.1665624999999999 0.4262121369331951
1.1666406250000001 0.4262190303763359
1.1667187500000000 0.4262259239650851
1.1667968750000000 0.4262328174232508
1.1668750000000001 0.4262397110259348
1.1669531250000000 0.4262466044991196
1.1670312500000000 0.4262534981157376
1.1671093750000001 0.4262603916039357
1.1671875000000000 0.4262672852344865
1.1672656250000000 0.4262741787376922
1.1673437500000001 0.4262810723821748
1.1674218750000001 0.4262879659003824
1.1675000000000000 0.4262948595587956
1.1675781250000001 0.4263017530919997
1.1676562500000001 0.4263086467643423
1.1677343750000000 0.4263155403125370
1.1678124999999999 0.4263224339988082
1.1678906250000001 0.4263293275619876
1.1679687500000000 0.4263362212621863
1.1680468749999999 0.4263431148403448
1.1681250000000001 0.4263500085544701
1.1682031250000000 0.4263569021476017
1.1682812499999999 0.4263637958756527
1.1683593750000001 0.4263706894837515
1.1684375000000000 0.4263775832257271
1.1685156249999999 0.4263844768487874
1.1685937500000001 0.4263913706046869
1.1686718750000000 0.4263982642427029
1.1687500000000000 0.4264051580125252
1.1688281250000001 0.4264120516654908
1.1689062500000000 0.4264189454492352
1.1689843750000000 0.4264258391171446
1.1690625000000001 0.4264327329148102
1.1691406250000000 0.4264396265976575
1.1692187500000000 0.4264465204092434
1.1692968750000001 0.4264534141070227
1.1693750000000001 0.4264603079325280
1.1694531250000000 0.4264672016452333
1.1695312500000001 0.4264740954846572
1.1696093750000001 0.4264809892122828
1.1696875000000000 0.4264878830656243
1.1697656249999999 0.4264947768081642
1.1698437500000001 0.4265016706754226
1.1699218750000000 0.4265085644328707
1.1699999999999999 0.4265154583140453
1.1700781250000001 0.4265223520863957
1.1701562500000000 0.4265292459814855
1.1702343749999999 0.4265361397687321
1.1703125000000001 0.4265430336777367
1.1703906250000000 0.4265499274798734
1.1704687499999999 0.4265568214027919
1.1705468750000001 0.4265637152198130
1.1706250000000000 0.4265706091566444
1.1707031250000000 0.4265775029885437
1.1707812500000001 0.4265843969392875
1.1708593750000000 0.4265912907860593
1.1709375000000000 0.4265981847507143
1.1710156250000001 0.4266050786123525
1.1710937500000000 0.4266119725909183
1.1711718750000000 0.4266188664674166
1.1712500000000001 0.4266257604598924
1.1713281250000001 0.4266326543512454
1.1714062500000000 0.4266395483576298
1.1714843750000001 0.4266464422638316
1.1715625000000001 0.4266533362841243
1.1716406250000000 0.4266602302051685
1.1717187499999999 0.4266671242393687
1.1717968750000001 0.4266740181752495
1.1718750000000000 0.4266809122233562
1.1719531249999999 0.4266878061740677
1.1720312500000001 0.4266947002360805
1.1721093750000000 0.4267015942016163
1.1721874999999999 0.4267084882775344
1.1722656250000001 0.4267153822578886
1.1723437500000000 0.4267222763477113
1.1724218749999999 0.4267291703428781
1.1725000000000001 0.4267360644466041
1.1725781250000000 0.4267429584565777
1.1726562500000000 0.4267498525742067
1.1727343750000001 0.4267567465989808
1.1728125000000000 0.4267636407305120
1.1728906250000000 0.4267705347700806
1.1729687500000001 0.4267774289155132
1.1730468750000000 0.4267843229698706
1.1731250000000000 0.4267912171292034
1.1732031250000001 0.4267981111983438
1.1732812500000001 0.4268050053715761
1.1733593750000000 0.4268118994554935
1.1734375000000001 0.4268187936426245
1.1735156250000001 0.4268256877413130
1.1735937500000000 0.4268325819423417
1.1736718749999999 0.4268394760557956
1.1737500000000001 0.4268463702707212
1.1738281250000000 0.4268532643989343
1.1739062499999999 0.4268601586277562
1.1739843750000001 0.4268670527707226
1.1740625000000000 0.4268739470134399
1.1741406249999999 0.4268808411711537
1.1742187500000001 0.4268877354277654
1.1742968750000000 0.4268946296002208
1.1743749999999999 0.4269015238707260
1.1744531250000001 0.4269084180579174
1.1745312500000000 0.4269153123423152
1.1746093750000000 0.4269222065442365
1.1746875000000001 0.4269291008425260
1.1747656250000000 0.4269359950591713
1.1748437500000000 0.4269428893713518
1.1749218750000001 0.4269497836027153
1.1750000000000000 0.4269566779287856
1.1750781250000000 0.4269635721748618
1.1751562500000001 0.4269704665148211
1.1752343750000001 0.4269773607756037
1.1753125000000000 0.4269842551294512
1.1753906250000001 0.4269911494049346
1.1754687500000001 0.4269980437726694
1.1755468750000000 0.4270049380628476
1.1756249999999999 0.4270118324444687
1.1757031250000001 0.4270187267493362
1.1757812500000000 0.4270256211448424
1.1758593749999999 0.4270325154643935
1.1759375000000001 0.4270394098737840
1.1760156250000000 0.4270463042080126
1.1760937499999999 0.4270531986312865
1.1761718750000001 0.4270600929801872
1.1762500000000000 0.4270669874173432
1.1763281249999999 0.4270738817809102
1.1764062500000001 0.4270807762319477
1.1764843750000000 0.4270876706101748
1.1765625000000000 0.4270945650750929
1.1766406250000001 0.4271014594679747
1.1767187500000000 0.4271083539467720
1.1767968750000000 0.4271152483543030
1.1768750000000001 0.4271221428469786
1.1769531250000000 0.4271290372691527
1.1770312500000000 0.4271359317757056
1.1771093750000001 0.4271428262125176
1.1771875000000001 0.4271497207329464
1.1772656250000000 0.4271566151843905
1.1773437500000001 0.4271635097186944
1.1774218750000001 0.4271704041847648
1.1775000000000000 0.4271772987329429
1.1775781249999999 0.4271841932136338
1.1776562500000001 0.4271910877756849
1.1777343750000000 0.4271979822709910
1.1778124999999999 0.4272048768469139
1.1778906250000001 0.4272117713568294
1.1779687500000000 0.4272186659466231
1.1780468749999999 0.4272255604711425
1.1781250000000001 0.4272324550748055
1.1782031250000000 0.4272393496139236
1.1782812499999999 0.4272462442314549
1.1783593750000001 0.4272531387851657
1.1784375000000000 0.4272600334165642
1.1785156250000000 0.4272669279848620
1.1785937500000001 0.4272738226301269
1.1786718750000000 0.4272807172130063
1.1787500000000000 0.4272876118721360
1.1788281250000001 0.4272945064695914
1.1789062500000000 0.4273014011425851
1.1789843750000000 0.4273082957546108
1.1790625000000001 0.4273151904414672
1.1791406250000001 0.4273220850680579
1.1792187500000000 0.4273289797687757
1.1792968750000001 0.4273358744099258
1.1793750000000001 0.4273427691245039
1.1794531250000000 0.4273496637802080
1.1795312499999999 0.4273565585086449
1.1796093750000001 0.4273634531788976
1.1796875000000000 0.4273703479211921
1.1797656249999999 0.4273772426059879
1.1798437500000001 0.4273841373621389
1.1799218750000000 0.4273910320614722
1.1799999999999999 0.4273979268314785
1.1800781250000001 0.4274048215453439
1.1801562500000000 0.4274117163292042
1.1802343749999999 0.4274186110575963
1.1803125000000001 0.4274255058553091
1.1803906250000000 0.4274324005982225
1.1804687500000000 0.4274392954097868
1.1805468750000001 0.4274461901672159
1.1806250000000000 0.4274530849926305
1.1807031250000000 0.4274599797645697
1.1807812500000001 0.4274668746038334
1.1808593750000000 0.4274737693902774
1.1809375000000000 0.4274806642433887
1.1810156250000001 0.4274875590443322
1.1810937500000001 0.4274944539112898
1.1811718750000000 0.4275013487267274
1.1812500000000001 0.4275082436075303
1.1813281250000001 0.4275151384374561
1.1814062500000000 0.4275220333321030
1.1814843749999999 0.4275289281765120
1.1815625000000001 0.4275358230850013
1.1816406250000000 0.4275427179438882
1.1817187499999999 0.4275496128662185
1.1817968750000001 0.4275565077395780
1.1818750000000000 0.4275634026757481
1.1819531249999999 0.4275702975635746
1.1820312500000001 0.4275771925135833
1.1821093750000000 0.4275840874158714
1.1821874999999999 0.4275909823797173
1.1822656250000001 0.4275978772964617
1.1823437500000000 0.4276047722741433
1.1824218750000000 0.4276116672053390
1.1825000000000001 0.4276185621968548
1.1825781250000000 0.4276254571424963
1.1826562500000000 0.4276323521478452
1.1827343750000001 0.4276392471079269
1.1828125000000000 0.4276461421271077
1.1828906250000000 0.4276530371016242
1.1829687500000001 0.4276599321346356
1.1830468750000001 0.4276668271235817
1.1831250000000000 0.4276737221704218
1.1832031250000001 0.4276806171737926
1.1832812500000001 0.4276875122344601
1.1833593750000000 0.4276944072522503
1.1834374999999999 0.4277013023267437
1.1835156250000001 0.4277081973589478
1.1835937500000000 0.4277150924472659
1.1836718749999999 0.4277219874938786
1.1837500000000001 0.4277288825960198
1.1838281250000000 0.4277357776570361
1.1839062499999999 0.4277426727729992
1.1839843750000001 0.4277495678484134
1.1840625000000000 0.4277564629781967
1.1841406249999999 0.4277633580680040
1.1842187500000001 0.4277702532116064
1.1842968750000000 0.4277771483158009
1.1843750000000000 0.4277840434732211
1.1844531250000001 0.4277909385917978
1.1845312500000000 0.4277978337630342
1.1846093750000000 0.4278047288959880
1.1846875000000001 0.4278116240810388
1.1847656250000000 0.4278185192283647
1.1848437500000000 0.4278254144272285
1.1849218750000001 0.4278323095889213
1.1850000000000001 0.4278392048015965
1.1850781250000000 0.4278460999776509
1.1851562500000001 0.4278529952041364
1.1852343750000001 0.4278598903945469
1.1853125000000000 0.4278667856348414
1.1853906249999999 0.4278736808396027
1.1854687500000001 0.4278805760937046
1.1855468750000000 0.4278874713128116
1.1856249999999999 0.4278943665807192
1.1857031250000001 0.4279012618141672
1.1857812500000000 0.4279081570958789
1.1858593749999999 0.4279150523436624
1.1859375000000001 0.4279219476391767
1.1860156250000000 0.4279288429012907
1.1860937499999999 0.4279357382106064
1.1861718750000001 0.4279426334870454
1.1862500000000000 0.4279495288101608
1.1863281250000000 0.4279564241009199
1.1864062500000001 0.4279633194378335
1.1864843750000000 0.4279702147429074
1.1865625000000000 0.4279771100936178
1.1866406250000001 0.4279840054130011
1.1867187500000000 0.4279909007775070
1.1867968750000000 0.4279977961111947
1.1868750000000001 0.4280046914894944
1.1869531250000001 0.4280115868374813
1.1870312500000000 0.4280184822295734
1.1871093750000001 0.4280253775918542
1.1871875000000001 0.4280322729977372
1.1872656250000000 0.4280391683743069
1.1873437499999999 0.4280460637939791
1.1874218750000001 0.4280529591848327
1.1875000000000000 0.4280598546182927
1.1875781249999999 0.4280667500234248
1.1876562500000001 0.4280736454706709
1.1877343750000000 0.4280805408900768
1.1878124999999999 0.4280874363511074
1.1878906250000001 0.4280943317847819
1.1879687500000000 0.4281012272595953
1.1880468749999999 0.4281081227075333
1.1881250000000001 0.4281150181961281
1.1882031250000000 0.4281219136583245
1.1882812500000000 0.4281288091606991
1.1883593750000001 0.4281357046371487
1.1884375000000000 0.4281426001533015
1.1885156250000000 0.4281494956439995
1.1885937500000001 0.4281563911739287
1.1886718750000000 0.4281632866788699
1.1887500000000000 0.4281701822225744
1.1888281250000001 0.4281770777417533
1.1889062500000001 0.4281839732992315
1.1889843750000000 0.4281908688326431
1.1890625000000001 0.4281977644038935
1.1891406250000001 0.4282046599515328
1.1892187500000000 0.4282115555365537
1.1892968749999999 0.4282184510984156
1.1893750000000001 0.4282253466972054
1.1894531250000000 0.4282322422732850
1.1895312499999999 0.4282391378858421
1.1896093750000001 0.4282460334761342
1.1896875000000000 0.4282529291024569
1.1897656249999999 0.4282598247069564
1.1898437500000001 0.4282667203470433
1.1899218750000000 0.4282736159657455
1.1899999999999999 0.4282805116195945
1.1900781250000001 0.4282874072524944
1.1901562500000000 0.4282943029201040
1.1902343750000000 0.4283011985671963
1.1903125000000001 0.4283080942485653
1.1903906250000000 0.4283149899098450
1.1904687500000000 0.4283218856049714
1.1905468750000001 0.4283287812804336
1.1906250000000000 0.4283356769893158
1.1907031250000000 0.4283425726789553
1.1907812500000001 0.4283494684015920
1.1908593750000001 0.4283563641054037
1.1909375000000000 0.4283632598417932
1.1910156250000001 0.4283701555597722
1.1910937500000001 0.4283770513099125
1.1911718750000000 0.4283839470420541
1.1912499999999999 0.4283908428059437
1.1913281250000001 0.4283977385522428
1.1914062500000000 0.4284046343298799
1.1914843749999999 0.4284115300903313
1.1915625000000001 0.4284184258817147
1.1916406250000000 0.4284253216563134
1.1917187499999999 0.4284322174614411
1.1917968750000001 0.4284391132501823
1.1918750000000000 0.4284460090690525
1.1919531249999999 0.4284529048719314
1.1920312500000001 0.4284598007045425
1.1921093750000000 0.4284666965215540
1.1921875000000000 0.4284735923679043
1.1922656250000001 0.4284804881990437
1.1923437500000000 0.4284873840591314
1.1924218750000000 0.4284942799043933
1.1925000000000001 0.4285011757782171
1.1925781250000000 0.4285080716375966
1.1926562500000000 0.4285149675251546
1.1927343750000001 0.4285218633986471
1.1928125000000001 0.4285287592999372
1.1928906250000000 0.4285356551875378
1.1929687500000001 0.4285425511025585
1.1930468750000001 0.4285494470042625
1.1931250000000000 0.4285563429330118
1.1932031249999999 0.4285632388488140
1.1932812500000001 0.4285701347912906
1.1933593750000000 0.4285770307211860
1.1934374999999999 0.4285839266773880
1.1935156250000001 0.4285908226213719
1.1935937500000000 0.4285977185912975
1.1936718749999999 0.4286046145493649
1.1937500000000001 0.4286115105330127
1.1938281250000000 0.4286184065051585
1.1939062499999999 0.4286253025025266
1.1939843750000001 0.4286321984887462
1.1940625000000000 0.4286390944998326
1.1941406250000000 0.4286459905001211
1.1942187500000001 0.4286528865249241
1.1942968750000000 0.4286597825392769
1.1943750000000000 0.4286666785777946
1.1944531250000001 0.4286735746062067
1.1945312500000000 0.4286804706584372
1.1946093750000000 0.4286873667009041
1.1946875000000001 0.4286942627668458
1.1947656250000001 0.4287011588233621
1.1948437500000000 0.4287080549030133
1.1949218750000001 0.4287149509735744
1.1950000000000001 0.4287218470669333
1.1950781250000000 0.4287287431515344
1.1951562499999999 0.4287356392585991
1.1952343750000001 0.4287425353572352
1.1953125000000000 0.4287494314780038
1.1953906249999999 0.4287563275906707
1.1954687500000001 0.4287632237251410
1.1955468750000000 0.4287701198518339
1.1956249999999999 0.4287770160000044
1.1957031250000001 0.4287839121407181
1.1957812500000000 0.4287908083025870
1.1958593749999999 0.4287977044573169
1.1959375000000001 0.4288046006328823
1.1960156250000000 0.4288114968016236
1.1960937500000000 0.4288183929908838
1.1961718750000001 0.4288252891736316
1.1962500000000000 0.4288321853765845
1.1963281250000000 0.4288390815733343
1.1964062500000001 0.4288459777899780
1.1964843750000000 0.4288528740007252
1.1965625000000000 0.4288597702310576
1.1966406250000001 0.4288666664557975
1.1967187500000001 0.4288735626998170
1.1967968750000000 0.4288804589385448
1.1968750000000001 0.4288873551962492
1.1969531250000001 0.4288942514489604
1.1970312500000000 0.4289011477203477
1.1971093749999999 0.4289080439870376
1.1971875000000001 0.4289149402721061
1.1972656250000000 0.4289218365527698
1.1973437499999999 0.4289287328515172
1.1974218750000001 0.4289356291461505
1.1975000000000000 0.4289425254585750
1.1975781249999999 0.4289494217671731
1.1976562500000001 0.4289563180932727
1.1977343750000000 0.4289632144158310
1.1978124999999999 0.4289701107556036
1.1978906250000001 0.4289770070921176
1.1979687500000000 0.4289839034455611
1.1980468750000000 0.4289907997960260
1.1981250000000001 0.4289976961631388
1.1982031250000000 0.4290045925275498
1.1982812500000000 0.4290114889083299
1.1983593750000001 0.4290183852866826
1.1984375000000000 0.4290252816811278
1.1985156250000000 0.4290321780734176
1.1985937500000001 0.4290390744815260
1.1986718750000001 0.4290459708877483
1.1987500000000000 0.4290528673095177
1.1988281250000001 0.4290597637296681
1.1989062500000001 0.4290666601650965
1.1989843750000000 0.4290735565991702
1.1990624999999999 0.4290804530482555
1.1991406250000001 0.4290873494962483
1.1992187500000000 0.4290942459589884
1.1992968749999999 0.4291011424208957
1.1993750000000001 0.4291080388972885
1.1994531250000000 0.4291149353731057
1.1995312499999999 0.4291218318631490
1.1996093750000001 0.4291287283528720
1.1996875000000000 0.4291356248565636
1.1997656249999999 0.4291425213601877
1.1998437500000001 0.4291494178775255
1.1999218750000000 0.4291563143950461
1.2000000000000000 0.4291632109260283
1.2000781250000001 0.4291701074574410
1.2001562500000000 0.4291770040020652
1.2002343750000000 0.4291839005473655
1.2003125000000001 0.4291907971056297
1.2003906250000000 0.4291976936648132
1.2004687500000000 0.4292045902367153
1.2005468750000001 0.4292114868097774
1.2006250000000001 0.4292183833953152
1.2007031250000000 0.4292252799822515
1.2007812500000001 0.4292321765814228
1.2008593750000001 0.4292390731822290
1.2009375000000000 0.4292459697950316
1.2010156249999999 0.4292528664097034
1.2010937500000001 0.4292597630361351
1.2011718750000000 0.4292666596646678
1.2012499999999999 0.4292735563047265
1.2013281250000001 0.4292804529471161
1.2014062500000000 0.4292873496007993
1.2014843749999999 0.4292942462570414
1.2015625000000001 0.4293011429243468
1.2016406250000000 0.4293080395944372
1.2017187499999999 0.4293149362753625
1.2017968750000001 0.4293218329592967
1.2018750000000000 0.4293287296538399
1.2019531250000000 0.4293356263516137
1.2020312500000001 0.4293425230597724
1.2021093750000000 0.4293494197713813
1.2021875000000000 0.4293563164931532
1.2022656250000001 0.4293632132185931
1.2023437500000000 0.4293701099539759
1.2024218750000000 0.4293770066932425
1.2025000000000001 0.4293839034422338
1.2025781250000001 0.4293908001953229
1.2026562500000000 0.4293976969579204
1.2027343750000001 0.4294045937248276
1.2028125000000001 0.4294114905010291
1.2028906250000000 0.4294183872817502
1.2029687499999999 0.4294252840715533
1.2030468750000001 0.4294321808660840
1.2031250000000000 0.4294390776694864
1.2032031249999999 0.4294459744778226
1.2032812500000001 0.4294528712948218
1.2033593750000000 0.4294597681169592
1.2034374999999999 0.4294666649475529
1.2035156250000001 0.4294735617834874
1.2035937500000000 0.4294804586276733
1.2036718749999999 0.4294873554774005
1.2037500000000001 0.4294942523351761
1.2038281250000000 0.4295011491986920
1.2039062500000000 0.4295080460700550
1.2039843750000001 0.4295149429473553
1.2040625000000000 0.4295218398323033
1.2041406250000000 0.4295287367233839
1.2042187500000001 0.4295356336219144
1.2042968750000000 0.4295425305267712
1.2043750000000000 0.4295494274388817
1.2044531250000001 0.4295563243575106
1.2045312500000001 0.4295632212831987
1.2046093750000000 0.4295701182155955
1.2046875000000001 0.4295770151548587
1.2047656250000001 0.4295839121010194
1.2048437500000000 0.4295908090538553
1.2049218749999999 0.4295977060137759
1.2050000000000001 0.4296046029801817
1.2050781250000000 0.4296114999538581
1.2051562499999999 0.4296183969338317
1.2052343750000001 0.4296252939212596
1.2053125000000000 0.4296321909147983
1.2053906249999999 0.4296390879159739
1.2054687500000001 0.4296459849230750
1.2055468750000000 0.4296528819379945
1.2056249999999999 0.4296597789586554
1.2057031250000001 0.4296666759873145
1.2057812500000000 0.4296735730215328
1.2058593750000000 0.4296804700639275
1.2059375000000001 0.4296873671117007
1.2060156250000000 0.4296942641678270
1.2060937500000000 0.4297011612291527
1.2061718750000001 0.4297080582990063
1.2062500000000000 0.4297149553738819
1.2063281250000000 0.4297218524574591
1.2064062500000001 0.4297287495458818
1.2064843750000001 0.4297356466431786
1.2065625000000000 0.4297425437451460
1.2066406250000001 0.4297494408561583
1.2067187500000001 0.4297563379716677
1.2067968750000000 0.4297632350963919
1.2068749999999999 0.4297701322254404
1.2069531250000001 0.4297770293638725
1.2070312500000000 0.4297839265064576
1.2071093749999999 0.4297908236585937
1.2071875000000001 0.4297977208147128
1.2072656250000000 0.4298046179805488
1.2073437499999999 0.4298115151501992
1.2074218750000001 0.4298184123297314
1.2075000000000000 0.4298253095129105
1.2075781249999999 0.4298322067061349
1.2076562500000001 0.4298391039028400
1.2077343750000000 0.4298460011097526
1.2078125000000000 0.4298528983199811
1.2078906250000001 0.4298597955405782
1.2079687500000000 0.4298666927643273
1.2080468750000000 0.4298735899986050
1.2081250000000001 0.4298804872358721
1.2082031250000000 0.4298873844838264
1.2082812500000000 0.4298942817346087
1.2083593750000001 0.4299011789962360
1.2084375000000001 0.4299080762605307
1.2085156250000000 0.4299149735358271
1.2085937500000001 0.4299218708136316
1.2086718750000001 0.4299287681025932
1.2087500000000000 0.4299356653939048
1.2088281249999999 0.4299425626965279
1.2089062500000001 0.4299494600013435
1.2089843750000000 0.4299563573176245
1.2090624999999999 0.4299632546359415
1.2091406250000001 0.4299701519658763
1.2092187500000000 0.4299770492976921
1.2092968749999999 0.4299839466412770
1.2093750000000001 0.4299908439865888
1.2094531250000000 0.4299977413438200
1.2095312499999999 0.4300046387026248
1.2096093750000001 0.4300115360734986
1.2096875000000000 0.4300184334457939
1.2097656250000000 0.4300253308303064
1.2098437500000001 0.4300322282160894
1.2099218750000000 0.4300391256142368
1.2100000000000000 0.4300460230135046
1.2100781250000001 0.4300529204252833
1.2101562500000000 0.4300598178380332
1.2102343750000000 0.4300667152634392
1.2103125000000001 0.4300736126896682
1.2103906250000001 0.4300805101286984
1.2104687500000000 0.4300874075684035
1.2105468750000001 0.4300943050210539
1.2106250000000001 0.4301012024742323
1.2107031250000000 0.4301080999404992
1.2107812499999999 0.4301149974071483
1.2108593750000001 0.4301218948870278
1.2109375000000000 0.4301287923671446
1.2110156249999999 0.4301356898606334
1.2110937500000001 0.4301425873542148
1.2111718750000000 0.4301494848613094
1.2112499999999999 0.4301563823683523
1.2113281250000001 0.4301632798890490
1.2114062500000000 0.4301701774095509
1.2114843749999999 0.4301770749438455
1.2115625000000001 0.4301839724778038
1.2116406250000000 0.4301908700256927
1.2117187500000000 0.4301977675731044
1.2117968750000001 0.4302046651345842
1.2118750000000000 0.4302115626954461
1.2119531250000000 0.4302184602705130
1.2120312500000001 0.4302253578448225
1.2121093750000000 0.4302322554334730
1.2121875000000000 0.4302391530212271
1.2122656250000001 0.4302460506234575
1.2123437500000001 0.4302529482246531
1.2124218750000000 0.4302598458404599
1.2125000000000001 0.4302667434550942
1.2125781250000001 0.4302736410844737
1.2126562500000000 0.4302805387125437
1.2127343749999999 0.4302874363554923
1.2128125000000001 0.4302943339969952
1.2128906250000000 0.4303012316535093
1.2129687499999999 0.4303081293084420
1.2130468750000001 0.4303150269785181
1.2131250000000000 0.4303219246468777
1.2132031249999999 0.4303288223305122
1.2132812500000001 0.4303357200122956
1.2133593750000000 0.4303426177094850
1.2134374999999999 0.4303495154046894
1.2135156250000001 0.4303564131154298
1.2135937500000000 0.4303633108240523
1.2136718750000000 0.4303702085483404
1.2137500000000001 0.4303771062703780
1.2138281250000000 0.4303840040082101
1.2139062500000000 0.4303909017436597
1.2139843750000001 0.4303977994950324
1.2140625000000000 0.4304046972438910
1.2141406250000000 0.4304115950088008
1.2142187500000001 0.4304184927710654
1.2142968750000001 0.4304253905495087
1.2143750000000000 0.4304322883251761
1.2144531250000001 0.4304391861171496
1.2145312500000001 0.4304460839062170
1.2146093750000000 0.4304529817117169
1.2146874999999999 0.4304598795141813
1.2147656250000001 0.4304667773332041
1.2148437500000000 0.4304736751490627
1.2149218749999999 0.4304805729816046
1.2150000000000001 0.4304874708108544
1.2150781250000000 0.4304943686569119
1.2151562499999999 0.4305012664995500
1.2152343750000001 0.4305081643591198
1.2153125000000000 0.4305150622151429
1.2153906249999999 0.4305219600882214
1.2154687500000001 0.4305288579576265
1.2155468750000000 0.4305357558442103
1.2156250000000000 0.4305426537269943
1.2157031250000001 0.4305495516270801
1.2157812500000000 0.4305564495232399
1.2158593750000000 0.4305633474368240
1.2159375000000001 0.4305702453463567
1.2160156250000000 0.4305771432734355
1.2160937500000000 0.4305840411963383
1.2161718750000001 0.4305909391369082
1.2162500000000001 0.4305978370731781
1.2163281250000000 0.4306047350272355
1.2164062500000001 0.4306116329768694
1.2164843750000001 0.4306185309444110
1.2165625000000000 0.4306254289074058
1.2166406249999999 0.4306323268884280
1.2167187500000001 0.4306392248647808
1.2167968750000000 0.4306461228592802
1.2168749999999999 0.4306530208489879
1.2169531250000001 0.4306599188569608
1.2170312500000000 0.4306668168600206
1.2171093749999999 0.4306737148814634
1.2171875000000001 0.4306806128978724
1.2172656250000000 0.4306875109327815
1.2173437499999999 0.4306944089625365
1.2174218750000001 0.4307013070109086
1.2175000000000000 0.4307082050540065
1.2175781250000000 0.4307151031158383
1.2176562500000001 0.4307220011722759
1.2177343750000000 0.4307288992475639
1.2178125000000000 0.4307357973173385
1.2178906250000001 0.4307426954060787
1.2179687500000000 0.4307495934891873
1.2180468750000000 0.4307564915913767
1.2181250000000001 0.4307633896878159
1.2182031250000001 0.4307702878034510
1.2182812500000000 0.4307771859132178
1.2183593750000001 0.4307840840422953
1.2184375000000001 0.4307909821653867
1.2185156250000000 0.4307978803079028
1.2185937499999999 0.4308047784443160
1.2186718750000001 0.4308116766002671
1.2187500000000000 0.4308185747499989
1.2188281249999999 0.4308254729193818
1.2189062500000001 0.4308323710824293
1.2189843750000000 0.4308392692652402
1.2190624999999999 0.4308461674416004
1.2191406250000001 0.4308530656378359
1.2192187500000000 0.4308599638275058
1.2192968749999999 0.4308668620371623
1.2193750000000001 0.4308737602401388
1.2194531250000000 0.4308806584632131
1.2195312500000000 0.4308875566794932
1.2196093750000001 0.4308944549159815
1.2196875000000000 0.4309013531455625
1.2197656250000000 0.4309082513954610
1.2198437500000001 0.4309151496383400
1.2199218750000000 0.4309220479016453
1.2200000000000000 0.4309289461578192
1.2200781250000001 0.4309358444345278
1.2201562500000001 0.4309427427039937
1.2202343750000000 0.4309496409941019
1.2203125000000001 0.4309565392768568
1.2203906250000001 0.4309634375803613
1.2204687500000000 0.4309703358764019
1.2205468749999999 0.4309772341932993
1.2206250000000001 0.4309841325026229
1.2207031250000000 0.4309910308329095
1.2207812499999999 0.4309979291555130
1.2208593750000001 0.4310048274991854
1.2209375000000000 0.4310117258350658
1.2210156249999999 0.4310186241921204
1.2210937500000001 0.4310255225412747
1.2211718750000000 0.4310324209117080
1.2212499999999999 0.4310393192741335
1.2213281250000001 0.4310462176579416
1.2214062500000000 0.4310531160336354
1.2214843750000000 0.4310600144308148
1.2215625000000001 0.4310669128197741
1.2216406250000000 0.4310738112303213
1.2217187500000000 0.4310807096325429
1.2217968750000001 0.4310876080564543
1.2218750000000000 0.4310945064719353
1.2219531250000000 0.4311014049092073
1.2220312500000001 0.4311083033379450
1.2221093750000001 0.4311152017885740
1.2221875000000000 0.4311221002305654
1.2222656250000001 0.4311289986945478
1.2223437500000001 0.4311358971497898
1.2224218750000000 0.4311427956271222
1.2224999999999999 0.4311496940956122
1.2225781250000001 0.4311565925862907
1.2226562500000000 0.4311634910680254
1.2227343749999999 0.4311703895720469
1.2228125000000001 0.4311772880670235
1.2228906250000000 0.4311841865843841
1.2229687499999999 0.4311910850925998
1.2230468750000001 0.4311979836232959
1.2231250000000000 0.4312048821447478
1.2232031249999999 0.4312117806887759
1.2232812500000001 0.4312186792234610
1.2233593750000000 0.4312255777808173
1.2234375000000000 0.4312324763287331
1.2235156250000001 0.4312393748994138
1.2235937500000000 0.4312462734605573
1.2236718750000000 0.4312531720445589
1.2237500000000001 0.4312600706189273
1.2238281250000000 0.4312669692162462
1.2239062500000000 0.4312738678038364
1.2239843750000001 0.4312807664144692
1.2240625000000001 0.4312876650152783
1.2241406250000000 0.4312945636392210
1.2242187500000001 0.4313014622532466
1.2242968750000001 0.4313083608904956
1.2243750000000000 0.4313152595177347
1.2244531249999999 0.4313221581682865
1.2245312500000001 0.4313290568087359
1.2246093750000000 0.4313359554725869
1.2246874999999999 0.4313428541262441
1.2247656250000001 0.4313497528033904
1.2248437500000000 0.4313566514702525
1.2249218749999999 0.4313635501606909
1.2250000000000001 0.4313704488407547
1.2250781250000000 0.4313773475444812
1.2251562499999999 0.4313842462377444
1.2252343750000001 0.4313911449547553
1.2253125000000000 0.4313980436612149
1.2253906250000000 0.4314049423915066
1.2254687500000001 0.4314118411111600
1.2255468750000000 0.4314187398547286
1.2256250000000000 0.4314256385875728
1.2257031250000001 0.4314325373444147
1.2257812500000000 0.4314394360904473
1.2258593750000000 0.4314463348605585
1.2259375000000001 0.4314532336197769
1.2260156250000001 0.4314601324031535
1.2260937500000000 0.4314670311755549
1.2261718750000001 0.4314739299721932
1.2262500000000001 0.4314808287577749
1.2263281250000000 0.4314877275676713
1.2264062499999999 0.4314946263664304
1.2264843750000001 0.4315015251895813
1.2265625000000000 0.4315084240015148
1.2266406249999999 0.4315153228379166
1.2267187500000001 0.4315222216630219
1.2267968750000000 0.4315291205126707
1.2268749999999999 0.4315360193509452
1.2269531250000001 0.4315429182138372
1.2270312500000000 0.4315498170652781
1.2271093749999999 0.4315567159414095
1.2271875000000001 0.4315636148060140
1.2272656250000000 0.4315705136953812
1.2273437500000000 0.4315774125731467
1.2274218750000001 0.4315843114757459
1.2275000000000000 0.4315912103666695
1.2275781250000000 0.4315981092824970
1.2276562500000001 0.4316050081865763
1.2277343750000000 0.4316119071156280
1.2278125000000000 0.4316188060328603
1.2278906250000001 0.4316257049751326
1.2279687500000001 0.4316326039055150
1.2280468750000000 0.4316395028610043
1.2281250000000001 0.4316464018045340
1.2282031250000001 0.4316533007732366
1.2282812500000000 0.4316601997299110
1.2283593749999999 0.4316670987118228
1.2284375000000001 0.4316739976816394
1.2285156250000000 0.4316808966767566
1.2285937499999999 0.4316877956597129
1.2286718750000001 0.4316946946680315
1.2287500000000000 0.4317015936641248
1.2288281249999999 0.4317084926856412
1.2289062500000001 0.4317153916948686
1.2289843750000000 0.4317222907295791
1.2290624999999999 0.4317291897519382
1.2291406250000001 0.4317360887998387
1.2292187500000000 0.4317429878353267
1.2292968750000000 0.4317498868964135
1.2293750000000001 0.4317567859450278
1.2294531250000000 0.4317636850192972
1.2295312500000000 0.4317705840810352
1.2296093750000001 0.4317774831684831
1.2296875000000000 0.4317843822433424
1.2297656250000000 0.4317912813439649
1.2298437500000001 0.4317981804319428
1.2299218750000001 0.4318050795457362
1.2300000000000000 0.4318119786468299
1.2300781250000001 0.4318188777737904
1.2301562500000001 0.4318257768879974
1.2302343750000000 0.4318326760281210
1.2303124999999999 0.4318395751554389
1.2303906250000001 0.4318464743087215
1.2304687500000000 0.4318533734491477
1.2305468749999999 0.4318602726155858
1.2306250000000001 0.4318671717691174
1.2307031250000000 0.4318740709487072
1.2307812499999999 0.4318809701153417
1.2308593750000001 0.4318878693080792
1.2309375000000000 0.4318947684878141
1.2310156249999999 0.4319016676936953
1.2310937500000001 0.4319085668865280
1.2311718750000000 0.4319154661055493
1.2312500000000000 0.4319223653114771
1.2313281250000001 0.4319292645436345
1.2314062500000000 0.4319361637626550
1.2314843750000000 0.4319430630079445
1.2315625000000001 0.4319499622400551
1.2316406250000000 0.4319568614984730
1.2317187500000000 0.4319637607436708
1.2317968750000001 0.4319706600152134
1.2318750000000001 0.4319775592734961
1.2319531250000000 0.4319844585581591
1.2320312500000001 0.4319913578295243
1.2321093750000001 0.4319982571273041
1.2321875000000000 0.4320051564117489
1.2322656249999999 0.4320120557226416
1.2323437500000001 0.4320189550201634
1.2324218750000000 0.4320258543441652
1.2324999999999999 0.4320327536547616
1.2325781250000001 0.4320396529918685
1.2326562500000000 0.4320465523155369
1.2327343749999999 0.4320534516657450
1.2328125000000001 0.4320603510024829
1.2328906250000000 0.4320672503657884
1.2329687499999999 0.4320741497155931
1.2330468750000001 0.4320810490919919
1.2331250000000000 0.4320879484548613
1.2332031250000000 0.4320948478443494
1.2332812500000001 0.4321017472202807
1.2333593750000000 0.4321086466228544
1.2334375000000000 0.4321155460118449
1.2335156250000001 0.4321224454275006
1.2335937500000000 0.4321293448295476
1.2336718750000000 0.4321362442582812
1.2337500000000001 0.4321431436733822
1.2338281250000001 0.4321500431151899
1.2339062500000000 0.4321569425433427
1.2339843750000001 0.4321638419982204
1.2340625000000001 0.4321707414394221
1.2341406250000000 0.4321776409073661
1.2342187499999999 0.4321845403616144
1.2342968750000001 0.4321914398426208
1.2343750000000000 0.4321983393099128
1.2344531249999999 0.4322052388039777
1.2345312500000001 0.4322121382843109
1.2346093750000000 0.4322190377914309
1.2346874999999999 0.4322259372848026
1.2347656250000001 0.4322328368049733
1.2348437500000000 0.4322397363113812
1.2349218749999999 0.4322466358445989
1.2350000000000001 0.4322535353640404
1.2350781250000000 0.4322604349103011
1.2351562500000000 0.4322673344427737
1.2352343750000001 0.4322742340020737
1.2353125000000000 0.4322811335475747
1.2353906250000000 0.4322880331199100
1.2354687500000001 0.4322949326784369
1.2355468750000000 0.4323018322638037
1.2356250000000000 0.4323087318353538
1.2357031250000001 0.4323156314337485
1.2357812500000001 0.4323225310183190
1.2358593750000000 0.4323294306297377
1.2359375000000001 0.4323363302273263
1.2360156250000001 0.4323432298517649
1.2360937500000000 0.4323501294623692
1.2361718749999999 0.4323570290998239
1.2362500000000001 0.4323639287234410
1.2363281250000000 0.4323708283739080
1.2364062499999999 0.4323777280105355
1.2364843750000001 0.4323846276740111
1.2365625000000000 0.4323915273236462
1.2366406249999999 0.4323984270001267
1.2367187500000001 0.4324053266627668
1.2367968750000000 0.4324122263522480
1.2368749999999999 0.4324191260278907
1.2369531250000001 0.4324260257303691
1.2370312500000000 0.4324329254190115
1.2371093750000000 0.4324398251344833
1.2371875000000001 0.4324467248361229
1.2372656250000000 0.4324536245645842
1.2373437500000000 0.4324605242792183
1.2374218750000001 0.4324674240206656
1.2375000000000000 0.4324743237482915
1.2375781250000000 0.4324812235027206
1.2376562500000001 0.4324881232433361
1.2377343750000001 0.4324950230107432
1.2378125000000000 0.4325019227643453
1.2378906250000001 0.4325088225447270
1.2379687500000001 0.4325157223113130
1.2380468750000000 0.4325226221046654
1.2381249999999999 0.4325295218842328
1.2382031250000001 0.4325364216905519
1.2382812500000000 0.4325433214830982
1.2383593749999999 0.4325502213023804
1.2384375000000001 0.4325571211079025
1.2385156250000000 0.4325640209401445
1.2385937499999999 0.4325709207586395
1.2386718750000001 0.4325778206038374
1.2387500000000000 0.4325847204353029
1.2388281249999999 0.4325916202934532
1.2389062500000001 0.4325985201378861
1.2389843750000000 0.4326054200089851
1.2390625000000000 0.4326123198663830
1.2391406250000001 0.4326192197504266
1.2392187500000000 0.4326261196207870
1.2392968750000000 0.4326330195177714
1.2393750000000001 0.4326399194010918
1.2394531250000000 0.4326468193110133
1.2395312500000000 0.4326537192072908
1.2396093750000001 0.4326606191301459
1.2396875000000001 0.4326675190393776
1.2397656250000000 0.4326744189751625
1.2398437500000001 0.4326813188973459
1.2399218750000001 0.4326882188460571
1.2400000000000000 0.4326951187811891
1.2400781249999999 0.4327020187428231
1.2401562500000001 0.4327089186909009
1.2402343750000000 0.4327158186654541
1.2403124999999999 0.4327227186264748
1.2403906250000001 0.4327296186139435
1.2404687500000000 0.4327365185879047
1.2405468749999999 0.4327434185882851
1.2406250000000001 0.4327503185751839
1.2407031250000000 0.4327572185884726
1.2407812499999999 0.4327641185883063
1.2408593750000001 0.4327710186144993
1.2409375000000000 0.4327779186272652
1.2410156250000000 0.4327848186663591
1.2410937500000001 0.4327917186920541
1.2411718750000000 0.4327986187440455
1.2412500000000000 0.4328055187826668
1.2413281250000001 0.4328124188475522
1.2414062500000000 0.4328193188990969
1.2414843750000000 0.4328262189768727
1.2415625000000001 0.4328331190413379
1.2416406250000001 0.4328400191320005
1.2417187500000000 0.4328469192093836
1.2417968750000001 0.4328538193129294
1.2418750000000001 0.4328607194032273
1.2419531250000000 0.4328676195196529
1.2420312499999999 0.4328745196228629
1.2421093750000001 0.4328814197521647
1.2421875000000000 0.4328883198682837
1.2422656249999999 0.4328952200104583
1.2423437500000001 0.4329021201394836
1.2424218750000000 0.4329090202945274
1.2424999999999999 0.4329159204364560
1.2425781250000001 0.4329228206043655
1.2426562500000000 0.4329297207591946
1.2427343749999999 0.4329366209399664
1.2428125000000001 0.4329435211076929
1.2428906250000000 0.4329504213013237
1.2429687500000000 0.4329573214819446
1.2430468750000001 0.4329642216884308
1.2431250000000000 0.4329711218819432
1.2432031250000000 0.4329780221012816
1.2432812500000001 0.4329849223076823
1.2433593750000000 0.4329918225398696
1.2434375000000000 0.4329987227591557
1.2435156250000001 0.4330056230041884
1.2435937500000001 0.4330125232363569
1.2436718750000000 0.4330194234942313
1.2437500000000001 0.4330263237392796
1.2438281250000001 0.4330332240099923
1.2439062500000000 0.4330401242679173
1.2439843749999999 0.4330470245514650
1.2440625000000001 0.4330539248222636
1.2441406250000000 0.4330608251186428
1.2442187499999999 0.4330677254023122
1.2442968750000001 0.4330746257115196
1.2443750000000000 0.4330815260080567
1.2444531249999999 0.4330884263300887
1.2445312500000001 0.4330953266394906
1.2446093750000000 0.4331022269743440
1.2446874999999999 0.4331091272966075
1.2447656250000001 0.4331160276442792
1.2448437500000000 0.4331229279794011
1.2449218750000000 0.4331298283398877
1.2450000000000001 0.4331367286878650
1.2450781250000000 0.4331436290611633
1.2451562500000000 0.4331505294219928
1.2452343750000001 0.4331574298080994
1.2453125000000000 0.4331643301817781
1.2453906250000000 0.4331712305806897
1.2454687500000001 0.4331781309672145
1.2455468750000001 0.4331850313789281
1.2456250000000000 0.4331919317782957
1.2457031250000001 0.4331988322028079
1.2457812500000001 0.4332057326150154
1.2458593750000000 0.4332126330523228
1.2459374999999999 0.4332195334773671
1.2460156250000001 0.4332264339274666
1.2460937500000000 0.4332333343653441
1.2461718749999999 0.4332402348282327
1.2462500000000001 0.4332471352789406
1.2463281250000000 0.4332540357546149
1.2464062499999999 0.4332609362181499
1.2464843750000001 0.4332678367066067
1.2465625000000000 0.4332747371829657
1.2466406249999999 0.4332816376842017
1.2467187500000001 0.4332885381733815
1.2467968750000000 0.4332954386873936
1.2468750000000000 0.4333023391893912
1.2469531250000001 0.4333092397161763
1.2470312500000000 0.4333161402309882
1.2471093750000000 0.4333230407705431
1.2471875000000001 0.4333299412981662
1.2472656250000000 0.4333368418504875
1.2473437500000000 0.4333437423909189
1.2474218750000001 0.4333506429560035
1.2475000000000001 0.4333575435092397
1.2475781250000000 0.4333644440870846
1.2476562500000001 0.4333713446531225
1.2477343750000001 0.4333782452437245
1.2478125000000000 0.4333851458225607
1.2478906249999999 0.4333920464259166
1.2479687500000001 0.4333989470175481
1.2480468750000000 0.4334058476336549
1.2481249999999999 0.4334127482380782
1.2482031250000001 0.4334196488669327
1.2482812500000000 0.4334265494841448
1.2483593749999999 0.4334334501257439
1.2484375000000001 0.4334403507557413
1.2485156250000000 0.4334472514100821
1.2485937499999999 0.4334541520528614
1.2486718750000001 0.4334610527199408
1.2487500000000000 0.4334679533754989
1.2488281250000000 0.4334748540553137
1.2489062500000001 0.4334817547236472
1.2489843750000000 0.4334886554161946
1.2490625000000000 0.4334955560973001
1.2491406250000001 0.4335024568025769
1.2492187500000000 0.4335093574964511
1.2492968750000000 0.4335162582144545
1.2493750000000001 0.4335231589210940
1.2494531250000001 0.4335300596518206
1.2495312500000000 0.4335369603712224
1.2496093750000001 0.4335438611146694
1.2496875000000001 0.4335507618468299
1.2497656250000000 0.4335576626029942
1.2498437499999999 0.4335645633479101
1.2499218750000001 0.4335714641167888
1.2500000000000000 0.4335783648744567
1.2500781249999999 0.4335852656560467
1.2501562500000001 0.4335921664264633
1.2502343750000000 0.4335990672207617
1.2503124999999999 0.4336059680039235
1.2503906250000001 0.4336128688109275
1.2504687500000000 0.4336197696068310
1.2505468749999999 0.4336266704265375
1.2506250000000001 0.4336335712351795
1.2507031250000000 0.4336404720675855
1.2507812500000000 0.4336473728889625
1.2508593750000001 0.4336542737340651
1.2509375000000000 0.4336611745681739
1.2510156250000000 0.4336680754259698
1.2510937500000001 0.4336749762728074
1.2511718750000000 0.4336818771432936
1.2512500000000000 0.4336887780028562
1.2513281250000001 0.4336956788860301
1.2514062500000001 0.4337025797583141
1.2514843750000000 0.4337094806541728
1.2515625000000001 0.4337163815391750
1.2516406250000001 0.4337232824477153
1.2517187500000000 0.4337301833454323
1.2517968749999999 0.4337370842666514
1.2518750000000001 0.4337439851770797
1.2519531250000000 0.4337508861109746
1.2520312499999999 0.4337577870341109
1.2521093750000001 0.4337646879806787
1.2521875000000000 0.4337715889165195
1.2522656249999999 0.4337784898757575
1.2523437500000001 0.4337853908242991
1.2524218750000000 0.4337922917962044
1.2524999999999999 0.4337991927574436
1.2525781250000001 0.4338060937420129
1.2526562500000000 0.4338129947159466
1.2527343750000000 0.4338198957131770
1.2528125000000001 0.4338267966998015
1.2528906250000000 0.4338336977096903
1.2529687500000000 0.4338405987090022
1.2530468750000001 0.4338474997315463
1.2531250000000000 0.4338544007435423
1.2532031250000000 0.4338613017787388
1.2532812500000001 0.4338682028034154
1.2533593750000001 0.4338751038512614
1.2534375000000000 0.4338820048886152
1.2535156250000001 0.4338889059491078
1.2535937500000001 0.4338958069991352
1.2536718750000000 0.4339027080722717
1.2537499999999999 0.4339096091349693
1.2538281250000001 0.4339165102207467
1.2539062500000000 0.4339234112961112
1.2539843749999999 0.4339303123945265
1.2540625000000001 0.4339372134825543
1.2541406250000000 0.4339441145936045
1.2542187499999999 0.4339510156942925
1.2542968750000001 0.4339579168179748
1.2543750000000000 0.4339648179313192
1.2544531249999999 0.4339717190676309
1.2545312500000001 0.4339786201936282
1.2546093750000000 0.4339855213425663
1.2546875000000000 0.4339924224812133
1.2547656250000001 0.4339993236427749
1.2548437500000000 0.4340062247940680
1.2549218750000000 0.4340131259682501
1.2550000000000001 0.4340200271321860
1.2550781250000000 0.4340269283189860
1.2551562500000000 0.4340338294955610
1.2552343750000001 0.4340407306949758
1.2553125000000001 0.4340476318841865
1.2553906250000000 0.4340545330962134
1.2554687500000001 0.4340614342980565
1.2555468750000001 0.4340683355226925
1.2556250000000000 0.4340752367371644
1.2557031249999999 0.4340821379744067
1.2557812500000001 0.4340890392015041
1.2558593750000000 0.4340959404513495
1.2559374999999999 0.4341028416910690
1.2560156250000001 0.4341097429535148
1.2560937500000000 0.4341166442058530
1.2561718749999999 0.4341235454808962
1.2562500000000001 0.4341304467458496
1.2563281250000000 0.4341373480334875
1.2564062499999999 0.4341442493110524
1.2564843750000001 0.4341511506112822
1.2565625000000000 0.4341580519014553
1.2566406250000000 0.4341649532142741
1.2567187500000001 0.4341718545170520
1.2567968750000000 0.4341787558424568
1.2568750000000000 0.4341856571578360
1.2569531250000001 0.4341925584958239
1.2570312500000000 0.4341994598238010
1.2571093750000000 0.4342063611743693
1.2571875000000001 0.4342132625149408
1.2572656250000001 0.4342201638780864
1.2573437500000000 0.4342270652312490
1.2574218750000001 0.4342339666069691
1.2575000000000001 0.4342408679727194
1.2575781250000000 0.4342477693610108
1.2576562499999999 0.4342546707393455
1.2577343750000001 0.4342615721402055
1.2578125000000000 0.4342684735311210
1.2578906249999999 0.4342753749445468
1.2579687500000001 0.4342822763480394
1.2580468750000000 0.4342891777740285
1.2581249999999999 0.4342960791900948
1.2582031250000001 0.4343029806286440
1.2582812500000000 0.4343098820572805
1.2583593749999999 0.4343167835083872
1.2584375000000001 0.4343236849495904
1.2585156250000000 0.4343305864132515
1.2585937500000000 0.4343374878670184
1.2586718750000001 0.4343443893432307
1.2587500000000000 0.4343512908095579
1.2588281250000000 0.4343581922983186
1.2589062500000001 0.4343650937772024
1.2589843750000000 0.4343719952785087
1.2590625000000000 0.4343788967699460
1.2591406250000001 0.4343857982837950
1.2592187500000001 0.4343926997877823
1.2592968750000000 0.4343996013141709
1.2593750000000001 0.4344065028307048
1.2594531250000001 0.4344134043696302
1.2595312500000000 0.4344203058987072
1.2596093749999999 0.4344272074501663
1.2596875000000001 0.4344341089917834
1.2597656250000000 0.4344410105557733
1.2598437499999999 0.4344479121099268
1.2599218750000001 0.4344548136864449
1.2600000000000000 0.4344617152531314
1.2600781249999999 0.4344686168421744
1.2601562500000001 0.4344755184213907
1.2602343750000000 0.4344824200229557
1.2603124999999999 0.4344893216146983
1.2603906250000001 0.4344962232287827
1.2604687500000000 0.4345031248330481
1.2605468750000000 0.4345100264596488
1.2606250000000001 0.4345169280764338
1.2607031250000000 0.4345238297155476
1.2607812500000000 0.4345307313448489
1.2608593750000001 0.4345376329964732
1.2609375000000000 0.4345445346382872
1.2610156250000000 0.4345514363024189
1.2610937500000001 0.4345583379567425
1.2611718750000001 0.4345652396333787
1.2612500000000000 0.4345721413002083
1.2613281250000001 0.4345790429893461
1.2614062500000001 0.4345859446686783
1.2614843750000000 0.4345928463703149
1.2615624999999999 0.4345997480621464
1.2616406250000001 0.4346066497762787
1.2617187500000000 0.4346135514806062
1.2617968749999999 0.4346204532072311
1.2618750000000001 0.4346273549240515
1.2619531250000000 0.4346342566631660
1.2620312499999999 0.4346411583924757
1.2621093750000001 0.4346480601440770
1.2621875000000000 0.4346549618858728
1.2622656249999999 0.4346618636499578
1.2623437500000001 0.4346687654042362
1.2624218750000000 0.4346756671808023
1.2625000000000000 0.4346825689475599
1.2625781250000001 0.4346894707366041
1.2626562500000000 0.4346963725158375
1.2627343750000000 0.4347032743173567
1.2628125000000001 0.4347101761090625
1.2628906250000000 0.4347170779230540
1.2629687500000000 0.4347239797272291
1.2630468750000001 0.4347308815536894
1.2631250000000001 0.4347377833703306
1.2632031250000000 0.4347446852092570
1.2632812500000001 0.4347515870383608
1.2633593750000001 0.4347584888897504
1.2634375000000000 0.4347653907313133
1.2635156249999999 0.4347722925951631
1.2635937500000001 0.4347791944491820
1.2636718750000000 0.4347860963254889
1.2637499999999999 0.4347929981919607
1.2638281250000001 0.4347999000807216
1.2639062500000000 0.4348068019596427
1.2639843749999999 0.4348137038608549
1.2640625000000001 0.4348206057522221
1.2641406250000000 0.4348275076658824
1.2642187499999999 0.4348344095696923
1.2642968750000001 0.4348413114957977
1.2643750000000000 0.4348482134120473
1.2644531250000000 0.4348551153505949
1.2645312500000001 0.4348620172792806
1.2646093750000000 0.4348689192302675
1.2646875000000000 0.4348758211713860
1.2647656250000001 0.4348827231348090
1.2648437500000000 0.4348896250883573
1.2649218750000000 0.4348965270642132
1.2650000000000001 0.4349034290301881
1.2650781250000001 0.4349103310184741
1.2651562500000000 0.4349172329968721
1.2652343750000001 0.4349241349975851
1.2653125000000001 0.4349310369884031
1.2653906250000000 0.4349379390015400
1.2654687499999999 0.4349448410047747
1.2655468750000001 0.4349517430303326
1.2656250000000000 0.4349586450459808
1.2657031249999999 0.4349655470839565
1.2657812500000001 0.4349724491120149
1.2658593750000000 0.4349793511624053
1.2659374999999999 0.4349862532028709
1.2660156250000001 0.4349931552656731
1.2660937500000000 0.4350000573185422
1.2661718749999999 0.4350069593937534
1.2662500000000001 0.4350138614590229
1.2663281250000000 0.4350207635466400
1.2664062500000000 0.4350276656243064
1.2664843750000001 0.4350345677243262
1.2665625000000000 0.4350414698143868
1.2666406250000000 0.4350483719268061
1.2667187500000001 0.4350552740292575
1.2667968750000000 0.4350621761540735
1.2668750000000000 0.4350690782689124
1.2669531250000001 0.4350759804061220
1.2670312500000001 0.4350828825333451
1.2671093750000000 0.4350897846829451
1.2671875000000001 0.4350966868225495
1.2672656250000001 0.4351035889845368
1.2673437500000000 0.4351104911365190
1.2674218749999999 0.4351173933108908
1.2675000000000001 0.4351242954752476
1.2675781250000000 0.4351311976620006
1.2676562499999999 0.4351380998387289
1.2677343750000001 0.4351450020378603
1.2678125000000000 0.4351519042269566
1.2678906249999999 0.4351588064384634
1.2679687500000001 0.4351657086399245
1.2680468750000000 0.4351726108638034
1.2681249999999999 0.4351795130776264
1.2682031250000001 0.4351864153138745
1.2682812500000000 0.4351933175400559
1.2683593750000000 0.4352002197886701
1.2684375000000001 0.4352071220272066
1.2685156250000000 0.4352140242881841
1.2685937500000000 0.4352209265390724
1.2686718750000001 0.4352278288124101
1.2687500000000000 0.4352347310756471
1.2688281250000000 0.4352416333613418
1.2689062500000001 0.4352485356369244
1.2689843750000001 0.4352554379349730
1.2690625000000000 0.4352623402228980
1.2691406250000001 0.4352692425332975
1.2692187500000001 0.4352761448335615
1.2692968750000000 0.4352830471563088
1.2693749999999999 0.4352899494689088
1.2694531250000001 0.4352968518040009
1.2695312500000000 0.4353037541289337
1.2696093749999999 0.4353106564763672
1.2696875000000001 0.4353175588136298
1.2697656250000000 0.4353244611734018
1.2698437499999999 0.4353313635229907
1.2699218750000001 0.4353382658950982
1.2700000000000000 0.4353451682570104
1.2700781249999999 0.4353520706414502
1.2701562500000001 0.4353589730156825
1.2702343750000000 0.4353658754124515
1.2703125000000000 0.4353727777990007
1.2703906250000001 0.4353796802080960
1.2704687500000000 0.4353865826069588
1.2705468750000000 0.4353934850283773
1.2706250000000001 0.4354003874395506
1.2707031250000000 0.4354072898732891
1.2707812500000000 0.4354141922967698
1.2708593750000001 0.4354210947428251
1.2709375000000001 0.4354279971786100
1.2710156250000000 0.4354348996369790
1.2710937500000001 0.4354418020850651
1.2711718750000001 0.4354487045557447
1.2712500000000000 0.4354556070161288
1.2713281249999999 0.4354625094991160
1.2714062500000001 0.4354694119717948
1.2714843750000000 0.4354763144670867
1.2715624999999999 0.4354832169520568
1.2716406250000001 0.4354901194596503
1.2717187500000000 0.4354970219569085
1.2717968749999999 0.4355039244768005
1.2718750000000001 0.4355108269863439
1.2719531250000000 0.4355177295185312
1.2720312499999999 0.4355246320403566
1.2721093750000001 0.4355315345848360
1.2721875000000000 0.4355384371189404
1.2722656250000000 0.4355453396757087
1.2723437500000001 0.4355522422220890
1.2724218750000000 0.4355591447911429
1.2725000000000000 0.4355660473497961
1.2725781250000001 0.4355729499311328
1.2726562500000000 0.4355798525020553
1.2727343750000000 0.4355867550956719
1.2728125000000001 0.4355936576788607
1.2728906250000001 0.4356005602847538
1.2729687500000000 0.4356074628802058
1.2730468750000001 0.4356143654983723
1.2731250000000001 0.4356212681060844
1.2732031250000000 0.4356281707365214
1.2732812499999999 0.4356350733564901
1.2733593750000001 0.4356419759991946
1.2734375000000000 0.4356488786314169
1.2735156249999999 0.4356557812863857
1.2735937500000001 0.4356626839308584
1.2736718750000000 0.4356695865980885
1.2737499999999999 0.4356764892548086
1.2738281250000001 0.4356833919342964
1.2739062500000000 0.4356902946032610
1.2739843749999999 0.4356971972950037
1.2740625000000001 0.4357040999762096
1.2741406250000000 0.4357110026802038
1.2742187500000000 0.4357179053736478
1.2742968750000001 0.4357248080898906
1.2743750000000000 0.4357317107955696
1.2744531250000000 0.4357386135240578
1.2745312500000001 0.4357455162419685
1.2746093750000000 0.4357524189826993
1.2746875000000000 0.4357593217128383
1.2747656250000001 0.4357662244658087
1.2748437500000001 0.4357731272081730
1.2749218750000000 0.4357800299733797
1.2750000000000001 0.4357869327279663
1.2750781250000001 0.4357938355054061
1.2751562500000000 0.4358007382722119
1.2752343749999999 0.4358076410618817
1.2753125000000001 0.4358145438409034
1.2753906250000000 0.4358214466428004
1.2754687499999999 0.4358283494340347
1.2755468750000001 0.4358352522481557
1.2756250000000000 0.4358421550515997
1.2757031249999999 0.4358490578779415
1.2757812500000001 0.4358559606935921
1.2758593750000000 0.4358628635321514
1.2759374999999999 0.4358697663600055
1.2760156250000001 0.4358766692107791
1.2760937500000000 0.4358835720508338
1.2761718750000000 0.4358904749138188
1.2762500000000001 0.4358973777660706
1.2763281250000000 0.4359042806412641
1.2764062500000000 0.4359111835057097
1.2764843750000001 0.4359180863931084
1.2765625000000000 0.4359249892697451
1.2766406250000000 0.4359318921693458
1.2767187500000001 0.4359387950581704
1.2767968750000001 0.4359456979699700
1.2768750000000000 0.4359526008709793
1.2769531250000001 0.4359595037949747
1.2770312500000001 0.4359664067081657
1.2771093750000000 0.4359733096443537
1.2771874999999999 0.4359802125697233
1.2772656250000001 0.4359871155181008
1.2773437500000000 0.4359940184556456
1.2774218749999999 0.4360009214162099
1.2775000000000001 0.4360078243659269
1.2775781250000000 0.4360147273386746
1.2776562499999999 0.4360216303005605
1.2777343750000001 0.4360285332854886
1.2778125000000000 0.4360354362595404
1.2778906249999999 0.4360423392566458
1.2779687500000001 0.4360492422428603
1.2780468750000000 0.4360561452521398
1.2781250000000000 0.4360630482505141
1.2782031250000001 0.4360699512719645
1.2782812500000000 0.4360768542824953
1.2783593750000000 0.4360837573161138
1.2784375000000001 0.4360906603387980
1.2785156250000000 0.4360975633845812
1.2785937500000000 0.4361044664194156
1.2786718750000001 0.4361113694773607
1.2787500000000001 0.4361182725243422
1.2788281250000000 0.4361251755944461
1.2789062500000001 0.4361320786535713
1.2789843750000001 0.4361389817358308
1.2790625000000000 0.4361458848070973
1.2791406249999999 0.4361527879015088
1.2792187500000001 0.4361596909849131
1.2792968750000000 0.4361665940914740
1.2793749999999999 0.4361734971870129
1.2794531250000001 0.4361804003057203
1.2795312500000000 0.4361873034133904
1.2796093749999999 0.4361942065442410
1.2796875000000001 0.4362011096640395
1.2797656250000000 0.4362080128070301
1.2798437499999999 0.4362149159389539
1.2799218750000001 0.4362218190940815
1.2800000000000000 0.4362287222381274
1.2800781250000000 0.4362356254053888
1.2801562500000001 0.4362425285615537
1.2802343750000000 0.4362494317409459
1.2803125000000000 0.4362563349092266
1.2803906250000001 0.4362632381007466
1.2804687500000000 0.4362701412811399
1.2805468750000000 0.4362770444847845
1.2806250000000001 0.4362839476772875
1.2807031250000001 0.4362908508930535
1.2807812500000000 0.4362977540976631
1.2808593750000001 0.4363046573255474
1.2809375000000001 0.4363115605422604
1.2810156250000000 0.4363184637822600
1.2810937499999999 0.4363253670110732
1.2811718750000001 0.4363322702631850
1.2812500000000000 0.4363391735040953
1.2813281249999999 0.4363460767683162
1.2814062500000001 0.4363529800213206
1.2814843750000000 0.4363598832976474
1.2815624999999999 0.4363667865627428
1.2816406250000001 0.4363736898511725
1.2817187500000000 0.4363805931283556
1.2817968749999999 0.4363874964288850
1.2818750000000001 0.4363943997181528
1.2819531250000000 0.4364013030307791
1.2820312500000000 0.4364082063321283
1.2821093750000001 0.4364151096568482
1.2821875000000000 0.4364220129702758
1.2822656250000000 0.4364289163070864
1.2823437500000001 0.4364358196325892
1.2824218750000000 0.4364427229814871
1.2825000000000000 0.4364496263190623
1.2825781250000001 0.4364565296800444
1.2826562500000001 0.4364634330296887
1.2827343750000000 0.4364703364027519
1.2828125000000001 0.4364772397644622
1.2828906250000001 0.4364841431496035
1.2829687500000000 0.4364910465233768
1.2830468749999999 0.4364979499205930
1.2831250000000001 0.4365048533064263
1.2832031250000000 0.4365117567157143
1.2832812499999999 0.4365186601136042
1.2833593750000001 0.4365255635349610
1.2834375000000000 0.4365324669449045
1.2835156249999999 0.4365393703783269
1.2835937500000001 0.4365462738003208
1.2836718750000000 0.4365531772458059
1.2837499999999999 0.4365600806798473
1.2838281250000001 0.4365669841373918
1.2839062500000000 0.4365738875834774
1.2839843750000000 0.4365807910530781
1.2840625000000001 0.4365876945112052
1.2841406250000000 0.4365945979928590
1.2842187500000000 0.4366015014630242
1.2842968750000001 0.4366084049567280
1.2843750000000000 0.4366153084389285
1.2844531250000000 0.4366222119446792
1.2845312500000001 0.4366291154389116
1.2846093750000001 0.4366360189567062
1.2846875000000000 0.4366429224629674
1.2847656250000001 0.4366498259928027
1.2848437500000001 0.4366567295110898
1.2849218750000000 0.4366636330529626
1.2849999999999999 0.4366705365832725
1.2850781250000001 0.4366774401371798
1.2851562500000000 0.4366843436795095
1.2852343749999999 0.4366912472454479
1.2853125000000001 0.4366981507997942
1.2853906250000000 0.4367050543777609
1.2854687499999999 0.4367119579441207
1.2855468750000001 0.4367188615341126
1.2856250000000000 0.4367257651124826
1.2857031249999999 0.4367326687144968
1.2857812500000001 0.4367395723048740
1.2858593750000000 0.4367464759189070
1.2859375000000000 0.4367533795212886
1.2860156250000001 0.4367602831473372
1.2860937500000000 0.4367671867617202
1.2861718750000000 0.4367740903997813
1.2862500000000001 0.4367809940261623
1.2863281250000000 0.4367878976762332
1.2864062500000000 0.4367948013146090
1.2864843750000001 0.4368017049766864
1.2865625000000001 0.4368086086270540
1.2866406250000000 0.4368155123011349
1.2867187500000001 0.4368224159634913
1.2867968750000001 0.4368293196495724
1.2868750000000000 0.4368362233239146
1.2869531249999999 0.4368431270219927
1.2870312500000001 0.4368500307083178
1.2871093750000000 0.4368569344183896
1.2871874999999999 0.4368638381166944
1.2872656250000001 0.4368707418387571
1.2873437500000000 0.4368776455490384
1.2874218749999999 0.4368845492830890
1.2875000000000001 0.4368914530053437
1.2875781250000000 0.4368983567513789
1.2876562499999999 0.4369052604856041
1.2877343750000001 0.4369121642436206
1.2878125000000000 0.4369190679898133
1.2878906250000000 0.4369259717598081
1.2879687500000001 0.4369328755179652
1.2880468750000000 0.4369397792999352
1.2881250000000000 0.4369466830700534
1.2882031250000001 0.4369535868639957
1.2882812500000000 0.4369604906460718
1.2883593750000000 0.4369673944519832
1.2884375000000001 0.4369742982460145
1.2885156250000001 0.4369812020638917
1.2885937500000000 0.4369881058698750
1.2886718750000001 0.4369950096997149
1.2887500000000001 0.4370019135176473
1.2888281250000000 0.4370088173594469
1.2889062499999999 0.4370157211893250
1.2889843750000001 0.4370226250430812
1.2890625000000000 0.4370295288849022
1.2891406249999999 0.4370364327506118
1.2892187500000001 0.4370433366043724
1.2892968750000000 0.4370502404820323
1.2893749999999999 0.4370571443477299
1.2894531250000001 0.4370640482373366
1.2895312500000000 0.4370709521149679
1.2896093749999999 0.4370778560165190
1.2896875000000001 0.4370847599060806
1.2897656250000000 0.4370916638195727
1.2898437500000000 0.4370985677210619
1.2899218750000001 0.4371054716464916
1.2900000000000000 0.4371123755599055
1.2900781250000000 0.4371192794972696
1.2901562500000001 0.4371261834226052
1.2902343750000000 0.4371330873719008
1.2903125000000000 0.4371399913091548
1.2903906250000001 0.4371468952703785
1.2904687500000001 0.4371537992195482
1.2905468750000000 0.4371607031926971
1.2906250000000001 0.4371676071537790
1.2907031250000001 0.4371745111388500
1.2907812500000000 0.4371814151118412
1.2908593749999999 0.4371883191088313
1.2909375000000001 0.4371952230937287
1.2910156250000000 0.4372021271026346
1.2910937499999999 0.4372090310994352
1.2911718750000001 0.4372159351202538
1.2912500000000000 0.4372228391289546
1.2913281249999999 0.4372297431616827
1.2914062500000001 0.4372366471822807
1.2914843750000000 0.4372435512269152
1.2915624999999999 0.4372504552594073
1.2916406250000001 0.4372573593159451
1.2917187500000000 0.4372642633603283
1.2917968750000000 0.4372711674287661
1.2918750000000001 0.4372780714850375
1.2919531250000000 0.4372849755653722
1.2920312500000000 0.4372918796335287
1.2921093750000001 0.4372987837257571
1.2921875000000000 0.4373056878057959
1.2922656250000000 0.4373125919099147
1.2923437500000001 0.4373194960018327
1.2924218750000001 0.4373264001178389
1.2925000000000000 0.4373333042216329
1.2925781250000001 0.4373402083495235
1.2926562500000001 0.4373471124651904
1.2927343750000000 0.4373540166049624
1.2928124999999999 0.4373609207324991
1.2928906250000001 0.4373678248841492
1.2929687500000000 0.4373747290235529
1.2930468749999999 0.4373816331870778
1.2931250000000001 0.4373885373383457
1.2932031250000000 0.4373954415137422
1.2932812499999999 0.4374023456768710
1.2933593750000001 0.4374092498641360
1.2934375000000000 0.4374161540391231
1.2935156249999999 0.4374230582382532
1.2935937500000001 0.4374299624250954
1.2936718750000000 0.4374368666360877
1.2937500000000000 0.4374437708347817
1.2938281250000001 0.4374506750576332
1.2939062500000000 0.4374575792681762
1.2939843750000000 0.4374644835028836
1.2940625000000001 0.4374713877252726
1.2941406250000000 0.4374782919718326
1.2942187500000000 0.4374851962060646
1.2942968750000001 0.4374921004644743
1.2943750000000001 0.4374990047105462
1.2944531250000000 0.4375059089808023
1.2945312500000001 0.4375128132387112
1.2946093750000001 0.4375197175208105
1.2946875000000000 0.4375266217905536
1.2947656249999999 0.4375335260844928
1.2948437500000001 0.4375404303660669
1.2949218750000000 0.4375473346718431
1.2949999999999999 0.4375542389652451
1.2950781250000001 0.4375611432828552
1.2951562500000000 0.4375680475880822
1.2952343749999999 0.4375749519175227
1.2953125000000001 0.4375818562345719
1.2953906250000000 0.4375887605758397
1.2954687499999999 0.4375956649047080
1.2955468750000001 0.4376025692578000
1.2956250000000000 0.4376094735984844
1.2957031250000000 0.4376163779633975
1.2957812500000001 0.4376232823158950
1.2958593750000000 0.4376301866926259
1.2959375000000000 0.4376370910569335
1.2960156250000001 0.4376439954454792
1.2960937500000000 0.4376508998215939
1.2961718750000000 0.4376578042219511
1.2962500000000001 0.4376647086098701
1.2963281250000001 0.4376716130220353
1.2964062500000000 0.4376785174217559
1.2964843750000001 0.4376854218457260
1.2965625000000001 0.4376923262572450
1.2966406250000000 0.4376992306930169
1.2967187499999999 0.4377061351163313
1.2967968750000001 0.4377130395639019
1.2968750000000000 0.4377199439990087
1.2969531249999999 0.4377268484583748
1.2970312500000001 0.4377337529052711
1.2971093750000000 0.4377406573764293
1.2971874999999999 0.4377475618351123
1.2972656250000001 0.4377544663180596
1.2973437500000000 0.4377613707885261
1.2974218749999999 0.4377682752832593
1.2975000000000001 0.4377751797655065
1.2975781250000000 0.4377820842720224
1.2976562500000000 0.4377889887660471
1.2977343750000001 0.4377958932843426
1.2978125000000000 0.4378027977901420
1.2978906250000000 0.4378097023202138
1.2979687500000001 0.4378166068377849
1.2980468750000000 0.4378235113796300
1.2981250000000000 0.4378304159089697
1.2982031250000001 0.4378373204625849
1.2982812500000001 0.4378442250036905
1.2983593750000000 0.4378511295690722
1.2984375000000001 0.4378580341219408
1.2985156250000001 0.4378649386990860
1.2985937500000000 0.4378718432637146
1.2986718749999999 0.4378787478526202
1.2987500000000001 0.4378856524290058
1.2988281250000000 0.4378925570296684
1.2989062499999999 0.4378994616178083
1.2989843750000001 0.4379063662302247
1.2990625000000000 0.4379132708301156
1.2991406249999999 0.4379201754542830
1.2992187500000001 0.4379270800659220
1.2992968750000000 0.4379339847018370
1.2993749999999999 0.4379408893252212
1.2994531250000001 0.4379477939728806
1.2995312500000000 0.4379546986080070
1.2996093750000000 0.4379616032674077
1.2996875000000001 0.4379685079142733
1.2997656250000000 0.4379754125854121
1.2998437500000000 0.4379823172440140
1.2999218750000001 0.4379892219268876
1.3000000000000000 0.4379961265972229
1.3000781250000000 0.4380030312918283
1.3001562500000001 0.4380099359738940
1.3002343750000001 0.4380168406802279
1.3003125000000000 0.4380237453740210
1.3003906250000001 0.4380306500920803
1.3004687500000001 0.4380375547975979
1.3005468750000000 0.4380444595273792
1.3006249999999999 0.4380513642446185
1.3007031250000001 0.4380582689861188
1.3007812500000000 0.4380651737150766
1.3008593749999999 0.4380720784682925
1.3009375000000001 0.4380789832089664
1.3010156250000000 0.4380858879738944
1.3010937499999999 0.4380927927262814
1.3011718750000001 0.4380996975029185
1.3012500000000000 0.4381066022670156
1.3013281249999999 0.4381135070553587
1.3014062500000001 0.4381204118311627
1.3014843750000000 0.4381273166312087
1.3015625000000000 0.4381342214187168
1.3016406250000001 0.4381411262304624
1.3017187500000000 0.4381480310296717
1.3017968750000000 0.4381549358531139
1.3018750000000001 0.4381618406640213
1.3019531250000000 0.4381687454991566
1.3020312500000000 0.4381756503217594
1.3021093750000001 0.4381825551685846
1.3021875000000001 0.4381894600028798
1.3022656250000000 0.4381963648613920
1.3023437500000001 0.4382032697073768
1.3024218750000001 0.4382101745775722
1.3025000000000000 0.4382170794352437
1.3025781249999999 0.4382239843171196
1.3026562500000001 0.4382308891864747
1.3027343750000000 0.4382377940800278
1.3028124999999999 0.4382446989610637
1.3028906250000001 0.4382516038662907
1.3029687500000000 0.4382585087590043
1.3030468749999999 0.4382654136759022
1.3031250000000001 0.4382723185802904
1.3032031250000000 0.4382792235088565
1.3032812499999999 0.4382861284249160
1.3033593750000001 0.4382930333651468
1.3034375000000000 0.4382999382928751
1.3035156250000000 0.4383068432447673
1.3035937500000001 0.4383137481841619
1.3036718750000000 0.4383206531477118
1.3037500000000000 0.4383275580987697
1.3038281250000001 0.4383344630739743
1.3039062500000000 0.4383413680366925
1.3039843750000000 0.4383482730235486
1.3040625000000001 0.4383551779979243
1.3041406250000001 0.4383620829964288
1.3042187500000000 0.4383689879824590
1.3042968750000001 0.4383758929926085
1.3043750000000001 0.4383827979902903
1.3044531250000000 0.4383897030120817
1.3045312499999999 0.4383966080214121
1.3046093750000001 0.4384035130548423
1.3046875000000000 0.4384104180758185
1.3047656249999999 0.4384173231208842
1.3048437500000001 0.4384242281535031
1.3049218750000000 0.4384311332102012
1.3049999999999999 0.4384380382544599
1.3050781250000001 0.4384449433227874
1.3051562500000000 0.4384518483786828
1.3052343749999999 0.4384587534586366
1.3053125000000001 0.4384656585261657
1.3053906250000000 0.4384725636177426
1.3054687500000000 0.4384794686969024
1.3055468750000001 0.4384863738000992
1.3056250000000000 0.4384932788908870
1.3057031250000000 0.4385001840057002
1.3057812500000001 0.4385070891081134
1.3058593750000000 0.4385139942345397
1.3059375000000000 0.4385208993485752
1.3060156250000001 0.4385278044866115
1.3060937500000001 0.4385347096122665
1.3061718750000000 0.4385416147619097
1.3062500000000001 0.4385485198991811
1.3063281250000001 0.4385554250604281
1.3064062500000000 0.4385623302093130
1.3064843749999999 0.4385692353821604
1.3065625000000001 0.4385761405426560
1.3066406250000000 0.4385830457271007
1.3067187499999999 0.4385899508992039
1.3067968750000001 0.4385968560952429
1.3068750000000000 0.4386037612789506
1.3069531249999999 0.4386106664865807
1.3070312500000001 0.4386175716818902
1.3071093750000000 0.4386244769011082
1.3071874999999999 0.4386313821080164
1.3072656250000001 0.4386382873388190
1.3073437500000000 0.4386451925573232
1.3074218750000000 0.4386520977997074
1.3075000000000001 0.4386590030298045
1.3075781250000000 0.4386659082837671
1.3076562500000000 0.4386728135254541
1.3077343750000001 0.4386797187909919
1.3078125000000000 0.4386866240442659
1.3078906250000000 0.4386935293213758
1.3079687500000001 0.4387004345862339
1.3080468750000001 0.4387073398749126
1.3081250000000000 0.4387142451513520
1.3082031250000001 0.4387211504515964
1.3082812500000001 0.4387280557396139
1.3083593750000000 0.4387349610514209
1.3084374999999999 0.4387418663510139
1.3085156250000001 0.4387487716743800
1.3085937500000000 0.4387556769855456
1.3086718749999999 0.4387625823204678
1.3087500000000001 0.4387694876432027
1.3088281250000000 0.4387763929896781
1.3089062499999999 0.4387832983239794
1.3089843750000001 0.4387902036820047
1.3090625000000000 0.4387971090278696
1.3091406249999999 0.4388040143974416
1.3092187500000001 0.4388109197548673
1.3092968750000000 0.4388178251359825
1.3093750000000000 0.4388247305049662
1.3094531250000001 0.4388316358976215
1.3095312500000000 0.4388385412781602
1.3096093750000000 0.4388454466823527
1.3096875000000001 0.4388523520744433
1.3097656250000000 0.4388592574901697
1.3098437500000000 0.4388661628938094
1.3099218750000001 0.4388730683210667
1.3100000000000001 0.4388799737362521
1.3100781250000000 0.4388868791750372
1.3101562500000001 0.4388937846017656
1.3102343750000001 0.4389006900520754
1.3103125000000000 0.4389075954903439
1.3103906249999999 0.4389145009521750
1.3104687500000001 0.4389214064019808
1.3105468750000000 0.4389283118753302
1.3106249999999999 0.4389352173366701
1.3107031250000001 0.4389421228215346
1.3107812500000000 0.4389490282944059
1.3108593749999999 0.4389559337907824
1.3109375000000001 0.4389628392751820
1.3110156250000000 0.4389697447830672
1.3110937499999999 0.4389766502789922
1.3111718750000001 0.4389835557983831
1.3112500000000000 0.4389904613058306
1.3113281250000000 0.4389973668367239
1.3114062500000001 0.4390042723556911
1.3114843750000000 0.4390111778980836
1.3115625000000000 0.4390180834285675
1.3116406250000001 0.4390249889824563
1.3117187500000000 0.4390318945244535
1.3117968750000000 0.4390388000898356
1.3118750000000001 0.4390457056433434
1.3119531250000001 0.4390526112202157
1.3120312500000000 0.4390595167852311
1.3121093750000001 0.4390664223735902
1.3121875000000001 0.4390733279501103
1.3122656250000000 0.4390802335499532
1.3123437499999999 0.4390871391379749
1.3124218750000001 0.4390940447492988
1.3125000000000000 0.4391009503488189
1.3125781249999999 0.4391078559716205
1.3126562500000001 0.4391147615826365
1.3127343750000000 0.4391216672169123
1.3128124999999999 0.4391285728394212
1.3128906250000001 0.4391354784851683
1.3129687500000000 0.4391423841191672
1.3130468749999999 0.4391492897763822
1.3131250000000001 0.4391561954218683
1.3132031250000000 0.4391631010905482
1.3132812500000000 0.4391700067475184
1.3133593750000001 0.4391769124276601
1.3134375000000000 0.4391838180961113
1.3135156250000000 0.4391907237877117
1.3135937500000001 0.4391976294676411
1.3136718750000000 0.4392045351706972
1.3137500000000000 0.4392114408621018
1.3138281250000001 0.4392183465766102
1.3139062500000001 0.4392252522794871
1.3139843750000000 0.4392321580054449
1.3140625000000001 0.4392390637197910
1.3141406250000001 0.4392459694571950
1.3142187500000000 0.4392528751830074
1.3142968749999999 0.4392597809318546
1.3143750000000001 0.4392666866691302
1.3144531250000000 0.4392735924294175
1.3145312499999999 0.4392804981781534
1.3146093750000001 0.4392874039498777
1.3146875000000000 0.4392943097100710
1.3147656249999999 0.4393012154932291
1.3148437500000001 0.4393081212648767
1.3149218750000000 0.4393150270594656
1.3149999999999999 0.4393219328425645
1.3150781250000001 0.4393288386485811
1.3151562500000000 0.4393357444431286
1.3152343750000000 0.4393426502605696
1.3153125000000001 0.4393495560665625
1.3153906250000000 0.4393564618954253
1.3154687500000000 0.4393633677128601
1.3155468750000001 0.4393702735531416
1.3156250000000000 0.4393771793820159
1.3157031250000000 0.4393840852337126
1.3157812500000001 0.4393909910740234
1.3158593750000001 0.4393978969371323
1.3159375000000000 0.4394048027888768
1.3160156250000001 0.4394117086633946
1.3160937500000001 0.4394186145265696
1.3161718750000000 0.4394255204124936
1.3162499999999999 0.4394324262870960
1.3163281250000001 0.4394393321844230
1.3164062500000000 0.4394462380704500
1.3164843749999999 0.4394531439791771
1.3165625000000001 0.4394600498766253
1.3166406250000000 0.4394669557967492
1.3167187499999999 0.4394738617056160
1.3167968750000001 0.4394807676371337
1.3168750000000000 0.4394876735574160
1.3169531249999999 0.4394945795003244
1.3170312500000001 0.4395014854320194
1.3171093750000000 0.4395083913863151
1.3171875000000000 0.4395152973294199
1.3172656250000001 0.4395222032951000
1.3173437500000000 0.4395291092496115
1.3174218750000000 0.4395360152266730
1.3175000000000001 0.4395429211925881
1.3175781250000000 0.4395498271810280
1.3176562500000000 0.4395567331583436
1.3177343750000001 0.4395636391581587
1.3178125000000001 0.4395705451468722
1.3178906250000000 0.4395774511580592
1.3179687500000001 0.4395843571581676
1.3180468750000001 0.4395912631807238
1.3181250000000000 0.4395981691922238
1.3182031249999999 0.4396050752261459
1.3182812500000001 0.4396119812490346
1.3183593750000000 0.4396188872943198
1.3184374999999999 0.4396257933285941
1.3185156250000001 0.4396326993852392
1.3185937500000000 0.4396396054308961
1.3186718749999999 0.4396465114988983
1.3187500000000001 0.4396534175559349
1.3188281250000000 0.4396603236352907
1.3189062499999999 0.4396672297037040
1.3189843750000001 0.4396741357944106
1.3190625000000000 0.4396810418741977
1.3191406250000000 0.4396879479762518
1.3192187500000001 0.4396948540674097
1.3192968750000000 0.4397017601808084
1.3193750000000000 0.4397086662833339
1.3194531250000001 0.4397155724080742
1.3195312500000000 0.4397224785219646
1.3196093750000000 0.4397293846580432
1.3196875000000001 0.4397362907832952
1.3197656250000001 0.4397431969307095
1.3198437500000000 0.4397501030673202
1.3199218750000001 0.4397570092260665
1.3200000000000001 0.4397639153740334
1.3200781250000000 0.4397708215441087
1.3201562499999999 0.4397777277034285
1.3202343750000001 0.4397846338848299
1.3203125000000000 0.4397915400554996
1.3203906249999999 0.4397984462482242
1.3204687500000001 0.4398053524302405
1.3205468750000000 0.4398122586342852
1.3206249999999999 0.4398191648276454
1.3207031250000001 0.4398260710430072
1.3207812500000000 0.4398329772477081
1.3208593749999999 0.4398398834743839
1.3209375000000001 0.4398467896904227
1.3210156250000000 0.4398536959284093
1.3210937500000000 0.4398606021557829
1.3211718750000001 0.4398675084050775
1.3212500000000000 0.4398744146437827
1.3213281250000000 0.4398813209043823
1.3214062500000001 0.4398882271544164
1.3214843750000000 0.4398951334263178
1.3215625000000000 0.4399020396876774
1.3216406250000001 0.4399089459708777
1.3217187500000001 0.4399158522435601
1.3217968750000000 0.4399227585380560
1.3218750000000001 0.4399296648220584
1.3219531250000001 0.4399365711278469
1.3220312500000000 0.4399434774231660
1.3221093749999999 0.4399503837402442
1.3221875000000001 0.4399572900468769
1.3222656250000000 0.4399641963752419
1.3223437499999999 0.4399711026931853
1.3224218750000001 0.4399780090328338
1.3225000000000000 0.4399849153620849
1.3225781249999999 0.4399918217130142
1.3226562500000001 0.4399987280535700
1.3227343750000000 0.4400056344157767
1.3228124999999999 0.4400125407676341
1.3228906250000001 0.4400194471411155
1.3229687500000000 0.4400263535042714
1.3230468750000000 0.4400332598890244
1.3231250000000001 0.4400401662634760
1.3232031250000000 0.4400470726594974
1.3232812500000000 0.4400539790452417
1.3233593750000001 0.4400608854525284
1.3234375000000000 0.4400677918495625
1.3235156250000000 0.4400746982681115
1.3235937500000001 0.4400816046764321
1.3236718750000001 0.4400885111062407
1.3237500000000000 0.4400954175258449
1.3238281250000001 0.4401023239669098
1.3239062500000001 0.4401092303977947
1.3239843750000000 0.4401161368501126
1.3240624999999999 0.4401230432922754
1.3241406250000001 0.4401299497558435
1.3242187500000000 0.4401368562092809
1.3242968749999999 0.4401437626840962
1.3243750000000001 0.4401506691488052
1.3244531250000000 0.4401575756348647
1.3245312499999999 0.4401644821108424
1.3246093750000001 0.4401713886081430
1.3246875000000000 0.4401782950953862
1.3247656249999999 0.4401852016039252
1.3248437500000001 0.4401921081024308
1.3249218750000000 0.4401990146222048
1.3250000000000000 0.4402059211319701
1.3250781250000001 0.4402128276629763
1.3251562500000000 0.4402197341839981
1.3252343750000000 0.4402266407262334
1.3253125000000001 0.4402335472585087
1.3253906250000000 0.4402404538119702
1.3254687500000000 0.4402473603554958
1.3255468750000001 0.4402542669201806
1.3256250000000001 0.4402611734749535
1.3257031250000000 0.4402680800508585
1.3257812500000001 0.4402749866168758
1.3258593750000001 0.4402818932039979
1.3259375000000000 0.4402887997812566
1.3260156249999999 0.4402957063795928
1.3260937500000001 0.4403026129680900
1.3261718750000000 0.4403095195776369
1.3262499999999999 0.4403164261773699
1.3263281250000001 0.4403233327981248
1.3264062500000000 0.4403302394090899
1.3264843749999999 0.4403371460410500
1.3265625000000001 0.4403440526632445
1.3266406250000000 0.4403509593064068
1.3267187499999999 0.4403578659398273
1.3267968750000001 0.4403647725941888
1.3268750000000000 0.4403716792388326
1.3269531250000000 0.4403785859043901
1.3270312500000001 0.4403854925602541
1.3271093750000000 0.4403923992370047
1.3271875000000000 0.4403993059040860
1.3272656250000001 0.4404062125920267
1.3273437500000000 0.4404131192703222
1.3274218750000000 0.4404200259694498
1.3275000000000001 0.4404269326589564
1.3275781250000001 0.4404338393692683
1.3276562500000000 0.4404407460699829
1.3277343750000001 0.4404476527914761
1.3278125000000001 0.4404545595033957
1.3278906250000000 0.4404614662360669
1.3279687499999999 0.4404683729591887
1.3280468750000001 0.4404752797030348
1.3281250000000000 0.4404821864373559
1.3282031249999999 0.4404890931923740
1.3282812500000001 0.4404959999378911
1.3283593750000000 0.4405029067040784
1.3284374999999999 0.4405098134607884
1.3285156250000001 0.4405167202381419
1.3285937500000000 0.4405236270060417
1.3286718749999999 0.4405305337945586
1.3287500000000001 0.4405374405736452
1.3288281250000000 0.4405443473733222
1.3289062500000000 0.4405512541635928
1.3289843750000001 0.4405581609744268
1.3290625000000000 0.4405650677758783
1.3291406250000000 0.4405719745978667
1.3292187500000001 0.4405788814104958
1.3292968750000000 0.4405857882436355
1.3293750000000000 0.4405926950674394
1.3294531250000001 0.4405996019117272
1.3295312500000001 0.4406065087467030
1.3296093750000000 0.4406134156021362
1.3296875000000001 0.4406203224482804
1.3297656250000001 0.4406272293148559
1.3298437500000000 0.4406341361721660
1.3299218749999999 0.4406410430498808
1.3300000000000001 0.4406479499183534
1.3300781250000000 0.4406548568072045
1.3301562499999999 0.4406617636868368
1.3302343750000001 0.4406686705868211
1.3303125000000000 0.4406755774776103
1.3303906249999999 0.4406824843887247
1.3304687500000001 0.4406893912906674
1.3305468750000000 0.4406962982129091
1.3306249999999999 0.4407032051260026
1.3307031250000001 0.4407101120593685
1.3307812500000000 0.4407170189836096
1.3308593750000000 0.4407239259280969
1.3309375000000001 0.4407308328634824
1.3310156250000000 0.4407377398190881
1.3310937500000000 0.4407446467656151
1.3311718750000001 0.4407515537323363
1.3312500000000000 0.4407584606900016
1.3313281250000000 0.4407653676678352
1.3314062500000001 0.4407722746366362
1.3314843750000001 0.4407791816255789
1.3315625000000000 0.4407860886055125
1.3316406250000001 0.4407929956055617
1.3317187500000001 0.4407999025966245
1.3317968750000000 0.4408068096077772
1.3318749999999999 0.4408137166099663
1.3319531250000001 0.4408206236322199
1.3320312500000000 0.4408275306455319
1.3321093749999999 0.4408344376788832
1.3321875000000001 0.4408413447033154
1.3322656250000000 0.4408482517477613
1.3323437499999999 0.4408551587833108
1.3324218750000001 0.4408620658388482
1.3325000000000000 0.4408689728855119
1.3325781249999999 0.4408758799521381
1.3326562500000001 0.4408827870099127
1.3327343750000000 0.4408896940876250
1.3328125000000000 0.4408966011565073
1.3328906250000001 0.4409035082453025
1.3329687500000000 0.4409104153252897
1.3330468750000000 0.4409173224251649
1.3331250000000001 0.4409242295162539
1.3332031250000000 0.4409311366272061
1.3332812500000000 0.4409380437293939
1.3333593750000001 0.4409449508514202
1.3334375000000001 0.4409518579647038
1.3335156250000000 0.4409587650978010
1.3335937500000001 0.4409656722221773
1.3336718750000001 0.4409725793663428
1.3337500000000000 0.4409794865018088
1.3338281249999999 0.4409863936570393
1.3339062500000001 0.4409933008035919
1.3339843750000000 0.4410002079698847
1.3340624999999999 0.4410071151275208
1.3341406250000001 0.4410140223048729
1.3342187500000000 0.4410209294735897
1.3342968749999999 0.4410278366619979
1.3343750000000001 0.4410347438417924
1.3344531250000000 0.4410416510412536
1.3345312499999999 0.4410485582321229
1.3346093750000001 0.4410554654426344
1.3346875000000000 0.4410623726445750
1.3347656250000000 0.4410692798661340
1.3348437500000001 0.4410761870791431
1.3349218750000000 0.4410830943117464
1.3350000000000000 0.4410900015358209
1.3350781250000001 0.4410969087794658
1.3351562500000000 0.4411038160146025
1.3352343750000000 0.4411107232692860
1.3353125000000001 0.4411176305154819
1.3353906250000001 0.4411245377812012
1.3354687500000000 0.4411314450384533
1.3355468750000001 0.4411383523152050
1.3356250000000001 0.4411452595835105
1.3357031250000000 0.4411521668712919
1.3357812499999999 0.4411590741506475
1.3358593750000001 0.4411659814494558
1.3359375000000000 0.4411728887398584
1.3360156249999999 0.4411797960496907
1.3360937500000001 0.4411867033511370
1.3361718750000000 0.4411936106719903
1.3362499999999999 0.4412005179844776
1.3363281250000001 0.4412074253163492
1.3364062500000000 0.4412143326398739
1.3364843749999999 0.4412212399827609
1.3365625000000001 0.4412281473173202
1.3366406250000000 0.4412350546712196
1.3367187500000000 0.4412419620168103
1.3367968750000001 0.4412488693817194
1.3368750000000000 0.4412557767383384
1.3369531250000000 0.4412626841142540
1.3370312500000001 0.4412695914818985
1.3371093750000000 0.4412764988688177
1.3371875000000000 0.4412834062474846
1.3372656250000001 0.4412903136454043
1.3373437500000001 0.4412972210350906
1.3374218750000000 0.4413041284440080
1.3375000000000001 0.4413110358447107
1.3375781250000001 0.4413179432646228
1.3376562500000000 0.4413248506763386
1.3377343749999999 0.4413317581072427
1.3378125000000001 0.4413386655299686
1.3378906250000000 0.4413455729718617
1.3379687499999999 0.4413524804055946
1.3380468750000001 0.4413593878584737
1.3381250000000000 0.4413662953032106
1.3382031249999999 0.4413732027670731
1.3382812500000001 0.4413801102228106
1.3383593750000000 0.4413870176976535
1.3384374999999999 0.4413939251643887
1.3385156250000001 0.4414008326502092
1.3385937500000000 0.4414077401279389
1.3386718750000000 0.4414146476247339
1.3387500000000001 0.4414215551134555
1.3388281250000000 0.4414284626212217
1.3389062500000000 0.4414353701209321
1.3389843750000001 0.4414422776396669
1.3390625000000000 0.4414491851503628
1.3391406250000000 0.4414560926800633
1.3392187500000001 0.4414630002017418
1.3392968750000001 0.4414699077424051
1.3393750000000000 0.4414768152750631
1.3394531250000001 0.4414837228266860
1.3395312500000001 0.4414906303703204
1.3396093750000000 0.4414975379329004
1.3396874999999999 0.4415044454875079
1.3397656250000001 0.4415113530610421
1.3398437500000000 0.4415182606266196
1.3399218749999999 0.4415251682111054
1.3400000000000001 0.4415320757876497
1.3400781250000000 0.4415389833830839
1.3401562499999999 0.4415458909705923
1.3402343750000001 0.4415527985769719
1.3403125000000000 0.4415597061754410
1.3403906249999999 0.4415666137927634
1.3404687500000001 0.4415735214021901
1.3405468750000000 0.4415804290304523
1.3406250000000000 0.4415873366508336
1.3407031250000001 0.4415942442900329
1.3407812500000000 0.4416011519213655
1.3408593750000000 0.4416080595714988
1.3409375000000001 0.4416149672137800
1.3410156250000000 0.4416218748748442
1.3410937500000000 0.4416287825280710
1.3411718750000001 0.4416356902000634
1.3412500000000001 0.4416425978642324
1.3413281250000000 0.4416495055471502
1.3414062500000001 0.4416564132222585
1.3414843750000001 0.4416633209160986
1.3415625000000000 0.4416702286021429
1.3416406249999999 0.4416771363069028
1.3417187500000001 0.4416840440038800
1.3417968750000000 0.4416909517195567
1.3418749999999999 0.4416978594274639
1.3419531250000001 0.4417047671540543
1.3420312500000000 0.4417116748728883
1.3421093749999999 0.4417185826103896
1.3421875000000001 0.4417254903401475
1.3422656250000000 0.4417323980885568
1.3423437499999999 0.4417393058292354
1.3424218750000001 0.4417462135885498
1.3425000000000000 0.4417531213401461
1.3425781250000000 0.4417600291103627
1.3426562500000001 0.4417669368728736
1.3427343750000000 0.4417738446539897
1.3428125000000000 0.4417807524274117
1.3428906250000001 0.4417876602194246
1.3429687500000000 0.4417945680037549
1.3430468750000000 0.4418014758066613
1.3431250000000001 0.4418083836018969
1.3432031250000001 0.4418152914156941
1.3432812500000000 0.4418221992218321
1.3433593750000001 0.4418291070465170
1.3434375000000001 0.4418360148635542
1.3435156250000000 0.4418429226991238
1.3435937499999999 0.4418498305270575
1.3436718750000001 0.4418567383735089
1.3437500000000000 0.4418636462123356
1.3438281249999999 0.4418705540696661
1.3439062500000001 0.4418774619193829
1.3439843750000000 0.4418843697875898
1.3440624999999999 0.4418912776481932
1.3441406250000001 0.4418981855272737
1.3442187500000000 0.4419050933987607
1.3442968749999999 0.4419120012887118
1.3443750000000001 0.4419189091710796
1.3444531250000000 0.4419258170718982
1.3445312500000000 0.4419327249651435
1.3446093750000001 0.4419396328768270
1.3446875000000000 0.4419465407809470
1.3447656250000000 0.4419534487034922
1.3448437500000001 0.4419603566184838
1.3449218750000000 0.4419672645518877
1.3450000000000000 0.4419741724777481
1.3450781250000001 0.4419810804220080
1.3451562500000001 0.4419879883587335
1.3452343750000000 0.4419948963138469
1.3453125000000001 0.4420018042614344
1.3453906250000001 0.4420087122273984
1.3454687500000000 0.4420156201858448
1.3455468749999999 0.4420225281626565
1.3456250000000001 0.4420294361319589
1.3457031250000000 0.4420363441196152
1.3457812499999999 0.4420432520997706
1.3458593750000001 0.4420501600982688
1.3459375000000000 0.4420570680892740
1.3460156249999999 0.4420639760986110
1.3460937500000001 0.4420708841004632
1.3461718750000000 0.4420777921206361
1.3462499999999999 0.4420847001333320
1.3463281250000001 0.4420916081643382
1.3464062500000000 0.4420985161878745
1.3464843750000000 0.4421054242297111
1.3465625000000001 0.4421123322640851
1.3466406250000000 0.4421192403167490
1.3467187500000000 0.4421261483619577
1.3467968750000001 0.4421330564254458
1.3468750000000000 0.4421399644814861
1.3469531250000000 0.4421468725557958
1.3470312500000001 0.4421537806226644
1.3471093750000001 0.4421606887077930
1.3471875000000000 0.4421675967854868
1.3472656250000001 0.4421745048814313
1.3473437500000001 0.4421814129699473
1.3474218750000000 0.4421883210767049
1.3474999999999999 0.4421952291760401
1.3475781250000001 0.4422021372936077
1.3476562500000000 0.4422090454037589
1.3477343749999999 0.4422159535321339
1.3478125000000001 0.4422228616530981
1.3478906250000000 0.4422297697922774
1.3479687499999999 0.4422366779240516
1.3480468750000001 0.4422435860740324
1.3481250000000000 0.4422504942166136
1.3482031249999999 0.4422574023773927
1.3482812500000001 0.4422643105307779
1.3483593750000000 0.4422712187023528
1.3484375000000000 0.4422781268665387
1.3485156250000001 0.4422850350489064
1.3485937500000000 0.4422919432238900
1.3486718750000000 0.4422988514170477
1.3487500000000001 0.4423057596028259
1.3488281250000000 0.4423126678067709
1.3489062500000000 0.4423195760033404
1.3489843750000001 0.4423264842180696
1.3490625000000001 0.4423333924254276
1.3491406250000000 0.4423403006509383
1.3492187500000001 0.4423472088690817
1.3492968750000001 0.4423541171053709
1.3493750000000000 0.4423610253342966
1.3494531249999999 0.4423679335813614
1.3495312500000001 0.4423748418210662
1.3496093750000000 0.4423817500789040
1.3496874999999999 0.4423886583293850
1.3497656250000001 0.4423955665979926
1.3498437500000000 0.4424024748592466
1.3499218749999999 0.4424093831386214
1.3500000000000001 0.4424162914106454
1.3500781250000000 0.4424231997007842
1.3501562499999999 0.4424301079835752
1.3502343750000001 0.4424370162844752
1.3503125000000000 0.4424439245780306
1.3503906250000000 0.4424508328896886
1.3504687500000001 0.4424577411940048
1.3505468750000000 0.4424646495164186
1.3506250000000000 0.4424715578314924
1.3507031250000001 0.4424784661646590
1.3507812500000000 0.4424853744904875
1.3508593750000000 0.4424922828344037
1.3509375000000001 0.4424991911709840
1.3510156250000001 0.4425060995256470
1.3510937500000000 0.4425130078729761
1.3511718750000001 0.4425199162383828
1.3512500000000001 0.4425268245964578
1.3513281250000000 0.4425337329726055
1.3514062499999999 0.4425406413414231
1.3514843750000001 0.4425475497283089
1.3515625000000000 0.4425544581078661
1.3516406249999999 0.4425613665054871
1.3517187500000001 0.4425682748957809
1.3517968750000000 0.4425751833041341
1.3518749999999999 0.4425820917051616
1.3519531250000001 0.4425890001242442
1.3520312500000000 0.4425959085360020
1.3521093749999999 0.4426028169658113
1.3521875000000001 0.4426097253882966
1.3522656250000000 0.4426166338288294
1.3523437500000000 0.4426235422620391
1.3524218750000001 0.4426304507132929
1.3525000000000000 0.4426373591572237
1.3525781250000000 0.4426442676191956
1.3526562500000001 0.4426511760738445
1.3527343750000000 0.4426580845465315
1.3528125000000000 0.4426649930118956
1.3528906250000001 0.4426719014952948
1.3529687500000001 0.4426788099713711
1.3530468750000000 0.4426857184654794
1.3531250000000001 0.4426926269522650
1.3532031250000001 0.4426995354570796
1.3532812500000000 0.4427064439545716
1.3533593749999999 0.4427133524700891
1.3534375000000001 0.4427202609782845
1.3535156250000000 0.4427271695045027
1.3535937499999999 0.4427340780233979
1.3536718750000001 0.4427409865603140
1.3537500000000000 0.4427478950899061
1.3538281249999999 0.4427548036375170
1.3539062500000001 0.4427617121778032
1.3539843750000000 0.4427686207361057
1.3540624999999999 0.4427755292870830
1.3541406250000001 0.4427824378560746
1.3542187500000000 0.4427893464177398
1.3542968750000000 0.4427962549974175
1.3543750000000001 0.4428031635697676
1.3544531250000000 0.4428100721601285
1.3545312500000000 0.4428169807431604
1.3546093750000001 0.4428238893442016
1.3546875000000000 0.4428307979379125
1.3547656250000000 0.4428377065496310
1.3548437500000001 0.4428446151540178
1.3549218750000001 0.4428515237764107
1.3550000000000000 0.4428584323914703
1.3550781250000001 0.4428653410245352
1.3551562500000001 0.4428722496502641
1.3552343750000000 0.4428791582939978
1.3553124999999999 0.4428860669303935
1.3553906250000001 0.4428929755847931
1.3554687500000000 0.4428998842318526
1.3555468749999999 0.4429067928969149
1.3556250000000001 0.4429137015546353
1.3557031250000000 0.4429206102303575
1.3557812499999999 0.4429275188987356
1.3558593750000001 0.4429344275851149
1.3559375000000000 0.4429413362641477
1.3560156249999999 0.4429482449611812
1.3560937500000001 0.4429551536508657
1.3561718750000000 0.4429620623585506
1.3562500000000000 0.4429689710588837
1.3563281250000001 0.4429758797772169
1.3564062500000000 0.4429827884881958
1.3564843750000000 0.4429896972171743
1.3565625000000001 0.4429966059387960
1.3566406250000000 0.4430035146784170
1.3567187500000000 0.4430104234106784
1.3567968750000001 0.4430173321609390
1.3568750000000001 0.4430242409038370
1.3569531250000000 0.4430311496647344
1.3570312500000001 0.4430380584182659
1.3571093750000001 0.4430449671897974
1.3571875000000000 0.4430518759539595
1.3572656249999999 0.4430587847361219
1.3573437500000001 0.4430656935109115
1.3574218750000000 0.4430726023037020
1.3574999999999999 0.4430795110891161
1.3575781250000001 0.4430864198925318
1.3576562500000000 0.4430933286885675
1.3577343749999999 0.4431002375026055
1.3578125000000001 0.4431071463092597
1.3578906250000000 0.4431140551339171
1.3579687499999999 0.4431209639511869
1.3580468750000001 0.4431278727864607
1.3581250000000000 0.4431347816143430
1.3582031250000000 0.4431416904602305
1.3582812500000001 0.4431485992987222
1.3583593750000000 0.4431555081552204
1.3584375000000000 0.4431624170043186
1.3585156250000001 0.4431693258714244
1.3585937500000000 0.4431762347311262
1.3586718750000000 0.4431831436088369
1.3587500000000001 0.4431900524791392
1.3588281250000001 0.4431969613674518
1.3589062500000000 0.4432038702483517
1.3589843750000001 0.4432107791472631
1.3590625000000001 0.4432176880387579
1.3591406250000000 0.4432245969482652
1.3592187499999999 0.4432315058503516
1.3592968750000001 0.4432384147704518
1.3593750000000000 0.4432453236831270
1.3594531249999999 0.4432522326138174
1.3595312500000001 0.4432591415370782
1.3596093750000000 0.4432660504783559
1.3596874999999999 0.4432729594121994
1.3597656250000001 0.4432798683640615
1.3598437500000000 0.4432867773084845
1.3599218749999999 0.4432936862709282
1.3600000000000001 0.4433005952259277
1.3600781250000000 0.4433075041989500
1.3601562500000000 0.4433144131645232
1.3602343750000001 0.4433213221481211
1.3603125000000000 0.4433282311242651
1.3603906250000000 0.4433351401184355
1.3604687500000001 0.4433420491051471
1.3605468750000000 0.4433489581098876
1.3606250000000000 0.4433558671071638
1.3607031250000001 0.4433627761224711
1.3607812500000001 0.4433696851303091
1.3608593750000000 0.4433765941561802
1.3609375000000001 0.4433835031745770
1.3610156250000001 0.4433904122110094
1.3610937500000000 0.4433973212399616
1.3611718749999999 0.4434042302869523
1.3612500000000001 0.4434111393264571
1.3613281250000000 0.4434180483840032
1.3614062499999999 0.4434249574340578
1.3614843750000001 0.4434318665021562
1.3615625000000000 0.4434387755627576
1.3616406249999999 0.4434456846414054
1.3617187500000001 0.4434525937125504
1.3617968750000000 0.4434595028017450
1.3618749999999999 0.4434664118834305
1.3619531250000001 0.4434733209831689
1.3620312500000000 0.4434802300753921
1.3621093750000000 0.4434871391856712
1.3621875000000001 0.4434940482884293
1.3622656250000000 0.4435009574092462
1.3623437500000000 0.4435078665225361
1.3624218750000001 0.4435147756538879
1.3625000000000000 0.4435216847777065
1.3625781250000000 0.4435285939195903
1.3626562500000001 0.4435355030539348
1.3627343750000001 0.4435424122063475
1.3628125000000000 0.4435493213512151
1.3628906250000001 0.4435562305141539
1.3629687500000001 0.4435631396695414
1.3630468750000000 0.4435700488430033
1.3631249999999999 0.4435769580089079
1.3632031250000001 0.4435838671928900
1.3632812500000000 0.4435907763693086
1.3633593749999999 0.4435976855638080
1.3634375000000001 0.4436045947507377
1.3635156250000000 0.4436115039557513
1.3635937499999999 0.4436184131531893
1.3636718750000001 0.4436253223687142
1.3637500000000000 0.4436322315766575
1.3638281249999999 0.4436391408026909
1.3639062500000001 0.4436460500211361
1.3639843750000000 0.4436529592576754
1.3640625000000000 0.4436598684866196
1.3641406250000001 0.4436667777336618
1.3642187500000000 0.4436736869731020
1.3642968750000000 0.4436805962306441
1.3643750000000001 0.4436875054805773
1.3644531250000000 0.4436944147486166
1.3645312500000000 0.4437013240090400
1.3646093750000001 0.4437082332875734
1.3646875000000001 0.4437151425584837
1.3647656250000000 0.4437220518475083
1.3648437500000001 0.4437289611289029
1.3649218750000001 0.4437358704284159
1.3650000000000000 0.4437427797202917
1.3650781249999999 0.4437496890302897
1.3651562500000001 0.4437565983326439
1.3652343750000000 0.4437635076531245
1.3653124999999999 0.4437704169659540
1.3653906250000001 0.4437773262969140
1.3654687500000000 0.4437842356202157
1.3655468749999999 0.4437911449616523
1.3656250000000001 0.4437980542954236
1.3657031250000000 0.4438049636473336
1.3657812499999999 0.4438118729915713
1.3658593750000001 0.4438187823539522
1.3659375000000000 0.4438256917086533
1.3660156250000000 0.4438326010815021
1.3660937500000001 0.4438395104466636
1.3661718750000000 0.4438464198299772
1.3662500000000000 0.4438533292055963
1.3663281250000001 0.4438602385993718
1.3664062500000000 0.4438671479854455
1.3664843750000000 0.4438740573896801
1.3665625000000001 0.4438809667862054
1.3666406250000001 0.4438878762008961
1.3667187500000000 0.4438947856078700
1.3667968750000001 0.4439016950330140
1.3668750000000001 0.4439086044504337
1.3669531250000000 0.4439155138860278
1.3670312499999999 0.4439224233138902
1.3671093750000001 0.4439293327599318
1.3671875000000000 0.4439362421982338
1.3672656249999999 0.4439431516547200
1.3673437500000001 0.4439500611034587
1.3674218750000000 0.4439569705703865
1.3674999999999999 0.4439638800295592
1.3675781250000001 0.4439707895069255
1.3676562500000000 0.4439776989765291
1.3677343749999999 0.4439846084643310
1.3678125000000001 0.4439915179443626
1.3678906250000000 0.4439984274425972
1.3679687500000000 0.4440053369330539
1.3680468750000001 0.4440122464417183
1.3681250000000000 0.4440191559425971
1.3682031250000000 0.4440260654616885
1.3682812500000001 0.4440329749729863
1.3683593750000000 0.4440398845025017
1.3684375000000000 0.4440467940242157
1.3685156250000001 0.4440537035641521
1.3685937500000001 0.4440606130962793
1.3686718750000000 0.4440675226466339
1.3687500000000001 0.4440744321891714
1.3688281250000001 0.4440813417499411
1.3689062500000000 0.4440882513028860
1.3689843749999999 0.4440951608740679
1.3690625000000001 0.4441020704374173
1.3691406250000000 0.4441089800190086
1.3692187499999999 0.4441158895927593
1.3692968750000001 0.4441227991847573
1.3693750000000000 0.4441297087689063
1.3694531249999999 0.4441366183713077
1.3695312500000001 0.4441435279658523
1.3696093750000000 0.4441504375786545
1.3696874999999999 0.4441573471835915
1.3697656250000001 0.4441642568067914
1.3698437500000000 0.4441711664221181
1.3699218750000000 0.4441780760557127
1.3700000000000001 0.4441849856814262
1.3700781250000000 0.4441918953254126
1.3701562500000000 0.4441988049615100
1.3702343750000001 0.4442057146158850
1.3703125000000000 0.4442126242623635
1.3703906250000000 0.4442195339271244
1.3704687500000001 0.4442264435839808
1.3705468750000001 0.4442333532591247
1.3706250000000000 0.4442402629263563
1.3707031250000001 0.4442471726118801
1.3707812500000001 0.4442540822894837
1.3708593750000000 0.4442609919853848
1.3709374999999999 0.4442679016733574
1.3710156250000001 0.4442748113796329
1.3710937500000000 0.4442817210779716
1.3711718749999999 0.4442886307946183
1.3712500000000001 0.4442955405033205
1.3713281250000000 0.4443024502303354
1.3714062499999999 0.4443093599493981
1.3714843750000001 0.4443162696867782
1.3715625000000000 0.4443231794161985
1.3716406249999999 0.4443300891639411
1.3717187500000001 0.4443369989037158
1.3717968750000000 0.4443439086618181
1.3718750000000000 0.4443508184119442
1.3719531250000001 0.4443577281804031
1.3720312500000000 0.4443646379408779
1.3721093750000000 0.4443715477196910
1.3721875000000001 0.4443784574905110
1.3722656250000000 0.4443853672796750
1.3723437500000000 0.4443922770608377
1.3724218750000001 0.4443991868603496
1.3725000000000001 0.4444060966518523
1.3725781250000000 0.4444130064617091
1.3726562500000001 0.4444199162635487
1.3727343750000001 0.4444268260837475
1.3728125000000000 0.4444337358959211
1.3728906249999999 0.4444406457264589
1.3729687500000001 0.4444475555489637
1.3730468750000000 0.4444544653898375
1.3731249999999999 0.4444613752226707
1.3732031250000001 0.4444682850738777
1.3732812500000000 0.4444751949170360
1.3733593749999999 0.4444821047785734
1.3734375000000001 0.4444890146320539
1.3735156250000000 0.4444959245039187
1.3735937499999999 0.4445028343677185
1.3736718750000001 0.4445097442499077
1.3737500000000000 0.4445166541240242
1.3738281250000000 0.4445235640165350
1.3739062500000001 0.4445304739009648
1.3739843750000000 0.4445373838037943
1.3740625000000000 0.4445442936985347
1.3741406250000001 0.4445512036116798
1.3742187500000000 0.4445581135167280
1.3742968750000000 0.4445650234401858
1.3743750000000001 0.4445719333555387
1.3744531250000001 0.4445788432893063
1.3745312500000000 0.4445857532149612
1.3746093750000001 0.4445926631590357
1.3746875000000001 0.4445995730949895
1.3747656250000000 0.4446064830493681
1.3748437499999999 0.4446133929956178
1.3749218750000001 0.4446203029602973
1.3750000000000000 0.4446272129168403
1.3750781249999999 0.4446341228918178
1.3751562500000001 0.4446410328586510
1.3752343750000000 0.4446479428439238
1.3753124999999999 0.4446548528210442
1.3753906250000001 0.4446617628166094
1.3754687500000000 0.4446686728040140
1.3755468749999999 0.4446755828098686
1.3756250000000001 0.4446824928075545
1.3757031250000000 0.4446894028236957
1.3757812500000000 0.4446963128316600
1.3758593750000001 0.4447032228580847
1.3759375000000000 0.4447101328763248
1.3760156250000000 0.4447170429130298
1.3760937500000001 0.4447239529415428
1.3761718750000000 0.4447308629885253
1.3762500000000000 0.4447377730273082
1.3763281250000001 0.4447446830845653
1.3764062500000001 0.4447515931336152
1.3764843750000000 0.4447585032011441
1.3765625000000001 0.4447654132604579
1.3766406250000001 0.4447723233382557
1.3767187500000000 0.4447792334078306
1.3767968749999999 0.4447861434958941
1.3768750000000001 0.4447930535757275
1.3769531250000000 0.4447999636740538
1.3770312499999999 0.4448068737641425
1.3771093750000001 0.4448137838727289
1.3771875000000000 0.4448206939730700
1.3772656249999999 0.4448276040919134
1.3773437500000001 0.4448345142025042
1.3774218750000000 0.4448414243316015
1.3774999999999999 0.4448483344524390
1.3775781250000001 0.4448552445917875
1.3776562500000000 0.4448621547228688
1.3777343750000000 0.4448690648724656
1.3778125000000001 0.4448759750137876
1.3778906250000000 0.4448828851736299
1.3779687500000000 0.4448897953251897
1.3780468750000001 0.4448967054952745
1.3781250000000000 0.4449036156570692
1.3782031250000000 0.4449105258373937
1.3782812500000001 0.4449174360094205
1.3783593750000001 0.4449243461999815
1.3784375000000000 0.4449312563822373
1.3785156250000001 0.4449381665830323
1.3785937500000001 0.4449450767755141
1.3786718750000000 0.4449519869865400
1.3787499999999999 0.4449588971892453
1.3788281250000001 0.4449658074104989
1.3789062500000000 0.4449727176234245
1.3789843749999999 0.4449796278549033
1.3790625000000001 0.4449865380780463
1.3791406250000000 0.4449934483197472
1.3792187499999999 0.4450003585531047
1.3792968750000001 0.4450072688050248
1.3793750000000000 0.4450141790485941
1.3794531249999999 0.4450210893107304
1.3795312500000001 0.4450279995645085
1.3796093750000000 0.4450349098368581
1.3796875000000000 0.4450418201008421
1.3797656250000001 0.4450487303834019
1.3798437500000000 0.4450556406575891
1.3799218750000000 0.4450625509503564
1.3800000000000001 0.4450694612347435
1.3800781250000000 0.4450763715377155
1.3801562500000000 0.4450832818322998
1.3802343750000001 0.4450901921454733
1.3803125000000001 0.4450971024502520
1.3803906250000000 0.4451040127736241
1.3804687500000001 0.4451109230885943
1.3805468750000001 0.4451178334221622
1.3806250000000000 0.4451247437473209
1.3807031249999999 0.4451316540910816
1.3807812500000001 0.4451385644264260
1.3808593750000000 0.4451454747803765
1.3809374999999999 0.4451523851259036
1.3810156250000001 0.4451592954900413
1.3810937500000000 0.4451662058457482
1.3811718749999999 0.4451731162200699
1.3812500000000001 0.4451800265859538
1.3813281250000000 0.4451869369704566
1.3814062499999999 0.4451938473465148
1.3814843750000001 0.4452007577411956
1.3815625000000000 0.4452076681274251
1.3816406250000000 0.4452145785322810
1.3817187500000001 0.4452214889286790
1.3817968750000000 0.4452283993437071
1.3818750000000000 0.4452353097502709
1.3819531250000001 0.4452422201754681
1.3820312500000000 0.4452491305921946
1.3821093750000000 0.4452560410275583
1.3821875000000001 0.4452629514544442
1.3822656250000001 0.4452698618999717
1.3823437500000000 0.4452767723370143
1.3824218750000001 0.4452836827927026
1.3825000000000001 0.4452905932398989
1.3825781250000000 0.4452975037057451
1.3826562499999999 0.4453044141630924
1.3827343750000001 0.4453113246390932
1.3828125000000000 0.4453182351065889
1.3828906249999999 0.4453251455927414
1.3829687500000001 0.4453320560703824
1.3830468750000000 0.4453389665666840
1.3831249999999999 0.4453458770544673
1.3832031250000001 0.4453527875609148
1.3832812500000000 0.4453596980588377
1.3833593749999999 0.4453666085754281
1.3834375000000001 0.4453735190834879
1.3835156250000000 0.4453804296102185
1.3835937500000000 0.4453873401284118
1.3836718750000001 0.4453942506652798
1.3837500000000000 0.4454011611936038
1.3838281250000000 0.4454080717406064
1.3839062500000001 0.4454149822790582
1.3839843750000000 0.4454218928361925
1.3840625000000000 0.4454288033847690
1.3841406250000001 0.4454357139520320
1.3842187500000001 0.4454426245107307
1.3842968750000000 0.4454495350881194
1.3843750000000001 0.4454564456569371
1.3844531250000001 0.4454633562444487
1.3845312500000000 0.4454702668233826
1.3846093749999999 0.4454771774210143
1.3846875000000001 0.4454840880100613
1.3847656250000000 0.4454909986178105
1.3848437499999999 0.4454979092169675
1.3849218750000001 0.4455048198348312
1.3850000000000000 0.4455117304440955
1.3850781249999999 0.4455186410720706
1.3851562500000001 0.4455255516914395
1.3852343750000000 0.4455324623295230
1.3853124999999999 0.4455393729589937
1.3853906250000001 0.4455462836071826
1.3854687500000000 0.4455531942467520
1.3855468750000000 0.4455601049050437
1.3856250000000001 0.4455670155547088
1.3857031250000000 0.4455739262231005
1.3857812500000000 0.4455808368828584
1.3858593750000001 0.4455877475613470
1.3859375000000000 0.4455946582311951
1.3860156250000000 0.4456015689197776
1.3860937500000001 0.4456084795997128
1.3861718750000001 0.4456153902983865
1.3862500000000000 0.4456223009884060
1.3863281250000001 0.4456292116971678
1.3864062500000001 0.4456361223972686
1.3864843750000000 0.4456430331161158
1.3865624999999999 0.4456499438262951
1.3866406250000001 0.4456568545552247
1.3867187500000000 0.4456637652754795
1.3867968749999999 0.4456706760144886
1.3868750000000001 0.4456775867448161
1.3869531250000000 0.4456844974939019
1.3870312499999999 0.4456914082342990
1.3871093750000001 0.4456983189934587
1.3871875000000000 0.4457052297439227
1.3872656249999999 0.4457121405131533
1.3873437500000001 0.4457190512736812
1.3874218750000000 0.4457259620529797
1.3875000000000000 0.4457328728235685
1.3875781250000001 0.4457397836129325
1.3876562500000000 0.4457466943935792
1.3877343750000000 0.4457536051930056
1.3878125000000001 0.4457605159837074
1.3878906250000000 0.4457674267931931
1.3879687500000000 0.4457743375939473
1.3880468750000001 0.4457812484134895
1.3881250000000001 0.4457881592242932
1.3882031250000000 0.4457950700538889
1.3882812500000001 0.4458019808747390
1.3883593750000001 0.4458088917143855
1.3884375000000000 0.4458158025452793
1.3885156249999999 0.4458227133949738
1.3885937500000001 0.4458296242359079
1.3886718750000000 0.4458365350956477
1.3887499999999999 0.4458434459466195
1.3888281250000001 0.4458503568164014
1.3889062500000000 0.4458572676774080
1.3889843749999999 0.4458641785572292
1.3890625000000001 0.4458710894282678
1.3891406250000000 0.4458780003181252
1.3892187499999999 0.4458849111991929
1.3892968750000001 0.4458918220990840
1.3893750000000000 0.4458987329901776
1.3894531250000000 0.4459056439000995
1.3895312500000001 0.4459125548012163
1.3896093750000000 0.4459194657211660
1.3896875000000000 0.4459263766323029
1.3897656250000001 0.4459332875622777
1.3898437500000000 0.4459401984834318
1.3899218750000000 0.4459471094234289
1.3900000000000001 0.4459540203545973
1.3900781250000001 0.4459609313046139
1.3901562500000000 0.4459678422457934
1.3902343750000001 0.4459747532058267
1.3903125000000001 0.4459816641570146
1.3903906250000000 0.4459885751270615
1.3904687499999999 0.4459954860882551
1.3905468750000001 0.4460023970683127
1.3906250000000000 0.4460093080395089
1.3907031249999999 0.4460162190295744
1.3907812500000001 0.4460231300107705
1.3908593750000000 0.4460300410108406
1.3909374999999999 0.4460369520020341
1.3910156250000001 0.4460438630121062
1.3910937500000000 0.4460507740132935
1.3911718749999999 0.4460576850333651
1.3912500000000001 0.4460645960445432
1.3913281250000000 0.4460715070746114
1.3914062500000000 0.4460784180957774
1.3914843750000001 0.4460853291358393
1.3915625000000000 0.4460922401669905
1.3916406250000000 0.4460991512170434
1.3917187500000001 0.4461060622581764
1.3917968750000000 0.4461129733182175
1.3918750000000000 0.4461198843693297
1.3919531250000001 0.4461267954393561
1.3920312500000001 0.4461337065004443
1.3921093750000000 0.4461406175804534
1.3921875000000001 0.4461475286515147
1.3922656250000001 0.4461544397415033
1.3923437500000000 0.4461613508225350
1.3924218749999999 0.4461682619225004
1.3925000000000001 0.4461751730134993
1.3925781250000000 0.4461820841234387
1.3926562499999999 0.4461889952244024
1.3927343750000001 0.4461959063443126
1.3928125000000000 0.4462028174552379
1.3928906249999999 0.4462097285851162
1.3929687500000001 0.4462166397060002
1.3930468750000000 0.4462235508458439
1.3931249999999999 0.4462304619766837
1.3932031250000001 0.4462373731264898
1.3932812500000000 0.4462442842672824
1.3933593750000000 0.4462511954270481
1.3934375000000001 0.4462581065777906
1.3935156250000000 0.4462650177475133
1.3935937500000000 0.4462719289082028
1.3936718750000001 0.4462788400878792
1.3937500000000000 0.4462857512585129
1.3938281250000000 0.4462926624481404
1.3939062500000001 0.4462995736287152
1.3939843750000001 0.4463064848282910
1.3940625000000000 0.4463133960188040
1.3941406250000001 0.4463203072283254
1.3942187500000001 0.4463272184287734
1.3942968750000000 0.4463341296482377
1.3943749999999999 0.4463410408586178
1.3944531250000001 0.4463479520880219
1.3945312500000000 0.4463548633083315
1.3946093749999999 0.4463617745476725
1.3946875000000001 0.4463686857779086
1.3947656250000000 0.4463755970271837
1.3948437499999999 0.4463825082673434
1.3949218750000001 0.4463894195265498
1.3950000000000000 0.4463963307766302
1.3950781249999999 0.4464032420457649
1.3951562500000001 0.4464101533057628
1.3952343750000000 0.4464170645848236
1.3953125000000000 0.4464239758547359
1.3953906250000001 0.4464308871437197
1.3954687500000000 0.4464377984235436
1.3955468750000000 0.4464447097224477
1.3956250000000001 0.4464516210121801
1.3957031250000000 0.4464585323210015
1.3957812500000000 0.4464654436206398
1.3958593750000001 0.4464723549393757
1.3959375000000001 0.4464792662489168
1.3960156250000000 0.4464861775775644
1.3960937500000001 0.4464930888970053
1.3961718750000001 0.4465000002355619
1.3962500000000000 0.4465069115648998
1.3963281249999999 0.4465138229133623
1.3964062500000001 0.4465207342525943
1.3964843750000000 0.4465276456109600
1.3965624999999999 0.4465345569600830
1.3966406250000001 0.4465414683283491
1.3967187500000000 0.4465483796873603
1.3967968749999999 0.4465552910655241
1.3968750000000001 0.4465622024344203
1.3969531250000000 0.4465691138224789
1.3970312499999999 0.4465760252012574
1.3971093750000001 0.4465829365992081
1.3971875000000000 0.4465898479878658
1.3972656250000000 0.4465967593957056
1.3973437500000001 0.4466036707942397
1.3974218750000000 0.4466105822119659
1.3975000000000000 0.4466174936203733
1.3975781250000001 0.4466244050479831
1.3976562500000000 0.4466313164662610
1.3977343750000000 0.4466382279037515
1.3978125000000001 0.4466451393318968
1.3978906250000001 0.4466520507792653
1.3979687500000000 0.4466589622172751
1.3980468750000001 0.4466658736745189
1.3981250000000001 0.4466727851223902
1.3982031250000000 0.4466796965895063
1.3982812499999999 0.4466866080472363
1.3983593750000001 0.4466935195242220
1.3984375000000000 0.4467004309918076
1.3985156249999999 0.4467073424786600
1.3985937500000001 0.4467142539560984
1.3986718750000000 0.4467211654528147
1.3987499999999999 0.4467280769401029
1.3988281250000001 0.4467349884466804
1.3989062500000000 0.4467418999438153
1.3989843749999999 0.4467488114602511
1.3990625000000001 0.4467557229672300
1.3991406250000000 0.4467626344935212
1.3992187500000000 0.4467695460103411
1.3992968750000001 0.4467764575464850
1.3993750000000000 0.4467833690731429
1.3994531250000000 0.4467902806191368
1.3995312500000001 0.4467971921556298
1.3996093750000000 0.4468041037114707
1.3996875000000000 0.4468110152577957
1.3997656250000001 0.4468179268234810
1.3998437500000001 0.4468248383796352
1.3999218750000000 0.4468317499551619
1.4000000000000001 0.4468386615211424
1.4000781250000001 0.4468455731065077
1.4001562500000000 0.4468524846823115
1.4002343749999999 0.4468593962775127
1.4003125000000001 0.4468663078631369
1.4003906250000000 0.4468732194681710
1.4004687499999999 0.4468801310636127
1.4005468750000001 0.4468870426784771
1.4006250000000000 0.4468939542837332
1.4007031249999999 0.4469008659084249
1.4007812500000001 0.4469077775234926
1.4008593750000000 0.4469146891580090
1.4009374999999999 0.4469216007828853
1.4010156250000001 0.4469285124272235
1.4010937500000000 0.4469354240619054
1.4011718750000000 0.4469423357160626
1.4012500000000001 0.4469492473605474
1.4013281250000000 0.4469561590245205
1.4014062500000000 0.4469630706788052
1.4014843750000001 0.4469699823525915
1.4015625000000000 0.4469768940166733
1.4016406250000000 0.4469838057002701
1.4017187500000001 0.4469907173741458
1.4017968750000001 0.4469976290675503
1.4018750000000000 0.4470045407512170
1.4019531250000001 0.4470114524544264
1.4020312500000001 0.4470183641478813
1.4021093750000000 0.4470252758608927
1.4021874999999999 0.4470321875641327
1.4022656250000001 0.4470390992869435
1.4023437500000000 0.4470460109999655
1.4024218749999999 0.4470529227325730
1.4025000000000001 0.4470598344553742
1.4025781250000000 0.4470667461977753
1.4026562499999999 0.4470736579303527
1.4027343750000001 0.4470805696825448
1.4028125000000000 0.4470874814248956
1.4028906249999999 0.4470943931868758
1.4029687500000001 0.4471013049389969
1.4030468750000000 0.4471082167107625
1.4031250000000000 0.4471151284726509
1.4032031250000001 0.4471220402541990
1.4032812500000000 0.4471289520258521
1.4033593750000000 0.4471358638171798
1.4034375000000001 0.4471427755985945
1.4035156250000000 0.4471496873996990
1.4035937500000000 0.4471565991908725
1.4036718750000001 0.4471635110017509
1.4037500000000001 0.4471704228026802
1.4038281250000000 0.4471773346233297
1.4039062500000001 0.4471842464340119
1.4039843750000001 0.4471911582644298
1.4040625000000000 0.4471980700848620
1.4041406249999999 0.4472049819250454
1.4042187500000001 0.4472118937552248
1.4042968750000000 0.4472188056051706
1.4043749999999999 0.4472257174450943
1.4044531250000001 0.4472326293047998
1.4045312500000000 0.4472395411544649
1.4046093749999999 0.4472464530239273
1.4046875000000001 0.4472533648833308
1.4047656250000000 0.4472602767625475
1.4048437499999999 0.4472671886316864
1.4049218750000001 0.4472741005206542
1.4050000000000000 0.4472810123995257
1.4050781250000000 0.4472879242982420
1.4051562500000001 0.4472948361868431
1.4052343750000000 0.4473017480953051
1.4053125000000000 0.4473086599936330
1.4053906250000001 0.4473155719118377
1.4054687500000000 0.4473224838198894
1.4055468750000000 0.4473293957478343
1.4056250000000001 0.4473363076656067
1.4057031250000001 0.4473432196032887
1.4057812500000000 0.4473501315307792
1.4058593750000001 0.4473570434781953
1.4059375000000001 0.4473639554154011
1.4060156250000000 0.4473708673725488
1.4060937499999999 0.4473777793194666
1.4061718750000001 0.4473846912863431
1.4062500000000000 0.4473916032429701
1.4063281249999999 0.4473985152195724
1.4064062500000001 0.4474054271859058
1.4064843750000000 0.4474123391722310
1.4065624999999999 0.4474192511482681
1.4066406250000001 0.4474261631443133
1.4067187500000000 0.4474330751300511
1.4067968749999999 0.4474399871358134
1.4068750000000001 0.4474468991312489
1.4069531250000000 0.4474538111467258
1.4070312500000000 0.4474607231518560
1.4071093750000001 0.4474676351770446
1.4071875000000000 0.4474745471918665
1.4072656250000000 0.4474814592267640
1.4073437500000001 0.4474883712512749
1.4074218750000000 0.4474952832958782
1.4075000000000000 0.4475021953300752
1.4075781250000001 0.4475091073843817
1.4076562500000001 0.4475160194282618
1.4077343750000000 0.4475229314922686
1.4078125000000001 0.4475298435458293
1.4078906250000001 0.4475367556195333
1.4079687500000000 0.4475436676827713
1.4080468749999999 0.4475505797661700
1.4081250000000001 0.4475574918390826
1.4082031250000000 0.4475644039321729
1.4082812499999999 0.4475713160147571
1.4083593750000001 0.4475782281175363
1.4084375000000000 0.4475851402097893
1.4085156249999999 0.4475920523222546
1.4085937500000001 0.4475989644241734
1.4086718750000000 0.4476058765463217
1.4087499999999999 0.4476127886579037
1.4088281250000001 0.4476197007897321
1.4089062500000000 0.4476266129109746
1.4089843750000000 0.4476335250524801
1.4090625000000001 0.4476404371833799
1.4091406250000000 0.4476473493345601
1.4092187500000000 0.4476542614751142
1.4092968750000001 0.4476611736359662
1.4093750000000000 0.4476680857861717
1.4094531250000000 0.4476749979566927
1.4095312500000001 0.4476819101165467
1.4096093750000001 0.4476888222967338
1.4096875000000000 0.4476957344662333
1.4097656250000001 0.4477026466560838
1.4098437500000001 0.4477095588352261
1.4099218750000000 0.4477164710347371
1.4099999999999999 0.4477233832235190
1.4100781250000001 0.4477302954326878
1.4101562500000000 0.4477372076311066
1.4102343749999999 0.4477441198499302
1.4103125000000001 0.4477510320579831
1.4103906250000000 0.4477579442864585
1.4104687499999999 0.4477648565041426
1.4105468750000001 0.4477717687422671
1.4106250000000000 0.4477786809695796
1.4107031249999999 0.4477855932173502
1.4107812500000001 0.4477925054542881
1.4108593750000000 0.4477994177117022
1.4109375000000000 0.4478063299582625
1.4110156250000001 0.4478132422253172
1.4110937500000000 0.4478201544814972
1.4111718750000000 0.4478270667581895
1.4112500000000001 0.4478339790239864
1.4113281250000000 0.4478408913103134
1.4114062500000000 0.4478478035857242
1.4114843750000001 0.4478547158816831
1.4115625000000001 0.4478616281667051
1.4116406250000000 0.4478685404722930
1.4117187500000001 0.4478754527669233
1.4117968750000001 0.4478823650821372
1.4118750000000000 0.4478892773863732
1.4119531249999999 0.4478961897112101
1.4120312500000001 0.4479031020250487
1.4121093750000000 0.4479100143595061
1.4121874999999999 0.4479169266829443
1.4122656250000001 0.4479238390270194
1.4123437500000000 0.4479307513600543
1.4124218749999999 0.4479376637137440
1.4125000000000001 0.4479445760563730
1.4125781250000000 0.4479514884196746
1.4126562499999999 0.4479584007718945
1.4127343750000001 0.4479653131448052
1.4128125000000000 0.4479722255066133
1.4128906250000000 0.4479791378891301
1.4129687500000001 0.4479860502605236
1.4130468750000000 0.4479929626526435
1.4131250000000000 0.4479998750336197
1.4132031250000001 0.4480067874353397
1.4132812500000000 0.4480136998258957
1.4133593750000000 0.4480206122372133
1.4134375000000001 0.4480275246373460
1.4135156250000001 0.4480344370582582
1.4135937500000000 0.4480413494679649
1.4136718750000001 0.4480482618984688
1.4137500000000001 0.4480551743177468
1.4138281250000000 0.4480620867578395
1.4139062499999999 0.4480689991866856
1.4139843750000001 0.4480759116363645
1.4140625000000000 0.4480828240747760
1.4141406249999999 0.4480897365340379
1.4142187500000001 0.4480966489820120
1.4142968750000000 0.4481035614508542
1.4143749999999999 0.4481104739083879
1.4144531250000001 0.4481173863868076
1.4145312500000000 0.4481242988538983
1.4146093749999999 0.4481312113418924
1.4146875000000001 0.4481381238185370
1.4147656250000000 0.4481450363161028
1.4148437500000000 0.4481519488022985
1.4149218750000001 0.4481588613094334
1.4150000000000000 0.4481657738051770
1.4150781250000000 0.4481726863218781
1.4151562500000001 0.4481795988271670
1.4152343750000000 0.4481865113534313
1.4153125000000000 0.4481934238682626
1.4153906250000001 0.4482003364040872
1.4154687500000001 0.4482072489284583
1.4155468750000000 0.4482141614738402
1.4156250000000001 0.4482210740077481
1.4157031250000001 0.4482279865626846
1.4157812500000000 0.4482348991061263
1.4158593749999999 0.4482418116706147
1.4159375000000001 0.4482487242235875
1.4160156250000000 0.4482556367976246
1.4160937499999999 0.4482625493601257
1.4161718750000001 0.4482694619437086
1.4162500000000000 0.4482763745157353
1.4163281249999999 0.4482832871088613
1.4164062500000001 0.4482901996904105
1.4164843750000000 0.4482971122930767
1.4165624999999999 0.4483040248841457
1.4166406250000001 0.4483109374963491
1.4167187500000000 0.4483178500969350
1.4167968750000000 0.4483247627186730
1.4168750000000001 0.4483316753287729
1.4169531250000000 0.4483385879600424
1.4170312500000000 0.4483455005796536
1.4171093750000001 0.4483524132204518
1.4171875000000000 0.4483593258495713
1.4172656250000000 0.4483662384998953
1.4173437500000001 0.4483731511385204
1.4174218750000001 0.4483800637983673
1.4175000000000000 0.4483869764464952
1.4175781250000001 0.4483938891158622
1.4176562500000001 0.4484008017734898
1.4177343750000000 0.4484077144523742
1.4178124999999999 0.4484146271194987
1.4178906250000001 0.4484215398078976
1.4179687500000000 0.4484284524845160
1.4180468749999999 0.4484353651824267
1.4181250000000001 0.4484422778685361
1.4182031250000000 0.4484491905759556
1.4182812499999999 0.4484561032715534
1.4183593750000001 0.4484630159884788
1.4184375000000000 0.4484699286935621
1.4185156249999999 0.4484768414199906
1.4185937500000001 0.4484837541345564
1.4186718750000000 0.4484906668704851
1.4187500000000000 0.4484975795945307
1.4188281250000001 0.4485044923399568
1.4189062500000000 0.4485114050734793
1.4189843750000000 0.4485183178284000
1.4190625000000001 0.4485252305713964
1.4191406250000000 0.4485321433358088
1.4192187500000000 0.4485390560882765
1.4192968750000001 0.4485459688621776
1.4193750000000001 0.4485528816241137
1.4194531250000000 0.4485597944075006
1.4195312500000001 0.4485667071789024
1.4196093750000001 0.4485736199717724
1.4196875000000000 0.4485805327526368
1.4197656249999999 0.4485874455549870
1.4198437500000001 0.4485943583453112
1.4199218750000000 0.4486012711571387
1.4199999999999999 0.4486081839569200
1.4200781250000001 0.4486150967782219
1.4201562500000000 0.4486220095874573
1.4202343749999999 0.4486289224182309
1.4203125000000001 0.4486358352369176
1.4203906250000000 0.4486427480771600
1.4204687499999999 0.4486496609052953
1.4205468750000001 0.4486565737550034
1.4206250000000000 0.4486634865925844
1.4207031250000000 0.4486703994517555
1.4207812500000001 0.4486773122987795
1.4208593750000000 0.4486842251674106
1.4209375000000000 0.4486911380238747
1.4210156250000001 0.4486980509019630
1.4210937500000000 0.4487049637678642
1.4211718750000000 0.4487118766554069
1.4212500000000001 0.4487187895307424
1.4213281250000001 0.4487257024277369
1.4214062500000000 0.4487326153125038
1.4214843750000001 0.4487395282189470
1.4215625000000001 0.4487464411131424
1.4216406250000000 0.4487533540290315
1.4217187499999999 0.4487602669326528
1.4217968750000001 0.4487671798579848
1.4218750000000000 0.4487740927710290
1.4219531249999999 0.4487810057058012
1.4220312500000001 0.4487879186282654
1.4221093750000000 0.4487948315724749
1.4221874999999999 0.4488017445043566
1.4222656250000001 0.4488086574580004
1.4223437500000000 0.4488155703992965
1.4224218749999999 0.4488224833623719
1.4225000000000001 0.4488293963130794
1.4225781250000000 0.4488363092855838
1.4226562500000000 0.4488432222457000
1.4227343750000001 0.4488501352276303
1.4228125000000000 0.4488570481971523
1.4228906250000000 0.4488639611885056
1.4229687500000001 0.4488708741674308
1.4230468750000000 0.4488777871682043
1.4231250000000000 0.4488847001565294
1.4232031250000001 0.4488916131667207
1.4232812500000001 0.4488985261644429
1.4233593750000000 0.4489054391840488
1.4234375000000001 0.4489123521911653
1.4235156250000001 0.4489192652201831
1.4235937500000000 0.4489261782366911
1.4236718749999999 0.4489330912751178
1.4237500000000001 0.4489400043010144
1.4238281250000000 0.4489469173488474
1.4239062499999999 0.4489538303841298
1.4239843750000001 0.4489607434413659
1.4240625000000000 0.4489676564860315
1.4241406249999999 0.4489745695526681
1.4242187500000001 0.4489814826067138
1.4242968750000000 0.4489883956827477
1.4243749999999999 0.4489953087461709
1.4244531250000001 0.4490022218315995
1.4245312500000000 0.4490091349043973
1.4246093750000000 0.4490160479992177
1.4246875000000001 0.4490229610813872
1.4247656250000000 0.4490298741855965
1.4248437500000000 0.4490367872771348
1.4249218750000001 0.4490437003907304
1.4250000000000000 0.4490506134916346
1.4250781250000000 0.4490575266146137
1.4251562500000001 0.4490644397248809
1.4252343750000001 0.4490713528572405
1.4253125000000000 0.4490782659768679
1.4253906250000001 0.4490851791186052
1.4254687500000001 0.4490920922475901
1.4255468750000000 0.4490990053987021
1.4256249999999999 0.4491059185370416
1.4257031250000001 0.4491128316975258
1.4257812500000000 0.4491197448452169
1.4258593749999999 0.4491266580150702
1.4259375000000001 0.4491335711721103
1.4260156250000000 0.4491404843513299
1.4260937499999999 0.4491473975177161
1.4261718750000001 0.4491543107062991
1.4262500000000000 0.4491612238820285
1.4263281249999999 0.4491681370799722
1.4264062500000001 0.4491750502650420
1.4264843750000000 0.4491819634723435
1.4265625000000000 0.4491888766667506
1.4266406250000001 0.4491957898834073
1.4267187500000000 0.4492027030871489
1.4267968750000000 0.4492096163131581
1.4268750000000001 0.4492165295262314
1.4269531250000000 0.4492234427615898
1.4270312500000000 0.4492303559839921
1.4271093750000001 0.4492372692286972
1.4271875000000001 0.4492441824604255
1.4272656250000000 0.4492510957144742
1.4273437500000001 0.4492580089555258
1.4274218750000001 0.4492649222189154
1.4275000000000000 0.4492718354692875
1.4275781249999999 0.4492787487420150
1.4276562500000001 0.4492856620017048
1.4277343750000000 0.4492925752837673
1.4278124999999999 0.4492994885527720
1.4278906250000001 0.4493064018441668
1.4279687500000000 0.4493133151224836
1.4280468749999999 0.4493202284232076
1.4281250000000001 0.4493271417108336
1.4282031250000000 0.4493340550208844
1.4282812499999999 0.4493409683178165
1.4283593750000001 0.4493478816371914
1.4284375000000000 0.4493547949434267
1.4285156250000000 0.4493617082721227
1.4285937500000001 0.4493686215876585
1.4286718750000000 0.4493755349256728
1.4287500000000000 0.4493824482505063
1.4288281250000001 0.4493893615978359
1.4289062500000000 0.4493962749319643
1.4289843750000000 0.4494031882886065
1.4290625000000001 0.4494101016320268
1.4291406250000001 0.4494170149979789
1.4292187500000000 0.4494239283506883
1.4292968750000001 0.4494308417259473
1.4293750000000001 0.4494377550879430
1.4294531250000000 0.4494446684725061
1.4295312499999999 0.4494515818437852
1.4296093750000001 0.4494584952376499
1.4296875000000000 0.4494654086182094
1.4297656249999999 0.4494723220213724
1.4298437500000001 0.4494792354112100
1.4299218750000000 0.4494861488236685
1.4299999999999999 0.4494930622227812
1.4300781250000001 0.4494999756445324
1.4301562500000000 0.4495068890529170
1.4302343749999999 0.4495138024839585
1.4303125000000001 0.4495207159016122
1.4303906250000000 0.4495276293419409
1.4304687500000000 0.4495345427688611
1.4305468750000001 0.4495414562184741
1.4306250000000000 0.4495483696546579
1.4307031250000000 0.4495552831135525
1.4307812500000001 0.4495621965589968
1.4308593750000000 0.4495691100271705
1.4309375000000000 0.4495760234818724
1.4310156250000001 0.4495829369593222
1.4310937500000001 0.4495898504232790
1.4311718750000000 0.4495967639100021
1.4312500000000001 0.4496036773832110
1.4313281250000001 0.4496105908792042
1.4314062500000000 0.4496175043616626
1.4314843749999999 0.4496244178669232
1.4315625000000001 0.4496313313586284
1.4316406250000000 0.4496382448731532
1.4317187499999999 0.4496451583741024
1.4317968750000001 0.4496520718978889
1.4318750000000000 0.4496589854080790
1.4319531249999999 0.4496658989411245
1.4320312500000001 0.4496728124605527
1.4321093750000000 0.4496797260028543
1.4321874999999999 0.4496866395315177
1.4322656250000001 0.4496935530830727
1.4323437500000000 0.4497004666209683
1.4324218750000000 0.4497073801817740
1.4325000000000001 0.4497142937288990
1.4325781250000000 0.4497212072989525
1.4326562500000000 0.4497281208553041
1.4327343750000001 0.4497350344346025
1.4328125000000000 0.4497419480001781
1.4328906250000000 0.4497488615887186
1.4329687500000001 0.4497557751635151
1.4330468750000001 0.4497626887612949
1.4331250000000000 0.4497696023453095
1.4332031250000001 0.4497765159523258
1.4332812500000001 0.4497834295455557
1.4333593750000000 0.4497903431618058
1.4334374999999999 0.4497972567642481
1.4335156250000001 0.4498041703897291
1.4335937500000000 0.4498110840013809
1.4336718749999999 0.4498179976360900
1.4337500000000001 0.4498249112569488
1.4338281250000000 0.4498318249008830
1.4339062499999999 0.4498387385309456
1.4339843750000001 0.4498456521841024
1.4340625000000000 0.4498525658233661
1.4341406249999999 0.4498594794857426
1.4342187500000001 0.4498663931342045
1.4342968750000000 0.4498733068057979
1.4343750000000000 0.4498802204634550
1.4344531250000001 0.4498871341442626
1.4345312500000000 0.4498940478111121
1.4346093750000000 0.4499009615011312
1.4346875000000001 0.4499078751771703
1.4347656250000000 0.4499147888763979
1.4348437500000000 0.4499217025616238
1.4349218750000001 0.4499286162700571
1.4350000000000001 0.4499355299644670
1.4350781250000000 0.4499424436821033
1.4351562500000001 0.4499493573856942
1.4352343750000001 0.4499562711125306
1.4353125000000000 0.4499631848252999
1.4353906249999999 0.4499700985613335
1.4354687500000001 0.4499770122832784
1.4355468750000000 0.4499839260285063
1.4356249999999999 0.4499908397596240
1.4357031250000001 0.4499977535140435
1.4357812500000000 0.4500046672543310
1.4358593749999999 0.4500115810179393
1.4359375000000001 0.4500184947673938
1.4360156250000000 0.4500254085401881
1.4360937499999999 0.4500323222988069
1.4361718750000001 0.4500392360807844
1.4362500000000000 0.4500461498485645
1.4363281250000000 0.4500530636397225
1.4364062500000001 0.4500599774166608
1.4364843750000000 0.4500668912169968
1.4365625000000000 0.4500738050030904
1.4366406250000001 0.4500807188126015
1.4367187500000000 0.4500876326078478
1.4367968750000000 0.4500945464265310
1.4368750000000001 0.4501014602309272
1.4369531250000001 0.4501083740587797
1.4370312500000000 0.4501152878723231
1.4371093750000001 0.4501222017093419
1.4371875000000001 0.4501291155320296
1.4372656250000000 0.4501360293782121
1.4373437499999999 0.4501429432100412
1.4374218750000001 0.4501498570653847
1.4375000000000000 0.4501567709063523
1.4375781249999999 0.4501636847708537
1.4376562500000001 0.4501705986209573
1.4377343750000000 0.4501775124946139
1.4378124999999999 0.4501844263538504
1.4378906250000001 0.4501913402366594
1.4379687500000000 0.4501982541050261
1.4380468749999999 0.4502051679969848
1.4381250000000001 0.4502120818744786
1.4382031250000000 0.4502189957755843
1.4382812500000000 0.4502259096622027
1.4383593750000001 0.4502328235724522
1.4384375000000000 0.4502397374681922
1.4385156250000000 0.4502466513875831
1.4385937500000001 0.4502535652924418
1.4386718750000000 0.4502604792209713
1.4387500000000000 0.4502673931349458
1.4388281250000001 0.4502743070726110
1.4389062500000001 0.4502812209956987
1.4389843750000000 0.4502881349424968
1.4390625000000001 0.4502950488746947
1.4391406250000001 0.4503019628306230
1.4392187500000000 0.4503088767719282
1.4392968749999999 0.4503157907369837
1.4393750000000001 0.4503227046873935
1.4394531250000000 0.4503296186615736
1.4395312499999999 0.4503365326210854
1.4396093750000001 0.4503434466043870
1.4396875000000000 0.4503503605729978
1.4397656249999999 0.4503572745654182
1.4398437500000001 0.4503641885431251
1.4399218750000000 0.4503711025446617
1.4399999999999999 0.4503780165314619
1.4400781250000001 0.4503849305421118
1.4401562500000000 0.4503918445380024
1.4402343750000000 0.4503987585577628
1.4403125000000001 0.4504056725627412
1.4403906250000000 0.4504125865916092
1.4404687500000000 0.4504195006056723
1.4405468750000001 0.4504264146436454
1.4406250000000000 0.4504333286667904
1.4407031250000000 0.4504402427138656
1.4407812500000001 0.4504471567460898
1.4408593750000001 0.4504540708022643
1.4409375000000000 0.4504609848435649
1.4410156250000001 0.4504678989088359
1.4410937500000001 0.4504748129592099
1.4411718750000000 0.4504817270335748
1.4412499999999999 0.4504886410930193
1.4413281250000001 0.4504955551764754
1.4414062500000000 0.4505024692449876
1.4414843749999999 0.4505093833375318
1.4415625000000001 0.4505162974151091
1.4416406250000000 0.4505232115167386
1.4417187499999999 0.4505301256033782
1.4417968750000001 0.4505370397140904
1.4418750000000000 0.4505439538097891
1.4419531249999999 0.4505508679295813
1.4420312500000001 0.4505577820343362
1.4421093750000000 0.4505646961632058
1.4421875000000000 0.4505716102770140
1.4422656250000001 0.4505785244149580
1.4423437500000000 0.4505854385378172
1.4424218750000000 0.4505923526848326
1.4425000000000001 0.4505992668167398
1.4425781250000000 0.4506061809728237
1.4426562500000000 0.4506130951137762
1.4427343750000001 0.4506200092789260
1.4428125000000001 0.4506269234289207
1.4428906250000000 0.4506338376031338
1.4429687500000001 0.4506407517621681
1.4430468750000001 0.4506476659454415
1.4431250000000000 0.4506545801135122
1.4432031249999999 0.4506614943058434
1.4432812500000001 0.4506684084829478
1.4433593750000000 0.4506753226843337
1.4434374999999999 0.4506822368704694
1.4435156250000001 0.4506891510809071
1.4435937500000000 0.4506960652760711
1.4436718749999999 0.4507029794955579
1.4437500000000001 0.4507098936997472
1.4438281250000000 0.4507168079282804
1.4439062499999999 0.4507237221414924
1.4439843750000001 0.4507306363790693
1.4440625000000000 0.4507375506013006
1.4441406250000000 0.4507444648479188
1.4442187500000001 0.4507513790791666
1.4442968750000000 0.4507582933348231
1.4443750000000000 0.4507652075750849
1.4444531250000001 0.4507721218397767
1.4445312500000000 0.4507790360890497
1.4446093750000000 0.4507859503627740
1.4446875000000001 0.4507928646210554
1.4447656250000001 0.4507997789038095
1.4448437500000000 0.4508066931710963
1.4449218750000001 0.4508136074628774
1.4450000000000001 0.4508205217391669
1.4450781250000000 0.4508274360399723
1.4451562499999999 0.4508343503252615
1.4452343750000001 0.4508412646350884
1.4453125000000000 0.4508481789293747
1.4453906249999999 0.4508550932482202
1.4454687500000001 0.4508620075515006
1.4455468750000000 0.4508689218793622
1.4456249999999999 0.4508758361916338
1.4457031250000001 0.4508827505285086
1.4457812500000000 0.4508896648497688
1.4458593749999999 0.4508965791956537
1.4459375000000001 0.4509034935258998
1.4460156250000000 0.4509104078807923
1.4460937500000000 0.4509173222200211
1.4461718750000001 0.4509242365839184
1.4462500000000000 0.4509311509321274
1.4463281250000000 0.4509380653050266
1.4464062500000001 0.4509449796622129
1.4464843750000000 0.4509518940441111
1.4465625000000000 0.4509588084102720
1.4466406250000001 0.4509657228011666
1.4467187500000001 0.4509726371762990
1.4467968750000000 0.4509795515761874
1.4468750000000001 0.4509864659602885
1.4469531250000001 0.4509933803691679
1.4470312500000000 0.4510002947622347
1.4471093749999999 0.4510072091801022
1.4471875000000001 0.4510141235821324
1.4472656250000000 0.4510210380089851
1.4473437499999999 0.4510279524199756
1.4474218750000001 0.4510348668558108
1.4475000000000000 0.4510417812757586
1.4475781249999999 0.4510486957205738
1.4476562500000001 0.4510556101494761
1.4477343750000000 0.4510625246032685
1.4478124999999999 0.4510694390411226
1.4478906250000001 0.4510763535038891
1.4479687500000000 0.4510832679506921
1.4480468750000000 0.4510901824224303
1.4481250000000001 0.4510970968781793
1.4482031250000000 0.4511040113588862
1.4482812500000000 0.4511109258235785
1.4483593750000001 0.4511178403132514
1.4484375000000000 0.4511247547868841
1.4485156250000000 0.4511316692855202
1.4485937500000001 0.4511385837680906
1.4486718750000001 0.4511454982756871
1.4487500000000000 0.4511524127671923
1.4488281250000001 0.4511593272837466
1.4489062500000001 0.4511662417841836
1.4489843750000000 0.4511731563096927
1.4490624999999999 0.4511800708190590
1.4491406250000001 0.4511869853535201
1.4492187500000000 0.4511938998718129
1.4492968749999999 0.4512008144152233
1.4493750000000001 0.4512077289424395
1.4494531250000000 0.4512146434947965
1.4495312499999999 0.4512215580309334
1.4496093750000001 0.4512284725922341
1.4496875000000000 0.4512353871372890
1.4497656249999999 0.4512423017075308
1.4498437500000001 0.4512492162615006
1.4499218750000000 0.4512561308406806
1.4500000000000000 0.4512630454035627
1.4500781250000001 0.4512699599916782
1.4501562500000000 0.4512768745634698
1.4502343750000000 0.4512837891605179
1.4503125000000001 0.4512907037412160
1.4503906250000000 0.4512976183471941
1.4504687500000000 0.4513045329367958
1.4505468750000001 0.4513114475517014
1.4506250000000001 0.4513183621502039
1.4507031250000000 0.4513252767740341
1.4507812500000001 0.4513321913814343
1.4508593750000001 0.4513391060141863
1.4509375000000000 0.4513460206304818
1.4510156249999999 0.4513529352721527
1.4510937500000001 0.4513598498973406
1.4511718750000000 0.4513667645479276
1.4512499999999999 0.4513736791820054
1.4513281250000001 0.4513805938415055
1.4514062500000000 0.4513875084844701
1.4514843749999999 0.4513944231528809
1.4515625000000001 0.4514013378047294
1.4516406250000000 0.4514082524820481
1.4517187499999999 0.4514151671427776
1.4517968750000001 0.4514220818290016
1.4518750000000000 0.4514289964986093
1.4519531250000000 0.4514359111937355
1.4520312500000001 0.4514428258722189
1.4521093750000000 0.4514497405762446
1.4521875000000000 0.4514566552636007
1.4522656250000001 0.4514635699765230
1.4523437500000000 0.4514704846727491
1.4524218750000000 0.4514773993945653
1.4525000000000001 0.4514843140996586
1.4525781250000001 0.4514912288303660
1.4526562500000000 0.4514981435443233
1.4527343750000001 0.4515050582839195
1.4528125000000001 0.4515119730067380
1.4528906250000000 0.4515188877552201
1.4529687499999999 0.4515258024868969
1.4530468750000001 0.4515327172442622
1.4531250000000000 0.4515396319847946
1.4532031249999999 0.4515465467510402
1.4532812500000001 0.4515534615004254
1.4533593750000000 0.4515603762755487
1.4534374999999999 0.4515672910337838
1.4535156250000001 0.4515742058177818
1.4535937500000000 0.4515811205848643
1.4536718749999999 0.4515880353777341
1.4537500000000001 0.4515949501536611
1.4538281250000000 0.4516018649554000
1.4539062500000000 0.4516087797401687
1.4539843750000001 0.4516156945507741
1.4540625000000000 0.4516226093443814
1.4541406250000000 0.4516295241638506
1.4542187500000001 0.4516364389662937
1.4542968750000000 0.4516433537946240
1.4543750000000000 0.4516502686059003
1.4544531250000001 0.4516571834430887
1.4545312500000001 0.4516640982631952
1.4546093750000000 0.4516710131092391
1.4546875000000001 0.4516779279381732
1.4547656250000001 0.4516848427930695
1.4548437500000000 0.4516917576308284
1.4549218749999999 0.4516986724945746
1.4550000000000001 0.4517055873411553
1.4550781250000000 0.4517125022137486
1.4551562499999999 0.4517194170691485
1.4552343750000001 0.4517263319505859
1.4553125000000000 0.4517332468148023
1.4553906249999999 0.4517401617050813
1.4554687500000001 0.4517470765781110
1.4555468750000000 0.4517539914772288
1.4556249999999999 0.4517609063590691
1.4557031250000001 0.4517678212670231
1.4557812500000000 0.4517747361576711
1.4558593750000000 0.4517816510744585
1.4559375000000001 0.4517885659739113
1.4560156250000000 0.4517954808995293
1.4560937500000000 0.4518023958077844
1.4561718750000001 0.4518093107422300
1.4562500000000000 0.4518162256592845
1.4563281250000000 0.4518231406025552
1.4564062500000001 0.4518300555284063
1.4564843750000001 0.4518369704804991
1.4565625000000000 0.4518438854151439
1.4566406250000001 0.4518508003760563
1.4567187500000001 0.4518577153194921
1.4567968750000000 0.4518646302892211
1.4568749999999999 0.4518715452414450
1.4569531250000001 0.4518784602199879
1.4570312500000000 0.4518853751809973
1.4571093749999999 0.4518922901683513
1.4571875000000001 0.4518992051381432
1.4572656250000000 0.4519061201343056
1.4573437499999999 0.4519130351128772
1.4574218750000001 0.4519199501178453
1.4575000000000000 0.4519268651051939
1.4575781249999999 0.4519337801189648
1.4576562500000001 0.4519406951150874
1.4577343750000000 0.4519476101376586
1.4578125000000000 0.4519545251425524
1.4578906250000001 0.4519614401739207
1.4579687500000000 0.4519683551875834
1.4580468750000000 0.4519752702277461
1.4581250000000001 0.4519821852501745
1.4582031250000000 0.4519891002991291
1.4582812500000000 0.4519960153303203
1.4583593750000001 0.4520029303880639
1.4584375000000001 0.4520098454280154
1.4585156250000000 0.4520167604945451
1.4585937500000001 0.4520236755432540
1.4586718750000001 0.4520305906185670
1.4587500000000000 0.4520375056760305
1.4588281249999999 0.4520444207601244
1.4589062500000001 0.4520513358263394
1.4589843750000000 0.4520582509192113
1.4590624999999999 0.4520651659941753
1.4591406250000001 0.4520720810958224
1.4592187500000000 0.4520789961795326
1.4592968749999999 0.4520859112899519
1.4593750000000001 0.4520928263824055
1.4594531250000000 0.4520997415015943
1.4595312499999999 0.4521066566027888
1.4596093750000001 0.4521135717307441
1.4596875000000000 0.4521204868406765
1.4597656250000000 0.4521274019773959
1.4598437500000001 0.4521343170960632
1.4599218750000000 0.4521412322415437
1.4600000000000000 0.4521481473689435
1.4600781250000001 0.4521550625231824
1.4601562500000000 0.4521619776593118
1.4602343750000000 0.4521688928223063
1.4603125000000001 0.4521758079671622
1.4603906250000001 0.4521827231389098
1.4604687500000000 0.4521896382924893
1.4605468750000001 0.4521965534729872
1.4606250000000001 0.4522034686352878
1.4607031250000000 0.4522103838245332
1.4607812499999999 0.4522172989955521
1.4608593750000001 0.4522242141935419
1.4609375000000000 0.4522311293732764
1.4610156249999999 0.4522380445800079
1.4610937500000001 0.4522449597684554
1.4611718750000000 0.4522518749839256
1.4612499999999999 0.4522587901810833
1.4613281250000001 0.4522657054052896
1.4614062500000000 0.4522726206111546
1.4614843749999999 0.4522795358440942
1.4615625000000001 0.4522864510586637
1.4616406250000000 0.4522933663003340
1.4617187500000000 0.4523002815236051
1.4617968750000001 0.4523071967740032
1.4618750000000000 0.4523141120059733
1.4619531250000000 0.4523210272650964
1.4620312500000001 0.4523279425057626
1.4621093750000000 0.4523348577736081
1.4621875000000000 0.4523417730229675
1.4622656250000001 0.4523486882995327
1.4623437500000001 0.4523556035575824
1.4624218750000000 0.4523625188428645
1.4625000000000001 0.4523694341096020
1.4625781250000001 0.4523763494035979
1.4626562500000000 0.4523832646790206
1.4627343749999999 0.4523901799817276
1.4628125000000001 0.4523970952658325
1.4628906250000000 0.4524040105772478
1.4629687499999999 0.4524109258700323
1.4630468750000001 0.4524178411901531
1.4631250000000000 0.4524247564916143
1.4632031249999999 0.4524316718204381
1.4632812500000001 0.4524385871305731
1.4633593750000000 0.4524455024680968
1.4634374999999999 0.4524524177869030
1.4635156250000001 0.4524593331331241
1.4635937500000000 0.4524662484605986
1.4636718750000000 0.4524731638155141
1.4637500000000001 0.4524800791516543
1.4638281250000000 0.4524869945152614
1.4639062500000000 0.4524939098600645
1.4639843750000001 0.4525008252323603
1.4640625000000000 0.4525077405858237
1.4641406250000000 0.4525146559668056
1.4642187500000001 0.4525215713289263
1.4642968750000001 0.4525284867185913
1.4643750000000000 0.4525354020893668
1.4644531250000001 0.4525423174877123
1.4645312500000001 0.4525492328671394
1.4646093750000000 0.4525561482741627
1.4646874999999999 0.4525630636622389
1.4647656250000001 0.4525699790779372
1.4648437500000000 0.4525768944746595
1.4649218749999999 0.4525838098990300
1.4650000000000001 0.4525907253043959
1.4650781250000000 0.4525976407374356
1.4651562499999999 0.4526045561514423
1.4652343750000001 0.4526114715931485
1.4653125000000000 0.4526183870157935
1.4653906249999999 0.4526253024661631
1.4654687500000001 0.4526322178974436
1.4655468750000000 0.4526391333564740
1.4656250000000000 0.4526460487963871
1.4657031250000001 0.4526529642640756
1.4657812500000000 0.4526598797126186
1.4658593750000000 0.4526667951889623
1.4659375000000001 0.4526737106461325
1.4660156250000000 0.4526806261311284
1.4660937500000000 0.4526875415969233
1.4661718750000001 0.4526944570905688
1.4662500000000001 0.4527013725649851
1.4663281250000000 0.4527082880672775
1.4664062500000001 0.4527152035503127
1.4664843750000001 0.4527221190612492
1.4665625000000000 0.4527290345529005
1.4666406249999999 0.4527359500724783
1.4667187500000001 0.4527428655727428
1.4667968750000000 0.4527497811009591
1.4668749999999999 0.4527566966098345
1.4669531250000001 0.4527636121466863
1.4670312500000000 0.4527705276641696
1.4671093749999999 0.4527774432096542
1.4671875000000001 0.4527843587357427
1.4672656250000000 0.4527912742898574
1.4673437499999999 0.4527981898245482
1.4674218750000001 0.4528051053872902
1.4675000000000000 0.4528120209305806
1.4675781250000000 0.4528189365019471
1.4676562500000001 0.4528258520538344
1.4677343750000000 0.4528327676338226
1.4678125000000000 0.4528396831943041
1.4678906250000001 0.4528465987829111
1.4679687500000000 0.4528535143519840
1.4680468750000000 0.4528604299492072
1.4681250000000001 0.4528673455268685
1.4682031250000001 0.4528742611327052
1.4682812500000000 0.4528811767189524
1.4683593750000001 0.4528880923333996
1.4684375000000001 0.4528950079282300
1.4685156250000000 0.4529019235512849
1.4685937499999999 0.4529088391546955
1.4686718750000001 0.4529157547863555
1.4687500000000000 0.4529226703983436
1.4688281249999999 0.4529295860386059
1.4689062500000001 0.4529365016591689
1.4689843750000000 0.4529434173080304
1.4690624999999999 0.4529503329371658
1.4691406250000001 0.4529572485946236
1.4692187500000000 0.4529641642323285
1.4692968749999999 0.4529710798983799
1.4693750000000001 0.4529779955446517
1.4694531250000000 0.4529849112192939
1.4695312500000000 0.4529918268741299
1.4696093750000001 0.4529987425573599
1.4696875000000000 0.4530056582207573
1.4697656250000000 0.4530125739125726
1.4698437500000001 0.4530194895845286
1.4699218750000000 0.4530264052849261
1.4700000000000000 0.4530333209654381
1.4700781250000001 0.4530402366744152
1.4701562500000001 0.4530471523634804
1.4702343750000000 0.4530540680810342
1.4703125000000001 0.4530609837786498
1.4703906250000001 0.4530678995047776
1.4704687500000000 0.4530748152109410
1.4705468749999999 0.4530817309456399
1.4706250000000001 0.4530886466603482
1.4707031250000000 0.4530955624036155
1.4707812499999999 0.4531024781268660
1.4708593750000001 0.4531093938786990
1.4709375000000000 0.4531163096104890
1.4710156249999999 0.4531232253708847
1.4710937500000001 0.4531301411112115
1.4711718750000000 0.4531370568801671
1.4712499999999999 0.4531439726290278
1.4713281250000001 0.4531508884065409
1.4714062500000000 0.4531578041639328
1.4714843750000000 0.4531647199500001
1.4715625000000001 0.4531716357159206
1.4716406250000000 0.4531785515105394
1.4717187500000000 0.4531854672849860
1.4717968750000001 0.4531923830881533
1.4718750000000000 0.4531992988711233
1.4719531250000000 0.4532062146828362
1.4720312500000001 0.4532131304743268
1.4721093750000001 0.4532200462945829
1.4721875000000000 0.4532269620945911
1.4722656250000001 0.4532338779233875
1.4723437500000001 0.4532407937319107
1.4724218750000000 0.4532477095692445
1.4724999999999999 0.4532546253862800
1.4725781250000001 0.4532615412321486
1.4726562500000000 0.4532684570576937
1.4727343749999999 0.4532753729120940
1.4728125000000001 0.4532822887461458
1.4728906250000000 0.4532892046090753
1.4729687499999999 0.4532961204516311
1.4730468750000001 0.4533030363230870
1.4731250000000000 0.4533099521741442
1.4732031249999999 0.4533168680541236
1.4732812500000001 0.4533237839136793
1.4733593750000000 0.4533306998021794
1.4734375000000000 0.4533376156702310
1.4735156250000001 0.4533445315672490
1.4735937500000000 0.4533514474437939
1.4736718750000000 0.4533583633493267
1.4737500000000001 0.4533652792343622
1.4738281250000000 0.4533721951484073
1.4739062500000000 0.4533791110419305
1.4739843750000001 0.4533860269644852
1.4740625000000001 0.4533929428664933
1.4741406250000000 0.4533998587975546
1.4742187500000001 0.4534067747080451
1.4742968750000001 0.4534136906476099
1.4743750000000000 0.4534206065665803
1.4744531249999999 0.4534275225146462
1.4745312500000001 0.4534344384420935
1.4746093750000000 0.4534413543986573
1.4746874999999999 0.4534482703345792
1.4747656250000001 0.4534551862996381
1.4748437500000000 0.4534621022440316
1.4749218749999999 0.4534690182175828
1.4750000000000001 0.4534759341704454
1.4750781250000000 0.4534828501524862
1.4751562499999999 0.4534897661138149
1.4752343750000001 0.4534966821043427
1.4753125000000000 0.4535035980741347
1.4753906250000000 0.4535105140731466
1.4754687500000001 0.4535174300513992
1.4755468750000000 0.4535243460588925
1.4756250000000000 0.4535312620456031
1.4757031250000001 0.4535381780615748
1.4757812500000000 0.4535450940567405
1.4758593750000000 0.4535520100811880
1.4759375000000001 0.4535589260848063
1.4760156250000001 0.4535658421177267
1.4760937500000000 0.4535727581297947
1.4761718750000001 0.4535796741711852
1.4762500000000001 0.4535865901917003
1.4763281250000000 0.4535935062415581
1.4764062499999999 0.4536004222705174
1.4764843750000001 0.4536073383288399
1.4765625000000000 0.4536142543662409
1.4766406249999999 0.4536211704330249
1.4767187500000001 0.4536280864788648
1.4767968750000000 0.4536350025541078
1.4768749999999999 0.4536419186083839
1.4769531250000001 0.4536488346920829
1.4770312500000000 0.4536557507547926
1.4771093749999999 0.4536626668469447
1.4771875000000001 0.4536695829180854
1.4772656250000000 0.4536764990186880
1.4773437500000000 0.4536834150982565
1.4774218750000001 0.4536903312073070
1.4775000000000000 0.4536972472953007
1.4775781250000000 0.4537041634127962
1.4776562500000001 0.4537110795092124
1.4777343750000000 0.4537179956351503
1.4778125000000000 0.4537249117399861
1.4778906250000001 0.4537318278743634
1.4779687500000001 0.4537387439876162
1.4780468750000000 0.4537456601304304
1.4781250000000001 0.4537525762520973
1.4782031250000001 0.4537594924033455
1.4782812500000000 0.4537664085334239
1.4783593749999999 0.4537733246931031
1.4784375000000001 0.4537802408315905
1.4785156250000000 0.4537871569996980
1.4785937499999999 0.4537940731465914
1.4786718750000001 0.4538009893231244
1.4787500000000000 0.4538079054784214
1.4788281249999999 0.4538148216633768
1.4789062500000001 0.4538217378270749
1.4789843750000000 0.4538286540204500
1.4790624999999999 0.4538355701925462
1.4791406250000001 0.4538424863943381
1.4792187500000000 0.4538494025748299
1.4792968750000000 0.4538563187850360
1.4793750000000001 0.4538632349739203
1.4794531250000000 0.4538701511925379
1.4795312500000000 0.4538770673898123
1.4796093750000001 0.4538839836168382
1.4796875000000000 0.4538908998225001
1.4797656250000000 0.4538978160579318
1.4798437500000001 0.4539047322719781
1.4799218750000001 0.4539116485158128
1.4800000000000000 0.4539185647382409
1.4800781250000001 0.4539254809904761
1.4801562500000001 0.4539323972212831
1.4802343750000000 0.4539393134819159
1.4803124999999999 0.4539462297210990
1.4803906250000001 0.4539531459901267
1.4804687500000000 0.4539600622376831
1.4805468749999999 0.4539669785151028
1.4806250000000001 0.4539738947710304
1.4807031250000000 0.4539808110568390
1.4807812499999999 0.4539877273211348
1.4808593750000001 0.4539946436153298
1.4809375000000000 0.4540015598879911
1.4810156249999999 0.4540084761905694
1.4810937500000001 0.4540153924715935
1.4811718750000000 0.4540223087825526
1.4812500000000000 0.4540292250719368
1.4813281250000001 0.4540361413912739
1.4814062500000000 0.4540430576890152
1.4814843750000000 0.4540499740167276
1.4815625000000001 0.4540568903228235
1.4816406250000000 0.4540638066589084
1.4817187500000000 0.4540707229733560
1.4817968750000001 0.4540776393178106
1.4818750000000001 0.4540845556406073
1.4819531250000000 0.4540914719934287
1.4820312500000001 0.4540983883245719
1.4821093750000001 0.4541053046857574
1.4821875000000000 0.4541122210252441
1.4822656249999999 0.4541191373947910
1.4823437500000001 0.4541260537426186
1.4824218750000000 0.4541329701205242
1.4824999999999999 0.4541398864766898
1.4825781250000001 0.4541468028629513
1.4826562500000000 0.4541537192274523
1.4827343749999999 0.4541606356220667
1.4828125000000001 0.4541675519949006
1.4828906250000000 0.4541744683978652
1.4829687499999999 0.4541813847790290
1.4830468750000001 0.4541883011903412
1.4831250000000000 0.4541952175798323
1.4832031250000000 0.4542021339994891
1.4832812500000001 0.4542090503973047
1.4833593750000000 0.4542159668253034
1.4834375000000000 0.4542228832314409
1.4835156250000001 0.4542297996677788
1.4835937500000000 0.4542367160822354
1.4836718750000000 0.4542436325269094
1.4837500000000001 0.4542505489496826
1.4838281250000001 0.4542574654026901
1.4839062500000000 0.4542643818337772
1.4839843750000001 0.4542712982951154
1.4840625000000001 0.4542782147345133
1.4841406250000000 0.4542851312041796
1.4842187499999999 0.4542920476518856
1.4842968750000001 0.4542989641298774
1.4843750000000000 0.4543058805858888
1.4844531249999999 0.4543127970722032
1.4845312500000001 0.4543197135365172
1.4846093750000000 0.4543266300311514
1.4846874999999999 0.4543335465037655
1.4847656250000001 0.4543404630067165
1.4848437500000000 0.4543473794876279
1.4849218749999999 0.4543542959988932
1.4850000000000001 0.4543612124880991
1.4850781250000000 0.4543681290076760
1.4851562500000000 0.4543750455051736
1.4852343750000001 0.4543819620330593
1.4853125000000000 0.4543888785388459
1.4853906250000000 0.4543957950750374
1.4854687500000001 0.4544027115891106
1.4855468750000000 0.4544096281336052
1.4856250000000000 0.4544165446559620
1.4857031250000001 0.4544234612087569
1.4857812500000001 0.4544303777393946
1.4858593750000000 0.4544372943004872
1.4859375000000001 0.4544442108394031
1.4860156250000001 0.4544511274087905
1.4860937500000000 0.4544580439559819
1.4861718749999999 0.4544649605336613
1.4862500000000001 0.4544718770891256
1.4863281250000000 0.4544787936750943
1.4864062499999999 0.4544857102388284
1.4864843750000001 0.4544926268330837
1.4865625000000000 0.4544995434050852
1.4866406249999999 0.4545064600076243
1.4867187500000001 0.4545133765878904
1.4867968750000000 0.4545202931987105
1.4868749999999999 0.4545272097872383
1.4869531250000001 0.4545341264063368
1.4870312500000000 0.4545410430031237
1.4871093750000000 0.4545479596304976
1.4871875000000001 0.4545548762355410
1.4872656250000000 0.4545617928711876
1.4873437500000000 0.4545687094844847
1.4874218750000001 0.4545756261284013
1.4875000000000000 0.4545825427499494
1.4875781250000000 0.4545894594021330
1.4876562500000001 0.4545963760319294
1.4877343750000001 0.4546032926923775
1.4878125000000000 0.4546102093304195
1.4878906250000001 0.4546171259991290
1.4879687500000001 0.4546240426454139
1.4880468750000000 0.4546309593223823
1.4881249999999999 0.4546378759769074
1.4882031250000001 0.4546447926621317
1.4882812500000000 0.4546517093248942
1.4883593749999999 0.4546586260183719
1.4884375000000001 0.4546655426893690
1.4885156250000000 0.4546724593910973
1.4885937499999999 0.4546793760703263
1.4886718750000001 0.4546862927803025
1.4887500000000000 0.4546932094677608
1.4888281249999999 0.4547001261859819
1.4889062500000001 0.4547070428816667
1.4889843750000000 0.4547139596081300
1.4890625000000000 0.4547208763120388
1.4891406250000001 0.4547277930467413
1.4892187500000000 0.4547347097588715
1.4892968750000000 0.4547416265018104
1.4893750000000001 0.4547485432221594
1.4894531250000000 0.4547554599733319
1.4895312500000000 0.4547623767018968
1.4896093750000001 0.4547692934613002
1.4896875000000001 0.4547762101980783
1.4897656250000000 0.4547831269657098
1.4898437500000001 0.4547900437106986
1.4899218750000001 0.4547969604865553
1.4900000000000000 0.4548038772397520
1.4900781249999999 0.4548107940238313
1.4901562500000001 0.4548177107852331
1.4902343750000000 0.4548246275775321
1.4903124999999999 0.4548315443471364
1.4903906250000001 0.4548384611476521
1.4904687500000000 0.4548453779254567
1.4905468749999999 0.4548522947341860
1.4906250000000001 0.4548592115201881
1.4907031250000000 0.4548661283371286
1.4907812499999999 0.4548730451313252
1.4908593750000001 0.4548799619564742
1.4909375000000000 0.4548868787588627
1.4910156250000000 0.4548937955922171
1.4910937500000001 0.4549007124027951
1.4911718750000000 0.4549076292443521
1.4912500000000000 0.4549145460631168
1.4913281250000001 0.4549214629128736
1.4914062500000000 0.4549283797398224
1.4914843750000000 0.4549352965977762
1.4915625000000001 0.4549422134329063
1.4916406250000001 0.4549491302990545
1.4917187500000000 0.4549560471423631
1.4917968750000001 0.4549629640167029
1.4918750000000001 0.4549698808681874
1.4919531250000000 0.4549767977507158
1.4920312499999999 0.4549837146103737
1.4921093750000001 0.4549906315010879
1.4921875000000000 0.4549975483689166
1.4922656249999999 0.4550044652678136
1.4923437500000001 0.4550113821438106
1.4924218750000000 0.4550182990508874
1.4924999999999999 0.4550252159350502
1.4925781250000001 0.4550321328503040
1.4926562500000000 0.4550390497426299
1.4927343749999999 0.4550459666660577
1.4928125000000001 0.4550528835665443
1.4928906250000000 0.4550598004981432
1.4929687500000000 0.4550667174067878
1.4930468750000001 0.4550736343465550
1.4931250000000000 0.4550805512633550
1.4932031250000000 0.4550874682112876
1.4932812500000001 0.4550943851362405
1.4933593750000000 0.4551013020923353
1.4934375000000000 0.4551082190254389
1.4935156250000001 0.4551151359896931
1.4935937500000001 0.4551220529309444
1.4936718750000000 0.4551289699033551
1.4937500000000001 0.4551358868527517
1.4938281250000001 0.4551428038333160
1.4939062500000000 0.4551497207908558
1.4939843750000001 0.4551566377795702
1.4940625000000001 0.4551635547452506
1.4941406250000000 0.4551704717421125
1.4942187499999999 0.4551773887159306
1.4942968750000001 0.4551843057209372
1.4943750000000000 0.4551912227028908
1.4944531249999999 0.4551981397160390
1.4945312500000001 0.4552050567061255
1.4946093750000000 0.4552119737274121
1.4946874999999999 0.4552188907256294
1.4947656250000001 0.4552258077550513
1.4948437500000000 0.4552327247613969
1.4949218750000000 0.4552396417989508
1.4950000000000001 0.4552465588134225
1.4950781250000000 0.4552534758591057
1.4951562500000000 0.4552603928817008
1.4952343750000001 0.4552673099355100
1.4953125000000000 0.4552742269662264
1.4953906250000000 0.4552811440281584
1.4954687500000001 0.4552880610669939
1.4955468750000001 0.4552949781370453
1.4956250000000000 0.4553018951839978
1.4957031250000001 0.4553088122621655
1.4957812500000001 0.4553157293172326
1.4958593750000000 0.4553226464035133
1.4959375000000001 0.4553295634666926
1.4960156250000001 0.4553364805610834
1.4960937500000000 0.4553433976323727
1.4961718749999999 0.4553503147348701
1.4962500000000001 0.4553572318142674
1.4963281250000000 0.4553641489248680
1.4964062499999999 0.4553710660123712
1.4964843750000001 0.4553779831310718
1.4965625000000000 0.4553849002266787
1.4966406249999999 0.4553918173534758
1.4967187500000001 0.4553987344571843
1.4967968750000000 0.4554056515920746
1.4968750000000000 0.4554125687038827
1.4969531250000001 0.4554194858468627
1.4970312500000000 0.4554264029667685
1.4971093750000000 0.4554333201178346
1.4971875000000001 0.4554402372458361
1.4972656250000000 0.4554471544049848
1.4973437500000000 0.4554540715410803
1.4974218750000001 0.4554609887083078
1.4975000000000001 0.4554679058524955
1.4975781250000000 0.4554748230277983
1.4976562500000001 0.4554817401800760
1.4977343750000001 0.4554886573634507
1.4978125000000000 0.4554955745238169
1.4978906250000001 0.4555024917152596
1.4979687500000001 0.4555094088837123
1.4980468750000000 0.4555163260832193
1.4981249999999999 0.4555232432597570
1.4982031250000001 0.4555301604673246
1.4982812500000000 0.4555370776519453
1.4983593749999999 0.4555439948675700
1.4984375000000001 0.4555509120602723
1.4985156250000000 0.4555578292839497
1.4985937499999999 0.4555647464847321
1.4986718750000001 0.4555716637164582
1.4987500000000000 0.4555785809253195
1.4988281250000000 0.4555854981650905
1.4989062500000001 0.4555924153820291
1.4989843750000000 0.4555993326298405
1.4990625000000000 0.4556062498548554
1.4991406250000001 0.4556131671107032
1.4992187500000000 0.4556200843437929
1.4992968750000000 0.4556270016076730
1.4993750000000001 0.4556339188488361
1.4994531250000001 0.4556408361207444
1.4995312500000000 0.4556477533699798
1.4996093750000001 0.4556546706499118
1.4996875000000001 0.4556615879072186
1.4997656250000000 0.4556685051951695
1.4998437500000001 0.4556754224605470
1.4999218750000001 0.4556823397565126
1.5000000000000000 0.4556892570299595
1.5000781249999999 0.4556961743339352
1.5001562500000001 0.4557030916154509
1.5002343750000000 0.4557100089274318
1.5003124999999999 0.4557169262170156
1.5003906250000001 0.4557238435369970
1.5004687500000000 0.4557307608346483
1.5005468749999999 0.4557376781626252
1.5006250000000001 0.4557445954683436
1.5007031250000000 0.4557515128043109
1.5007812500000000 0.4557584301180960
1.5008593750000001 0.4557653474620488
1.5009375000000000 0.4557722647839002
1.5010156250000000 0.4557791821358332
1.5010937500000001 0.4557860994657508
1.5011718750000000 0.4557930168256585
1.5012500000000000 0.4557999341636425
1.5013281250000001 0.4558068515315194
1.5014062500000001 0.4558137688775697
1.5014843750000000 0.4558206862534104
1.5015625000000001 0.4558276036075272
1.5016406250000001 0.4558345209913258
1.5017187500000000 0.4558414383535095
1.5017968750000001 0.4558483557452601
1.5018750000000001 0.4558552731155114
1.5019531250000000 0.4558621905152078
1.5020312499999999 0.4558691078935272
1.5021093750000001 0.4558760253011637
1.5021875000000000 0.4558829426875518
1.5022656249999999 0.4558898601031217
1.5023437500000001 0.4558967774975798
1.5024218750000000 0.4559036949210765
1.5024999999999999 0.4559106123236060
1.5025781250000001 0.4559175297550226
1.5026562500000000 0.4559244471656247
1.5027343750000000 0.4559313646049547
1.5028125000000001 0.4559382820236306
1.5028906250000000 0.4559451994708669
1.5029687500000000 0.4559521168976186
1.5030468750000001 0.4559590343527538
1.5031250000000000 0.4559659517875834
1.5032031250000000 0.4559728692506097
1.5032812500000001 0.4559797866935193
1.5033593750000001 0.4559867041644293
1.5034375000000000 0.4559936216154211
1.5035156250000001 0.4560005390942070
1.5035937500000001 0.4560074565532836
1.5036718750000000 0.4560143740399371
1.5037500000000001 0.4560212915071014
1.5038281250000001 0.4560282090016140
1.5039062500000000 0.4560351264768691
1.5039843749999999 0.4560420439792324
1.5040625000000001 0.4560489614625814
1.5041406250000000 0.4560558789727864
1.5042187499999999 0.4560627964642331
1.5042968750000001 0.4560697139822705
1.5043750000000000 0.4560766314818190
1.5044531249999999 0.4560835490076792
1.5045312500000001 0.4560904665153336
1.5046093750000000 0.4560973840490069
1.5046875000000000 0.4561043015647717
1.5047656250000001 0.4561112191062482
1.5048437500000000 0.4561181366301279
1.5049218750000000 0.4561250541793971
1.5050000000000001 0.4561319717113970
1.5050781250000000 0.4561388892684483
1.5051562500000000 0.4561458068085738
1.5052343750000001 0.4561527243733961
1.5053125000000001 0.4561596419216528
1.5053906250000000 0.4561665594942347
1.5054687500000001 0.4561734770506291
1.5055468750000001 0.4561803946309587
1.5056250000000000 0.4561873121954974
1.5057031250000001 0.4561942297835623
1.5057812500000001 0.4562011473562521
1.5058593750000000 0.4562080649520401
1.5059374999999999 0.4562149825328883
1.5060156250000001 0.4562219001363862
1.5060937500000000 0.4562288177254009
1.5061718749999999 0.4562357353365949
1.5062500000000001 0.4562426529337843
1.5063281250000000 0.4562495705526607
1.5064062499999999 0.4562564881580336
1.5064843750000001 0.4562634057845779
1.5065625000000000 0.4562703233981434
1.5066406250000000 0.4562772410323409
1.5067187500000001 0.4562841586541087
1.5067968750000000 0.4562910762959437
1.5068750000000000 0.4562979939259242
1.5069531250000001 0.4563049115753811
1.5070312500000000 0.4563118292135848
1.5071093750000000 0.4563187468706468
1.5071875000000001 0.4563256645170853
1.5072656250000001 0.4563325821817356
1.5073437500000000 0.4563394998364206
1.5074218750000001 0.4563464175086414
1.5075000000000001 0.4563533351715854
1.5075781250000000 0.4563602528513587
1.5076562500000001 0.4563671705225750
1.5077343750000001 0.4563740882098816
1.5078125000000000 0.4563810058893839
1.5078906249999999 0.4563879235842043
1.5079687500000001 0.4563948412720071
1.5080468750000000 0.4564017589743212
1.5081249999999999 0.4564086766704398
1.5082031250000001 0.4564155943802262
1.5082812500000000 0.4564225120846767
1.5083593749999999 0.4564294298019136
1.5084375000000001 0.4564363475147127
1.5085156250000000 0.4564432652393778
1.5085937500000000 0.4564501829605427
1.5086718750000001 0.4564571006926129
1.5087500000000000 0.4564640184221619
1.5088281250000000 0.4564709361616129
1.5089062500000001 0.4564778538995653
1.5089843750000000 0.4564847716463719
1.5090625000000000 0.4564916893927477
1.5091406250000001 0.4564986071468843
1.5092187500000001 0.4565055249017042
1.5092968750000000 0.4565124426631440
1.5093750000000001 0.4565193604264300
1.5094531250000001 0.4565262781951452
1.5095312500000000 0.4565331959669200
1.5096093750000001 0.4565401137428818
1.5096875000000001 0.4565470315231692
1.5097656250000000 0.4565539493063481
1.5098437499999999 0.4565608670951729
1.5099218750000001 0.4565677848855379
1.5100000000000000 0.4565747026829261
1.5100781249999999 0.4565816204804454
1.5101562500000001 0.4565885382864239
1.5102343750000000 0.4565954560910646
1.5103124999999999 0.4566023739056616
1.5103906250000001 0.4566092917173893
1.5104687500000000 0.4566162095406342
1.5105468750000000 0.4566231273594136
1.5106250000000001 0.4566300451913370
1.5107031250000000 0.4566369630171315
1.5107812500000000 0.4566438808577652
1.5108593750000001 0.4566507986905368
1.5109375000000000 0.4566577165399142
1.5110156250000000 0.4566646343796233
1.5110937500000001 0.4566715522377790
1.5111718750000001 0.4566784700843853
1.5112500000000000 0.4566853879513549
1.5113281250000001 0.4566923058048163
1.5114062500000001 0.4566992236806375
1.5114843750000000 0.4567061415409100
1.5115625000000001 0.4567130594256219
1.5116406250000001 0.4567199772926606
1.5117187500000000 0.4567268951863035
1.5117968749999999 0.4567338130600613
1.5118750000000001 0.4567407309626778
1.5119531250000000 0.4567476488431065
1.5120312499999999 0.4567545667547400
1.5121093750000001 0.4567614846417897
1.5121875000000000 0.4567684025624859
1.5122656249999999 0.4567753204561044
1.5123437500000001 0.4567822383859106
1.5124218750000000 0.4567891562860444
1.5125000000000000 0.4567960742250100
1.5125781250000001 0.4568029921316031
1.5126562500000000 0.4568099100797793
1.5127343750000000 0.4568168279927745
1.5128125000000001 0.4568237459502142
1.5128906250000000 0.4568306638695520
1.5129687500000000 0.4568375818363104
1.5130468750000001 0.4568444997619291
1.5131250000000001 0.4568514177380633
1.5132031250000000 0.4568583356698996
1.5132812500000001 0.4568652536554687
1.5133593750000001 0.4568721715934567
1.5134375000000000 0.4568790895885222
1.5135156250000001 0.4568860075325937
1.5135937500000001 0.4568929255372199
1.5136718750000000 0.4568998434873042
1.5137499999999999 0.4569067615015573
1.5138281250000001 0.4569136794575814
1.5139062500000000 0.4569205974815302
1.5139843749999999 0.4569275154434188
1.5140625000000001 0.4569344334771348
1.5141406250000000 0.4569413514448096
1.5142187499999999 0.4569482694883665
1.5142968750000001 0.4569551874617471
1.5143750000000000 0.4569621055152214
1.5144531250000000 0.4569690234942245
1.5145312500000001 0.4569759415576957
1.5146093750000000 0.4569828595422349
1.5146875000000000 0.4569897776157852
1.5147656250000001 0.4569966956057716
1.5148437500000000 0.4570036136894861
1.5149218750000000 0.4570105316848275
1.5150000000000001 0.4570174497787943
1.5150781250000001 0.4570243677793958
1.5151562500000000 0.4570312858837063
1.5152343750000001 0.4570382038894691
1.5153125000000001 0.4570451220042180
1.5153906250000000 0.4570520400150410
1.5154687500000001 0.4570589581403259
1.5155468750000001 0.4570658761561037
1.5156250000000000 0.4570727942920263
1.5157031249999999 0.4570797123126503
1.5157812500000001 0.4570866304593154
1.5158593750000000 0.4570935484846736
1.5159374999999999 0.4571004666421897
1.5160156250000001 0.4571073846721666
1.5160937500000000 0.4571143028406455
1.5161718749999999 0.4571212208751215
1.5162500000000001 0.4571281390546797
1.5163281250000000 0.4571350570935312
1.5164062500000000 0.4571419752842885
1.5164843750000001 0.4571488933273885
1.5165625000000000 0.4571558115294688
1.5166406250000000 0.4571627295766854
1.5167187500000001 0.4571696477902172
1.5167968750000000 0.4571765658414147
1.5168750000000000 0.4571834840665305
1.5169531250000001 0.4571904021215686
1.5170312500000001 0.4571973203584055
1.5171093750000000 0.4572042384171395
1.5171875000000001 0.4572111566658391
1.5172656250000001 0.4572180747281197
1.5173437500000000 0.4572249929888282
1.5174218750000001 0.4572319110545013
1.5175000000000001 0.4572388293273699
1.5175781250000000 0.4572457473962765
1.5176562499999999 0.4572526656814612
1.5177343750000001 0.4572595837534375
1.5178125000000000 0.4572665020510990
1.5178906249999999 0.4572734201259763
1.5179687500000001 0.4572803384362809
1.5180468750000000 0.4572872565138847
1.5181249999999999 0.4572941748370041
1.5182031250000001 0.4573010929171545
1.5182812500000000 0.4573080112532661
1.5183593750000000 0.4573149293357777
1.5184375000000001 0.4573218476850640
1.5185156250000000 0.4573287657697457
1.5185937500000000 0.4573356841323956
1.5186718750000001 0.4573426022190504
1.5187500000000000 0.4573495205952583
1.5188281250000000 0.4573564386836834
1.5189062500000001 0.4573633570736499
1.5189843750000001 0.4573702751636359
1.5190625000000000 0.4573771935675681
1.5191406250000001 0.4573841116588996
1.5192187500000001 0.4573910300770108
1.5192968750000000 0.4573979481694656
1.5193750000000001 0.4574048666019759
1.5194531250000001 0.4574117846953251
1.5195312500000000 0.4574187031424614
1.5196093749999999 0.4574256212364693
1.5196875000000001 0.4574325396984654
1.5197656250000000 0.4574394577928893
1.5198437499999999 0.4574463762699861
1.5199218750000001 0.4574532943645761
1.5200000000000000 0.4574602128570218
1.5200781249999999 0.4574671309515205
1.5201562500000001 0.4574740494595708
1.5202343750000000 0.4574809675537133
1.5203125000000000 0.4574878860776315
1.5203906250000001 0.4574948041711452
1.5204687500000000 0.4575017227112024
1.5205468750000000 0.4575086408038071
1.5206250000000001 0.4575155593602824
1.5207031250000000 0.4575224774516892
1.5207812500000000 0.4575293960248699
1.5208593750000001 0.4575363141147818
1.5209375000000001 0.4575432327049641
1.5210156250000000 0.4575501507930753
1.5210937500000001 0.4575570694005638
1.5211718750000001 0.4575639874865602
1.5212500000000000 0.4575709061116679
1.5213281250000001 0.4575778241952262
1.5214062500000001 0.4575847428382759
1.5214843750000000 0.4575916609190633
1.5215624999999999 0.4575985795803869
1.5216406250000001 0.4576054976580616
1.5217187500000000 0.4576124163380004
1.5217968749999999 0.4576193344122108
1.5218750000000001 0.4576262531111157
1.5219531250000000 0.4576331711815006
1.5220312499999999 0.4576400898997323
1.5221093750000001 0.4576470079659204
1.5221875000000000 0.4576539267038501
1.5222656250000000 0.4576608447654597
1.5223437500000001 0.4576677635234690
1.5224218750000000 0.4576746815801079
1.5225000000000000 0.4576816003585888
1.5225781250000001 0.4576885184098543
1.5226562500000000 0.4576954372092096
1.5227343750000000 0.4577023552546878
1.5228125000000001 0.4577092740753316
1.5228906250000001 0.4577161921145974
1.5229687500000000 0.4577231109569550
1.5230468750000001 0.4577300289895721
1.5231250000000001 0.4577369478540803
1.5232031250000000 0.4577438658796005
1.5232812500000001 0.4577507847667079
1.5233593750000001 0.4577577027846713
1.5234375000000000 0.4577646216948386
1.5235156249999999 0.4577715397047729
1.5235937500000001 0.4577784586384733
1.5236718750000000 0.4577853766398937
1.5237499999999999 0.4577922955976128
1.5238281250000001 0.4577992135900218
1.5239062500000000 0.4578061325722581
1.5239843749999999 0.4578130505551455
1.5240625000000001 0.4578199695624106
1.5241406250000000 0.4578268875352527
1.5242187500000000 0.4578338065680714
1.5242968750000001 0.4578407245303311
1.5243750000000000 0.4578476435892420
1.5244531250000000 0.4578545615403686
1.5245312500000001 0.4578614806259241
1.5246093750000000 0.4578683985653526
1.5246875000000000 0.4578753176781193
1.5247656250000001 0.4578822356052706
1.5248437500000001 0.4578891547458294
1.5249218750000000 0.4578960726601102
1.5250000000000001 0.4579029918290566
1.5250781250000001 0.4579099097298577
1.5251562500000000 0.4579168289278030
1.5252343750000001 0.4579237468145008
1.5253125000000001 0.4579306660420709
1.5253906250000000 0.4579375839140263
1.5254687499999999 0.4579445031718625
1.5255468750000001 0.4579514210284209
1.5256250000000000 0.4579583403171806
1.5257031249999999 0.4579652581576710
1.5257812500000001 0.4579721774780278
1.5258593750000000 0.4579790953017633
1.5259374999999999 0.4579860146544071
1.5260156250000001 0.4579929324606839
1.5260937500000000 0.4579998518463214
1.5261718750000000 0.4580067696344190
1.5262500000000001 0.4580136890537738
1.5263281250000000 0.4580206068229547
1.5264062500000000 0.4580275262767676
1.5264843750000001 0.4580344440262767
1.5265625000000000 0.4580413635153063
1.5266406250000000 0.4580482812443709
1.5267187500000001 0.4580552007693937
1.5267968750000001 0.4580621184772226
1.5268750000000000 0.4580690380390333
1.5269531250000001 0.4580759557248173
1.5270312500000001 0.4580828753242289
1.5271093750000000 0.4580897929871406
1.5271875000000001 0.4580967126249845
1.5272656250000001 0.4581036302641774
1.5273437500000000 0.4581105499413048
1.5274218749999999 0.4581174675559124
1.5275000000000001 0.4581243872731937
1.5275781250000000 0.4581313048623307
1.5276562499999999 0.4581382246206557
1.5277343750000001 0.4581451421834168
1.5278125000000000 0.4581520619836957
1.5278906249999999 0.4581589795191554
1.5279687500000001 0.4581658993623184
1.5280468750000000 0.4581728168695306
1.5281250000000000 0.4581797367565288
1.5282031250000001 0.4581866542345269
1.5282812500000000 0.4581935741663318
1.5283593750000000 0.4582004916141281
1.5284375000000001 0.4582074115917328
1.5285156250000000 0.4582143290083184
1.5285937500000000 0.4582212490327371
1.5286718750000001 0.4582281664170813
1.5287500000000001 0.4582350864893504
1.5288281250000000 0.4582420038404007
1.5289062500000001 0.4582489239615783
1.5289843750000001 0.4582558412782597
1.5290625000000000 0.4582627614494266
1.5291406250000001 0.4582696787306419
1.5292187500000001 0.4582765989529017
1.5292968750000000 0.4582835161975303
1.5293749999999999 0.4582904364720092
1.5294531250000001 0.4582973536789080
1.5295312500000000 0.4583042740067556
1.5296093749999999 0.4583111911747579
1.5296875000000001 0.4583181115571474
1.5297656250000000 0.4583250286850626
1.5298437499999999 0.4583319491231913
1.5299218750000001 0.4583388662098050
1.5300000000000000 0.4583457867048937
1.5300781250000000 0.4583527037489672
1.5301562500000001 0.4583596243022616
1.5302343750000000 0.4583665413025318
1.5303125000000000 0.4583734619153020
1.5303906250000001 0.4583803788704808
1.5304687500000000 0.4583872995440224
1.5305468750000000 0.4583942164527962
1.5306250000000001 0.4584011371884295
1.5307031250000001 0.4584080540494601
1.5307812500000000 0.4584149748485311
1.5308593750000001 0.4584218916604542
1.5309375000000001 0.4584288125243347
1.5310156250000000 0.4584357292857599
1.5310937500000001 0.4584426502158476
1.5311718750000001 0.4584495669253591
1.5312500000000000 0.4584564879230781
1.5313281249999999 0.4584634045792329
1.5314062500000001 0.4584703256460339
1.5314843750000000 0.4584772422473626
1.5315624999999999 0.4584841633847232
1.5316406250000001 0.4584910799297294
1.5317187500000000 0.4584980011391541
1.5317968749999999 0.4585049176263145
1.5318750000000001 0.4585118389093346
1.5319531250000000 0.4585187553370986
1.5320312500000000 0.4585256766952734
1.5321093750000001 0.4585325930620627
1.5321875000000000 0.4585395144969789
1.5322656250000000 0.4585464308011872
1.5323437500000001 0.4585533523144597
1.5324218750000000 0.4585602685544529
1.5325000000000000 0.4585671901477247
1.5325781250000001 0.4585741063218404
1.5326562500000001 0.4585810279967825
1.5327343750000000 0.4585879441033296
1.5328125000000001 0.4585948658616422
1.5328906250000001 0.4586017818989013
1.5329687500000000 0.4586087037423127
1.5330468750000001 0.4586156197085355
1.5331250000000001 0.4586225416388031
1.5332031250000000 0.4586294575322125
1.5332812499999999 0.4586363795511225
1.5333593750000001 0.4586432953699123
1.5334375000000000 0.4586502174792802
1.5335156249999999 0.4586571332216147
1.5335937500000001 0.4586640554232856
1.5336718750000000 0.4586709710872996
1.5337499999999999 0.4586778933831482
1.5338281250000001 0.4586848089669469
1.5339062500000000 0.4586917313588772
1.5339843750000000 0.4586986468605367
1.5340625000000001 0.4587055693504822
1.5341406250000000 0.4587124847680483
1.5342187500000000 0.4587194073579727
1.5342968750000001 0.4587263226894616
1.5343750000000000 0.4587332453813585
1.5344531250000000 0.4587401606247563
1.5345312500000001 0.4587470834206491
1.5346093750000001 0.4587539985739117
1.5346875000000000 0.4587609214758544
1.5347656250000001 0.4587678365369074
1.5348437500000001 0.4587747595469840
1.5349218750000000 0.4587816745137230
1.5350000000000001 0.4587885976340478
1.5350781250000001 0.4587955125043381
1.5351562500000000 0.4588024357370554
1.5352343749999999 0.4588093505087321
1.5353125000000001 0.4588162738560165
1.5353906250000000 0.4588231885268845
1.5354687499999999 0.4588301119909410
1.5355468750000001 0.4588370265587749
1.5356250000000000 0.4588439501418387
1.5357031249999999 0.4588508646043826
1.5357812500000001 0.4588577883087195
1.5358593750000000 0.4588647026636871
1.5359375000000000 0.4588716264915929
1.5360156250000001 0.4588785407366682
1.5360937500000000 0.4588854646904687
1.5361718750000000 0.4588923788233052
1.5362500000000001 0.4588993029053568
1.5363281250000000 0.4589062169235778
1.5364062500000000 0.4589131411362667
1.5364843750000001 0.4589200550374655
1.5365625000000001 0.4589269793832081
1.5366406250000000 0.4589338931649481
1.5367187500000001 0.4589408176461904
1.5367968750000001 0.4589477313060056
1.5368750000000000 0.4589546559252232
1.5369531250000001 0.4589615694606177
1.5370312500000001 0.4589684942203158
1.5371093750000000 0.4589754076287640
1.5371874999999999 0.4589823325314778
1.5372656250000001 0.4589892458104247
1.5373437500000000 0.4589961708587184
1.5374218749999999 0.4590030840055798
1.5375000000000001 0.4590100092020466
1.5375781250000000 0.4590169222142095
1.5376562499999999 0.4590238475614715
1.5377343750000001 0.4590307604362941
1.5378125000000000 0.4590376859370019
1.5378906250000000 0.4590445986718142
1.5379687500000001 0.4590515243286468
1.5380468750000000 0.4590584369207503
1.5381250000000000 0.4590653627364147
1.5382031250000001 0.4590722751830830
1.5382812500000000 0.4590792011603144
1.5383593750000000 0.4590861134587931
1.5384375000000001 0.4590930396003539
1.5385156250000001 0.4590999517478617
1.5385937500000000 0.4591068780565415
1.5386718750000001 0.4591137900502701
1.5387500000000001 0.4591207165288854
1.5388281250000000 0.4591276283659993
1.5389062500000001 0.4591345550173932
1.5389843750000001 0.4591414666950310
1.5390625000000000 0.4591483935220730
1.5391406249999999 0.4591553050373471
1.5392187500000001 0.4591622320429317
1.5392968750000000 0.4591691433929295
1.5393749999999999 0.4591760705799768
1.5394531250000001 0.4591829817617602
1.5395312500000000 0.4591899091332153
1.5396093749999999 0.4591968201438217
1.5396875000000001 0.4592037477026538
1.5397656250000000 0.4592106585390968
1.5398437500000000 0.4592175862882990
1.5399218750000001 0.4592244969475684
1.5400000000000000 0.4592314248901570
1.5400781250000000 0.4592383353692197
1.5401562500000001 0.4592452635082337
1.5402343750000000 0.4592521738040339
1.5403125000000000 0.4592591021425350
1.5403906250000001 0.4592660122519950
1.5404687500000001 0.4592729407930662
1.5405468750000000 0.4592798507130870
1.5406250000000001 0.4592867794598324
1.5407031250000001 0.4592936891872944
1.5407812500000000 0.4593006181428383
1.5408593750000001 0.4593075276746015
1.5409375000000001 0.4593144568420884
1.5410156250000000 0.4593213661749938
1.5410937499999999 0.4593282955575870
1.5411718750000001 0.4593352046884562
1.5412500000000000 0.4593421342893377
1.5413281249999999 0.4593490432149748
1.5414062500000001 0.4593559730373438
1.5414843750000000 0.4593628817545355
1.5415624999999999 0.4593698118016083
1.5416406250000001 0.4593767203071250
1.5417187500000000 0.4593836505821339
1.5417968750000000 0.4593905588727297
1.5418750000000001 0.4593974893789232
1.5419531250000000 0.4594043974513370
1.5420312500000000 0.4594113281919778
1.5421093750000001 0.4594182360429348
1.5421875000000000 0.4594251670212992
1.5422656250000000 0.4594320746475110
1.5423437500000001 0.4594390058668881
1.5424218750000001 0.4594459132650543
1.5425000000000000 0.4594528447287452
1.5425781250000001 0.4594597518955535
1.5426562500000001 0.4594666836068707
1.5427343750000000 0.4594735905389983
1.5428125000000001 0.4594805225012641
1.5428906250000001 0.4594874291953785
1.5429687500000000 0.4594943614119243
1.5430468749999999 0.4595012678646846
1.5431250000000001 0.4595082003388504
1.5432031250000000 0.4595151065469073
1.5432812499999999 0.4595220392820405
1.5433593750000001 0.4595289452420380
1.5434375000000000 0.4595358782414921
1.5435156249999999 0.4595427839500688
1.5435937500000001 0.4595497172172024
1.5436718750000000 0.4595566226709920
1.5437500000000000 0.4595635562091681
1.5438281250000001 0.4595704614048007
1.5439062500000000 0.4595773952173849
1.5439843750000000 0.4595843001514884
1.5440625000000001 0.4595912342418485
1.5441406250000000 0.4595981389110493
1.5442187500000000 0.4596050732825538
1.5442968750000001 0.4596119776834780
1.5443750000000001 0.4596189123394952
1.5444531250000000 0.4596258164687699
1.5445312500000001 0.4596327514126664
1.5446093750000001 0.4596396552669207
1.5446875000000000 0.4596465905020602
1.5447656250000001 0.4596534940779270
1.5448437500000001 0.4596604296076698
1.5449218750000000 0.4596673329017857
1.5449999999999999 0.4596742687294869
1.5450781250000001 0.4596811717384945
1.5451562500000000 0.4596881078675028
1.5452343749999999 0.4596950105880519
1.5453125000000001 0.4597019470217081
1.5453906250000000 0.4597088494504568
1.5454687499999999 0.4597157861920929
1.5455468750000001 0.4597226883257087
1.5456250000000000 0.4597296253786465
1.5457031250000000 0.4597365272138081
1.5457812500000001 0.4597434645813574
1.5458593750000000 0.4597503661147559
1.5459375000000000 0.4597573038002139
1.5460156250000001 0.4597642050285540
1.5460937500000000 0.4597711430352031
1.5461718750000000 0.4597780439552043
1.5462500000000001 0.4597849822863119
1.5463281250000001 0.4597918828947100
1.5464062500000000 0.4597988215535261
1.5464843750000001 0.4598057218470750
1.5465625000000001 0.4598126608368308
1.5466406250000000 0.4598195608123037
1.5467187500000001 0.4598265001362106
1.5467968750000001 0.4598333997904012
1.5468750000000000 0.4598403394516493
1.5469531249999999 0.4598472387813735
1.5470312500000001 0.4598541787831301
1.5471093750000000 0.4598610777852271
1.5471874999999999 0.4598680181306351
1.5472656250000001 0.4598749168019694
1.5473437500000000 0.4598818574941460
1.5474218749999999 0.4598887558316088
1.5475000000000001 0.4598956968736433
1.5475781250000000 0.4599025948741540
1.5476562500000000 0.4599095362691075
1.5477343750000001 0.4599164339296146
1.5478125000000000 0.4599233756805176
1.5478906250000000 0.4599302729980010
1.5479687500000001 0.4599372151078525
1.5480468750000000 0.4599441120793245
1.5481250000000000 0.4599510545510896
1.5482031250000001 0.4599579511735969
1.5482812500000001 0.4599648940102061
1.5483593750000000 0.4599717902808311
1.5484375000000001 0.4599787334851780
1.5485156250000001 0.4599856294010405
1.5485937500000000 0.4599925729759811
1.5486718750000001 0.4599994685342395
1.5487500000000001 0.4600064124825897
1.5488281250000000 0.4600133076804432
1.5489062499999999 0.4600202520049777
1.5489843750000001 0.4600271468396673
1.5490625000000000 0.4600340915431184
1.5491406249999999 0.4600409860119286
1.5492187500000001 0.4600479310969838
1.5492968750000000 0.4600548251972446
1.5493749999999999 0.4600617706665454
1.5494531250000001 0.4600686643956336
1.5495312500000000 0.4600756102517739
1.5496093750000000 0.4600825036071146
1.5496875000000001 0.4600894498526393
1.5497656250000000 0.4600963428317075
1.5498437500000000 0.4601032894691104
1.5499218750000001 0.4601101820694330
1.5500000000000000 0.4601171291011557
1.5500781250000000 0.4601240213203128
1.5501562500000001 0.4601309687487423
1.5502343750000001 0.4601378605843688
1.5503125000000000 0.4601448084118374
1.5503906250000001 0.4601516998616241
1.5504687500000001 0.4601586480904067
1.5505468750000000 0.4601655391521028
1.5506250000000001 0.4601724877844151
1.5507031250000001 0.4601793784558293
1.5507812500000000 0.4601863274938270
1.5508593749999999 0.4601932177728291
1.5509375000000001 0.4602001672186061
1.5510156250000000 0.4602070571031285
1.5510937499999999 0.4602140069587149
1.5511718750000001 0.4602208964467545
1.5512500000000000 0.4602278467141155
1.5513281249999999 0.4602347358037349
1.5514062500000001 0.4602416864847688
1.5514843750000000 0.4602485751740983
1.5515625000000000 0.4602555262706356
1.5516406250000001 0.4602624145578737
1.5517187500000000 0.4602693660716755
1.5517968750000000 0.4602762539550915
1.5518750000000001 0.4602832058878472
1.5519531250000000 0.4602900933657825
1.5520312500000000 0.4602970457191088
1.5521093750000001 0.4603039327899782
1.5521875000000001 0.4603108855654179
1.5522656250000000 0.4603177722277110
1.5523437500000001 0.4603247254267311
1.5524218750000001 0.4603316116790138
1.5525000000000000 0.4603385653030043
1.5525781250000001 0.4603454511439207
1.5526562500000001 0.4603524051941925
1.5527343750000000 0.4603592906224662
1.5528124999999999 0.4603662451002503
1.5528906250000001 0.4603731301146853
1.5529687500000000 0.4603800850211316
1.5530468749999999 0.4603869696206139
1.5531250000000001 0.4603939249567897
1.5532031250000000 0.4604008091402886
1.5532812499999999 0.4604077649071766
1.5533593750000001 0.4604146486737467
1.5534375000000000 0.4604216048722445
1.5535156250000000 0.4604284882210263
1.5535937500000001 0.4604354448519440
1.5536718750000000 0.4604423277821659
1.5537500000000000 0.4604492848462257
1.5538281250000001 0.4604561673572050
1.5539062500000000 0.4604631248550395
1.5539843750000000 0.4604700069461830
1.5540625000000001 0.4604769648783346
1.5541406250000001 0.4604838465491404
1.5542187500000000 0.4604908049160598
1.5542968750000001 0.4604976861661183
1.5543750000000001 0.4605046449681629
1.5544531250000000 0.4605115257971585
1.5545312500000001 0.4605184850345912
1.5546093750000001 0.4605253654423034
1.5546875000000000 0.4605323251152917
1.5547656249999999 0.4605392051015954
1.5548437500000001 0.4605461652102107
1.5549218750000000 0.4605530447750780
1.5549999999999999 0.4605600053192941
1.5550781250000001 0.4605668844627948
1.5551562500000000 0.4605738454424871
1.5552343749999999 0.4605807241647906
1.5553125000000001 0.4605876855797342
1.5553906250000000 0.4605945638811099
1.5554687500000000 0.4606015257309802
1.5555468750000001 0.4606084036117980
1.5556250000000000 0.4606153658961687
1.5557031250000000 0.4606222433569007
1.5557812500000001 0.4606292060752432
1.5558593750000000 0.4606360831164640
1.5559375000000000 0.4606430462681466
1.5560156250000001 0.4606499228905349
1.5560937500000001 0.4606568864748217
1.5561718750000000 0.4606637626791596
1.5562500000000001 0.4606707266952105
1.5563281250000001 0.4606776024823864
1.5564062500000000 0.4606845669292547
1.5564843750000001 0.4606914423002626
1.5565625000000001 0.4606984071768960
1.5566406250000000 0.4607052821328360
1.5567187499999999 0.4607122474380758
1.5567968750000001 0.4607191219801551
1.5568750000000000 0.4607260877127347
1.5569531249999999 0.4607329618422686
1.5570312500000001 0.4607399280008135
1.5571093750000000 0.4607468017192254
1.5571874999999999 0.4607537683022522
1.5572656250000001 0.4607606416110746
1.5573437500000000 0.4607676086169913
1.5574218750000000 0.4607744815178656
1.5575000000000001 0.4607814489449704
1.5575781250000000 0.4607883214396478
1.5576562500000000 0.4607952892861295
1.5577343750000001 0.4608021613764712
1.5578125000000000 0.4608091296404080
1.5578906250000000 0.4608160013283853
1.5579687500000001 0.4608229700077456
1.5580468750000001 0.4608298412954405
1.5581250000000000 0.4608368103880814
1.5582031250000001 0.4608436812776865
1.5582812500000001 0.4608506507813547
1.5583593750000000 0.4608575212751738
1.5584375000000001 0.4608644911875048
1.5585156250000001 0.4608713612879524
1.5585937500000000 0.4608783316064706
1.5586718749999999 0.4608852013160728
1.5587500000000001 0.4608921720381914
1.5588281250000000 0.4608990413595852
1.5589062499999999 0.4609060124826062
1.5589843750000001 0.4609128814185398
1.5590625000000000 0.4609198529396542
1.5591406249999999 0.4609267214929867
1.5592187500000001 0.4609336934092746
1.5592968750000000 0.4609405615829762
1.5593750000000000 0.4609475338914068
1.5594531250000001 0.4609544016885583
1.5595312500000000 0.4609613743859899
1.5596093750000000 0.4609682418097829
1.5596875000000001 0.4609752148929639
1.5597656250000000 0.4609820819466997
1.5598437500000000 0.4609890554122684
1.5599218750000001 0.4609959220993581
1.5600000000000001 0.4610028959438431
1.5600781250000000 0.4610097622678079
1.5601562500000001 0.4610167364876284
1.5602343750000001 0.4610236024520978
1.5603125000000000 0.4610305770435646
1.5603906250000001 0.4610374426522768
1.5604687500000001 0.4610444176115924
1.5605468750000000 0.4610512828683936
1.5606249999999999 0.4610582581916527
1.5607031250000001 0.4610651231004964
1.5607812500000000 0.4610720987836868
1.5608593749999999 0.4610789633486332
1.5609375000000001 0.4610859393876363
1.5610156250000000 0.4610928036128515
1.5610937499999999 0.4610997800034432
1.5611718750000001 0.4611066438931985
1.5612500000000000 0.4611136206310501
1.5613281250000000 0.4611204841897210
1.5614062500000001 0.4611274612703996
1.5614843750000000 0.4611343245024652
1.5615625000000000 0.4611413019214352
1.5616406250000001 0.4611481648314770
1.5617187500000000 0.4611551425841006
1.5617968750000000 0.4611620051768018
1.5618750000000001 0.4611689832583400
1.5619531250000001 0.4611758455384845
1.5620312500000000 0.4611828239440985
1.5621093750000001 0.4611896859165692
1.5621875000000001 0.4611966646413214
1.5622656250000000 0.4612035263110997
1.5623437500000001 0.4612105053499546
1.5624218750000001 0.4612173667221194
1.5625000000000000 0.4612243460699446
1.5625781249999999 0.4612312071496703
1.5626562500000001 0.4612381868012388
1.5627343750000000 0.4612450475937945
1.5628124999999999 0.4612520275437850
1.5628906250000001 0.4612588880545334
1.5629687500000000 0.4612658682975319
1.5630468749999999 0.4612727285319270
1.5631250000000001 0.4612797090624288
1.5632031250000000 0.4612865690260153
1.5632812500000000 0.4612935498384255
1.5633593750000001 0.4613004095368375
1.5634375000000000 0.4613073906254728
1.5635156250000000 0.4613142500644315
1.5635937500000001 0.4613212314235224
1.5636718750000000 0.4613280906088349
1.5637500000000000 0.4613350722325267
1.5638281250000001 0.4613419311700844
1.5639062500000001 0.4613489130524387
1.5639843750000000 0.4613557717482156
1.5640625000000001 0.4613627538832129
1.5641406250000001 0.4613696123432634
1.5642187500000000 0.4613765947248037
1.5642968750000001 0.4613834529552621
1.5643750000000001 0.4613904355771673
1.5644531250000000 0.4613972935842445
1.5645312499999999 0.4614042764402602
1.5646093750000001 0.4614111342302432
1.5646875000000000 0.4614181173140402
1.5647656249999999 0.4614249748932892
1.5648437500000001 0.4614319581984658
1.5649218750000000 0.4614388155734130
1.5649999999999999 0.4614457990934966
1.5650781250000001 0.4614526562706436
1.5651562500000000 0.4614596399990934
1.5652343750000000 0.4614664969850098
1.5653125000000001 0.4614734809152174
1.5653906250000000 0.4614803377165385
1.5654687500000000 0.4614873218418318
1.5655468750000001 0.4614941784652560
1.5656250000000000 0.4615011627788998
1.5657031250000000 0.4615080192311876
1.5657812500000001 0.4615150037263865
1.5658593750000001 0.4615218600143572
1.5659375000000000 0.4615288446842576
1.5660156250000001 0.4615357008147882
1.5660937500000001 0.4615426856524800
1.5661718750000000 0.4615495416325022
1.5662500000000001 0.4615565266310218
1.5663281250000001 0.4615633824675201
1.5664062500000000 0.4615703676198522
1.5664843749999999 0.4615772233198616
1.5665625000000001 0.4615842086189417
1.5666406250000000 0.4615910641895451
1.5667187499999999 0.4615980496282616
1.5667968750000001 0.4616049050765880
1.5668750000000000 0.4616118906477846
1.5669531249999999 0.4616187459810065
1.5670312500000001 0.4616257316774844
1.5671093750000000 0.4616325869028156
1.5671875000000000 0.4616395727173364
1.5672656250000001 0.4616464278420291
1.5673437500000000 0.4616534137673165
1.5674218750000000 0.4616602687986594
1.5675000000000001 0.4616672548274023
1.5675781250000000 0.4616741097727180
1.5676562500000000 0.4616810958975724
1.5677343750000001 0.4616879507642150
1.5678125000000001 0.4616949369778069
1.5678906250000000 0.4617017917731595
1.5679687500000001 0.4617087780680867
1.5680468750000001 0.4617156327995589
1.5681250000000000 0.4617226191683946
1.5682031250000001 0.4617294738434192
1.5682812500000001 0.4617364602787141
1.5683593750000000 0.4617433149047461
1.5684374999999999 0.4617503013990301
1.5685156250000001 0.4617571559835433
1.5685937500000000 0.4617641425293288
1.5686718749999999 0.4617709970798132
1.5687500000000001 0.4617779836695980
1.5688281250000000 0.4617848381935570
1.5689062499999999 0.4617918248198261
1.5689843750000001 0.4617986793247751
1.5690625000000000 0.4618056659800033
1.5691406250000000 0.4618125204734660
1.5692187500000001 0.4618195071501210
1.5692968750000000 0.4618263616396271
1.5693750000000000 0.4618333483301719
1.5694531250000001 0.4618402028232547
1.5695312500000000 0.4618471895201496
1.5696093750000000 0.4618540440243438
1.5696875000000001 0.4618610307200495
1.5697656250000001 0.4618678852428877
1.5698437500000000 0.4618748719298679
1.5699218750000001 0.4618817264788791
1.5700000000000001 0.4618887131496029
1.5700781250000000 0.4618955677323084
1.5701562500000001 0.4619025543792534
1.5702343750000001 0.4619094090031658
1.5703125000000000 0.4619163956188198
1.5703906249999999 0.4619232502914395
1.5704687500000001 0.4619302368683038
1.5705468750000000 0.4619370915971169
1.5706249999999999 0.4619440781277080
1.5707031250000001 0.4619509329201838
1.5707812500000000 0.4619579193970369
1.5708593749999999 0.4619647742606247
1.5709375000000001 0.4619717606762958
1.5710156250000000 0.4619786156184232
1.5710937500000000 0.4619856019654914
1.5711718750000001 0.4619924569935613
1.5712500000000000 0.4619994432646316
1.5713281250000000 0.4620062983860200
1.5714062500000001 0.4620132845737255
1.5714843750000000 0.4620201397957788
1.5715625000000000 0.4620271258927839
1.5716406250000001 0.4620339812228160
1.5717187500000001 0.4620409672218181
1.5717968750000000 0.4620478226671089
1.5718750000000001 0.4620548085608412
1.5719531250000001 0.4620616641286335
1.5720312500000000 0.4620686499098671
1.5721093750000001 0.4620755056073645
1.5721875000000001 0.4620824912689113
1.5722656250000000 0.4620893471032754
1.5723437499999999 0.4620963326379900
1.5724218750000001 0.4621031886163389
1.5725000000000000 0.4621101740171210
1.5725781249999999 0.4621170301465258
1.5726562500000001 0.4621240154063231
1.5727343750000000 0.4621308716938065
1.5728124999999999 0.4621378568056164
1.5728906250000001 0.4621447132581497
1.5729687500000000 0.4621516982150217
1.5730468750000000 0.4621585548395233
1.5731250000000001 0.4621655396345615
1.5732031250000000 0.4621723964378940
1.5732812500000000 0.4621793810642588
1.5733593750000001 0.4621862380532274
1.5734375000000000 0.4621932225041381
1.5735156250000000 0.4622000796854880
1.5735937500000001 0.4622070639542248
1.5736718750000001 0.4622139213346395
1.5737500000000000 0.4622209054145456
1.5738281250000001 0.4622277630006441
1.5739062500000001 0.4622347468851279
1.5739843750000000 0.4622416046834631
1.5740625000000001 0.4622485883660002
1.5741406250000001 0.4622554463830573
1.5742187500000000 0.4622624298571923
1.5742968749999999 0.4622692880993856
1.5743750000000001 0.4622762713587345
1.5744531250000000 0.4622831298324067
1.5745312499999999 0.4622901128706584
1.5746093750000001 0.4622969715820780
1.5746875000000000 0.4623039543929965
1.5747656249999999 0.4623108133483560
1.5748437500000001 0.4623177959257821
1.5749218750000000 0.4623246551311965
1.5750000000000000 0.4623316374690494
1.5750781250000001 0.4623384969305543
1.5751562500000000 0.4623454790228335
1.5752343750000000 0.4623523387463833
1.5753125000000001 0.4623593205871705
1.5753906250000000 0.4623661805786363
1.5754687500000000 0.4623731621620973
1.5755468750000001 0.4623800224272657
1.5756250000000001 0.4623870037476513
1.5757031250000000 0.4623938642922231
1.5757812500000001 0.4624008453438709
1.5758593750000001 0.4624077061734589
1.5759375000000000 0.4624146869507955
1.5760156250000001 0.4624215480709232
1.5760937500000001 0.4624285285684650
1.5761718750000000 0.4624353899845651
1.5762499999999999 0.4624423701969197
1.5763281250000001 0.4624492319143332
1.5764062500000000 0.4624562118362011
1.5764843749999999 0.4624630738601753
1.5765625000000001 0.4624700534863513
1.5766406250000000 0.4624769158220384
1.5767187499999999 0.4624838951474129
1.5767968750000001 0.4624907577998691
1.5768750000000000 0.4624977368194291
1.5769531250000000 0.4625045997936135
1.5770312500000001 0.4625115785024437
1.5771093750000000 0.4625184418032167
1.5771875000000000 0.4625254201965012
1.5772656250000001 0.4625322838286235
1.5773437500000000 0.4625392619016463
1.5774218750000000 0.4625461258697784
1.5775000000000001 0.4625531036179246
1.5775781250000001 0.4625599679266251
1.5776562500000000 0.4625669453453821
1.5777343750000001 0.4625738099991067
1.5778125000000001 0.4625807870840652
1.5778906250000000 0.4625876520871662
1.5779687500000001 0.4625946288340207
1.5780468750000001 0.4626014941907459
1.5781250000000000 0.4626084705952960
1.5782031249999999 0.4626153363097881
1.5782812500000001 0.4626223123679382
1.5783593750000000 0.4626291784442344
1.5784374999999999 0.4626361541519959
1.5785156250000001 0.4626430205940261
1.5785937500000000 0.4626499959475170
1.5786718749999999 0.4626568627591040
1.5787500000000001 0.4626638377545502
1.5788281250000000 0.4626707049394091
1.5789062500000000 0.4626776795731445
1.5789843750000001 0.4626845471348818
1.5790625000000000 0.4626915214033489
1.5791406250000000 0.4626983893454621
1.5792187500000001 0.4627053632452129
1.5792968750000000 0.4627122315710903
1.5793750000000000 0.4627192050987861
1.5794531250000001 0.4627260738117061
1.5795312500000001 0.4627330469641181
1.5796093750000000 0.4627399160672490
1.5796875000000001 0.4627468888412590
1.5797656250000001 0.4627537583376587
1.5798437500000000 0.4627607307302586
1.5799218750000001 0.4627676006228746
1.5800000000000001 0.4627745726311670
1.5800781250000000 0.4627814429228363
1.5801562499999999 0.4627884145440344
1.5802343750000001 0.4627952852374827
1.5803125000000000 0.4628022564689110
1.5803906249999999 0.4628091275667532
1.5804687500000001 0.4628160984058471
1.5805468750000000 0.4628229699105871
1.5806249999999999 0.4628299403548929
1.5807031250000001 0.4628368122689236
1.5807812500000000 0.4628437823160986
1.5808593750000000 0.4628506546417023
1.5809375000000001 0.4628576242895141
1.5810156250000000 0.4628644970288623
1.5810937500000000 0.4628714662751896
1.5811718750000001 0.4628783394303433
1.5812500000000000 0.4628853082731750
1.5813281250000000 0.4628921818460849
1.5814062500000001 0.4628991502835201
1.5814843750000001 0.4629060242760267
1.5815625000000000 0.4629129923062747
1.5816406250000001 0.4629198667201086
1.5817187500000001 0.4629268343414882
1.5817968750000000 0.4629337091782710
1.5818750000000001 0.4629406763892095
1.5819531250000001 0.4629475516504540
1.5820312500000000 0.4629545184494882
1.5821093749999999 0.4629613941365983
1.5821875000000001 0.4629683605223727
1.5822656250000000 0.4629752366366447
1.5823437499999999 0.4629822026079116
1.5824218750000001 0.4629890791505346
1.5825000000000000 0.4629960447061529
1.5825781249999999 0.4630029216782091
1.5826562500000001 0.4630098868171448
1.5827343750000000 0.4630167642196099
1.5828125000000000 0.4630237289409347
1.5828906250000001 0.4630306067746794
1.5829687500000000 0.4630375710775701
1.5830468750000000 0.4630444493433599
1.5831250000000001 0.4630514132270975
1.5832031250000000 0.4630582919255943
1.5832812500000000 0.4630652553895636
1.5833593750000001 0.4630721345213256
1.5834375000000001 0.4630790975650144
1.5835156250000000 0.4630859771304977
1.5835937500000001 0.4630929397534954
1.5836718750000001 0.4630998197530550
1.5837500000000000 0.4631067819550516
1.5838281250000001 0.4631136623889415
1.5839062500000001 0.4631206241697280
1.5839843750000000 0.4631275050381026
1.5840624999999999 0.4631344663975687
1.5841406250000001 0.4631413477004840
1.5842187500000000 0.4631483086386171
1.5842968749999999 0.4631551903760316
1.5843750000000001 0.4631621508929164
1.5844531250000000 0.4631690330646922
1.5845312499999999 0.4631759931605096
1.5846093750000001 0.4631828757664127
1.5846875000000000 0.4631898354414383
1.5847656250000000 0.4631967184811410
1.5848437500000001 0.4632036777357443
1.5849218750000000 0.4632105612088254
1.5850000000000000 0.4632175200434684
1.5850781250000001 0.4632244039494146
1.5851562500000000 0.4632313623646511
1.5852343750000000 0.4632382467028581
1.5853125000000001 0.4632452046993318
1.5853906250000001 0.4632520894691063
1.5854687500000000 0.4632590470475495
1.5855468750000001 0.4632659322481100
1.5856250000000001 0.4632728894093429
1.5857031250000000 0.4632797750398204
1.5857812500000001 0.4632867317847496
1.5858593750000001 0.4632936178441897
1.5859375000000000 0.4633005741738065
1.5860156249999999 0.4633074606611705
1.5860937500000001 0.4633144165765507
1.5861718750000000 0.4633213034907163
1.5862499999999999 0.4633282589930173
1.5863281250000001 0.4633351463327813
1.5864062500000000 0.4633421014232417
1.5864843749999999 0.4633489891873201
1.5865625000000001 0.4633559438672580
1.5866406250000000 0.4633628320542884
1.5867187500000000 0.4633697863250998
1.5867968750000001 0.4633766749336425
1.5868750000000000 0.4633836287968002
1.5869531250000000 0.4633905178253391
1.5870312500000001 0.4633974712823914
1.5871093750000000 0.4634043607293362
1.5871875000000000 0.4634113137819048
1.5872656250000001 0.4634182036455921
1.5873437500000001 0.4634251562953708
1.5874218750000000 0.4634320465740659
1.5875000000000001 0.4634389988228197
1.5875781250000001 0.4634458895147179
1.5876562500000000 0.4634528413642806
1.5877343750000001 0.4634597324675085
1.5878125000000001 0.4634666839197817
1.5878906250000000 0.4634735754323995
1.5879687499999999 0.4634805264893508
1.5880468750000001 0.4634874184093529
1.5881250000000000 0.4634943690730148
1.5882031249999999 0.4635012613983319
1.5882812500000001 0.4635082116707996
1.5883593750000000 0.4635151043993002
1.5884374999999999 0.4635220542827307
1.5885156250000001 0.4635289474122226
1.5885937500000000 0.4635358969088323
1.5886718750000000 0.4635427904370644
1.5887500000000001 0.4635497395491283
1.5888281250000000 0.4635566334737921
1.5889062500000000 0.4635635822036415
1.5889843750000001 0.4635704765223723
1.5890625000000000 0.4635774248723943
1.5891406250000000 0.4635843195827729
1.5892187500000001 0.4635912675554079
1.5892968750000001 0.4635981626549623
1.5893750000000000 0.4636051102527029
1.5894531250000001 0.4636120057389101
1.5895312500000001 0.4636189529642989
1.5896093750000000 0.4636258488345866
1.5896875000000001 0.4636327956902150
1.5897656250000001 0.4636396919419623
1.5898437500000000 0.4636466384304695
1.5899218749999999 0.4636535350610093
1.5900000000000001 0.4636604811850795
1.5900781250000000 0.4636673781917001
1.5901562499999999 0.4636743239540617
1.5902343750000001 0.4636812213340080
1.5903125000000000 0.4636881667374318
1.5903906249999999 0.4636950644879072
1.5904687500000001 0.4637020095352048
1.5905468750000000 0.4637089076533726
1.5906250000000000 0.4637158523473952
1.5907031250000001 0.4637227508303798
1.5907812500000000 0.4637296951740160
1.5908593750000000 0.4637365940189054
1.5909375000000001 0.4637435380150802
1.5910156250000000 0.4637504372189268
1.5910937500000000 0.4637573808705994
1.5911718750000001 0.4637642804304218
1.5912500000000001 0.4637712237405850
1.5913281250000000 0.4637781236533693
1.5914062500000001 0.4637850666250471
1.5914843750000001 0.4637919668877488
1.5915625000000000 0.4637989095239956
1.5916406250000001 0.4638058101335407
1.5917187500000001 0.4638127524374390
1.5917968750000000 0.4638196533907258
1.5918749999999999 0.4638265953653857
1.5919531250000001 0.4638334966592863
1.5920312500000000 0.4638404383078427
1.5921093749999999 0.4638473399392046
1.5921875000000001 0.4638542812648169
1.5922656250000000 0.4638611832304640
1.5923437499999999 0.4638681242363139
1.5924218750000001 0.4638750265330487
1.5925000000000000 0.4638819672223389
1.5925781250000000 0.4638888698469432
1.5926562500000001 0.4638958102228964
1.5927343750000000 0.4639027131721331
1.5928125000000000 0.4639096532379902
1.5928906250000001 0.4639165565086046
1.5929687500000000 0.4639234962676231
1.5930468750000000 0.4639303998563445
1.5931250000000001 0.4639373393117976
1.5932031250000001 0.4639442432153402
1.5932812500000000 0.4639511823705155
1.5933593750000001 0.4639580865855801
1.5934375000000001 0.4639650254437777
1.5935156250000000 0.4639719299670529
1.5935937500000001 0.4639788685315845
1.5936718750000001 0.4639857733597484
1.5937500000000000 0.4639927116339355
1.5938281249999999 0.4639996167636565
1.5939062500000001 0.4640065547508296
1.5939843750000000 0.4640134601787685
1.5940624999999999 0.4640203978822651
1.5941406250000001 0.4640273036050757
1.5942187500000000 0.4640342410282400
1.5942968749999999 0.4640411470425703
1.5943750000000001 0.4640480841887513
1.5944531250000000 0.4640549904912449
1.5945312500000000 0.4640619273637955
1.5946093750000001 0.4640688339510928
1.5946875000000000 0.4640757705533685
1.5947656250000000 0.4640826774221080
1.5948437500000001 0.4640896137574658
1.5949218750000000 0.4640965209042849
1.5950000000000000 0.4641034569760820
1.5950781250000001 0.4641103643976188
1.5951562500000001 0.4641173002092111
1.5952343750000000 0.4641242079021051
1.5953125000000001 0.4641311434568470
1.5953906250000001 0.4641380514177403
1.5954687500000000 0.4641449867189828
1.5955468750000001 0.4641518949445210
1.5956250000000001 0.4641588299956108
1.5957031250000000 0.4641657384824444
1.5957812499999999 0.4641726732867229
1.5958593750000001 0.4641795820315086
1.5959375000000000 0.4641865165923110
1.5960156249999999 0.4641934255917115
1.5960937500000001 0.4642003599123658
1.5961718750000000 0.4642072691630522
1.5962499999999999 0.4642142032468779
1.5963281250000001 0.4642211127455299
1.5964062500000000 0.4642280465958373
1.5964843750000000 0.4642349563391444
1.5965625000000001 0.4642418899592336
1.5966406250000000 0.4642487999438958
1.5967187500000000 0.4642557333370559
1.5967968750000001 0.4642626435597848
1.5968750000000000 0.4642695767292928
1.5969531250000000 0.4642764871868126
1.5970312500000001 0.4642834201359327
1.5971093750000001 0.4642903308249807
1.5971875000000000 0.4642972635569630
1.5972656250000001 0.4643041744742911
1.5973437500000001 0.4643111069923714
1.5974218750000000 0.4643180181347461
1.5975000000000001 0.4643249504421451
1.5975781250000001 0.4643318618063484
1.5976562500000000 0.4643387939062704
1.5977343749999999 0.4643457054891014
1.5978125000000001 0.4643526373847336
1.5978906250000000 0.4643595491830082
1.5979687499999999 0.4643664808775207
1.5980468750000001 0.4643733928880728
1.5981250000000000 0.4643803243846172
1.5982031249999999 0.4643872366042995
1.5982812500000001 0.4643941679060081
1.5983593750000000 0.4644010803316929
1.5984375000000000 0.4644080114416784
1.5985156250000001 0.4644149240702579
1.5985937500000000 0.4644218549916124
1.5986718750000000 0.4644287678199994
1.5987500000000001 0.4644356985557948
1.5988281250000000 0.4644426115809231
1.5989062500000000 0.4644495421342089
1.5989843750000001 0.4644564553530350
1.5990625000000001 0.4644633857268387
1.5991406250000000 0.4644702991363410
1.5992187500000001 0.4644772293336675
1.5992968750000001 0.4644841429308472
1.5993750000000000 0.4644910729546786
1.5994531250000001 0.4644979867365602
1.5995312500000001 0.4645049165898546
1.5996093750000000 0.4645118305534870
1.5996874999999999 0.4645187602391783
1.5997656250000001 0.4645256743816347
1.5998437500000000 0.4645326039026320
1.5999218749999999 0.4645395182210105
1.6000000000000001 0.4645464475801977
1.6000781250000000 0.4645533620716221
1.6001562499999999 0.4645602912718575
1.6002343750000001 0.4645672059334772
1.6003125000000000 0.4645741349775929
1.6003906250000000 0.4645810498065834
1.6004687500000001 0.4645879786973861
1.6005468750000000 0.4645948936909489
1.6006250000000000 0.4646018224312181
1.6007031250000001 0.4646087375865820
1.6007812500000000 0.4646156661790699
1.6008593750000000 0.4646225814934914
1.6009375000000001 0.4646295099409228
1.6010156250000001 0.4646364254116853
1.6010937500000000 0.4646433537167579
1.6011718750000001 0.4646502693411726
1.6012500000000001 0.4646571975065558
1.6013281250000000 0.4646641132819621
1.6014062500000001 0.4646710413102971
1.6014843750000001 0.4646779572340629
1.6015625000000000 0.4646848851279622
1.6016406249999999 0.4646918011974841
1.6017187500000001 0.4646987289595317
1.6017968750000000 0.4647056451722349
1.6018749999999999 0.4647125728049857
1.6019531250000001 0.4647194891583247
1.6020312500000000 0.4647264166643047
1.6021093749999999 0.4647333331557628
1.6021875000000001 0.4647402605374686
1.6022656250000000 0.4647471771645585
1.6023437500000000 0.4647541044244579
1.6024218750000001 0.4647610211847216
1.6025000000000000 0.4647679483252520
1.6025781250000000 0.4647748652162615
1.6026562500000001 0.4647817922398311
1.6027343750000000 0.4647887092591881
1.6028125000000000 0.4647956361681753
1.6028906250000001 0.4648025533135111
1.6029687500000001 0.4648094801102640
1.6030468750000000 0.4648163973792402
1.6031250000000001 0.4648233240660772
1.6032031250000001 0.4648302414563852
1.6032812500000000 0.4648371680355947
1.6033593750000001 0.4648440855449559
1.6034375000000001 0.4648510120187963
1.6035156250000000 0.4648579296449620
1.6035937499999999 0.4648648560156616
1.6036718750000001 0.4648717737564136
1.6037500000000000 0.4648787000261705
1.6038281249999999 0.4648856178793203
1.6039062500000001 0.4648925440503026
1.6039843750000000 0.4648994620136922
1.6040624999999999 0.4649063880880377
1.6041406250000001 0.4649133061595391
1.6042187500000000 0.4649202321393554
1.6042968750000000 0.4649271503168706
1.6043750000000001 0.4649340762042358
1.6044531250000000 0.4649409944856966
1.6045312500000000 0.4649479202826586
1.6046093750000001 0.4649548386660270
1.6046875000000000 0.4649617643746035
1.6047656250000000 0.4649686828578716
1.6048437500000001 0.4649756084800503
1.6049218750000001 0.4649825270612398
1.6050000000000000 0.4649894525989791
1.6050781250000001 0.4649963712761414
1.6051562500000001 0.4650032967313699
1.6052343750000000 0.4650102155025858
1.6053125000000001 0.4650171408772027
1.6053906250000001 0.4650240597405828
1.6054687500000000 0.4650309850364576
1.6055468749999999 0.4650379039901416
1.6056250000000001 0.4650448292091147
1.6057031250000000 0.4650517482512718
1.6057812499999999 0.4650586733951542
1.6058593750000001 0.4650655925239826
1.6059375000000000 0.4650725175945565
1.6060156249999999 0.4650794368082833
1.6060937500000001 0.4650863618073020
1.6061718750000000 0.4650932811041831
1.6062500000000000 0.4651002060333710
1.6063281250000001 0.4651071254116914
1.6064062500000000 0.4651140502727441
1.6064843750000000 0.4651209697308167
1.6065625000000001 0.4651278945254019
1.6066406250000000 0.4651348140615680
1.6067187500000000 0.4651417387913253
1.6067968750000001 0.4651486584039543
1.6068750000000001 0.4651555830704950
1.6069531250000000 0.4651625027579841
1.6070312500000001 0.4651694273628922
1.6071093750000001 0.4651763471236661
1.6071875000000000 0.4651832716684977
1.6072656250000001 0.4651901915010088
1.6073437500000001 0.4651971159872927
1.6074218750000000 0.4652040358900204
1.6074999999999999 0.4652109603192585
1.6075781250000001 0.4652178802907095
1.6076562500000000 0.4652248046643765
1.6077343749999999 0.4652317247030840
1.6078125000000001 0.4652386490226282
1.6078906250000000 0.4652455691271519
1.6079687499999999 0.4652524933939954
1.6080468750000001 0.4652594135629209
1.6081250000000000 0.4652663377784599
1.6082031250000000 0.4652732580103993
1.6082812500000001 0.4652801821760033
1.6083593750000000 0.4652871024695944
1.6084375000000000 0.4652940265866076
1.6085156250000001 0.4653009469405138
1.6085937500000000 0.4653078710102551
1.6086718750000000 0.4653147914231650
1.6087500000000001 0.4653217154469283
1.6088281250000001 0.4653286359175550
1.6089062500000000 0.4653355598966092
1.6089843750000001 0.4653424804236911
1.6090625000000001 0.4653494043592805
1.6091406250000000 0.4653563249415804
1.6092187500000001 0.4653632488349251
1.6092968750000001 0.4653701694712293
1.6093750000000000 0.4653770933235256
1.6094531249999999 0.4653840140126450
1.6095312500000001 0.4653909378250651
1.6096093750000000 0.4653978585658337
1.6096874999999999 0.4654047823395267
1.6097656250000001 0.4654117031308019
1.6098437500000000 0.4654186268668935
1.6099218749999999 0.4654255477075559
1.6100000000000001 0.4654324714071492
1.6100781250000000 0.4654393922961020
1.6101562500000000 0.4654463159602771
1.6102343750000001 0.4654532368964459
1.6103125000000000 0.4654601605262612
1.6103906250000000 0.4654670815085934
1.6104687500000001 0.4654740051050853
1.6105468750000000 0.4654809261325503
1.6106250000000000 0.4654878496967332
1.6107031250000001 0.4654947707683222
1.6107812500000001 0.4655016943011890
1.6108593750000000 0.4655086154159145
1.6109375000000001 0.4655155389184374
1.6110156250000001 0.4655224600753322
1.6110937500000000 0.4655293835484625
1.6111718750000001 0.4655363047465807
1.6112500000000001 0.4655432281912489
1.6113281250000000 0.4655501494296647
1.6114062499999999 0.4655570728467815
1.6114843750000001 0.4655639941245890
1.6115625000000000 0.4655709175150452
1.6116406249999999 0.4655778388313587
1.6117187500000001 0.4655847621960247
1.6117968750000000 0.4655916835499778
1.6118749999999999 0.4655986068897056
1.6119531250000001 0.4656055282804508
1.6120312500000000 0.4656124515960730
1.6121093750000000 0.4656193730227819
1.6121875000000001 0.4656262963151125
1.6122656250000000 0.4656332177769751
1.6123437500000000 0.4656401410468098
1.6124218750000001 0.4656470625430343
1.6125000000000000 0.4656539857911507
1.6125781250000000 0.4656609073209632
1.6126562500000001 0.4656678305481211
1.6127343750000001 0.4656747521107655
1.6128125000000000 0.4656816753177071
1.6128906250000001 0.4656885969124446
1.6129687500000001 0.4656955200998949
1.6130468750000000 0.4657024417260038
1.6131250000000001 0.4657093648946707
1.6132031250000001 0.4657162865514464
1.6132812500000000 0.4657232097020215
1.6133593749999999 0.4657301313887753
1.6134375000000001 0.4657370545219334
1.6135156250000000 0.4657439762379936
1.6135937499999999 0.4657508993543934
1.6136718750000001 0.4657578210991039
1.6137500000000000 0.4657647441993886
1.6138281249999999 0.4657716659721086
1.6139062500000001 0.4657785890569061
1.6139843750000000 0.4657855108570105
1.6140625000000000 0.4657924339269329
1.6141406250000001 0.4657993557538117
1.6142187500000000 0.4658062788094565
1.6142968750000000 0.4658132006625144
1.6143750000000001 0.4658201237044646
1.6144531250000000 0.4658270455831208
1.6145312500000000 0.4658339686119445
1.6146093750000001 0.4658408905156325
1.6146875000000001 0.4658478135318844
1.6147656250000000 0.4658547354600515
1.6148437500000001 0.4658616584642721
1.6149218750000001 0.4658685804163794
1.6150000000000000 0.4658755034090953
1.6150781250000001 0.4658824253846177
1.6151562500000001 0.4658893483663425
1.6152343750000000 0.4658962703647677
1.6153124999999999 0.4659031933360020
1.6153906250000001 0.4659101153568309
1.6154687500000000 0.4659170383180621
1.6155468749999999 0.4659239603608082
1.6156250000000001 0.4659308833125114
1.6157031250000000 0.4659378053767008
1.6157812499999999 0.4659447283193387
1.6158593750000001 0.4659516504045092
1.6159375000000000 0.4659585733385328
1.6160156250000000 0.4659654954442344
1.6160937500000001 0.4659724183700827
1.6161718750000000 0.4659793404958770
1.6162500000000000 0.4659862634139774
1.6163281250000001 0.4659931855594375
1.6164062500000000 0.4660001084702061
1.6164843750000000 0.4660070306349163
1.6165625000000001 0.4660139535387581
1.6166406250000001 0.4660208757223136
1.6167187500000000 0.4660277986196228
1.6167968750000001 0.4660347208216296
1.6168750000000001 0.4660416437127898
1.6169531250000000 0.4660485659328641
1.6170312500000001 0.4660554888182489
1.6171093750000001 0.4660624110560173
1.6171875000000000 0.4660693339359898
1.6172656249999999 0.4660762561910889
1.6173437500000001 0.4660831790660023
1.6174218750000000 0.4660901013380787
1.6174999999999999 0.4660970242082761
1.6175781250000001 0.4661039464969862
1.6176562500000000 0.4661108693628019
1.6177343749999999 0.4661177916678108
1.6178125000000001 0.4661247145295696
1.6178906250000000 0.4661316368505519
1.6179687500000000 0.4661385597085695
1.6180468750000001 0.4661454820452088
1.6181250000000000 0.4661524048997921
1.6182031250000000 0.4661593272517808
1.6182812500000001 0.4661662501032279
1.6183593750000000 0.4661731724702667
1.6184375000000000 0.4661800953188675
1.6185156250000001 0.4661870177006658
1.6185937500000001 0.4661939405467017
1.6186718750000000 0.4662008629429767
1.6187500000000001 0.4662077857867212
1.6188281250000001 0.4662147081971985
1.6189062500000000 0.4662216310389167
1.6189843750000001 0.4662285534633296
1.6190625000000001 0.4662354763032796
1.6191406250000000 0.4662423987413687
1.6192187499999999 0.4662493215798008
1.6192968750000001 0.4662562440313142
1.6193750000000000 0.4662631668684717
1.6194531249999999 0.4662700893331646
1.6195312500000001 0.4662770121692832
1.6196093750000000 0.4662839346469181
1.6196874999999999 0.4662908574822270
1.6197656250000001 0.4662977799725731
1.6198437500000000 0.4663047028072944
1.6199218750000000 0.4663116253101278
1.6200000000000001 0.4663185481444769
1.6200781250000000 0.4663254706595801
1.6201562500000000 0.4663323934937663
1.6202343750000001 0.4663393160209283
1.6203125000000000 0.4663462388551539
1.6203906250000000 0.4663531613941698
1.6204687500000001 0.4663600842286320
1.6205468750000001 0.4663670067793027
1.6206250000000000 0.4663739296141922
1.6207031250000001 0.4663808521763249
1.6207812500000001 0.4663877750118262
1.6208593750000000 0.4663946975852340
1.6209375000000001 0.4664016204215263
1.6210156250000001 0.4664085430060275
1.6210937500000000 0.4664154658432846
1.6211718749999999 0.4664223884387029
1.6212500000000001 0.4664293112770931
1.6213281250000000 0.4664362338832579
1.6214062499999999 0.4664431567229442
1.6214843750000001 0.4664500793396896
1.6215625000000000 0.4664570021808302
1.6216406249999999 0.4664639248079954
1.6217187500000001 0.4664708476507432
1.6217968750000000 0.4664777702881728
1.6218750000000000 0.4664846931326759
1.6219531250000001 0.4664916157802186
1.6220312500000000 0.4664985386266206
1.6221093750000000 0.4665054612841302
1.6221875000000001 0.4665123841325699
1.6222656250000000 0.4665193067999047
1.6223437500000000 0.4665262296505166
1.6224218750000001 0.4665331523275389
1.6225000000000001 0.4665400751804532
1.6225781250000000 0.4665469978670300
1.6226562500000001 0.4665539207223722
1.6227343750000001 0.4665608434183748
1.6228125000000000 0.4665677662762669
1.6228906250000001 0.4665746889815700
1.6229687500000001 0.4665816118421298
1.6230468750000000 0.4665885345566126
1.6231249999999999 0.4665954574199538
1.6232031250000001 0.4666023801434992
1.6232812500000000 0.4666093030097320
1.6233593749999999 0.4666162257422264
1.6234375000000001 0.4666231486114575
1.6235156250000000 0.4666300713527909
1.6235937499999999 0.4666369942251232
1.6236718750000001 0.4666439169751891
1.6237500000000000 0.4666508398507224
1.6238281250000000 0.4666577626094179
1.6239062500000001 0.4666646854882479
1.6239843750000000 0.4666716082554734
1.6240625000000000 0.4666785311376934
1.6241406250000001 0.4666854539133523
1.6242187500000000 0.4666923767990518
1.6242968750000000 0.4666992995830507
1.6243750000000001 0.4667062224723165
1.6244531250000001 0.4667131452645652
1.6245312500000000 0.4667200681574810
1.6246093750000001 0.4667269909578917
1.6246875000000001 0.4667339138545387
1.6247656250000000 0.4667408366630267
1.6248437500000001 0.4667477595634830
1.6249218750000001 0.4667546823799664
1.6250000000000000 0.4667616052843072
1.6250781249999999 0.4667685281087069
1.6251562500000001 0.4667754510170051
1.6252343750000000 0.4667823738492444
1.6253124999999999 0.4667892967615702
1.6253906250000001 0.4667962196015750
1.6254687500000000 0.4668031425179958
1.6255468749999999 0.4668100653656949
1.6256250000000001 0.4668169882862757
1.6257031250000000 0.4668239111415998
1.6257812500000000 0.4668308340664038
1.6258593750000001 0.4668377569292855
1.6259375000000000 0.4668446798583737
1.6260156250000000 0.4668516027287483
1.6260937500000001 0.4668585256621792
1.6261718750000000 0.4668654485399841
1.6262500000000000 0.4668723714778139
1.6263281250000001 0.4668792943629885
1.6264062500000001 0.4668862173052716
1.6264843750000000 0.4668931401977578
1.6265625000000001 0.4669000631445464
1.6266406250000001 0.4669069860442875
1.6267187500000000 0.4669139089956318
1.6267968750000001 0.4669208319025734
1.6268750000000001 0.4669277548585222
1.6269531250000000 0.4669346777726113
1.6270312499999999 0.4669416007332111
1.6271093750000001 0.4669485236543968
1.6271875000000000 0.4669554466196926
1.6272656249999999 0.4669623695479256
1.6273437500000001 0.4669692925179609
1.6274218750000000 0.4669762154531935
1.6274999999999999 0.4669831384280098
1.6275781250000001 0.4669900613701961
1.6276562500000000 0.4669969843498335
1.6277343750000000 0.4670039072989289
1.6278125000000001 0.4670108302834261
1.6278906250000000 0.4670177532393876
1.6279687500000000 0.4670246762287815
1.6280468750000001 0.4670315991915676
1.6281250000000000 0.4670385221858939
1.6282031250000000 0.4670454451554648
1.6282812500000001 0.4670523681547575
1.6283593750000001 0.4670592911310744
1.6284375000000000 0.4670662141353666
1.6285156250000001 0.4670731371183918
1.6285937500000001 0.4670800601277152
1.6286718750000000 0.4670869831174128
1.6287500000000001 0.4670939061317975
1.6288281250000001 0.4671008291281328
1.6289062500000000 0.4671077521476079
1.6289843749999999 0.4671146751505471
1.6290625000000001 0.4671215981751405
1.6291406250000000 0.4671285211846511
1.6292187499999999 0.4671354442143896
1.6292968750000001 0.4671423672304403
1.6293750000000000 0.4671492902653496
1.6294531249999999 0.4671562132879100
1.6295312500000001 0.4671631363280147
1.6296093750000000 0.4671700593570556
1.6296875000000000 0.4671769824023795
1.6297656250000001 0.4671839054378722
1.6298437500000000 0.4671908284884380
1.6299218750000000 0.4671977515303555
1.6300000000000001 0.4672046745861847
1.6300781250000000 0.4672115976345006
1.6301562500000000 0.4672185206956141
1.6302343750000001 0.4672254437503028
1.6303125000000001 0.4672323668167205
1.6303906250000000 0.4672392898777575
1.6304687500000001 0.4672462129494983
1.6305468750000001 0.4672531360168597
1.6306250000000000 0.4672600590939420
1.6307031250000001 0.4672669821676048
1.6307812500000001 0.4672739052500463
1.6308593750000000 0.4672808283299880
1.6309374999999999 0.4672877514178049
1.6310156250000001 0.4672946745040047
1.6310937500000000 0.4673015975972129
1.6311718749999999 0.4673085206896501
1.6312500000000001 0.4673154437882646
1.6313281250000000 0.4673223668869191
1.6314062499999999 0.4673292899909546
1.6314843750000001 0.4673362130958071
1.6315625000000000 0.4673431362052773
1.6316406250000000 0.4673500593163094
1.6317187500000001 0.4673569824312273
1.6317968750000000 0.4673639055484205
1.6318750000000000 0.4673708286687993
1.6319531250000001 0.4673777517921363
1.6320312500000000 0.4673846749179875
1.6321093750000000 0.4673915980474516
1.6321875000000001 0.4673985211787866
1.6322656250000001 0.4674054443143617
1.6323437500000000 0.4674123674511912
1.6324218750000001 0.4674192905928615
1.6325000000000001 0.4674262137351959
1.6325781250000000 0.4674331368829461
1.6326562500000001 0.4674400600307954
1.6327343750000001 0.4674469831846108
1.6328125000000000 0.4674539063379841
1.6328906249999999 0.4674608294978507
1.6329687500000001 0.4674677526567567
1.6330468750000000 0.4674746758226608
1.6331249999999999 0.4674815989871077
1.6332031250000001 0.4674885221590360
1.6332812500000000 0.4674954453290319
1.6333593749999999 0.4675023685069715
1.6334375000000001 0.4675092916825240
1.6335156250000000 0.4675162148664623
1.6335937500000000 0.4675231380475785
1.6336718750000001 0.4675300612375036
1.6337500000000000 0.4675369844241899
1.6338281250000000 0.4675439076200903
1.6339062500000001 0.4675508308123533
1.6339843750000000 0.4675577540142176
1.6340625000000000 0.4675646772120630
1.6341406250000001 0.4675716004198803
1.6342187500000001 0.4675785236233136
1.6342968750000000 0.4675854468370735
1.6343750000000001 0.4675923700461002
1.6344531250000001 0.4675992932657924
1.6345312500000000 0.4676062164804171
1.6346093750000001 0.4676131397060318
1.6346875000000001 0.4676200629262593
1.6347656250000000 0.4676269861577866
1.6348437499999999 0.4676339093836215
1.6349218750000001 0.4676408326210519
1.6350000000000000 0.4676477558524981
1.6350781249999999 0.4676546790958229
1.6351562500000001 0.4676616023328840
1.6352343750000000 0.4676685255820945
1.6353124999999999 0.4676754488247738
1.6353906250000001 0.4676823720798615
1.6354687500000000 0.4676892953281624
1.6355468750000000 0.4676962185891191
1.6356250000000001 0.4677031418430445
1.6357031250000000 0.4677100651098618
1.6357812500000000 0.4677169883694149
1.6358593750000001 0.4677239116420852
1.6359375000000000 0.4677308349072682
1.6360156250000000 0.4677377581857838
1.6360937500000001 0.4677446814565992
1.6361718750000001 0.4677516047409529
1.6362500000000000 0.4677585280174025
1.6363281250000001 0.4677654513075872
1.6364062500000001 0.4677723745896731
1.6364843750000000 0.4677792978856818
1.6365625000000001 0.4677862211734054
1.6366406250000001 0.4677931444752318
1.6367187500000000 0.4678000677685946
1.6367968749999999 0.4678069910762317
1.6368750000000001 0.4678139143752353
1.6369531250000000 0.4678208376886767
1.6370312499999999 0.4678277609933222
1.6371093750000001 0.4678346843125616
1.6371875000000000 0.4678416076228503
1.6372656249999999 0.4678485309478816
1.6373437500000001 0.4678554542638140
1.6374218750000000 0.4678623775946316
1.6375000000000000 0.4678693009162083
1.6375781250000001 0.4678762242528062
1.6376562500000000 0.4678831475800281
1.6377343750000000 0.4678900709224005
1.6378125000000001 0.4678969942552680
1.6378906250000000 0.4679039176034097
1.6379687500000000 0.4679108409419229
1.6380468750000001 0.4679177642958284
1.6381250000000001 0.4679246876399875
1.6382031250000000 0.4679316109996516
1.6382812500000001 0.4679385343494565
1.6383593750000001 0.4679454577148743
1.6384375000000000 0.4679523810703249
1.6385156250000001 0.4679593044414911
1.6385937500000001 0.4679662278025876
1.6386718750000000 0.4679731511794973
1.6387499999999999 0.4679800745462392
1.6388281250000001 0.4679869979288876
1.6389062500000000 0.4679939213012746
1.6389843749999999 0.4680008446896570
1.6390625000000001 0.4680077680676886
1.6391406250000000 0.4680146914618004
1.6392187499999999 0.4680216148454759
1.6392968750000001 0.4680285382453126
1.6393750000000000 0.4680354616346314
1.6394531250000000 0.4680423850401885
1.6395312500000001 0.4680493084351501
1.6396093750000000 0.4680562318464233
1.6396875000000000 0.4680631552470265
1.6397656250000001 0.4680700786640115
1.6398437500000000 0.4680770020702554
1.6399218750000000 0.4680839254929482
1.6400000000000001 0.4680908489048319
1.6400781250000001 0.4680977723332283
1.6401562500000000 0.4681046957507508
1.6402343750000001 0.4681116191848466
1.6403125000000001 0.4681185426080068
1.6403906250000000 0.4681254660477982
1.6404687500000001 0.4681323894765947
1.6405468750000001 0.4681393129220777
1.6406250000000000 0.4681462363565095
1.6407031249999999 0.4681531598076804
1.6407812500000001 0.4681600832477457
1.6408593750000000 0.4681670067046009
1.6409374999999999 0.4681739301502986
1.6410156250000001 0.4681808536128340
1.6410937500000000 0.4681877770641626
1.6411718749999999 0.4681947005323749
1.6412500000000001 0.4682016239893327
1.6413281250000000 0.4682085474632183
1.6414062500000000 0.4682154709258040
1.6414843750000001 0.4682223944053589
1.6415625000000000 0.4682293178735709
1.6416406250000000 0.4682362413587919
1.6417187500000001 0.4682431648326286
1.6417968750000000 0.4682500883235121
1.6418750000000000 0.4682570118029718
1.6419531250000001 0.4682639352995143
1.6420312500000001 0.4682708587845951
1.6421093750000000 0.4682777822867935
1.6421875000000001 0.4682847057774938
1.6422656250000001 0.4682916292853446
1.6423437500000000 0.4682985527816624
1.6424218750000001 0.4683054762951623
1.6425000000000001 0.4683123997970959
1.6425781250000000 0.4683193233162417
1.6426562499999999 0.4683262468237892
1.6427343750000001 0.4683331703485775
1.6428125000000000 0.4683400938617371
1.6428906249999999 0.4683470173921647
1.6429687500000001 0.4683539409109343
1.6430468750000000 0.4683608644469981
1.6431249999999999 0.4683677879713759
1.6432031250000001 0.4683747115130726
1.6432812500000000 0.4683816350430566
1.6433593750000000 0.4683885585903832
1.6434375000000001 0.4683954821259710
1.6435156250000000 0.4684024056789247
1.6435937500000000 0.4684093292201144
1.6436718750000001 0.4684162527786919
1.6437500000000000 0.4684231763254816
1.6438281250000000 0.4684300998896797
1.6439062500000001 0.4684370234420673
1.6439843750000001 0.4684439470118829
1.6440625000000000 0.4684508705698663
1.6441406250000001 0.4684577941452966
1.6442187500000001 0.4684647177088737
1.6442968750000000 0.4684716412899155
1.6443750000000001 0.4684785648590843
1.6444531250000001 0.4684854884457346
1.6445312500000000 0.4684924120204929
1.6446093749999999 0.4684993356127486
1.6446875000000001 0.4685062591930942
1.6447656250000000 0.4685131827909527
1.6448437499999999 0.4685201063768833
1.6449218750000001 0.4685270299803415
1.6450000000000000 0.4685339535718549
1.6450781249999999 0.4685408771809101
1.6451562500000001 0.4685478007780039
1.6452343750000000 0.4685547243926533
1.6453125000000000 0.4685616479953252
1.6453906250000001 0.4685685716155659
1.6454687500000000 0.4685754952238137
1.6455468750000000 0.4685824188496425
1.6456250000000001 0.4685893424634643
1.6457031250000000 0.4685962660948784
1.6457812500000000 0.4686031897142716
1.6458593750000001 0.4686101133512685
1.6459375000000001 0.4686170369762307
1.6460156250000000 0.4686239606188074
1.6460937500000001 0.4686308842493365
1.6461718750000001 0.4686378078974901
1.6462500000000000 0.4686447315335837
1.6463281250000001 0.4686516551873114
1.6464062500000001 0.4686585788289675
1.6464843750000000 0.4686655024882662
1.6465624999999999 0.4686724261354823
1.6466406250000001 0.4686793498003497
1.6467187500000000 0.4686862734531232
1.6467968749999999 0.4686931971235565
1.6468750000000001 0.4687001207818851
1.6469531250000000 0.4687070444578815
1.6470312499999999 0.4687139681217625
1.6471093750000001 0.4687208918033197
1.6471875000000000 0.4687278154727507
1.6472656250000000 0.4687347391598656
1.6473437500000001 0.4687416628348446
1.6474218750000000 0.4687485865275144
1.6475000000000000 0.4687555102080390
1.6475781250000001 0.4687624339062609
1.6476562500000000 0.4687693575923285
1.6477343750000000 0.4687762812961002
1.6478125000000001 0.4687832049877082
1.6478906250000001 0.4687901286970267
1.6479687500000000 0.4687970523941730
1.6480468750000001 0.4688039761090357
1.6481250000000001 0.4688108998117176
1.6482031250000000 0.4688178235321218
1.6482812500000001 0.4688247472403370
1.6483593750000001 0.4688316709662801
1.6484375000000000 0.4688385946800263
1.6485156249999999 0.4688455184115053
1.6485937500000001 0.4688524421307800
1.6486718750000000 0.4688593658677924
1.6487499999999999 0.4688662895925931
1.6488281250000001 0.4688732133351363
1.6489062500000000 0.4688801370654604
1.6489843749999999 0.4688870608135318
1.6490625000000001 0.4688939845493770
1.6491406250000000 0.4689009083029736
1.6492187500000000 0.4689078320443377
1.6492968750000001 0.4689147558034568
1.6493750000000000 0.4689216795503371
1.6494531250000000 0.4689286033149764
1.6495312500000001 0.4689355270673704
1.6496093750000000 0.4689424508375271
1.6496875000000000 0.4689493745954324
1.6497656250000001 0.4689562983711038
1.6498437500000001 0.4689632221345177
1.6499218750000000 0.4689701459157014
1.6500000000000001 0.4689770696846217
1.6500781250000001 0.4689839934713149
1.6501562500000000 0.4689909172457387
1.6502343750000001 0.4689978410379389
1.6503125000000001 0.4690047648178641
1.6503906250000000 0.4690116886155685
1.6504687499999999 0.4690186124009925
1.6505468750000001 0.4690255362041985
1.6506250000000000 0.4690324599951189
1.6507031249999999 0.4690393838038238
1.6507812500000001 0.4690463076002380
1.6508593750000000 0.4690532314144392
1.6509374999999999 0.4690601552163448
1.6510156250000001 0.4690670790360397
1.6510937500000000 0.4690740028434342
1.6511718750000000 0.4690809266686201
1.6512500000000001 0.4690878504815011
1.6513281250000000 0.4690947743121752
1.6514062500000000 0.4691016981305403
1.6514843750000001 0.4691086219667002
1.6515625000000000 0.4691155457905467
1.6516406250000000 0.4691224696321898
1.6517187500000001 0.4691293934615151
1.6517968750000001 0.4691363173086389
1.6518750000000000 0.4691432411434405
1.6519531250000001 0.4691501649960423
1.6520312500000001 0.4691570888363177
1.6521093750000000 0.4691640126943948
1.6521875000000001 0.4691709365401418
1.6522656250000001 0.4691778604036916
1.6523437500000000 0.4691847842549074
1.6524218749999999 0.4691917081239274
1.6525000000000001 0.4691986319806095
1.6525781250000000 0.4692055558550969
1.6526562499999999 0.4692124797172432
1.6527343750000001 0.4692194035971954
1.6528125000000000 0.4692263274648029
1.6528906249999999 0.4692332513502174
1.6529687500000001 0.4692401752232837
1.6530468750000000 0.4692470991141581
1.6531250000000000 0.4692540229926806
1.6532031250000001 0.4692609468890120
1.6532812500000000 0.4692678707729885
1.6533593750000000 0.4692747946747745
1.6534375000000001 0.4692817185642021
1.6535156250000000 0.4692886424714400
1.6535937500000000 0.4692955663663165
1.6536718750000001 0.4693024902790036
1.6537500000000001 0.4693094141793265
1.6538281250000000 0.4693163380974602
1.6539062500000001 0.4693232620032268
1.6539843750000001 0.4693301859268047
1.6540625000000000 0.4693371098380124
1.6541406250000001 0.4693440337670320
1.6542187500000001 0.4693509576836783
1.6542968750000000 0.4693578816181368
1.6543749999999999 0.4693648055402194
1.6544531250000001 0.4693717294801140
1.6545312500000000 0.4693786534076305
1.6546093749999999 0.4693855773529587
1.6546875000000001 0.4693925012859066
1.6547656250000000 0.4693994252366656
1.6548437499999999 0.4694063491750424
1.6549218750000001 0.4694132731312297
1.6550000000000000 0.4694201970750327
1.6550781250000000 0.4694271210366459
1.6551562500000001 0.4694340449858725
1.6552343750000000 0.4694409689529091
1.6553125000000000 0.4694478929075570
1.6553906250000001 0.4694548168800141
1.6554687500000000 0.4694617408400807
1.6555468750000000 0.4694686648179558
1.6556250000000001 0.4694755887834385
1.6557031250000001 0.4694825127667292
1.6557812500000000 0.4694894367376255
1.6558593750000001 0.4694963607263292
1.6559375000000001 0.4695032847026365
1.6560156250000000 0.4695102086967503
1.6560937500000001 0.4695171326784666
1.6561718750000001 0.4695240566779877
1.6562500000000000 0.4695309806651103
1.6563281249999999 0.4695379046700363
1.6564062500000001 0.4695448286625628
1.6564843750000000 0.4695517526728909
1.6565624999999999 0.4695586766708187
1.6566406250000001 0.4695656006865466
1.6567187500000000 0.4695725246898730
1.6567968749999999 0.4695794487109982
1.6568750000000001 0.4695863727197206
1.6569531250000000 0.4695932967462405
1.6570312500000000 0.4696002207603565
1.6571093750000001 0.4696071447922684
1.6571875000000000 0.4696140688117755
1.6572656250000000 0.4696209928490767
1.6573437500000001 0.4696279168739728
1.6574218750000000 0.4696348409166605
1.6575000000000000 0.4696417649469427
1.6575781250000001 0.4696486889950146
1.6576562500000001 0.4696556130306804
1.6577343750000000 0.4696625370841338
1.6578125000000001 0.4696694611251808
1.6578906250000001 0.4696763851840130
1.6579687500000000 0.4696833092304389
1.6580468750000001 0.4696902332946474
1.6581250000000001 0.4696971573464492
1.6582031250000000 0.4697040814160319
1.6582812499999999 0.4697110054732068
1.6583593750000001 0.4697179295481611
1.6584375000000000 0.4697248536107068
1.6585156249999999 0.4697317776910297
1.6585937500000001 0.4697387017589440
1.6586718750000000 0.4697456258446329
1.6587499999999999 0.4697525499179133
1.6588281250000001 0.4697594740089656
1.6589062500000000 0.4697663980876095
1.6589843750000000 0.4697733221840225
1.6590625000000001 0.4697802462680276
1.6591406250000000 0.4697871703697987
1.6592187500000000 0.4697940944591625
1.6592968750000001 0.4698010185662889
1.6593750000000000 0.4698079426610091
1.6594531250000000 0.4698148667734881
1.6595312500000001 0.4698217908735621
1.6596093750000001 0.4698287149913913
1.6596875000000000 0.4698356390968164
1.6597656250000001 0.4698425632199933
1.6598437500000001 0.4698494873307671
1.6599218750000000 0.4698564114592892
1.6600000000000001 0.4698633355754088
1.6600781250000001 0.4698702597092737
1.6601562500000000 0.4698771838307368
1.6602343749999999 0.4698841079699416
1.6603125000000001 0.4698910320967458
1.6603906250000000 0.4698979562412878
1.6604687499999999 0.4699048803734308
1.6605468750000001 0.4699118045233074
1.6606250000000000 0.4699187286607864
1.6607031249999999 0.4699256528159951
1.6607812500000001 0.4699325769588079
1.6608593750000000 0.4699395011193460
1.6609375000000000 0.4699464252674897
1.6610156250000001 0.4699533494333550
1.6610937500000000 0.4699602735868270
1.6611718750000000 0.4699671977580169
1.6612500000000001 0.4699741219168148
1.6613281250000000 0.4699810460933264
1.6614062500000000 0.4699879702574479
1.6614843750000001 0.4699948944392787
1.6615625000000001 0.4700018186087212
1.6616406250000000 0.4700087427958685
1.6617187500000001 0.4700156669706296
1.6617968750000001 0.4700225911630909
1.6618750000000000 0.4700295153431679
1.6619531250000001 0.4700364395409406
1.6620312500000001 0.4700433637263313
1.6621093750000000 0.4700502879294126
1.6621874999999999 0.4700572121201143
1.6622656250000001 0.4700641363285017
1.6623437500000000 0.4700710605245120
1.6624218749999999 0.4700779847382030
1.6625000000000001 0.4700849089395193
1.6625781250000000 0.4700918331585113
1.6626562499999999 0.4700987573651310
1.6627343750000001 0.4701056815894215
1.6628125000000000 0.4701126058013421
1.6628906250000000 0.4701195300309285
1.6629687500000001 0.4701264542481474
1.6630468750000000 0.4701333784830272
1.6631250000000000 0.4701403027055419
1.6632031250000001 0.4701472269457126
1.6632812500000000 0.4701541511735204
1.6633593750000000 0.4701610754189794
1.6634375000000001 0.4701679996520781
1.6635156250000001 0.4701749239028226
1.6635937500000000 0.4701818481412097
1.6636718750000001 0.4701887723972371
1.6637500000000001 0.4701956966409100
1.6638281250000000 0.4702026209022176
1.6639062500000001 0.4702095451511742
1.6639843750000001 0.4702164694177594
1.6640625000000000 0.4702233936719968
1.6641406249999999 0.4702303179438572
1.6642187500000001 0.4702372422033729
1.6642968750000000 0.4702441664805058
1.6643749999999999 0.4702510907452975
1.6644531250000001 0.4702580150277004
1.6645312500000000 0.4702649392977654
1.6646093749999999 0.4702718635854355
1.6646875000000001 0.4702787878607715
1.6647656250000000 0.4702857121537064
1.6648437500000000 0.4702926364343106
1.6649218750000001 0.4702995607325079
1.6650000000000000 0.4703064850183779
1.6650781250000000 0.4703134093218347
1.6651562500000001 0.4703203336129680
1.6652343750000000 0.4703272579216817
1.6653125000000000 0.4703341822180762
1.6653906250000001 0.4703411065320442
1.6654687500000001 0.4703480308336969
1.6655468750000000 0.4703549551529167
1.6656250000000001 0.4703618794598253
1.6657031250000001 0.4703688037842943
1.6657812500000000 0.4703757280964564
1.6658593750000001 0.4703826524261718
1.6659375000000001 0.4703895767435847
1.6660156250000000 0.4703965010785443
1.6660937499999999 0.4704034254012056
1.6661718750000001 0.4704103497414064
1.6662500000000000 0.4704172740693136
1.6663281249999999 0.4704241984147534
1.6664062500000001 0.4704311227479039
1.6664843750000000 0.4704380470985798
1.6665624999999999 0.4704449714369713
1.6666406250000001 0.4704518957928807
1.6667187500000000 0.4704588201365106
1.6667968750000000 0.4704657444976511
1.6668750000000001 0.4704726688465168
1.6669531250000000 0.4704795932128857
1.6670312500000000 0.4704865175669849
1.6671093750000001 0.4704934419385798
1.6671875000000000 0.4705003662979095
1.6672656250000000 0.4705072906747279
1.6673437500000001 0.4705142150392859
1.6674218750000001 0.4705211394213251
1.6675000000000000 0.4705280637911087
1.6675781250000001 0.4705349881783663
1.6676562500000001 0.4705419125533729
1.6677343750000000 0.4705488369458463
1.6678125000000001 0.4705557613260736
1.6678906250000001 0.4705626857237600
1.6679687500000000 0.4705696101092055
1.6680468749999999 0.4705765345121025
1.6681250000000001 0.4705834589027635
1.6682031250000000 0.4705903833108686
1.6682812499999999 0.4705973077067427
1.6683593750000001 0.4706042321200531
1.6684375000000000 0.4706111565211378
1.6685156249999999 0.4706180809396511
1.6685937500000001 0.4706250053459439
1.6686718750000000 0.4706319297696574
1.6687500000000000 0.4706388541811558
1.6688281250000001 0.4706457786100668
1.6689062500000000 0.4706527030267685
1.6689843750000000 0.4706596274608744
1.6690625000000001 0.4706665518827768
1.6691406250000000 0.4706734763220750
1.6692187500000000 0.4706804007491756
1.6692968750000001 0.4706873251936636
1.6693750000000001 0.4706942496259600
1.6694531250000000 0.4707011740756351
1.6695312500000001 0.4707080985131247
1.6696093750000001 0.4707150229679845
1.6696875000000000 0.4707219474106646
1.6697656250000001 0.4707288718707066
1.6698437500000001 0.4707357963185746
1.6699218750000000 0.4707427207837965
1.6699999999999999 0.4707496452368498
1.6700781250000001 0.4707565697072487
1.6701562500000000 0.4707634941654851
1.6702343749999999 0.4707704186410583
1.6703125000000001 0.4707773431044754
1.6703906250000000 0.4707842675852204
1.6704687499999999 0.4707911920538154
1.6705468750000001 0.4707981165397297
1.6706250000000000 0.4708050410135002
1.6707031250000000 0.4708119655045811
1.6707812500000001 0.4708188899835248
1.6708593750000000 0.4708258144797696
1.6709375000000000 0.4708327389638839
1.6710156250000001 0.4708396634652901
1.6710937500000000 0.4708465879545726
1.6711718750000000 0.4708535124611377
1.6712500000000001 0.4708604369555857
1.6713281250000001 0.4708673614673070
1.6714062500000000 0.4708742859669182
1.6714843750000001 0.4708812104837933
1.6715625000000001 0.4708881349885646
1.6716406250000000 0.4708950595105912
1.6717187500000001 0.4709019840205205
1.6717968750000001 0.4709089085476956
1.6718750000000000 0.4709158330627806
1.6719531249999999 0.4709227575951015
1.6720312500000001 0.4709296821153396
1.6721093750000000 0.4709366066528040
1.6721874999999999 0.4709435311781923
1.6722656250000001 0.4709504557207978
1.6723437500000000 0.4709573802513339
1.6724218749999999 0.4709643047990779
1.6725000000000001 0.4709712293347593
1.6725781250000000 0.4709781538876390
1.6726562500000000 0.4709850784284634
1.6727343750000001 0.4709920029864764
1.6728125000000000 0.4709989275324411
1.6728906250000000 0.4710058520955849
1.6729687500000001 0.4710127766466873
1.6730468750000000 0.4710197012149591
1.6731250000000000 0.4710266257711970
1.6732031250000001 0.4710335503445943
1.6732812500000001 0.4710404749059648
1.6733593750000000 0.4710473994844853
1.6734375000000001 0.4710543240509859
1.6735156250000001 0.4710612486346271
1.6735937500000000 0.4710681732062553
1.6736718750000001 0.4710750977950142
1.6737500000000001 0.4710820223717678
1.6738281250000000 0.4710889469656420
1.6739062499999999 0.4710958715475184
1.6739843750000001 0.4711027961465051
1.6740625000000000 0.4711097207335019
1.6741406249999999 0.4711166453375988
1.6742187500000001 0.4711235699297133
1.6742968750000000 0.4711304945389177
1.6743749999999999 0.4711374191361474
1.6744531250000001 0.4711443437504568
1.6745312500000000 0.4711512683527991
1.6746093750000000 0.4711581929722112
1.6746875000000001 0.4711651175796635
1.6747656250000000 0.4711720422041756
1.6748437500000000 0.4711789668167354
1.6749218750000001 0.4711858914463449
1.6750000000000000 0.4711928160640099
1.6750781250000000 0.4711997406987141
1.6751562500000001 0.4712066653214818
1.6752343750000001 0.4712135899612782
1.6753125000000000 0.4712205145891461
1.6753906250000001 0.4712274392340318
1.6754687500000001 0.4712343638669976
1.6755468750000000 0.4712412885169701
1.6756250000000001 0.4712482131550312
1.6757031250000001 0.4712551378100880
1.6757812500000000 0.4712620624532419
1.6758593749999999 0.4712689871133806
1.6759375000000001 0.4712759117616244
1.6760156250000000 0.4712828364268427
1.6760937499999999 0.4712897610801740
1.6761718750000001 0.4712966857504690
1.6762500000000000 0.4713036104088854
1.6763281249999999 0.4713105350842546
1.6764062500000001 0.4713174597477536
1.6764843750000000 0.4713243844281944
1.6765625000000000 0.4713313090967734
1.6766406250000001 0.4713382337822834
1.6767187500000000 0.4713451584559399
1.6767968750000000 0.4713520831465163
1.6768750000000001 0.4713590078252479
1.6769531250000000 0.4713659325208883
1.6770312500000000 0.4713728572046923
1.6771093750000001 0.4713797819053941
1.6771875000000001 0.4713867065942681
1.6772656250000000 0.4713936313000289
1.6773437500000001 0.4714005559939703
1.6774218750000001 0.4714074807047874
1.6775000000000000 0.4714144054037936
1.6775781250000001 0.4714213301196646
1.6776562500000001 0.4714282548237332
1.6777343750000000 0.4714351795446554
1.6778124999999999 0.4714421042537839
1.6778906250000001 0.4714490289797548
1.6779687500000000 0.4714559536939406
1.6780468749999999 0.4714628784249576
1.6781250000000001 0.4714698031441980
1.6782031250000000 0.4714767278802588
1.6782812499999999 0.4714836526045516
1.6783593750000001 0.4714905773456533
1.6784375000000000 0.4714975020749959
1.6785156250000000 0.4715044268211359
1.6785937500000001 0.4715113515555259
1.6786718750000000 0.4715182763067016
1.6787500000000000 0.4715252010461366
1.6788281250000001 0.4715321258023457
1.6789062500000000 0.4715390505468228
1.6789843750000000 0.4715459753080627
1.6790625000000001 0.4715529000575795
1.6791406250000001 0.4715598248238477
1.6792187500000000 0.4715667495784016
1.6792968750000001 0.4715736743496955
1.6793750000000001 0.4715805991092841
1.6794531250000000 0.4715875238856013
1.6795312500000001 0.4715944486502219
1.6796093750000001 0.4716013734315596
1.6796875000000000 0.4716082982012100
1.6797656249999999 0.4716152229875655
1.6798437500000001 0.4716221477622433
1.6799218750000000 0.4716290725536142
1.6799999999999999 0.4716359973333164
1.6800781250000001 0.4716429221297004
1.6801562500000000 0.4716498469144249
1.6802343749999999 0.4716567717158190
1.6803125000000001 0.4716636965055631
1.6803906250000000 0.4716706213119650
1.6804687500000000 0.4716775461067262
1.6805468750000001 0.4716844709181333
1.6806250000000000 0.4716913957179092
1.6807031250000000 0.4716983205343189
1.6807812500000001 0.4717052453391068
1.6808593750000000 0.4717121701605166
1.6809375000000000 0.4717190949703140
1.6810156250000001 0.4717260197967216
1.6810937500000001 0.4717329446115258
1.6811718750000000 0.4717398694429286
1.6812500000000001 0.4717467942627372
1.6813281250000001 0.4717537190991326
1.6814062500000000 0.4717606439239430
1.6814843750000001 0.4717675687653284
1.6815625000000001 0.4717744935951383
1.6816406250000000 0.4717814184415109
1.6817187499999999 0.4717883432763177
1.6817968750000001 0.4717952681276754
1.6818750000000000 0.4718021929674766
1.6819531249999999 0.4718091178238166
1.6820312500000001 0.4718160426686095
1.6821093750000000 0.4718229675299295
1.6821874999999999 0.4718298923797115
1.6822656250000001 0.4718368172460089
1.6823437500000000 0.4718437421007776
1.6824218750000000 0.4718506669720498
1.6825000000000001 0.4718575918318026
1.6825781250000000 0.4718645167080472
1.6826562500000000 0.4718714415727816
1.6827343750000001 0.4718783664539959
1.6828125000000000 0.4718852913237094
1.6828906250000000 0.4718922162098910
1.6829687500000001 0.4718991410845810
1.6830468750000001 0.4719060659757273
1.6831250000000000 0.4719129908553913
1.6832031250000001 0.4719199157514997
1.6832812500000001 0.4719268406361353
1.6833593750000000 0.4719337655372032
1.6834375000000001 0.4719406904268081
1.6835156250000001 0.4719476153328326
1.6835937500000000 0.4719545402274043
1.6836718749999999 0.4719614651383832
1.6837500000000001 0.4719683900379187
1.6838281250000000 0.4719753149538498
1.6839062499999999 0.4719822398583467
1.6839843750000001 0.4719891647792271
1.6840625000000000 0.4719960896886830
1.6841406249999999 0.4720030146145103
1.6842187500000001 0.4720099395289225
1.6842968750000000 0.4720168644596942
1.6843750000000000 0.4720237893790600
1.6844531250000001 0.4720307143147738
1.6845312500000000 0.4720376392390908
1.6846093750000000 0.4720445641797441
1.6846875000000001 0.4720514891090097
1.6847656250000000 0.4720584140545997
1.6848437500000000 0.4720653389888116
1.6849218750000001 0.4720722639393359
1.6850000000000001 0.4720791888784915
1.6850781250000000 0.4720861138339475
1.6851562500000001 0.4720930387780444
1.6852343750000001 0.4720999637384293
1.6853125000000000 0.4721068886874650
1.6853906250000001 0.4721138136527765
1.6854687500000001 0.4721207386067484
1.6855468750000000 0.4721276635769839
1.6856249999999999 0.4721345885358895
1.6857031250000001 0.4721415135110466
1.6857812500000000 0.4721484384748830
1.6858593749999999 0.4721553634549593
1.6859375000000001 0.4721622884237244
1.6860156250000000 0.4721692134087170
1.6860937499999999 0.4721761383824082
1.6861718750000001 0.4721830633723149
1.6862500000000000 0.4721899883509292
1.6863281250000000 0.4721969133457477
1.6864062500000001 0.4722038383292828
1.6864843750000000 0.4722107633290102
1.6865625000000000 0.4722176883174638
1.6866406250000001 0.4722246133220975
1.6867187500000000 0.4722315383154670
1.6867968750000000 0.4722384633250046
1.6868750000000001 0.4722453883232874
1.6869531250000001 0.4722523133377265
1.6870312500000000 0.4722592383409198
1.6871093750000001 0.4722661633602579
1.6871875000000001 0.4722730883683595
1.6872656250000000 0.4722800133925940
1.6873437500000001 0.4722869384056011
1.6874218750000001 0.4722938634347293
1.6875000000000000 0.4723007884526399
1.6875781249999999 0.4723077134866592
1.6876562500000001 0.4723146385094705
1.6877343750000000 0.4723215635483786
1.6878124999999999 0.4723284885760880
1.6878906250000001 0.4723354136198821
1.6879687500000000 0.4723423386524873
1.6880468749999999 0.4723492637011649
1.6881250000000001 0.4723561887386633
1.6882031250000000 0.4723631137922221
1.6882812500000000 0.4723700388346110
1.6883593750000001 0.4723769638930483
1.6884375000000000 0.4723838889403253
1.6885156250000000 0.4723908140036387
1.6885937500000001 0.4723977390558013
1.6886718750000000 0.4724046641239881
1.6887500000000000 0.4724115891810338
1.6888281250000001 0.4724185142540914
1.6889062500000001 0.4724254393160177
1.6889843750000000 0.4724323643939437
1.6890625000000001 0.4724392894607480
1.6891406250000001 0.4724462145435399
1.6892187500000000 0.4724531396152197
1.6892968750000001 0.4724600647028748
1.6893750000000001 0.4724669897794276
1.6894531250000000 0.4724739148719437
1.6895312499999999 0.4724808399533667
1.6896093750000001 0.4724877650507413
1.6896875000000000 0.4724946901370320
1.6897656249999999 0.4725016152392625
1.6898437500000001 0.4725085403304184
1.6899218750000000 0.4725154654375023
1.6899999999999999 0.4725223905335210
1.6900781250000001 0.4725293156454555
1.6901562500000000 0.4725362407463347
1.6902343750000000 0.4725431658631172
1.6903125000000001 0.4725500909688543
1.6903906250000000 0.4725570160904825
1.6904687500000000 0.4725639412010746
1.6905468750000001 0.4725708663275461
1.6906250000000000 0.4725777914429909
1.6907031250000000 0.4725847165743031
1.6907812500000001 0.4725916416945979
1.6908593750000001 0.4725985668307482
1.6909375000000000 0.4726054919558909
1.6910156250000001 0.4726124170968766
1.6910937500000001 0.4726193422268645
1.6911718750000000 0.4726262673726832
1.6912500000000001 0.4726331925075138
1.6913281250000001 0.4726401176581628
1.6914062500000000 0.4726470427978335
1.6914843749999999 0.4726539679533107
1.6915625000000001 0.4726608930978188
1.6916406250000000 0.4726678182581214
1.6917187499999999 0.4726747434074646
1.6917968750000001 0.4726816685725902
1.6918750000000000 0.4726885937267658
1.6919531249999999 0.4726955188967120
1.6920312500000001 0.4727024440557173
1.6921093750000000 0.4727093692304816
1.6921875000000000 0.4727162943943141
1.6922656250000001 0.4727232195738940
1.6923437500000000 0.4727301447425513
1.6924218750000000 0.4727370699269442
1.6925000000000001 0.4727439951004236
1.6925781250000000 0.4727509202896270
1.6926562500000000 0.4727578454679262
1.6927343750000001 0.4727647706619376
1.6928125000000001 0.4727716958450539
1.6928906250000000 0.4727786210438705
1.6929687500000001 0.4727855462318017
1.6930468750000001 0.4727924714354210
1.6931250000000000 0.4727993966281646
1.6932031250000001 0.4728063218365842
1.6932812500000001 0.4728132470341374
1.6933593750000000 0.4728201722473548
1.6934374999999999 0.4728270974497149
1.6935156250000001 0.4728340226677279
1.6935937500000000 0.4728409478748925
1.6936718749999999 0.4728478730976983
1.6937500000000001 0.4728547983096649
1.6938281250000000 0.4728617235372610
1.6939062499999999 0.4728686487540270
1.6939843750000001 0.4728755739864109
1.6940625000000000 0.4728824992079739
1.6941406250000000 0.4728894244451430
1.6942187500000001 0.4728963496715006
1.6942968750000000 0.4729032749134524
1.6943750000000000 0.4729102001446017
1.6944531250000001 0.4729171253913338
1.6945312500000000 0.4729240506272724
1.6946093750000000 0.4729309758787824
1.6946875000000001 0.4729379011195076
1.6947656250000001 0.4729448263757930
1.6948437500000000 0.4729517516213024
1.6949218750000001 0.4729586768823605
1.6950000000000001 0.4729656021326517
1.6950781250000000 0.4729725273984800
1.6951562500000001 0.4729794526535503
1.6952343750000001 0.4729863779241465
1.6953125000000000 0.4729933031839931
1.6953906249999999 0.4730002284593547
1.6954687500000001 0.4730071537239753
1.6955468750000000 0.4730140790040998
1.6956249999999999 0.4730210042734918
1.6957031250000001 0.4730279295583764
1.6957812500000000 0.4730348548325375
1.6958593749999999 0.4730417801221798
1.6959375000000001 0.4730487054011074
1.6960156250000000 0.4730556306955047
1.6960937500000000 0.4730625559791965
1.6961718750000001 0.4730694812783463
1.6962500000000000 0.4730764065667996
1.6963281250000000 0.4730833318706996
1.6964062500000001 0.4730902571639117
1.6964843750000000 0.4730971824725592
1.6965625000000000 0.4731041077705279
1.6966406250000001 0.4731110330839203
1.6967187500000001 0.4731179583866429
1.6967968750000000 0.4731248837047780
1.6968750000000001 0.4731318090122519
1.6969531250000001 0.4731387343351269
1.6970312500000000 0.4731456596473497
1.6971093750000001 0.4731525849749623
1.6971875000000001 0.4731595102919314
1.6972656250000000 0.4731664356242788
1.6973437499999999 0.4731733609459917
1.6974218750000001 0.4731802862830717
1.6975000000000000 0.4731872116095258
1.6975781249999999 0.4731941369513360
1.6976562500000001 0.4732010622825283
1.6977343750000000 0.4732079876290664
1.6978124999999999 0.4732149129649947
1.6978906250000001 0.4732218383162577
1.6979687500000000 0.4732287636569196
1.6980468750000000 0.4732356890129052
1.6981250000000001 0.4732426143582982
1.6982031250000000 0.4732495397190038
1.6982812500000000 0.4732564650691251
1.6983593750000001 0.4732633904345482
1.6984375000000000 0.4732703157893957
1.6985156250000000 0.4732772411595338
1.6985937500000001 0.4732841665191043
1.6986718750000001 0.4732910918939553
1.6987500000000000 0.4732980172582464
1.6988281250000001 0.4733049426378076
1.6989062500000001 0.4733118680068170
1.6989843750000000 0.4733187933910858
1.6990625000000001 0.4733257187648108
1.6991406250000001 0.4733326441537846
1.6992187500000000 0.4733395695322231
1.6992968749999999 0.4733464949258992
1.6993750000000001 0.4733534203090485
1.6994531250000000 0.4733603457074244
1.6995312499999999 0.4733672710952821
1.6996093750000001 0.4733741964983554
1.6996875000000000 0.4733811218909187
1.6997656249999999 0.4733880472986873
1.6998437500000001 0.4733949726959534
1.6999218750000000 0.4734018981084146
1.7000000000000000 0.4734088235103810
1.7000781250000001 0.4734157489275324
1.7001562500000000 0.4734226743341968
1.7002343750000000 0.4734295997560357
1.7003125000000001 0.4734365251673956
1.7003906250000000 0.4734434505939195
1.7004687500000000 0.4734503760099724
1.7005468750000001 0.4734573014411786
1.7006250000000001 0.4734642268619221
1.7007031250000000 0.4734711522978082
1.7007812500000001 0.4734780777232395
1.7008593750000001 0.4734850031638034
1.7009375000000000 0.4734919285939198
1.7010156250000001 0.4734988540391588
1.7010937500000001 0.4735057794739578
1.7011718750000000 0.4735127049238694
1.7012499999999999 0.4735196303633486
1.7013281250000001 0.4735265558179302
1.7014062500000000 0.4735334812620872
1.7014843749999999 0.4735404067213362
1.7015625000000001 0.4735473321701685
1.7016406250000000 0.4735542576340824
1.7017187499999999 0.4735611830875873
1.7017968750000001 0.4735681085561637
1.7018750000000000 0.4735750340143387
1.7019531250000000 0.4735819594875752
1.7020312500000001 0.4735888849504176
1.7021093750000000 0.4735958104283118
1.7021875000000000 0.4736027358958191
1.7022656250000001 0.4736096613783682
1.7023437500000000 0.4736165868505381
1.7024218750000000 0.4736235123377399
1.7025000000000001 0.4736304378145695
1.7025781250000001 0.4736373633064214
1.7026562500000000 0.4736442887879083
1.7027343750000001 0.4736512142844078
1.7028125000000001 0.4736581397705495
1.7028906250000000 0.4736650652716940
1.7029687500000001 0.4736719907624882
1.7030468750000001 0.4736789162682751
1.7031250000000000 0.4736858417637190
1.7032031249999999 0.4736927672741462
1.7032812500000001 0.4736996927742372
1.7033593750000000 0.4737066182893019
1.7034374999999999 0.4737135437940376
1.7035156250000001 0.4737204693137375
1.7035937500000000 0.4737273948231150
1.7036718749999999 0.4737343203474477
1.7037500000000001 0.4737412458614649
1.7038281250000000 0.4737481713904276
1.7039062500000000 0.4737550969090817
1.7039843750000001 0.4737620224426722
1.7040625000000000 0.4737689479659607
1.7041406250000000 0.4737758735041764
1.7042187500000001 0.4737827990320967
1.7042968750000000 0.4737897245749351
1.7043750000000000 0.4737966501074850
1.7044531250000001 0.4738035756549432
1.7045312500000001 0.4738105011921201
1.7046093750000000 0.4738174267441959
1.7046875000000001 0.4738243522859972
1.7047656250000001 0.4738312778426882
1.7048437500000000 0.4738382033891111
1.7049218750000001 0.4738451289504151
1.7050000000000001 0.4738520545014571
1.7050781250000000 0.4738589800673711
1.7051562499999999 0.4738659056230299
1.7052343750000001 0.4738728311935517
1.7053125000000000 0.4738797567538245
1.7053906249999999 0.4738866823289515
1.7054687500000001 0.4738936078938361
1.7055468750000000 0.4739005334735658
1.7056249999999999 0.4739074590430593
1.7057031250000001 0.4739143846273892
1.7057812500000000 0.4739213102014893
1.7058593750000000 0.4739282357904170
1.7059375000000001 0.4739351613691208
1.7060156250000000 0.4739420869626441
1.7060937500000000 0.4739490125459492
1.7061718750000001 0.4739559381440653
1.7062500000000000 0.4739628637319692
1.7063281250000000 0.4739697893346757
1.7064062500000001 0.4739767149271758
1.7064843750000001 0.4739836405344702
1.7065625000000000 0.4739905661315640
1.7066406250000001 0.4739974917434438
1.7067187500000001 0.4740044173451289
1.7067968750000000 0.4740113429615915
1.7068750000000001 0.4740182685678653
1.7069531250000001 0.4740251941889082
1.7070312500000000 0.4740321197997682
1.7071093749999999 0.4740390454253891
1.7071875000000001 0.4740459710408324
1.7072656250000000 0.4740528966710289
1.7073437499999999 0.4740598222910531
1.7074218750000001 0.4740667479258227
1.7075000000000000 0.4740736735504254
1.7075781249999999 0.4740805991897655
1.7076562500000001 0.4740875248189440
1.7077343750000000 0.4740944504628520
1.7078125000000000 0.4741013760966040
1.7078906250000001 0.4741083017450776
1.7079687500000000 0.4741152273834003
1.7080468750000000 0.4741221530364368
1.7081250000000001 0.4741290786793280
1.7082031250000000 0.4741360043369249
1.7082812500000000 0.4741429299843819
1.7083593750000001 0.4741498556465368
1.7084375000000001 0.4741567812985571
1.7085156250000000 0.4741637069652677
1.7085937500000001 0.4741706326218484
1.7086718750000001 0.4741775582931122
1.7087500000000000 0.4741844839542511
1.7088281250000001 0.4741914096300653
1.7089062500000001 0.4741983352957599
1.7089843750000000 0.4742052609761222
1.7090624999999999 0.4742121866463699
1.7091406250000001 0.4742191123312777
1.7092187500000000 0.4742260380060759
1.7092968749999999 0.4742329636955269
1.7093750000000001 0.4742398893748728
1.7094531250000000 0.4742468150688648
1.7095312499999999 0.4742537407527559
1.7096093750000001 0.4742606664512863
1.7096875000000000 0.4742675921397202
1.7097656250000000 0.4742745178427862
1.7098437500000001 0.4742814435357606
1.7099218750000000 0.4742883692433597
1.7100000000000000 0.4742952949408719
1.7100781250000001 0.4743022206530017
1.7101562500000000 0.4743091463550491
1.7102343750000000 0.4743160720717072
1.7103125000000001 0.4743229977782873
1.7103906250000001 0.4743299234994712
1.7104687500000000 0.4743368492105814
1.7105468750000001 0.4743437749362885
1.7106250000000001 0.4743507006519264
1.7107031250000000 0.4743576263821543
1.7107812500000001 0.4743645521023174
1.7108593750000001 0.4743714778370635
1.7109375000000000 0.4743784035617492
1.7110156249999999 0.4743853293010111
1.7110937500000001 0.4743922550302166
1.7111718750000000 0.4743991807739922
1.7112499999999999 0.4744061065077149
1.7113281250000001 0.4744130322560014
1.7114062500000000 0.4744199579942390
1.7114843749999999 0.4744268837470340
1.7115625000000001 0.4744338094897839
1.7116406250000000 0.4744407352470849
1.7117187500000000 0.4744476609943447
1.7117968750000001 0.4744545867561489
1.7118750000000000 0.4744615125079160
1.7119531250000000 0.4744684382742212
1.7120312500000001 0.4744753640304930
1.7121093750000000 0.4744822898012969
1.7121875000000000 0.4744892155620707
1.7122656250000001 0.4744961413373706
1.7123437500000001 0.4745030671026440
1.7124218750000000 0.4745099928824377
1.7125000000000001 0.4745169186522079
1.7125781250000001 0.4745238444364928
1.7126562500000000 0.4745307702107575
1.7127343750000001 0.4745376959995311
1.7128125000000001 0.4745446217782877
1.7128906250000000 0.4745515475715474
1.7129687499999999 0.4745584733547933
1.7130468750000001 0.4745653991525368
1.7131250000000000 0.4745723249402696
1.7132031249999999 0.4745792507424944
1.7132812500000001 0.4745861765347114
1.7133593750000000 0.4745931023414148
1.7134374999999999 0.4746000281381137
1.7135156250000001 0.4746069539492934
1.7135937500000000 0.4746138797504716
1.7136718750000000 0.4746208055661250
1.7137500000000001 0.4746277313717798
1.7138281250000000 0.4746346571919046
1.7139062500000000 0.4746415830020335
1.7139843750000001 0.4746485088266271
1.7140625000000000 0.4746554346412276
1.7141406250000000 0.4746623604702875
1.7142187500000001 0.4746692862893572
1.7142968750000001 0.4746762121228809
1.7143750000000000 0.4746831379464171
1.7144531250000001 0.4746900637844021
1.7145312500000001 0.4746969896124025
1.7146093750000000 0.4747039154548463
1.7146875000000001 0.4747108412873082
1.7147656250000001 0.4747177671342084
1.7148437500000000 0.4747246929711292
1.7149218749999999 0.4747316188224834
1.7150000000000001 0.4747385446638605
1.7150781250000000 0.4747454705196663
1.7151562499999999 0.4747523963654971
1.7152343750000001 0.4747593222257519
1.7153125000000000 0.4747662480760340
1.7153906249999999 0.4747731739407353
1.7154687500000001 0.4747800997954661
1.7155468750000000 0.4747870256646115
1.7156250000000000 0.4747939515237886
1.7157031250000001 0.4748008773973756
1.7157812500000000 0.4748078032609961
1.7158593750000000 0.4748147291390224
1.7159375000000001 0.4748216550070840
1.7160156250000000 0.4748285808895469
1.7160937500000000 0.4748355067620469
1.7161718750000001 0.4748424326489442
1.7162500000000001 0.4748493585258801
1.7163281250000000 0.4748562844172093
1.7164062500000001 0.4748632102985784
1.7164843750000001 0.4748701361943369
1.7165625000000000 0.4748770620801368
1.7166406250000001 0.4748839879803223
1.7167187500000001 0.4748909138705504
1.7167968750000000 0.4748978397751603
1.7168749999999999 0.4749047656698142
1.7169531250000001 0.4749116915788459
1.7170312500000000 0.4749186174779230
1.7171093749999999 0.4749255433913743
1.7171875000000001 0.4749324692948720
1.7172656250000000 0.4749393952127402
1.7173437499999999 0.4749463211206560
1.7174218750000001 0.4749532470429388
1.7175000000000000 0.4749601729552701
1.7175781250000000 0.4749670988819650
1.7176562500000001 0.4749740247987092
1.7177343750000000 0.4749809507298137
1.7178125000000000 0.4749878766509684
1.7178906250000001 0.4749948025864800
1.7179687500000000 0.4750017285120426
1.7180468750000000 0.4750086544519588
1.7181250000000001 0.4750155803819268
1.7182031250000001 0.4750225063262451
1.7182812500000000 0.4750294322606159
1.7183593750000001 0.4750363582093340
1.7184375000000001 0.4750432841481050
1.7185156250000000 0.4750502101012205
1.7185937500000001 0.4750571360443891
1.7186718750000001 0.4750640620018994
1.7187500000000000 0.4750709879494633
1.7188281249999999 0.4750779139113658
1.7189062500000001 0.4750848398633222
1.7189843750000000 0.4750917658296147
1.7190624999999999 0.4750986917859613
1.7191406250000001 0.4751056177566411
1.7192187500000000 0.4751125437173752
1.7192968749999999 0.4751194696924398
1.7193750000000001 0.4751263956575590
1.7194531250000000 0.4751333216370059
1.7195312500000000 0.4751402476065078
1.7196093750000001 0.4751471735903345
1.7196875000000000 0.4751540995642164
1.7197656250000000 0.4751610255524206
1.7198437500000001 0.4751679515306799
1.7199218750000000 0.4751748775232590
1.7200000000000000 0.4751818035058932
1.7200781250000001 0.4751887295028449
1.7201562500000001 0.4751956554898514
1.7202343750000000 0.4752025814911731
1.7203125000000001 0.4752095074825495
1.7203906250000001 0.4752164334882387
1.7204687500000000 0.4752233594839823
1.7205468750000001 0.4752302854940368
1.7206250000000001 0.4752372114941449
1.7207031250000000 0.4752441375085621
1.7207812499999999 0.4752510635130325
1.7208593750000001 0.4752579895318098
1.7209375000000000 0.4752649155406398
1.7210156249999999 0.4752718415637747
1.7210937500000001 0.4752787675769619
1.7211718750000000 0.4752856936044522
1.7212499999999999 0.4752926196219937
1.7213281250000001 0.4752995456538369
1.7214062500000000 0.4753064716757303
1.7214843750000000 0.4753133977119239
1.7215625000000001 0.4753203237381667
1.7216406250000000 0.4753272497787083
1.7217187500000000 0.4753341758092979
1.7217968750000001 0.4753411018541848
1.7218750000000000 0.4753480278891189
1.7219531250000000 0.4753549539383486
1.7220312500000001 0.4753618799776246
1.7221093750000001 0.4753688060311948
1.7221875000000000 0.4753757320748101
1.7222656250000001 0.4753826581327182
1.7223437500000001 0.4753895841806702
1.7224218750000000 0.4753965102429139
1.7225000000000001 0.4754034362952000
1.7225781250000001 0.4754103623617769
1.7226562500000000 0.4754172884183946
1.7227343749999999 0.4754242144893021
1.7228125000000001 0.4754311405502490
1.7228906250000000 0.4754380666254845
1.7229687499999999 0.4754449926907581
1.7230468750000001 0.4754519187703190
1.7231250000000000 0.4754588448399170
1.7232031249999999 0.4754657709238009
1.7232812500000001 0.4754726969977204
1.7233593750000000 0.4754796230859251
1.7234375000000000 0.4754865491641634
1.7235156250000001 0.4754934752566864
1.7235937500000000 0.4755004013392413
1.7236718750000000 0.4755073274360799
1.7237500000000001 0.4755142535229487
1.7238281250000000 0.4755211796241006
1.7239062500000000 0.4755281057152809
1.7239843750000001 0.4755350318207436
1.7240625000000001 0.4755419579162327
1.7241406250000000 0.4755488840260038
1.7242187500000001 0.4755558101257990
1.7242968750000001 0.4755627362398761
1.7243750000000000 0.4755696623439751
1.7244531250000001 0.4755765884623557
1.7245312500000001 0.4755835145707557
1.7246093750000000 0.4755904406934375
1.7246874999999999 0.4755973668061361
1.7247656250000001 0.4756042929331165
1.7248437500000000 0.4756112190501111
1.7249218749999999 0.4756181451813876
1.7250000000000001 0.4756250713026757
1.7250781250000000 0.4756319974382458
1.7251562499999999 0.4756389235638251
1.7252343750000001 0.4756458497036862
1.7253125000000000 0.4756527758335539
1.7253906250000000 0.4756597019777039
1.7254687500000001 0.4756666281118574
1.7255468750000000 0.4756735542602936
1.7256250000000000 0.4756804803987306
1.7257031250000001 0.4756874065514504
1.7257812500000000 0.4756943326941685
1.7258593750000000 0.4757012588511694
1.7259375000000001 0.4757081849981659
1.7260156250000001 0.4757151111594456
1.7260937500000000 0.4757220373107179
1.7261718750000001 0.4757289634762740
1.7262500000000001 0.4757358896318196
1.7263281250000000 0.4757428158016493
1.7264062500000001 0.4757497419614659
1.7264843750000001 0.4757566681355671
1.7265625000000000 0.4757635942996516
1.7266406249999999 0.4757705204780219
1.7267187500000001 0.4757774466463721
1.7267968750000000 0.4757843728290089
1.7268749999999999 0.4757912990016221
1.7269531250000001 0.4757982251885229
1.7270312500000000 0.4758051513653969
1.7271093749999999 0.4758120775565591
1.7271875000000001 0.4758190037376912
1.7272656250000000 0.4758259299331125
1.7273437500000000 0.4758328561185001
1.7274218750000001 0.4758397823181779
1.7275000000000000 0.4758467085078186
1.7275781250000000 0.4758536347117506
1.7276562500000001 0.4758605609056417
1.7277343750000000 0.4758674871138254
1.7278125000000000 0.4758744133119645
1.7278906250000001 0.4758813395243973
1.7279687500000001 0.4758882657267818
1.7280468750000000 0.4758951919434614
1.7281250000000001 0.4759021181500886
1.7282031250000001 0.4759090443710126
1.7282812500000000 0.4759159705818803
1.7283593750000001 0.4759228968070459
1.7284375000000001 0.4759298230221515
1.7285156250000000 0.4759367492515562
1.7285937499999999 0.4759436754708974
1.7286718750000001 0.4759506017045387
1.7287500000000000 0.4759575279281129
1.7288281249999999 0.4759644541659885
1.7289062500000001 0.4759713803937929
1.7289843750000000 0.4759783066359002
1.7290624999999999 0.4759852328679327
1.7291406250000001 0.4759921591142692
1.7292187500000000 0.4759990853505270
1.7292968750000000 0.4760060116010903
1.7293750000000001 0.4760129378415710
1.7294531250000000 0.4760198640963585
1.7295312500000000 0.4760267903410595
1.7296093750000001 0.4760337166000690
1.7296875000000000 0.4760406428489876
1.7297656250000000 0.4760475691122167
1.7298437500000001 0.4760544953653503
1.7299218750000001 0.4760614216327966
1.7300000000000000 0.4760683478901425
1.7300781250000001 0.4760752741618037
1.7301562500000001 0.4760822004233593
1.7302343750000000 0.4760891266992329
1.7303125000000001 0.4760960529649959
1.7303906250000001 0.4761029792450791
1.7304687500000000 0.4761099055150472
1.7305468749999999 0.4761168317993376
1.7306250000000001 0.4761237580735082
1.7307031250000000 0.4761306843620032
1.7307812499999999 0.4761376106403737
1.7308593750000001 0.4761445369330709
1.7309375000000000 0.4761514632156391
1.7310156249999999 0.4761583895125358
1.7310937500000001 0.4761653157992990
1.7311718750000000 0.4761722421003929
1.7312500000000000 0.4761791683913486
1.7313281250000001 0.4761860946966373
1.7314062500000000 0.4761930209917827
1.7314843750000000 0.4761999473012639
1.7315625000000001 0.4762068736005965
1.7316406250000000 0.4762137999142676
1.7317187500000000 0.4762207262177852
1.7317968750000001 0.4762276525356436
1.7318750000000001 0.4762345788433434
1.7319531250000000 0.4762415051653867
1.7320312500000001 0.4762484314772665
1.7321093750000001 0.4762553578034920
1.7321875000000000 0.4762622841195491
1.7322656250000001 0.4762692104499548
1.7323437500000001 0.4762761367701863
1.7324218750000000 0.4762830631047697
1.7324999999999999 0.4762899894291733
1.7325781250000001 0.4762969157679317
1.7326562500000000 0.4763038420965051
1.7327343749999999 0.4763107684394361
1.7328125000000001 0.4763176947721764
1.7328906250000000 0.4763246211192776
1.7329687499999999 0.4763315474561827
1.7330468750000001 0.4763384738074515
1.7331250000000000 0.4763454001485186
1.7332031250000000 0.4763523265039527
1.7332812500000001 0.4763592528491790
1.7333593750000000 0.4763661792087761
1.7334375000000000 0.4763731055581595
1.7335156250000001 0.4763800319219166
1.7335937500000000 0.4763869582754549
1.7336718750000000 0.4763938846433693
1.7337500000000001 0.4764008110010599
1.7338281250000001 0.4764077373731294
1.7339062500000000 0.4764146637349698
1.7339843750000001 0.4764215901111919
1.7340625000000001 0.4764285164771793
1.7341406250000000 0.4764354428575516
1.7342187500000001 0.4764423692276835
1.7342968750000001 0.4764492956122038
1.7343750000000000 0.4764562219864776
1.7344531249999999 0.4764631483751433
1.7345312500000001 0.4764700747535564
1.7346093750000000 0.4764770011463652
1.7346874999999999 0.4764839275289151
1.7347656250000001 0.4764908539258643
1.7348437500000000 0.4764977803125487
1.7349218749999999 0.4765047067136358
1.7350000000000001 0.4765116331044519
1.7350781250000000 0.4765185595096748
1.7351562500000000 0.4765254859046200
1.7352343750000001 0.4765324123139762
1.7353125000000000 0.4765393387130480
1.7353906250000000 0.4765462651265350
1.7354687500000001 0.4765531915297308
1.7355468750000000 0.4765601179473460
1.7356250000000000 0.4765670443546636
1.7357031250000001 0.4765739707764045
1.7357812500000001 0.4765808971878412
1.7358593750000000 0.4765878236137054
1.7359375000000001 0.4765947500292587
1.7360156250000001 0.4766016764592439
1.7360937500000000 0.4766086028789112
1.7361718750000001 0.4766155293130145
1.7362500000000001 0.4766224557367937
1.7363281250000000 0.4766293821750126
1.7364062499999999 0.4766363086029011
1.7364843750000001 0.4766432350452333
1.7365625000000000 0.4766501614772285
1.7366406249999999 0.4766570879236713
1.7367187500000001 0.4766640143597709
1.7367968750000000 0.4766709408103218
1.7368749999999999 0.4766778672505231
1.7369531250000001 0.4766847937051798
1.7370312500000000 0.4766917201494805
1.7371093750000000 0.4766986466082403
1.7371875000000001 0.4767055730566377
1.7372656250000000 0.4767124995194985
1.7373437500000000 0.4767194259719900
1.7374218750000001 0.4767263524389491
1.7375000000000000 0.4767332788955322
1.7375781250000000 0.4767402053665873
1.7376562500000001 0.4767471318272595
1.7377343750000001 0.4767540583024081
1.7378125000000000 0.4767609847671669
1.7378906250000001 0.4767679112464063
1.7379687500000001 0.4767748377152493
1.7380468750000000 0.4767817641985773
1.7381250000000001 0.4767886906715018
1.7382031250000001 0.4767956171589158
1.7382812500000000 0.4768025436359194
1.7383593749999999 0.4768094701274168
1.7384375000000001 0.4768163966084970
1.7385156250000000 0.4768233231040754
1.7385937499999999 0.4768302495892299
1.7386718750000001 0.4768371760888867
1.7387500000000000 0.4768441025781130
1.7388281249999999 0.4768510290818456
1.7389062500000001 0.4768579555751411
1.7389843750000000 0.4768648820829473
1.7390625000000000 0.4768718085803094
1.7391406250000001 0.4768787350921868
1.7392187500000000 0.4768856615936127
1.7392968750000000 0.4768925881095588
1.7393750000000001 0.4768995146150464
1.7394531250000000 0.4769064411350585
1.7395312500000000 0.4769133676446052
1.7396093750000001 0.4769202941686810
1.7396875000000001 0.4769272206822843
1.7397656250000000 0.4769341472104212
1.7398437500000001 0.4769410737280787
1.7399218750000001 0.4769480002602742
1.7400000000000000 0.4769549267819830
1.7400781250000001 0.4769618533182352
1.7401562500000001 0.4769687798439927
1.7402343750000000 0.4769757063842988
1.7403124999999999 0.4769826329141028
1.7403906250000001 0.4769895594584602
1.7404687500000000 0.4769964859923082
1.7405468749999999 0.4770034125407145
1.7406250000000001 0.4770103390786038
1.7407031250000000 0.4770172656310566
1.7407812499999999 0.4770241921729848
1.7408593750000001 0.4770311187294817
1.7409375000000000 0.4770380452754461
1.7410156250000000 0.4770449718359845
1.7410937500000001 0.4770518983859828
1.7411718750000000 0.4770588249505602
1.7412500000000000 0.4770657515045901
1.7413281250000001 0.4770726780732037
1.7414062500000000 0.4770796046312628
1.7414843750000000 0.4770865312039103
1.7415625000000001 0.4770934577659959
1.7416406250000001 0.4771003843426747
1.7417187500000000 0.4771073109087843
1.7417968750000001 0.4771142374894921
1.7418750000000001 0.4771211640596234
1.7419531250000000 0.4771280906443575
1.7420312500000001 0.4771350172185078
1.7421093750000001 0.4771419438072659
1.7421875000000000 0.4771488703854327
1.7422656249999999 0.4771557969782125
1.7423437500000001 0.4771627235603932
1.7424218750000000 0.4771696501571920
1.7424999999999999 0.4771765767433842
1.7425781250000001 0.4771835033441995
1.7426562500000000 0.4771904299344008
1.7427343749999999 0.4771973565392302
1.7428125000000001 0.4772042831334379
1.7428906250000000 0.4772112097422791
1.7429687500000000 0.4772181363404907
1.7430468750000001 0.4772250629533409
1.7431250000000000 0.4772319895555541
1.7432031250000000 0.4772389161724109
1.7432812500000001 0.4772458427786230
1.7433593750000000 0.4772527693994842
1.7434375000000000 0.4772596960096926
1.7435156250000001 0.4772666226345556
1.7435937500000001 0.4772735492487579
1.7436718750000000 0.4772804758776203
1.7437500000000001 0.4772874024958139
1.7438281250000001 0.4772943291286731
1.7439062500000000 0.4773012557508556
1.7439843750000001 0.4773081823877091
1.7440625000000001 0.4773151090138781
1.7441406250000000 0.4773220356547235
1.7442187499999999 0.4773289622848764
1.7442968750000001 0.4773358889297112
1.7443750000000000 0.4773428155638454
1.7444531249999999 0.4773497422126672
1.7445312500000001 0.4773566688507802
1.7446093750000000 0.4773635955035865
1.7446874999999999 0.4773705221456758
1.7447656250000001 0.4773774488024643
1.7448437500000000 0.4773843754485272
1.7449218750000000 0.4773913021092953
1.7450000000000001 0.4773982287593296
1.7450781250000000 0.4774051554240747
1.7451562500000000 0.4774120820780780
1.7452343750000001 0.4774190087467975
1.7453125000000000 0.4774259354047672
1.7453906250000000 0.4774328620774588
1.7454687500000001 0.4774397887393925
1.7455468750000001 0.4774467154160534
1.7456250000000000 0.4774536420819486
1.7457031250000001 0.4774605687625768
1.7457812500000001 0.4774674954324306
1.7458593750000000 0.4774744221170237
1.7459375000000001 0.4774813487908336
1.7460156250000001 0.4774882754793891
1.7460937500000000 0.4774952021571528
1.7461718749999999 0.4775021288496680
1.7462500000000001 0.4775090555313830
1.7463281250000000 0.4775159822278554
1.7464062499999999 0.4775229089135193
1.7464843750000001 0.4775298356139464
1.7465625000000000 0.4775367623035570
1.7466406249999999 0.4775436890079361
1.7467187500000001 0.4775506157014905
1.7467968750000000 0.4775575424098195
1.7468750000000000 0.4775644691073153
1.7469531250000001 0.4775713958195915
1.7470312500000000 0.4775783225210263
1.7471093750000000 0.4775852492372472
1.7471875000000001 0.4775921759426185
1.7472656250000000 0.4775991026627816
1.7473437500000000 0.4776060293720871
1.7474218750000001 0.4776129560961898
1.7475000000000001 0.4776198828094267
1.7475781250000000 0.4776268095374669
1.7476562500000001 0.4776337362546328
1.7477343750000001 0.4776406629866076
1.7478125000000000 0.4776475897077002
1.7478906250000001 0.4776545164436072
1.7479687500000001 0.4776614431686239
1.7480468750000000 0.4776683699084607
1.7481249999999999 0.4776752966373989
1.7482031250000001 0.4776822233811631
1.7482812500000000 0.4776891501140204
1.7483593749999999 0.4776960768617095
1.7484375000000001 0.4777030035984832
1.7485156250000000 0.4777099303500947
1.7485937499999999 0.4777168570907825
1.7486718750000001 0.4777237838463138
1.7487500000000000 0.4777307105909134
1.7488281250000000 0.4777376373503621
1.7489062500000001 0.4777445640988706
1.7489843750000000 0.4777514908622344
1.7490625000000000 0.4777584176146494
1.7491406250000001 0.4777653443819256
1.7492187500000000 0.4777722711382449
1.7492968750000000 0.4777791979094310
1.7493750000000001 0.4777861246696518
1.7494531250000001 0.4777930514447457
1.7495312500000000 0.4777999782088654
1.7496093750000001 0.4778069049878644
1.7496875000000001 0.4778138317558806
1.7497656250000000 0.4778207585387821
1.7498437500000001 0.4778276853106925
1.7499218750000001 0.4778346120974942
1.7500000000000000 0.4778415388732961
1.7500781249999999 0.4778484656639954
1.7501562500000001 0.4778553924436865
1.7502343750000000 0.4778623192382809
1.7503124999999999 0.4778692460218587
1.7503906250000001 0.4778761728203454
1.7504687500000000 0.4778830996078077
1.7505468749999999 0.4778900264101844
1.7506250000000001 0.4778969532015285
1.7507031250000000 0.4779038800077928
1.7507812500000000 0.4779108068030160
1.7508593750000001 0.4779177336131655
1.7509375000000000 0.4779246604122656
1.7510156250000000 0.4779315872262976
1.7510937500000001 0.4779385140292718
1.7511718750000000 0.4779454408471843
1.7512500000000000 0.4779523676540302
1.7513281250000001 0.4779592944758204
1.7514062500000001 0.4779662212865354
1.7514843750000000 0.4779731481122009
1.7515625000000001 0.4779800749267826
1.7516406250000001 0.4779870017563210
1.7517187500000000 0.4779939285747669
1.7517968750000001 0.4780008554081757
1.7518750000000001 0.4780077822304831
1.7519531250000000 0.4780147090677601
1.7520312499999999 0.4780216358939265
1.7521093750000001 0.4780285627350688
1.7521875000000000 0.4780354895650921
1.7522656249999999 0.4780424164100973
1.7523437500000001 0.4780493432439748
1.7524218750000000 0.4780562700928406
1.7524999999999999 0.4780631969305696
1.7525781250000001 0.4780701237832936
1.7526562500000000 0.4780770506248717
1.7527343750000000 0.4780839774814511
1.7528125000000001 0.4780909043268762
1.7528906250000000 0.4780978311873083
1.7529687500000000 0.4781047580365781
1.7530468750000001 0.4781116849008604
1.7531250000000000 0.4781186117539722
1.7532031250000000 0.4781255386221023
1.7532812500000001 0.4781324654790536
1.7533593750000001 0.4781393923510292
1.7534375000000000 0.4781463192118173
1.7535156250000001 0.4781532460876360
1.7535937500000001 0.4781601729522584
1.7536718750000000 0.4781670998319176
1.7537500000000001 0.4781740267003721
1.7538281250000001 0.4781809535838693
1.7539062500000000 0.4781878804561532
1.7539843749999999 0.4781948073434860
1.7540625000000001 0.4782017342195968
1.7541406250000000 0.4782086611107627
1.7542187499999999 0.4782155879906981
1.7542968750000001 0.4782225148856943
1.7543750000000000 0.4782294417694519
1.7544531249999999 0.4782363686682762
1.7545312500000001 0.4782432955558534
1.7546093750000000 0.4782502224585031
1.7546875000000000 0.4782571493498975
1.7547656250000001 0.4782640762563700
1.7548437500000000 0.4782710031515793
1.7549218750000000 0.4782779300618725
1.7550000000000001 0.4782848569608937
1.7550781250000000 0.4782917838750052
1.7551562500000000 0.4782987107778360
1.7552343750000001 0.4783056376957632
1.7553125000000001 0.4783125646024008
1.7553906250000000 0.4783194915241417
1.7554687500000001 0.4783264184345836
1.7555468750000001 0.4783333453601353
1.7556250000000000 0.4783402722743792
1.7557031250000001 0.4783471992037392
1.7557812500000001 0.4783541261217827
1.7558593750000000 0.4783610530549487
1.7559374999999999 0.4783679799767893
1.7560156250000001 0.4783749069137585
1.7560937500000000 0.4783818338393938
1.7561718749999999 0.4783887607801640
1.7562500000000001 0.4783956877095912
1.7563281250000000 0.4784026146541600
1.7564062499999999 0.4784095415873768
1.7564843750000001 0.4784164685357414
1.7565625000000000 0.4784233954727455
1.7566406250000000 0.4784303224249035
1.7567187500000001 0.4784372493656923
1.7567968750000000 0.4784441763216412
1.7568750000000000 0.4784511032662122
1.7569531250000001 0.4784580302259497
1.7570312500000000 0.4784649571743002
1.7571093750000000 0.4784718841378238
1.7571875000000001 0.4784788110899516
1.7572656250000001 0.4784857380572586
1.7573437500000000 0.4784926650131612
1.7574218750000001 0.4784995919842493
1.7575000000000001 0.4785065189439239
1.7575781250000000 0.4785134459187909
1.7576562500000001 0.4785203728822351
1.7577343750000001 0.4785272998608782
1.7578125000000000 0.4785342268280897
1.7578906249999999 0.4785411538105067
1.7579687500000001 0.4785480807814828
1.7580468750000000 0.4785550077676707
1.7581249999999999 0.4785619347424094
1.7582031250000001 0.4785688617323659
1.7582812500000000 0.4785757887108644
1.7583593749999999 0.4785827157045869
1.7584375000000001 0.4785896426868431
1.7585156250000000 0.4785965696843292
1.7585937500000000 0.4786034966703402
1.7586718750000001 0.4786104236715875
1.7587500000000000 0.4786173506613510
1.7588281250000000 0.4786242776663571
1.7589062500000001 0.4786312046598704
1.7589843750000000 0.4786381316686328
1.7590625000000000 0.4786450586658934
1.7591406250000001 0.4786519856784098
1.7592187500000001 0.4786589126794152
1.7592968750000000 0.4786658396956830
1.7593750000000001 0.4786727667004307
1.7594531250000001 0.4786796937204474
1.7595312500000000 0.4786866207289350
1.7596093750000001 0.4786935477526984
1.7596875000000001 0.4787004747649231
1.7597656250000000 0.4787074017924308
1.7598437499999999 0.4787143288083902
1.7599218750000001 0.4787212558396393
1.7600000000000000 0.4787281828593313
1.7600781249999999 0.4787351098943195
1.7601562500000001 0.4787420369177412
1.7602343750000000 0.4787489639564662
1.7603124999999999 0.4787558909836154
1.7603906250000001 0.4787628180260743
1.7604687500000000 0.4787697450569484
1.7605468750000000 0.4787766721031391
1.7606250000000001 0.4787835991377355
1.7607031250000000 0.4787905261876556
1.7607812500000000 0.4787974532259718
1.7608593750000001 0.4788043802796186
1.7609375000000000 0.4788113073216524
1.7610156250000000 0.4788182343790234
1.7610937500000001 0.4788251614247722
1.7611718750000001 0.4788320884858651
1.7612500000000000 0.4788390155353260
1.7613281250000001 0.4788459426001385
1.7614062500000001 0.4788528696533093
1.7614843750000000 0.4788597967218387
1.7615625000000001 0.4788667237787170
1.7616406250000001 0.4788736508509607
1.7617187500000000 0.4788805779115440
1.7617968749999999 0.4788875049874997
1.7618750000000001 0.4788944320517857
1.7619531250000000 0.4789013591314507
1.7620312499999999 0.4789082861994367
1.7621093750000001 0.4789152132828086
1.7621875000000000 0.4789221403544922
1.7622656249999999 0.4789290674415687
1.7623437500000001 0.4789359945169472
1.7624218750000000 0.4789429216077258
1.7625000000000000 0.4789498486867969
1.7625781250000001 0.4789567757812751
1.7626562500000000 0.4789637028640362
1.7627343750000000 0.4789706299622115
1.7628125000000001 0.4789775570486602
1.7628906250000000 0.4789844841505302
1.7629687500000000 0.4789914112406640
1.7630468750000001 0.4789983383462262
1.7631250000000001 0.4790052654400425
1.7632031250000000 0.4790121925492946
1.7632812500000001 0.4790191196467909
1.7633593750000001 0.4790260467597303
1.7634375000000000 0.4790329738609042
1.7635156250000001 0.4790399009775283
1.7635937500000001 0.4790468280823774
1.7636718750000000 0.4790537552026839
1.7637499999999999 0.4790606823112054
1.7638281250000001 0.4790676094351921
1.7639062500000000 0.4790745365473835
1.7639843749999999 0.4790814636750477
1.7640625000000001 0.4790883907909067
1.7641406250000000 0.4790953179222459
1.7642187499999999 0.4791022450417700
1.7642968750000001 0.4791091721767818
1.7643750000000000 0.4791160992999685
1.7644531250000000 0.4791230264386503
1.7645312500000001 0.4791299535654971
1.7646093750000000 0.4791368807078467
1.7646875000000000 0.4791438078383510
1.7647656250000001 0.4791507349843657
1.7648437500000000 0.4791576621185252
1.7649218750000000 0.4791645892682025
1.7650000000000001 0.4791715164060147
1.7650781250000001 0.4791784435593524
1.7651562500000000 0.4791853707008145
1.7652343750000001 0.4791922978578100
1.7653125000000001 0.4791992250029199
1.7653906250000000 0.4792061521635707
1.7654687500000001 0.4792130793123255
1.7655468750000001 0.4792200064766295
1.7656250000000000 0.4792269336290267
1.7657031249999999 0.4792338607969813
1.7657812500000001 0.4792407879530184
1.7658593750000000 0.4792477151246213
1.7659374999999999 0.4792546422842959
1.7660156250000001 0.4792615694595443
1.7660937500000000 0.4792684966228539
1.7661718749999999 0.4792754238017455
1.7662500000000001 0.4792823509686877
1.7663281250000000 0.4792892781512200
1.7664062500000000 0.4792962053217923
1.7664843750000001 0.4793031325079629
1.7665625000000000 0.4793100596821627
1.7666406250000000 0.4793169868719690
1.7667187500000001 0.4793239140497940
1.7667968750000000 0.4793308412432335
1.7668750000000000 0.4793377684246811
1.7669531250000001 0.4793446956217515
1.7670312500000001 0.4793516228068191
1.7671093750000000 0.4793585500075181
1.7671875000000001 0.4793654771962032
1.7672656250000001 0.4793724044005282
1.7673437500000000 0.4793793315928283
1.7674218750000001 0.4793862588007770
1.7675000000000001 0.4793931859966893
1.7675781250000000 0.4794001132082595
1.7676562499999999 0.4794070404077815
1.7677343750000001 0.4794139676229707
1.7678125000000000 0.4794208948261001
1.7678906249999999 0.4794278220449054
1.7679687500000001 0.4794347492516399
1.7680468750000000 0.4794416764740591
1.7681249999999999 0.4794486036843960
1.7682031250000001 0.4794555309104265
1.7682812500000000 0.4794624581243632
1.7683593750000000 0.4794693853540030
1.7684375000000001 0.4794763125715370
1.7685156250000000 0.4794832398047833
1.7685937500000000 0.4794901670259123
1.7686718750000001 0.4794970942627625
1.7687500000000000 0.4795040214874840
1.7688281250000000 0.4795109487279361
1.7689062500000001 0.4795178759562474
1.7689843750000001 0.4795248032002984
1.7690625000000000 0.4795317304321973
1.7691406250000001 0.4795386576798452
1.7692187500000001 0.4795455849153287
1.7692968750000000 0.4795525121665711
1.7693750000000001 0.4795594394056368
1.7694531250000001 0.4795663666604713
1.7695312500000000 0.4795732939031168
1.7696093749999999 0.4795802211615407
1.7696875000000001 0.4795871484077637
1.7697656250000000 0.4795940756697745
1.7698437499999999 0.4796010029195724
1.7699218750000001 0.4796079301851678
1.7700000000000000 0.4796148574385379
1.7700781249999999 0.4796217847077156
1.7701562500000001 0.4796287119646553
1.7702343750000000 0.4796356392374130
1.7703125000000000 0.4796425664979199
1.7703906250000001 0.4796494937742548
1.7704687500000000 0.4796564210383265
1.7705468750000000 0.4796633483182363
1.7706250000000001 0.4796702755858701
1.7707031250000000 0.4796772028693524
1.7707812500000000 0.4796841301405460
1.7708593750000001 0.4796910574275984
1.7709375000000001 0.4796979847023490
1.7710156250000000 0.4797049119929690
1.7710937500000001 0.4797118392712746
1.7711718750000001 0.4797187665654595
1.7712500000000000 0.4797256938473173
1.7713281250000001 0.4797326211450648
1.7714062500000001 0.4797395484304725
1.7714843750000000 0.4797464757317804
1.7715624999999999 0.4797534030207349
1.7716406250000001 0.4797603303256006
1.7717187500000000 0.4797672576181000
1.7717968749999999 0.4797741849265211
1.7718750000000001 0.4797811122225626
1.7719531250000000 0.4797880395345366
1.7720312499999999 0.4797949668341178
1.7721093750000001 0.4798018941496422
1.7721875000000000 0.4798088214527608
1.7722656250000000 0.4798157487718334
1.7723437500000001 0.4798226760784862
1.7724218750000000 0.4798296034011047
1.7725000000000000 0.4798365307112895
1.7725781250000001 0.4798434580374513
1.7726562500000000 0.4798503853511656
1.7727343750000000 0.4798573126808683
1.7728125000000001 0.4798642399981096
1.7728906250000001 0.4798711673313508
1.7729687500000000 0.4798780946521167
1.7730468750000001 0.4798850219888935
1.7731250000000001 0.4798919493131817
1.7732031250000000 0.4798988766534920
1.7732812500000001 0.4799058039812997
1.7733593750000001 0.4799127313251413
1.7734375000000000 0.4799196586564656
1.7735156249999999 0.4799265860038363
1.7735937500000001 0.4799335133386747
1.7736718750000000 0.4799404406895719
1.7737499999999999 0.4799473680279221
1.7738281250000001 0.4799542953823432
1.7739062500000000 0.4799612227242029
1.7739843749999999 0.4799681500821455
1.7740625000000001 0.4799750774275118
1.7741406250000000 0.4799820047889737
1.7742187500000000 0.4799889321378441
1.7742968750000001 0.4799958595028229
1.7743750000000000 0.4800027868551949
1.7744531250000000 0.4800097142236880
1.7745312500000001 0.4800166415795591
1.7746093750000000 0.4800235689515642
1.7746875000000000 0.4800304963109320
1.7747656250000001 0.4800374236864464
1.7748437500000001 0.4800443510493086
1.7749218750000000 0.4800512784283300
1.7750000000000001 0.4800582057946836
1.7750781250000001 0.4800651331772098
1.7751562500000000 0.4800720605470525
1.7752343750000001 0.4800789879330809
1.7753125000000001 0.4800859153064101
1.7753906250000000 0.4800928426959384
1.7754687499999999 0.4800997700727516
1.7755468750000001 0.4801066974657771
1.7756250000000000 0.4801136248460721
1.7757031249999999 0.4801205522425924
1.7757812500000001 0.4801274796263664
1.7758593750000000 0.4801344070263792
1.7759374999999999 0.4801413344136299
1.7760156250000001 0.4801482618171327
1.7760937500000000 0.4801551892078575
1.7761718750000000 0.4801621166148476
1.7762500000000001 0.4801690440090441
1.7763281250000000 0.4801759714195195
1.7764062500000000 0.4801828988171848
1.7764843750000001 0.4801898262311431
1.7765625000000000 0.4801967536322750
1.7766406250000000 0.4802036810497136
1.7767187500000001 0.4802106084543094
1.7767968750000001 0.4802175358752261
1.7768750000000000 0.4802244632832829
1.7769531250000001 0.4802313907076755
1.7770312500000001 0.4802383181191910
1.7771093750000000 0.4802452455470569
1.7771875000000001 0.4802521729620287
1.7772656250000001 0.4802591003933655
1.7773437500000000 0.4802660278117907
1.7774218749999999 0.4802729552465962
1.7775000000000001 0.4802798826684726
1.7775781250000000 0.4802868101067440
1.7776562499999999 0.4802937375320691
1.7777343750000001 0.4803006649738040
1.7778125000000000 0.4803075924025753
1.7778906249999999 0.4803145198477715
1.7779687500000001 0.4803214472799863
1.7780468750000000 0.4803283747286413
1.7781250000000000 0.4803353021642973
1.7782031250000001 0.4803422296164087
1.7782812500000000 0.4803491570555030
1.7783593750000000 0.4803560845110684
1.7784375000000001 0.4803630119535988
1.7785156250000000 0.4803699394126157
1.7785937500000000 0.4803768668585797
1.7786718750000001 0.4803837943210456
1.7787500000000001 0.4803907217704407
1.7788281250000000 0.4803976492363531
1.7789062500000001 0.4804045766891769
1.7789843750000001 0.4804115041585336
1.7790625000000000 0.4804184316147833
1.7791406250000001 0.4804253590875817
1.7792187500000001 0.4804322865472549
1.7792968750000000 0.4804392140234927
1.7793749999999999 0.4804461414865871
1.7794531250000001 0.4804530689662616
1.7795312500000000 0.4804599964327746
1.7796093749999999 0.4804669239158836
1.7796875000000001 0.4804738513858126
1.7797656250000000 0.4804807788723535
1.7798437499999999 0.4804877063456963
1.7799218750000001 0.4804946338356665
1.7800000000000000 0.4805015613124204
1.7800781250000000 0.4805084888058178
1.7801562500000001 0.4805154162859802
1.7802343750000000 0.4805223437828024
1.7803125000000000 0.4805292712663710
1.7803906250000001 0.4805361987666151
1.7804687500000000 0.4805431262535875
1.7805468750000000 0.4805500537572515
1.7806250000000001 0.4805569812476247
1.7807031250000001 0.4805639087547063
1.7807812500000000 0.4805708362484779
1.7808593750000001 0.4805777637589746
1.7809375000000001 0.4805846912561419
1.7810156250000000 0.4805916187700515
1.7810937500000001 0.4805985462706122
1.7811718750000001 0.4806054737879318
1.7812500000000000 0.4806124012918837
1.7813281249999999 0.4806193288126109
1.7814062500000001 0.4806262563199512
1.7814843750000000 0.4806331838440838
1.7815624999999999 0.4806401113548101
1.7816406250000001 0.4806470388823456
1.7817187500000000 0.4806539663964551
1.7817968749999999 0.4806608939273914
1.7818750000000001 0.4806678214448815
1.7819531250000000 0.4806747489792162
1.7820312500000000 0.4806816765000844
1.7821093750000001 0.4806886040378149
1.7821875000000000 0.4806955315620589
1.7822656250000000 0.4807024591031827
1.7823437500000001 0.4807093866307999
1.7824218750000000 0.4807163141753147
1.7825000000000000 0.4807232417063025
1.7825781250000001 0.4807301692542059
1.7826562500000001 0.4807370967885621
1.7827343750000000 0.4807440243398513
1.7828125000000001 0.4807509518775734
1.7828906250000001 0.4807578794322462
1.7829687500000000 0.4807648069733313
1.7830468750000001 0.4807717345313855
1.7831250000000001 0.4807786620758313
1.7832031250000000 0.4807855896372644
1.7832812499999999 0.4807925171850681
1.7833593750000001 0.4807994447498777
1.7834375000000000 0.4808063723010370
1.7835156249999999 0.4808132998692209
1.7835937500000001 0.4808202274237329
1.7836718750000000 0.4808271549952886
1.7837499999999999 0.4808340825531512
1.7838281250000001 0.4808410101280759
1.7839062500000000 0.4808479376892870
1.7839843750000000 0.4808548652675780
1.7840625000000001 0.4808617928321349
1.7841406250000000 0.4808687204137900
1.7842187500000000 0.4808756479816902
1.7842968750000001 0.4808825755667070
1.7843750000000000 0.4808895031379479
1.7844531250000000 0.4808964307263242
1.7845312500000001 0.4809033583009032
1.7846093750000001 0.4809102858926363
1.7846875000000000 0.4809172134705511
1.7847656250000001 0.4809241410656387
1.7848437500000001 0.4809310686468865
1.7849218750000000 0.4809379962453262
1.7850000000000001 0.4809449238299049
1.7850781250000001 0.4809518514316938
1.7851562500000000 0.4809587790196010
1.7852343749999999 0.4809657066247372
1.7853125000000001 0.4809726342159699
1.7853906250000000 0.4809795618244509
1.7854687499999999 0.4809864894190067
1.7855468750000001 0.4809934170308301
1.7856250000000000 0.4810003446287067
1.7857031249999999 0.4810072722438697
1.7857812500000001 0.4810141998450646
1.7858593750000000 0.4810211274635652
1.7859375000000000 0.4810280550680756
1.7860156250000001 0.4810349826899115
1.7860937500000000 0.4810419102977348
1.7861718750000000 0.4810488379229035
1.7862500000000001 0.4810557655340373
1.7863281250000000 0.4810626931625362
1.7864062500000000 0.4810696207769784
1.7864843750000001 0.4810765484088049
1.7865625000000001 0.4810834760265527
1.7866406250000000 0.4810904036617046
1.7867187500000001 0.4810973312827558
1.7867968750000001 0.4811042589212302
1.7868750000000000 0.4811111865455823
1.7869531250000001 0.4811181141873771
1.7870312500000001 0.4811250418150274
1.7871093750000000 0.4811319694601401
1.7871874999999999 0.4811388970910863
1.7872656250000001 0.4811458247395143
1.7873437500000000 0.4811527523737541
1.7874218749999999 0.4811596800254949
1.7875000000000001 0.4811666076630256
1.7875781250000000 0.4811735353180769
1.7876562499999999 0.4811804629588962
1.7877343750000001 0.4811873906172556
1.7878125000000000 0.4811943182613607
1.7878906250000000 0.4812012459230255
1.7879687500000001 0.4812081735704143
1.7880468750000000 0.4812151012353822
1.7881250000000000 0.4812220288860520
1.7882031250000001 0.4812289565543207
1.7882812500000000 0.4812358842082688
1.7883593750000000 0.4812428118798358
1.7884375000000001 0.4812497395370602
1.7885156250000001 0.4812566672119228
1.7885937500000000 0.4812635948724208
1.7886718750000001 0.4812705225505767
1.7887500000000001 0.4812774502143458
1.7888281250000000 0.4812843778957928
1.7889062500000001 0.4812913055628302
1.7889843750000001 0.4812982332475657
1.7890625000000000 0.4813051609178693
1.7891406249999999 0.4813120886058909
1.7892187500000001 0.4813190162794581
1.7892968750000000 0.4813259439707632
1.7893749999999999 0.4813328716475916
1.7894531250000001 0.4813397993421778
1.7895312500000000 0.4813467270222650
1.7896093749999999 0.4813536547201298
1.7896875000000001 0.4813605824034731
1.7897656250000000 0.4813675101046141
1.7898437500000000 0.4813744377912115
1.7899218750000001 0.4813813654956258
1.7900000000000000 0.4813882931854749
1.7900781250000000 0.4813952208931602
1.7901562500000001 0.4814021485862581
1.7902343750000000 0.4814090762972124
1.7903125000000000 0.4814160039935566
1.7903906250000001 0.4814229317077771
1.7904687500000001 0.4814298594073654
1.7905468750000000 0.4814367871248497
1.7906250000000001 0.4814437148276796
1.7907031250000001 0.4814506425484251
1.7907812500000000 0.4814575702544941
1.7908593750000001 0.4814644979784983
1.7909375000000001 0.4814714256878042
1.7910156250000000 0.4814783534150646
1.7910937499999999 0.4814852811276047
1.7911718750000001 0.4814922088581191
1.7912500000000000 0.4814991365738909
1.7913281249999999 0.4815060643076567
1.7914062500000001 0.4815129920266577
1.7914843750000000 0.4815199197636725
1.7915624999999999 0.4815268474859005
1.7916406250000001 0.4815337752261616
1.7917187500000000 0.4815407029516141
1.7917968750000000 0.4815476306951190
1.7918750000000001 0.4815545584237937
1.7919531250000000 0.4815614861705400
1.7920312500000000 0.4815684139024342
1.7921093750000001 0.4815753416524195
1.7921875000000000 0.4815822693875308
1.7922656250000000 0.4815891971407525
1.7923437500000001 0.4815961248790785
1.7924218750000001 0.4816030526355344
1.7925000000000000 0.4816099803770725
1.7925781250000001 0.4816169081367599
1.7926562500000001 0.4816238358815078
1.7927343750000000 0.4816307636444244
1.7928125000000001 0.4816376913923794
1.7928906250000001 0.4816446191585227
1.7929687500000000 0.4816515469096826
1.7930468749999999 0.4816584746790499
1.7931250000000001 0.4816654024334124
1.7932031250000000 0.4816723302060013
1.7932812499999999 0.4816792579635639
1.7933593750000001 0.4816861857393717
1.7934375000000000 0.4816931135001319
1.7935156249999999 0.4817000412791566
1.7935937500000001 0.4817069690431117
1.7936718750000000 0.4817138968253505
1.7937500000000000 0.4817208245924984
1.7938281250000001 0.4817277523779488
1.7939062500000000 0.4817346801482871
1.7939843750000000 0.4817416079369466
1.7940625000000001 0.4817485357104730
1.7941406250000000 0.4817554635023388
1.7942187500000000 0.4817623912790509
1.7942968750000001 0.4817693190741206
1.7943750000000001 0.4817762468540160
1.7944531250000000 0.4817831746522873
1.7945312500000001 0.4817901024353632
1.7946093750000001 0.4817970302368337
1.7946875000000000 0.4818039580230878
1.7947656250000001 0.4818108858277548
1.7948437500000001 0.4818178136171848
1.7949218750000000 0.4818247414250461
1.7949999999999999 0.4818316692176492
1.7950781250000001 0.4818385970287022
1.7951562500000000 0.4818455248244765
1.7952343749999999 0.4818524526387182
1.7953125000000001 0.4818593804376614
1.7953906250000000 0.4818663082550895
1.7954687499999999 0.4818732360571988
1.7955468750000001 0.4818801638778111
1.7956250000000000 0.4818870916830840
1.7957031250000000 0.4818940195068780
1.7957812500000001 0.4819009473153122
1.7958593750000000 0.4819078751422853
1.7959375000000000 0.4819148029538783
1.7960156250000001 0.4819217307840280
1.7960937500000000 0.4819286585987775
1.7961718750000000 0.4819355864321013
1.7962500000000001 0.4819425142500049
1.7963281250000001 0.4819494420865001
1.7964062500000000 0.4819563699075555
1.7964843750000001 0.4819632977472197
1.7965625000000001 0.4819702255714244
1.7966406250000000 0.4819771534142551
1.7967187500000001 0.4819840812416065
1.7967968750000001 0.4819910090876013
1.7968750000000000 0.4819979369180972
1.7969531249999999 0.4820048647672537
1.7970312500000001 0.4820117926008913
1.7971093750000000 0.4820187204532069
1.7971874999999999 0.4820256482899842
1.7972656250000001 0.4820325761454562
1.7973437500000000 0.4820395039853708
1.7974218749999999 0.4820464318439966
1.7975000000000001 0.4820533596870463
1.7975781250000000 0.4820602875488234
1.7976562500000000 0.4820672153950055
1.7977343750000001 0.4820741432599315
1.7978125000000000 0.4820810711092438
1.7978906250000000 0.4820879989773160
1.7979687500000001 0.4820949268297560
1.7980468750000000 0.4821018547009722
1.7981250000000000 0.4821087825565372
1.7982031250000001 0.4821157104308949
1.7982812500000001 0.4821226382895827
1.7983593750000000 0.4821295661670793
1.7984375000000001 0.4821364940288876
1.7985156250000001 0.4821434219095204
1.7985937500000000 0.4821503497744467
1.7986718750000001 0.4821572776582135
1.7987500000000001 0.4821642055262553
1.7988281250000000 0.4821711334131533
1.7989062499999999 0.4821780612843085
1.7989843750000001 0.4821849891743349
1.7990625000000000 0.4821919170486014
1.7991406249999999 0.4821988449417538
1.7992187500000001 0.4822057728191290
1.7992968750000000 0.4822127007154048
1.7993749999999999 0.4822196285958862
1.7994531250000001 0.4822265564952832
1.7995312500000000 0.4822334843788683
1.7996093750000000 0.4822404122813839
1.7996875000000001 0.4822473401680704
1.7997656250000000 0.4822542680737019
1.7998437500000000 0.4822611959634876
1.7999218750000001 0.4822681238722324
1.8000000000000000 0.4822750517651149
1.8000781250000000 0.4822819796769705
1.8001562500000001 0.4822889075729476
1.8002343750000001 0.4822958354879113
1.8003125000000000 0.4823027633869804
1.8003906250000001 0.4823096913050499
1.8004687500000001 0.4823166192072085
1.8005468750000000 0.4823235471283813
1.8006250000000001 0.4823304750336270
1.8007031250000001 0.4823374029579006
1.8007812500000000 0.4823443308662311
1.8008593749999999 0.4823512587936029
1.8009375000000001 0.4823581867050158
1.8010156250000000 0.4823651146354834
1.8010937499999999 0.4823720425499762
1.8011718750000001 0.4823789704835370
1.8012500000000000 0.4823858984011075
1.8013281249999999 0.4823928263377588
1.8014062500000001 0.4823997542584046
1.8014843750000000 0.4824066821981439
1.8015625000000000 0.4824136101218626
1.8016406250000001 0.4824205380646876
1.8017187500000000 0.4824274659914767
1.8017968750000000 0.4824343939373846
1.8018750000000001 0.4824413218672419
1.8019531250000000 0.4824482498162304
1.8020312500000000 0.4824551777491533
1.8021093750000001 0.4824621057012198
1.8021875000000001 0.4824690336372062
1.8022656250000000 0.4824759615923480
1.8023437500000001 0.4824828895313955
1.8024218750000001 0.4824898174896098
1.8025000000000000 0.4824967454317162
1.8025781250000001 0.4825036733930007
1.8026562500000001 0.4825106013381635
1.8027343750000000 0.4825175293025158
1.8028124999999999 0.4825244572507322
1.8028906250000001 0.4825313852181499
1.8029687500000000 0.4825383131694180
1.8030468749999999 0.4825452411398982
1.8031250000000001 0.4825521690942154
1.8032031250000000 0.4825590970677557
1.8032812499999999 0.4825660250251199
1.8033593750000001 0.4825729530017175
1.8034375000000000 0.4825798809621264
1.8035156250000000 0.4825868089417789
1.8035937500000001 0.4825937369052299
1.8036718750000000 0.4826006648879348
1.8037500000000000 0.4826075928544256
1.8038281250000001 0.4826145208401803
1.8039062500000000 0.4826214488097085
1.8039843750000000 0.4826283767985107
1.8040625000000001 0.4826353047710738
1.8041406250000001 0.4826422327629207
1.8042187500000000 0.4826491607385165
1.8042968750000001 0.4826560887334057
1.8043750000000001 0.4826630167120319
1.8044531250000000 0.4826699447099605
1.8045312500000001 0.4826768726916149
1.8046093750000001 0.4826838006925806
1.8046875000000000 0.4826907286772604
1.8047656249999999 0.4826976566812610
1.8048437500000001 0.4827045846689636
1.8049218750000000 0.4827115126759966
1.8049999999999999 0.4827184406667199
1.8050781250000001 0.4827253686767822
1.8051562500000000 0.4827322966705244
1.8052343749999999 0.4827392246836133
1.8053125000000001 0.4827461526803717
1.8053906250000000 0.4827530806964850
1.8054687500000000 0.4827600086962572
1.8055468750000001 0.4827669367153922
1.8056250000000000 0.4827738647181762
1.8057031250000000 0.4827807927403300
1.8057812500000001 0.4827877207461231
1.8058593750000000 0.4827946487712940
1.8059375000000000 0.4828015767800936
1.8060156250000001 0.4828085048082787
1.8060937500000001 0.4828154328200825
1.8061718750000000 0.4828223608512794
1.8062500000000001 0.4828292888660851
1.8063281250000001 0.4828362169002910
1.8064062500000000 0.4828431449180964
1.8064843750000001 0.4828500729553088
1.8065625000000001 0.4828570009761114
1.8066406250000000 0.4828639290163279
1.8067187499999999 0.4828708570401254
1.8067968750000001 0.4828777850833432
1.8068750000000000 0.4828847131101334
1.8069531249999999 0.4828916411563497
1.8070312500000001 0.4828985691861306
1.8071093750000000 0.4829054972353430
1.8071874999999999 0.4829124252681117
1.8072656250000001 0.4829193533203179
1.8073437500000000 0.4829262813560720
1.8074218750000000 0.4829332094112694
1.8075000000000001 0.4829401374500066
1.8075781250000000 0.4829470655081928
1.8076562500000000 0.4829539935499106
1.8077343750000001 0.4829609216110831
1.8078125000000000 0.4829678496557793
1.8078906250000000 0.4829747777199352
1.8079687500000001 0.4829817057676073
1.8080468750000001 0.4829886338347444
1.8081250000000000 0.4829955618853902
1.8082031250000001 0.4830024899555058
1.8082812500000001 0.4830094180091229
1.8083593750000000 0.4830163460822143
1.8084375000000001 0.4830232741388005
1.8085156250000001 0.4830302022148651
1.8085937500000000 0.4830371302744181
1.8086718749999999 0.4830440583534533
1.8087500000000001 0.4830509864159707
1.8088281250000000 0.4830579144979740
1.8089062499999999 0.4830648425634534
1.8089843750000001 0.4830717706484223
1.8090625000000000 0.4830786987168614
1.8091406249999999 0.4830856268047934
1.8092187500000001 0.4830925548761897
1.8092968750000000 0.4830994829670822
1.8093750000000000 0.4831064110414334
1.8094531250000001 0.4831133391352840
1.8095312500000000 0.4831202672125876
1.8096093750000000 0.4831271953093937
1.8096875000000001 0.4831341233896473
1.8097656250000000 0.4831410514894066
1.8098437500000000 0.4831479795726080
1.8099218750000001 0.4831549076753174
1.8100000000000001 0.4831618357614643
1.8100781250000000 0.4831687638671215
1.8101562500000001 0.4831756919562116
1.8102343750000001 0.4831826200648140
1.8103125000000000 0.4831895481568448
1.8103906250000001 0.4831964762683900
1.8104687500000001 0.4832034043633591
1.8105468750000000 0.4832103324778443
1.8106249999999999 0.4832172605757498
1.8107031250000001 0.4832241886931723
1.8107812500000000 0.4832311167940115
1.8108593749999999 0.4832380449143691
1.8109375000000001 0.4832449730181395
1.8110156250000000 0.4832519011414298
1.8110937499999999 0.4832588292481290
1.8111718750000001 0.4832657573743494
1.8112500000000000 0.4832726854839752
1.8113281250000000 0.4832796136131229
1.8114062500000001 0.4832865417256729
1.8114843750000000 0.4832934698577456
1.8115625000000000 0.4833003979732172
1.8116406250000001 0.4833073261082125
1.8117187500000000 0.4833142542266034
1.8117968750000000 0.4833211823645187
1.8118750000000001 0.4833281104858266
1.8119531250000001 0.4833350386266593
1.8120312500000000 0.4833419667508817
1.8121093750000001 0.4833488948946293
1.8121875000000001 0.4833558230217641
1.8122656250000000 0.4833627511684239
1.8123437500000001 0.4833696792984687
1.8124218750000001 0.4833766074480381
1.8125000000000000 0.4833835355809906
1.8125781249999999 0.4833904637334672
1.8126562500000001 0.4833973918693248
1.8127343750000000 0.4834043200247060
1.8128124999999999 0.4834112481634666
1.8128906250000001 0.4834181763217498
1.8129687500000000 0.4834251044634110
1.8130468749999999 0.4834320326245936
1.8131250000000001 0.4834389607691531
1.8132031250000000 0.4834458889332326
1.8132812500000000 0.4834528170806879
1.8133593750000001 0.4834597452476618
1.8134375000000000 0.4834666733980107
1.8135156250000000 0.4834736015678763
1.8135937500000001 0.4834805297211163
1.8136718750000000 0.4834874578938716
1.8137500000000000 0.4834943860499999
1.8138281250000001 0.4835013142256423
1.8139062500000001 0.4835082423846568
1.8139843750000000 0.4835151705631835
1.8140625000000001 0.4835220987250820
1.8141406250000001 0.4835290269064906
1.8142187500000000 0.4835359550712706
1.8142968750000001 0.4835428832555583
1.8143750000000001 0.4835498114232177
1.8144531250000000 0.4835567396103820
1.8145312499999999 0.4835636677809182
1.8146093750000001 0.4835705959709568
1.8146875000000000 0.4835775241443675
1.8147656249999999 0.4835844523372776
1.8148437500000001 0.4835913805135604
1.8149218750000000 0.4835983087093398
1.8149999999999999 0.4836052368884921
1.8150781250000001 0.4836121650871384
1.8151562500000000 0.4836190932691576
1.8152343750000000 0.4836260214706685
1.8153125000000001 0.4836329496555523
1.8153906250000000 0.4836398778599250
1.8154687500000000 0.4836468060476712
1.8155468750000001 0.4836537342549030
1.8156250000000000 0.4836606624455091
1.8157031250000000 0.4836675906555980
1.8157812500000001 0.4836745188490614
1.8158593750000001 0.4836814470620046
1.8159375000000000 0.4836883752583234
1.8160156250000001 0.4836953034741182
1.8160937500000001 0.4837022316732896
1.8161718750000000 0.4837091598919338
1.8162500000000001 0.4837160880939556
1.8163281250000001 0.4837230163154465
1.8164062500000000 0.4837299445203164
1.8164843749999999 0.4837368727446512
1.8165625000000001 0.4837438009523670
1.8166406250000000 0.4837507291795435
1.8167187499999999 0.4837576573901025
1.8167968750000001 0.4837645856201181
1.8168750000000000 0.4837715138335181
1.8169531249999999 0.4837784420663703
1.8170312500000001 0.4837853702826088
1.8171093750000000 0.4837922985182950
1.8171875000000000 0.4837992267373696
1.8172656250000001 0.4838061549758874
1.8173437500000000 0.4838130831977959
1.8174218750000000 0.4838200114391428
1.8175000000000001 0.4838269396638823
1.8175781250000000 0.4838338679080560
1.8176562500000000 0.4838407961356246
1.8177343750000001 0.4838477243826222
1.8178125000000001 0.4838546526130174
1.8178906250000000 0.4838615808628365
1.8179687500000001 0.4838685090960559
1.8180468750000001 0.4838754373486939
1.8181250000000000 0.4838823655847352
1.8182031250000001 0.4838892938401898
1.8182812500000001 0.4838962220790505
1.8183593750000000 0.4839031503373191
1.8184374999999999 0.4839100785789968
1.8185156250000001 0.4839170068400769
1.8185937500000000 0.4839239350845690
1.8186718749999999 0.4839308633484584
1.8187500000000001 0.4839377915957627
1.8188281250000000 0.4839447198624586
1.8189062499999999 0.4839516481125726
1.8189843750000001 0.4839585763820726
1.8190625000000000 0.4839655046349939
1.8191406250000000 0.4839724329072958
1.8192187500000001 0.4839793611630216
1.8192968750000000 0.4839862894381228
1.8193750000000000 0.4839932176966510
1.8194531250000001 0.4840001459745489
1.8195312500000000 0.4840070742358772
1.8196093750000000 0.4840140025165693
1.8196875000000001 0.4840209307806952
1.8197656250000001 0.4840278590641790
1.8198437500000000 0.4840347873311002
1.8199218750000001 0.4840417156173732
1.8200000000000001 0.4840486438870873
1.8200781250000000 0.4840555721761467
1.8201562500000001 0.4840625004486515
1.8202343750000001 0.4840694287404951
1.8203125000000000 0.4840763570157877
1.8203906249999999 0.4840832853104132
1.8204687500000001 0.4840902135884915
1.8205468750000000 0.4840971418858961
1.8206249999999999 0.4841040701667576
1.8207031250000001 0.4841109984669390
1.8207812500000000 0.4841179267505812
1.8208593749999999 0.4841248550535370
1.8209375000000001 0.4841317833399576
1.8210156250000000 0.4841387116456851
1.8210937500000000 0.4841456399348817
1.8211718750000001 0.4841525682433784
1.8212500000000000 0.4841594965353487
1.8213281250000000 0.4841664248466121
1.8214062500000001 0.4841733531413535
1.8214843750000000 0.4841802814553815
1.8215625000000000 0.4841872097528913
1.8216406250000001 0.4841941380696814
1.8217187500000001 0.4842010663699573
1.8217968750000000 0.4842079946895069
1.8218750000000001 0.4842149229925466
1.8219531250000001 0.4842218513148533
1.8220312500000000 0.4842287796206542
1.8221093750000001 0.4842357079457158
1.8221875000000001 0.4842426362542753
1.8222656250000000 0.4842495645820890
1.8223437499999999 0.4842564928934051
1.8224218750000001 0.4842634212239683
1.8225000000000000 0.4842703495380384
1.8225781249999999 0.4842772778713489
1.8226562500000001 0.4842842061881706
1.8227343750000000 0.4842911345242257
1.8228124999999999 0.4842980628437966
1.8228906250000001 0.4843049911825941
1.8229687500000000 0.4843119195049116
1.8230468750000000 0.4843188478464489
1.8231250000000001 0.4843257761715108
1.8232031250000000 0.4843327045157853
1.8232812500000000 0.4843396328435892
1.8233593750000001 0.4843465611905985
1.8234375000000000 0.4843534895211417
1.8235156250000000 0.4843604178708836
1.8235937500000001 0.4843673462041638
1.8236718750000001 0.4843742745566356
1.8237500000000000 0.4843812028926504
1.8238281250000001 0.4843881312478496
1.8239062500000001 0.4843950595865966
1.8239843750000000 0.4844019879445207
1.8240625000000001 0.4844089162859976
1.8241406250000001 0.4844158446466441
1.8242187500000000 0.4844227729908483
1.8242968749999999 0.4844297013542150
1.8243750000000001 0.4844366297011440
1.8244531250000000 0.4844435580672284
1.8245312499999999 0.4844504864168795
1.8246093750000001 0.4844574147856795
1.8246875000000000 0.4844643431380503
1.8247656249999999 0.4844712715095633
1.8248437500000001 0.4844781998646513
1.8249218750000000 0.4844851282388747
1.8250000000000000 0.4844920565966778
1.8250781250000001 0.4844989849736090
1.8251562500000000 0.4845059133341247
1.8252343750000000 0.4845128417137616
1.8253125000000001 0.4845197700769870
1.8253906250000000 0.4845266984593272
1.8254687500000000 0.4845336268252600
1.8255468750000001 0.4845405552103010
1.8256250000000001 0.4845474835789389
1.8257031250000000 0.4845544119666781
1.8257812500000001 0.4845613403380186
1.8258593750000001 0.4845682687284537
1.8259375000000000 0.4845751971024944
1.8260156250000001 0.4845821254956228
1.8260937500000001 0.4845890538723612
1.8261718750000000 0.4845959822681806
1.8262499999999999 0.4846029106476143
1.8263281250000001 0.4846098390461223
1.8264062500000000 0.4846167674282486
1.8264843749999999 0.4846236958294429
1.8265625000000001 0.4846306242142593
1.8266406250000000 0.4846375526181372
1.8267187499999999 0.4846444810056416
1.8267968750000001 0.4846514094122008
1.8268750000000000 0.4846583378023906
1.8269531250000000 0.4846652662116284
1.8270312500000001 0.4846721946045014
1.8271093750000000 0.4846791230164156
1.8271875000000000 0.4846860514119689
1.8272656250000001 0.4846929798265572
1.8273437500000000 0.4846999082247884
1.8274218750000000 0.4847068366420483
1.8275000000000001 0.4847137650429550
1.8275781250000001 0.4847206934628840
1.8276562500000000 0.4847276218664638
1.8277343750000001 0.4847345502890594
1.8278125000000001 0.4847414786953099
1.8278906250000000 0.4847484071205695
1.8279687500000001 0.4847553355294885
1.8280468750000001 0.4847622639574097
1.8281250000000000 0.4847691923689946
1.8282031249999999 0.4847761207995750
1.8282812500000001 0.4847830492138232
1.8283593750000000 0.4847899776470605
1.8284374999999999 0.4847969060639695
1.8285156250000001 0.4848038344998615
1.8285937500000000 0.4848107629194284
1.8286718749999999 0.4848176913579729
1.8287500000000001 0.4848246197801955
1.8288281250000000 0.4848315482213896
1.8289062500000000 0.4848384766462655
1.8289843750000001 0.4848454050901073
1.8290625000000000 0.4848523335176337
1.8291406250000000 0.4848592619641206
1.8292187500000001 0.4848661903942950
1.8292968750000000 0.4848731188434248
1.8293750000000000 0.4848800472762449
1.8294531250000001 0.4848869757280148
1.8295312500000001 0.4848939041634783
1.8296093750000000 0.4849008326178859
1.8296875000000001 0.4849077610559902
1.8297656250000001 0.4849146895130332
1.8298437500000000 0.4849216179537759
1.8299218750000001 0.4849285464134518
1.8300000000000001 0.4849354748568304
1.8300781250000000 0.4849424033191368
1.8301562499999999 0.4849493317651488
1.8302343750000001 0.4849562602300834
1.8303125000000000 0.4849631886787262
1.8303906249999999 0.4849701171462866
1.8304687500000001 0.4849770455975578
1.8305468750000000 0.4849839740677416
1.8306249999999999 0.4849909025216386
1.8307031250000001 0.4849978309944434
1.8307812500000000 0.4850047594509638
1.8308593750000000 0.4850116879263871
1.8309375000000001 0.4850186163855285
1.8310156250000000 0.4850255448635680
1.8310937500000000 0.4850324733253277
1.8311718750000001 0.4850394018059811
1.8312500000000000 0.4850463302703568
1.8313281250000000 0.4850532587536215
1.8314062500000001 0.4850601872206106
1.8314843750000001 0.4850671157064842
1.8315625000000000 0.4850740441760844
1.8316406250000001 0.4850809726645645
1.8317187500000001 0.4850879011367731
1.8317968750000000 0.4850948296278575
1.8318750000000001 0.4851017581026720
1.8319531250000001 0.4851086865963582
1.8320312500000000 0.4851156150737762
1.8321093749999999 0.4851225435700616
1.8321875000000001 0.4851294720500808
1.8322656250000000 0.4851364005489632
1.8323437499999999 0.4851433290315809
1.8324218750000001 0.4851502575330578
1.8325000000000000 0.4851571860182716
1.8325781249999999 0.4851641145223407
1.8326562500000001 0.4851710430101480
1.8327343750000000 0.4851779715168068
1.8328125000000000 0.4851849000072051
1.8328906250000001 0.4851918285164515
1.8329687500000000 0.4851987570094382
1.8330468750000000 0.4852056855212696
1.8331250000000001 0.4852126140168423
1.8332031250000000 0.4852195425312564
1.8332812500000000 0.4852264710294127
1.8333593750000001 0.4852333995464070
1.8334375000000001 0.4852403280471443
1.8335156250000000 0.4852472565667164
1.8335937500000001 0.4852541850700324
1.8336718750000001 0.4852611135921799
1.8337500000000000 0.4852680420980720
1.8338281250000001 0.4852749706227926
1.8339062500000001 0.4852818991312580
1.8339843750000000 0.4852888276585494
1.8340624999999999 0.4852957561695859
1.8341406250000001 0.4853026846994457
1.8342187500000000 0.4853096132130507
1.8342968749999999 0.4853165417454763
1.8343750000000001 0.4853234702616472
1.8344531250000000 0.4853303987966367
1.8345312499999999 0.4853373273153710
1.8346093750000001 0.4853442558529216
1.8346875000000000 0.4853511843742169
1.8347656250000000 0.4853581129143263
1.8348437500000001 0.4853650414381802
1.8349218750000000 0.4853719699808460
1.8350000000000000 0.4853788985072559
1.8350781250000001 0.4853858270524757
1.8351562500000000 0.4853927555814390
1.8352343750000000 0.4853996841292106
1.8353125000000001 0.4854066126607248
1.8353906250000001 0.4854135412110457
1.8354687500000000 0.4854204697451085
1.8355468750000001 0.4854273982979762
1.8356250000000001 0.4854343268345849
1.8357031250000000 0.4854412553899971
1.8357812500000001 0.4854481839291495
1.8358593750000001 0.4854551124871036
1.8359375000000000 0.4854620410287972
1.8360156249999999 0.4854689695892909
1.8360937500000001 0.4854758981335230
1.8361718750000000 0.4854828266965540
1.8362499999999999 0.4854897552433222
1.8363281250000001 0.4854966838088881
1.8364062500000000 0.4855036123581900
1.8364843749999999 0.4855105409262881
1.8365625000000001 0.4855174694781211
1.8366406250000000 0.4855243980487495
1.8367187500000000 0.4855313266031110
1.8367968750000001 0.4855382551762671
1.8368750000000000 0.4855451837331547
1.8369531250000000 0.4855521123088363
1.8370312500000001 0.4855590408682473
1.8371093750000000 0.4855659694464519
1.8371875000000000 0.4855728980083839
1.8372656250000001 0.4855798265891093
1.8373437500000001 0.4855867551535596
1.8374218750000000 0.4855936837368034
1.8375000000000001 0.4856006123037697
1.8375781250000001 0.4856075408895293
1.8376562500000000 0.4856144694590090
1.8377343750000001 0.4856213980472823
1.8378125000000001 0.4856283266192732
1.8378906250000000 0.4856352552100573
1.8379687499999999 0.4856421837845567
1.8380468750000001 0.4856491123778497
1.8381250000000000 0.4856560409548550
1.8382031249999999 0.4856629695506545
1.8382812500000001 0.4856698981301631
1.8383593750000000 0.4856768267284667
1.8384374999999999 0.4856837553104763
1.8385156250000001 0.4856906839112816
1.8385937500000000 0.4856976124957894
1.8386718750000000 0.4857045410990942
1.8387500000000001 0.4857114696860977
1.8388281250000000 0.4857183982918994
1.8389062500000000 0.4857253268813966
1.8389843750000001 0.4857322554896928
1.8390625000000000 0.4857391840816809
1.8391406250000000 0.4857461126924691
1.8392187500000001 0.4857530412869459
1.8392968750000001 0.4857599699002236
1.8393750000000000 0.4857668984971863
1.8394531250000001 0.4857738271129517
1.8395312500000001 0.4857807557123974
1.8396093750000000 0.4857876843306480
1.8396875000000001 0.4857946129325745
1.8397656250000001 0.4858015415533078
1.8398437500000000 0.4858084701577127
1.8399218749999999 0.4858153987809264
1.8400000000000001 0.4858223273878071
1.8400781250000000 0.4858292560134986
1.8401562499999999 0.4858361846228527
1.8402343750000001 0.4858431132510200
1.8403125000000000 0.4858500418628447
1.8403906249999999 0.4858569704934853
1.8404687500000001 0.4858638991077782
1.8405468750000000 0.4858708277408895
1.8406250000000000 0.4858777563576484
1.8407031250000001 0.4858846849932282
1.8407812500000000 0.4858916136124504
1.8408593750000000 0.4858985422504961
1.8409375000000001 0.4859054708721792
1.8410156250000000 0.4859123995126886
1.8410937500000000 0.4859193281368299
1.8411718750000001 0.4859262567798006
1.8412500000000001 0.4859331854063977
1.8413281250000000 0.4859401140518275
1.8414062500000001 0.4859470426808778
1.8414843750000001 0.4859539713287642
1.8415625000000000 0.4859608999602653
1.8416406250000001 0.4859678286106058
1.8417187500000001 0.4859747572445553
1.8417968750000000 0.4859816858973475
1.8418749999999999 0.4859886145337428
1.8419531250000001 0.4859955431889844
1.8420312500000000 0.4860024718278231
1.8421093749999999 0.4860094004855118
1.8421875000000001 0.4860163291267911
1.8422656250000000 0.4860232577869246
1.8423437499999999 0.4860301864306422
1.8424218750000001 0.4860371150932180
1.8425000000000000 0.4860440437393713
1.8425781250000000 0.4860509724043870
1.8426562500000001 0.4860579010529734
1.8427343750000000 0.4860648297204270
1.8428125000000000 0.4860717583714440
1.8428906250000001 0.4860786870413329
1.8429687500000000 0.4860856156947780
1.8430468750000000 0.4860925443670996
1.8431250000000001 0.4860994730229706
1.8432031250000001 0.4861064016977227
1.8432812500000000 0.4861133303560168
1.8433593750000001 0.4861202590331971
1.8434375000000001 0.4861271876939119
1.8435156250000000 0.4861341163735178
1.8435937500000001 0.4861410450366510
1.8436718750000001 0.4861479737186801
1.8437500000000000 0.4861549023842291
1.8438281249999999 0.4861618310686789
1.8439062500000001 0.4861687597366413
1.8439843750000000 0.4861756884235097
1.8440624999999999 0.4861826170938829
1.8441406250000001 0.4861895457831673
1.8442187500000000 0.4861964744559490
1.8442968749999999 0.4862034031476468
1.8443750000000001 0.4862103318228345
1.8444531250000000 0.4862172605169436
1.8445312500000000 0.4862241891945346
1.8446093750000001 0.4862311178910527
1.8446875000000000 0.4862380465710445
1.8447656250000000 0.4862449752699694
1.8448437500000001 0.4862519039523592
1.8449218750000000 0.4862588326536885
1.8450000000000000 0.4862657613384738
1.8450781250000001 0.4862726900422054
1.8451562500000001 0.4862796187293838
1.8452343750000000 0.4862865474355148
1.8453125000000001 0.4862934761250840
1.8453906250000001 0.4863004048336121
1.8454687500000000 0.4863073335255697
1.8455468750000001 0.4863142622364925
1.8456250000000001 0.4863211909308357
1.8457031250000000 0.4863281196441510
1.8457812499999999 0.4863350483408774
1.8458593750000001 0.4863419770565828
1.8459375000000000 0.4863489057556899
1.8460156249999999 0.4863558344737832
1.8460937500000001 0.4863627631752682
1.8461718750000000 0.4863696918957469
1.8462499999999999 0.4863766205996076
1.8463281250000001 0.4863835493224691
1.8464062500000000 0.4863904780287033
1.8464843750000000 0.4863974067539451
1.8465625000000001 0.4864043354625501
1.8466406250000000 0.4864112641901700
1.8467187500000000 0.4864181929011434
1.8467968750000001 0.4864251216311389
1.8468750000000000 0.4864320503444781
1.8469531250000000 0.4864389790768469
1.8470312500000001 0.4864459077925494
1.8471093750000001 0.4864528365272892
1.8471875000000000 0.4864597652453524
1.8472656250000001 0.4864666939824608
1.8473437500000001 0.4864736227028825
1.8474218750000000 0.4864805514423569
1.8475000000000001 0.4864874801651344
1.8475781250000001 0.4864944089069728
1.8476562500000000 0.4865013376321034
1.8477343749999999 0.4865082663763032
1.8478125000000001 0.4865151951037849
1.8478906250000000 0.4865221238503437
1.8479687499999999 0.4865290525801736
1.8480468750000001 0.4865359813290890
1.8481250000000000 0.4865429100612650
1.8482031249999999 0.4865498388125344
1.8482812500000001 0.4865567675470537
1.8483593750000000 0.4865636963006753
1.8484375000000000 0.4865706250375352
1.8485156250000001 0.4865775537935064
1.8485937500000000 0.4865844825327048
1.8486718750000000 0.4865914112910230
1.8487500000000001 0.4865983400325574
1.8488281250000000 0.4866052687932200
1.8489062500000000 0.4866121975370881
1.8489843750000001 0.4866191263000931
1.8490625000000001 0.4866260550462920
1.8491406250000000 0.4866329838116368
1.8492187500000001 0.4866399125601645
1.8492968750000001 0.4866468413278464
1.8493750000000000 0.4866537700787004
1.8494531250000001 0.4866606988487172
1.8495312500000001 0.4866676276018949
1.8496093750000000 0.4866745563742443
1.8496874999999999 0.4866814851297432
1.8497656250000001 0.4866884139044229
1.8498437500000000 0.4866953426622402
1.8499218749999999 0.4867022714392479
1.8500000000000001 0.4867092001993814
1.8500781250000000 0.4867161289787146
1.8501562499999999 0.4867230577411617
1.8502343750000001 0.4867299865228179
1.8503125000000000 0.4867369152875763
1.8503906250000000 0.4867438440715532
1.8504687500000001 0.4867507728386202
1.8505468750000000 0.4867577016249154
1.8506250000000000 0.4867646303942886
1.8507031250000001 0.4867715591828998
1.8507812500000000 0.4867784879545768
1.8508593750000000 0.4867854167455013
1.8509375000000001 0.4867923455194798
1.8510156250000001 0.4867992743127154
1.8510937500000000 0.4868062030889928
1.8511718750000001 0.4868131318845367
1.8512500000000001 0.4868200606631106
1.8513281250000000 0.4868269894609609
1.8514062500000001 0.4868339182418287
1.8514843750000001 0.4868408470419829
1.8515625000000000 0.4868477758251420
1.8516406249999999 0.4868547046275977
1.8517187500000001 0.4868616334130458
1.8517968750000000 0.4868685622178005
1.8518749999999999 0.4868754910055351
1.8519531250000001 0.4868824198125865
1.8520312500000000 0.4868893486026051
1.8521093749999999 0.4868962774119506
1.8521875000000001 0.4869032062042510
1.8522656250000000 0.4869101350158881
1.8523437500000000 0.4869170638104677
1.8524218750000001 0.4869239926243943
1.8525000000000000 0.4869309214212507
1.8525781250000000 0.4869378502374639
1.8526562500000001 0.4869447790365947
1.8527343750000000 0.4869517078550926
1.8528125000000000 0.4869586366564950
1.8528906250000001 0.4869655654772749
1.8529687500000001 0.4869724942809467
1.8530468750000000 0.4869794231040064
1.8531250000000001 0.4869863519099452
1.8532031250000001 0.4869932807352819
1.8532812500000000 0.4870002095434852
1.8533593750000001 0.4870071383710969
1.8534375000000001 0.4870140671815621
1.8535156250000000 0.4870209960114463
1.8535937499999999 0.4870279248241710
1.8536718750000001 0.4870348536563250
1.8537500000000000 0.4870417824713071
1.8538281249999999 0.4870487113057286
1.8539062500000001 0.4870556401229653
1.8539843750000000 0.4870625689596520
1.8540624999999999 0.4870694977791410
1.8541406250000001 0.4870764266180902
1.8542187500000000 0.4870833554398290
1.8542968750000000 0.4870902842810386
1.8543750000000001 0.4870972131050246
1.8544531250000000 0.4871041419484921
1.8545312500000000 0.4871110707747230
1.8546093750000001 0.4871179996204461
1.8546875000000000 0.4871249284489194
1.8547656250000000 0.4871318572968955
1.8548437500000001 0.4871387861276087
1.8549218750000001 0.4871457149778353
1.8550000000000000 0.4871526438107860
1.8550781250000001 0.4871595726632610
1.8551562500000001 0.4871665014984467
1.8552343750000000 0.4871734303531676
1.8553125000000001 0.4871803591905856
1.8553906250000001 0.4871872880475500
1.8554687500000000 0.4871942168871983
1.8555468749999999 0.4872011457464036
1.8556250000000001 0.4872080745882796
1.8557031250000000 0.4872150034497235
1.8557812499999999 0.4872219322938244
1.8558593750000001 0.4872288611575047
1.8559375000000000 0.4872357900038284
1.8560156249999999 0.4872427188697423
1.8560937500000001 0.4872496477182864
1.8561718750000000 0.4872565765864315
1.8562500000000000 0.4872635054371938
1.8563281250000001 0.4872704343075674
1.8564062500000000 0.4872773631605454
1.8564843750000000 0.4872842920331451
1.8565625000000001 0.4872912208883364
1.8566406250000000 0.4872981497631600
1.8567187500000000 0.4873050786205620
1.8567968750000001 0.4873120074976071
1.8568750000000001 0.4873189363572172
1.8569531250000000 0.4873258652364813
1.8570312500000001 0.4873327940982974
1.8571093750000001 0.4873397229797780
1.8571875000000000 0.4873466518437975
1.8572656250000001 0.4873535807274923
1.8573437500000001 0.4873605095937127
1.8574218750000000 0.4873674384796192
1.8574999999999999 0.4873743673480381
1.8575781250000001 0.4873812962361539
1.8576562500000000 0.4873882251067690
1.8577343749999999 0.4873951539970913
1.8578125000000001 0.4874020828699004
1.8578906250000000 0.4874090117624271
1.8579687499999999 0.4874159406374271
1.8580468750000001 0.4874228695321561
1.8581250000000000 0.4874297984093446
1.8582031250000000 0.4874367273062734
1.8582812500000001 0.4874436561856483
1.8583593750000000 0.4874505850847738
1.8584375000000000 0.4874575139663330
1.8585156250000001 0.4874644428676531
1.8585937500000000 0.4874713717513938
1.8586718750000000 0.4874783006549062
1.8587500000000001 0.4874852295408258
1.8588281250000001 0.4874921584465280
1.8589062500000000 0.4874990873346243
1.8589843750000001 0.4875060162425139
1.8590625000000001 0.4875129451327843
1.8591406250000000 0.4875198740428588
1.8592187500000001 0.4875268029353011
1.8592968750000001 0.4875337318475581
1.8593750000000000 0.4875406607421696
1.8594531249999999 0.4875475896566067
1.8595312500000001 0.4875545185533852
1.8596093750000000 0.4875614474699997
1.8596874999999999 0.4875683763689429
1.8597656250000001 0.4875753052877324
1.8598437500000000 0.4875822341888378
1.8599218749999999 0.4875891631097998
1.8600000000000001 0.4875960920130651
1.8600781250000000 0.4876030209361975
1.8601562500000000 0.4876099498416196
1.8602343750000001 0.4876168787669201
1.8603125000000000 0.4876238076744969
1.8603906250000000 0.4876307366019627
1.8604687500000001 0.4876376655116920
1.8605468750000000 0.4876445944413207
1.8606250000000000 0.4876515233532000
1.8607031250000001 0.4876584522849891
1.8607812500000001 0.4876653811990160
1.8608593750000000 0.4876723101329631
1.8609375000000001 0.4876792390491352
1.8610156250000001 0.4876861679852380
1.8610937500000000 0.4876930969035527
1.8611718750000001 0.4877000258418085
1.8612500000000001 0.4877069547622636
1.8613281250000000 0.4877138837026701
1.8614062499999999 0.4877208126252631
1.8614843750000001 0.4877277415678178
1.8615625000000000 0.4877346704925464
1.8616406249999999 0.4877415994372467
1.8617187500000001 0.4877485283641085
1.8617968750000000 0.4877554573109519
1.8618749999999999 0.4877623862399446
1.8619531250000001 0.4877693151889288
1.8620312500000000 0.4877762441200498
1.8621093750000000 0.4877831730711722
1.8621875000000001 0.4877901020044191
1.8622656250000000 0.4877970309576775
1.8623437500000000 0.4878039598930479
1.8624218750000001 0.4878108888484397
1.8625000000000000 0.4878178177859313
1.8625781250000000 0.4878247467434538
1.8626562500000001 0.4878316756830644
1.8627343750000001 0.4878386046427152
1.8628125000000000 0.4878455335844421
1.8628906250000001 0.4878524625462189
1.8629687500000001 0.4878593914900599
1.8630468750000000 0.4878663204539600
1.8631250000000001 0.4878732493999126
1.8632031250000001 0.4878801783659338
1.8632812500000000 0.4878871073139956
1.8633593749999999 0.4878940362821353
1.8634375000000001 0.4879009652323039
1.8635156250000000 0.4879078942025596
1.8635937499999999 0.4879148231548326
1.8636718750000001 0.4879217521272020
1.8637500000000000 0.4879286810815769
1.8638281249999999 0.4879356100560575
1.8639062500000001 0.4879425390125322
1.8639843750000000 0.4879494679891213
1.8640625000000000 0.4879563969476932
1.8641406250000001 0.4879633259263886
1.8642187500000000 0.4879702548870552
1.8642968750000000 0.4879771838678542
1.8643750000000001 0.4879841128306135
1.8644531250000000 0.4879910418135135
1.8645312500000000 0.4879979707783629
1.8646093750000001 0.4880048997633618
1.8646875000000001 0.4880118287302988
1.8647656250000000 0.4880187577173941
1.8648437500000001 0.4880256866864162
1.8649218750000001 0.4880326156756054
1.8650000000000000 0.4880395446467104
1.8650781250000001 0.4880464736379908
1.8651562500000001 0.4880534026111764
1.8652343750000000 0.4880603316045456
1.8653124999999999 0.4880672605798094
1.8653906250000001 0.4880741895752649
1.8654687500000000 0.4880811185526044
1.8655468749999999 0.4880880475501441
1.8656250000000001 0.4880949765295566
1.8657031250000000 0.4881019055291778
1.8657812499999999 0.4881088345106614
1.8658593750000001 0.4881157635123614
1.8659375000000000 0.4881226924959136
1.8660156250000000 0.4881296214996902
1.8660937500000001 0.4881365504853085
1.8661718750000000 0.4881434794911592
1.8662500000000000 0.4881504084788411
1.8663281250000001 0.4881573374867634
1.8664062500000000 0.4881642664765067
1.8664843750000000 0.4881711954864982
1.8665625000000001 0.4881781244783004
1.8666406250000001 0.4881850534903584
1.8667187500000000 0.4881919824842175
1.8667968750000001 0.4881989114983394
1.8668750000000001 0.4882058404942525
1.8669531250000000 0.4882127695104365
1.8670312500000001 0.4882196985084011
1.8671093750000001 0.4882266275266446
1.8671875000000000 0.4882335565266584
1.8672656249999999 0.4882404855469586
1.8673437500000001 0.4882474145490195
1.8674218750000000 0.4882543435713740
1.8674999999999999 0.4882612725754795
1.8675781250000001 0.4882682015998858
1.8676562500000000 0.4882751306060336
1.8677343749999999 0.4882820596324891
1.8678125000000001 0.4882889886406768
1.8678906250000000 0.4882959176691792
1.8679687500000000 0.4883028466794045
1.8680468750000001 0.4883097757099510
1.8681250000000000 0.4883167047222114
1.8682031250000000 0.4883236337547999
1.8682812500000001 0.4883305627690931
1.8683593750000000 0.4883374918037209
1.8684375000000000 0.4883444208200443
1.8685156250000001 0.4883513498567091
1.8685937500000001 0.4883582788750606
1.8686718750000000 0.4883652079137598
1.8687500000000001 0.4883721369341369
1.8688281250000001 0.4883790659748678
1.8689062500000000 0.4883859949972684
1.8689843750000001 0.4883929240400284
1.8690625000000001 0.4883998530644502
1.8691406250000000 0.4884067821092372
1.8692187499999999 0.4884137111356773
1.8692968750000001 0.4884206401824887
1.8693750000000000 0.4884275692109450
1.8694531249999999 0.4884344982597783
1.8695312500000001 0.4884414272902486
1.8696093750000000 0.4884483563411011
1.8696874999999999 0.4884552853735830
1.8697656250000001 0.4884622144264523
1.8698437500000000 0.4884691434609433
1.8699218750000000 0.4884760725158270
1.8700000000000001 0.4884830015523248
1.8700781250000000 0.4884899306092205
1.8701562500000000 0.4884968596477223
1.8702343750000001 0.4885037887066278
1.8703125000000000 0.4885107177471315
1.8703906250000000 0.4885176468080439
1.8704687500000001 0.4885245758505470
1.8705468750000001 0.4885315049134643
1.8706250000000000 0.4885384339579641
1.8707031250000001 0.4885453630228839
1.8707812500000001 0.4885522920693781
1.8708593750000000 0.4885592211362977
1.8709375000000001 0.4885661501847843
1.8710156250000001 0.4885730792537009
1.8710937500000000 0.4885800083041774
1.8711718749999999 0.4885869373750888
1.8712500000000001 0.4885938664275530
1.8713281250000000 0.4886007955004565
1.8714062499999999 0.4886077245549059
1.8714843750000001 0.4886146536297991
1.8715625000000000 0.4886215826862313
1.8716406249999999 0.4886285117631116
1.8717187500000001 0.4886354408215245
1.8717968750000000 0.4886423699003893
1.8718750000000000 0.4886492989607805
1.8719531250000001 0.4886562280416275
1.8720312500000000 0.4886631571039943
1.8721093750000000 0.4886700861868212
1.8721875000000001 0.4886770152511613
1.8722656250000000 0.4886839443359656
1.8723437500000000 0.4886908734022763
1.8724218750000001 0.4886978024890556
1.8725000000000001 0.4887047315573351
1.8725781250000000 0.4887116606460865
1.8726562500000001 0.4887185897163323
1.8727343750000001 0.4887255188070535
1.8728125000000000 0.4887324478792630
1.8728906250000001 0.4887393769719516
1.8729687500000001 0.4887463060461227
1.8730468750000000 0.4887532351407760
1.8731249999999999 0.4887601642169063
1.8732031250000001 0.4887670933135218
1.8732812500000000 0.4887740223916091
1.8733593749999999 0.4887809514901844
1.8734375000000001 0.4887878805702259
1.8735156250000000 0.4887948096707587
1.8735937499999999 0.4888017387527521
1.8736718750000001 0.4888086678552400
1.8737500000000000 0.4888155969391828
1.8738281250000000 0.4888225260436234
1.8739062500000001 0.4888294551295133
1.8739843750000000 0.4888363842359036
1.8740625000000000 0.4888433133237386
1.8741406250000001 0.4888502424320764
1.8742187500000000 0.4888571715218537
1.8742968750000000 0.4888641006321366
1.8743750000000001 0.4888710297238539
1.8744531250000001 0.4888779588360795
1.8745312500000000 0.4888848879297343
1.8746093750000001 0.4888918170439001
1.8746875000000001 0.4888987461394902
1.8747656250000000 0.4889056752555935
1.8748437500000001 0.4889126043531166
1.8749218750000001 0.4889195334711550
1.8750000000000000 0.4889264625706086
1.8750781249999999 0.4889333916905796
1.8751562500000001 0.4889403207919614
1.8752343750000000 0.4889472499138627
1.8753124999999999 0.4889541790171701
1.8753906250000001 0.4889611081409992
1.8754687500000000 0.4889680372462298
1.8755468749999999 0.4889749663719842
1.8756250000000001 0.4889818954791361
1.8757031250000000 0.4889888246068129
1.8757812500000000 0.4889957537158836
1.8758593750000001 0.4890026828454806
1.8759375000000000 0.4890096119564676
1.8760156250000000 0.4890165410879823
1.8760937500000001 0.4890234702008832
1.8761718750000000 0.4890303993343132
1.8762500000000000 0.4890373284491256
1.8763281250000001 0.4890442575844686
1.8764062500000001 0.4890511867011900
1.8764843750000000 0.4890581158384432
1.8765625000000001 0.4890650449570714
1.8766406250000001 0.4890719740962325
1.8767187500000000 0.4890789032167653
1.8767968750000001 0.4890858323578315
1.8768750000000001 0.4890927614802664
1.8769531250000000 0.4890996906232356
1.8770312499999999 0.4891066197475701
1.8771093750000001 0.4891135488924396
1.8771875000000000 0.4891204780186713
1.8772656249999999 0.4891274071654389
1.8773437500000001 0.4891343362935655
1.8774218750000000 0.4891412654422285
1.8774999999999999 0.4891481945722476
1.8775781250000001 0.4891551237228034
1.8776562500000000 0.4891620528547128
1.8777343750000000 0.4891689820071592
1.8778125000000001 0.4891759111409562
1.8778906250000000 0.4891828402952907
1.8779687500000000 0.4891897694309728
1.8780468750000001 0.4891966985871931
1.8781250000000000 0.4892036277247582
1.8782031250000000 0.4892105568828615
1.8782812500000001 0.4892174860223071
1.8783593750000001 0.4892244151822912
1.8784375000000000 0.4892313443236148
1.8785156250000001 0.4892382734854773
1.8785937500000001 0.4892452026286765
1.8786718750000000 0.4892521317924147
1.8787500000000001 0.4892590609374875
1.8788281250000001 0.4892659901030988
1.8789062500000000 0.4892729192500426
1.8789843749999999 0.4892798484175247
1.8790625000000001 0.4892867775663371
1.8791406250000000 0.4892937067356877
1.8792187499999999 0.4893006358863662
1.8792968750000001 0.4893075650575826
1.8793750000000000 0.4893144942101251
1.8794531249999999 0.4893214233832047
1.8795312500000001 0.4893283525376086
1.8796093750000000 0.4893352817125493
1.8796875000000000 0.4893422108688121
1.8797656250000001 0.4893491400456114
1.8798437500000000 0.4893560692037308
1.8799218750000000 0.4893629983823862
1.8800000000000001 0.4893699275423597
1.8800781250000000 0.4893768567228687
1.8801562500000000 0.4893837858846941
1.8802343750000001 0.4893907150670542
1.8803125000000001 0.4893976442307290
1.8803906250000000 0.4894045734149378
1.8804687500000001 0.4894115025804596
1.8805468750000001 0.4894184317665147
1.8806250000000000 0.4894253609338812
1.8807031250000001 0.4894322901217799
1.8807812500000001 0.4894392192909888
1.8808593750000000 0.4894461484807287
1.8809374999999999 0.4894530776517774
1.8810156250000001 0.4894600068433563
1.8810937500000000 0.4894669360162422
1.8811718749999999 0.4894738652096576
1.8812500000000001 0.4894807943843786
1.8813281250000000 0.4894877235796278
1.8814062499999999 0.4894946527561816
1.8814843750000001 0.4895015819532623
1.8815625000000000 0.4895085111316463
1.8816406250000000 0.4895154403305559
1.8817187500000001 0.4895223695107679
1.8817968750000000 0.4895292987115040
1.8818750000000000 0.4895362278935416
1.8819531250000001 0.4895431570961017
1.8820312500000000 0.4895500862799624
1.8821093750000000 0.4895570154843441
1.8821875000000001 0.4895639446700256
1.8822656250000001 0.4895708738762262
1.8823437500000000 0.4895778030637262
1.8824218750000001 0.4895847322717436
1.8825000000000001 0.4895916614610594
1.8825781250000000 0.4895985906708910
1.8826562500000001 0.4896055198620204
1.8827343750000001 0.4896124490736637
1.8828125000000000 0.4896193782666042
1.8828906249999999 0.4896263074800570
1.8829687500000001 0.4896332366748061
1.8830468750000000 0.4896401658900658
1.8831249999999999 0.4896470950866212
1.8832031250000001 0.4896540243036854
1.8832812500000000 0.4896609535020446
1.8833593749999999 0.4896678827209110
1.8834375000000001 0.4896748119210716
1.8835156250000000 0.4896817411417375
1.8835937500000000 0.4896886703436971
1.8836718750000001 0.4896955995661603
1.8837500000000000 0.4897025287699165
1.8838281250000000 0.4897094579941744
1.8839062500000001 0.4897163871997249
1.8839843750000000 0.4897233164257750
1.8840625000000000 0.4897302456331173
1.8841406250000001 0.4897371748609574
1.8842187500000001 0.4897441040700887
1.8842968750000000 0.4897510332997164
1.8843750000000001 0.4897579625106347
1.8844531250000001 0.4897648917420474
1.8845312500000000 0.4897718209547502
1.8846093750000001 0.4897787501879455
1.8846875000000001 0.4897856794024304
1.8847656250000000 0.4897926086374059
1.8848437499999999 0.4897995378536704
1.8849218750000001 0.4898064670904236
1.8850000000000000 0.4898133963084655
1.8850781249999999 0.4898203255469937
1.8851562500000001 0.4898272547668107
1.8852343750000000 0.4898341840071115
1.8853124999999999 0.4898411132287013
1.8853906250000001 0.4898480424707723
1.8854687500000000 0.4898549716941321
1.8855468750000000 0.4898619009379709
1.8856250000000001 0.4898688301630984
1.8857031250000000 0.4898757594087029
1.8857812500000000 0.4898826886355954
1.8858593750000001 0.4898896178829630
1.8859375000000000 0.4898965471116185
1.8860156250000000 0.4899034763607465
1.8860937500000001 0.4899104055911627
1.8861718750000001 0.4899173348420487
1.8862500000000000 0.4899242640742228
1.8863281250000001 0.4899311933268646
1.8864062500000001 0.4899381225607942
1.8864843750000000 0.4899450518151894
1.8865625000000001 0.4899519810508722
1.8866406250000001 0.4899589103070181
1.8867187500000000 0.4899658395444518
1.8867968749999999 0.4899727688023460
1.8868750000000001 0.4899796980415281
1.8869531250000000 0.4899866273011684
1.8870312499999999 0.4899935565420964
1.8871093750000001 0.4900004858034801
1.8871875000000000 0.4900074150461517
1.8872656249999999 0.4900143443092765
1.8873437500000001 0.4900212735536893
1.8874218750000000 0.4900282028185527
1.8875000000000000 0.4900351320647042
1.8875781250000001 0.4900420613313036
1.8876562500000000 0.4900489905791915
1.8877343750000000 0.4900559198475250
1.8878125000000001 0.4900628490971465
1.8878906250000000 0.4900697783672115
1.8879687500000000 0.4900767076185643
1.8880468750000001 0.4900836368903583
1.8881250000000001 0.4900905661434402
1.8882031250000000 0.4900974954169606
1.8882812500000001 0.4901044246717692
1.8883593750000001 0.4901113539470137
1.8884375000000000 0.4901182832035464
1.8885156250000001 0.4901252124805126
1.8885937500000001 0.4901321417387670
1.8886718750000000 0.4901390710174525
1.8887499999999999 0.4901460002774261
1.8888281250000001 0.4901529295578285
1.8889062500000000 0.4901598588195191
1.8889843749999999 0.4901667881016357
1.8890625000000001 0.4901737173650408
1.8891406250000000 0.4901806466488695
1.8892187499999999 0.4901875759139865
1.8892968750000001 0.4901945051995249
1.8893750000000000 0.4902014344663513
1.8894531250000000 0.4902083637535970
1.8895312500000001 0.4902152930221305
1.8896093750000000 0.4902222223110810
1.8896875000000000 0.4902291515813192
1.8897656250000001 0.4902360808719719
1.8898437500000000 0.4902430101439126
1.8899218750000000 0.4902499394362650
1.8900000000000001 0.4902568687099059
1.8900781250000001 0.4902637980039555
1.8901562500000000 0.4902707272792939
1.8902343750000001 0.4902776565750386
1.8903125000000001 0.4902845858520719
1.8903906250000000 0.4902915151495094
1.8904687500000001 0.4902984444282351
1.8905468750000001 0.4903053737273630
1.8906250000000000 0.4903123030077788
1.8907031249999999 0.4903192323085943
1.8907812500000001 0.4903261615906983
1.8908593750000000 0.4903330908931988
1.8909374999999999 0.4903400201769881
1.8910156250000001 0.4903469494811717
1.8910937500000000 0.4903538787666437
1.8911718749999999 0.4903608080725079
1.8912500000000001 0.4903677373596604
1.8913281250000000 0.4903746666672028
1.8914062500000000 0.4903815959560330
1.8914843750000001 0.4903885252652514
1.8915625000000000 0.4903954545557571
1.8916406250000000 0.4904023838666489
1.8917187500000001 0.4904093131588276
1.8917968750000000 0.4904162424713905
1.8918750000000000 0.4904231717652395
1.8919531250000001 0.4904301010794712
1.8920312500000001 0.4904370303749883
1.8921093750000000 0.4904439596908862
1.8921875000000001 0.4904508889880691
1.8922656250000001 0.4904578183056306
1.8923437500000000 0.4904647476044769
1.8924218750000001 0.4904716769236996
1.8925000000000001 0.4904786062242069
1.8925781250000000 0.4904855355450884
1.8926562499999999 0.4904924648472543
1.8927343750000001 0.4904993941697924
1.8928125000000000 0.4905063234736140
1.8928906249999999 0.4905132527978063
1.8929687500000001 0.4905201821032814
1.8930468750000000 0.4905271114291255
1.8931249999999999 0.4905340407362516
1.8932031250000001 0.4905409700637453
1.8932812500000000 0.4905478993725196
1.8933593750000000 0.4905548287016603
1.8934375000000001 0.4905617580120811
1.8935156250000000 0.4905686873428661
1.8935937500000000 0.4905756166549308
1.8936718750000001 0.4905825459873577
1.8937500000000000 0.4905894753010638
1.8938281250000000 0.4905964046351303
1.8939062500000001 0.4906033339504755
1.8939843750000001 0.4906102632861791
1.8940625000000000 0.4906171926031607
1.8941406250000001 0.4906241219404995
1.8942187500000001 0.4906310512591147
1.8942968750000000 0.4906379805980863
1.8943750000000001 0.4906449099183328
1.8944531250000001 0.4906518392589345
1.8945312500000000 0.4906587685808101
1.8946093749999999 0.4906656979230396
1.8946875000000001 0.4906726272465420
1.8947656250000000 0.4906795565903966
1.8948437499999999 0.4906864859155232
1.8949218750000001 0.4906934152610009
1.8950000000000000 0.4907003445877489
1.8950781249999999 0.4907072739348473
1.8951562500000001 0.4907142032632145
1.8952343750000000 0.4907211326119311
1.8953125000000000 0.4907280619419151
1.8953906250000001 0.4907349912922474
1.8954687500000000 0.4907419206238459
1.8955468750000000 0.4907488499757913
1.8956250000000001 0.4907557793090018
1.8957031250000000 0.4907627086625582
1.8957812500000000 0.4907696379973782
1.8958593750000001 0.4907765673525431
1.8959375000000001 0.4907834966889701
1.8960156250000000 0.4907904260457412
1.8960937500000001 0.4907973553837728
1.8961718750000001 0.4908042847421477
1.8962500000000000 0.4908112140817813
1.8963281250000001 0.4908181434417576
1.8964062500000001 0.4908250727829909
1.8964843750000000 0.4908320021445662
1.8965624999999999 0.4908389314873965
1.8966406250000001 0.4908458608505686
1.8967187500000000 0.4908527901949936
1.8967968749999999 0.4908597195597599
1.8968750000000001 0.4908666489057772
1.8969531250000000 0.4908735782721353
1.8970312499999999 0.4908805076197424
1.8971093750000001 0.4908874369876900
1.8971875000000000 0.4908943663368844
1.8972656250000000 0.4909012957064191
1.8973437500000001 0.4909082250571986
1.8974218750000000 0.4909151544283175
1.8975000000000000 0.4909220837806798
1.8975781250000001 0.4909290131533808
1.8976562500000000 0.4909359425073232
1.8977343750000000 0.4909428718816040
1.8978125000000001 0.4909498012371241
1.8978906250000001 0.4909567306129821
1.8979687500000000 0.4909636599700775
1.8980468750000001 0.4909705893475105
1.8981250000000001 0.4909775187061787
1.8982031250000000 0.4909844480851842
1.8982812500000001 0.4909913774454228
1.8983593750000001 0.4909983068259985
1.8984375000000000 0.4910052361878048
1.8985156249999999 0.4910121655699485
1.8985937500000001 0.4910190949333201
1.8986718750000000 0.4910260243170292
1.8987499999999999 0.4910329536819635
1.8988281250000001 0.4910398830672361
1.8989062500000000 0.4910468124337307
1.8989843749999999 0.4910537418205640
1.8990625000000001 0.4910606711886163
1.8991406250000000 0.4910676005770082
1.8992187500000000 0.4910745299466159
1.8992968750000001 0.4910814593365637
1.8993750000000000 0.4910883887077248
1.8994531250000000 0.4910953180992257
1.8995312500000001 0.4911022474719376
1.8996093750000000 0.4911091768649896
1.8996875000000000 0.4911161062392496
1.8997656250000001 0.4911230356338504
1.8998437500000001 0.4911299650096561
1.8999218750000000 0.4911368944058033
1.9000000000000001 0.4911438237831521
1.9000781250000001 0.4911507531808434
1.9001562500000000 0.4911576825597330
1.9002343750000001 0.4911646119589659
1.9003125000000001 0.4911715413393938
1.9003906250000000 0.4911784707401659
1.9004687499999999 0.4911854001221298
1.9005468750000001 0.4911923295244384
1.9006250000000000 0.4911992589079361
1.9007031249999999 0.4912061883117788
1.9007812500000001 0.4912131176968076
1.9008593750000000 0.4912200471021823
1.9009374999999999 0.4912269764887396
1.9010156250000001 0.4912339058956440
1.9010937500000000 0.4912408352837274
1.9011718750000000 0.4912477646921589
1.9012500000000001 0.4912546940817660
1.9013281250000000 0.4912616234917224
1.9014062500000000 0.4912685528828505
1.9014843750000001 0.4912754822943295
1.9015625000000000 0.4912824116869763
1.9016406250000000 0.4912893410999753
1.9017187500000001 0.4912962704941386
1.9017968750000001 0.4913031999086551
1.9018750000000000 0.4913101293043323
1.9019531250000001 0.4913170587203640
1.9020312500000001 0.4913239881175525
1.9021093750000000 0.4913309175350972
1.9021875000000001 0.4913378469337947
1.9022656250000001 0.4913447763528496
1.9023437500000000 0.4913517057530537
1.9024218749999999 0.4913586351736169
1.9025000000000001 0.4913655645753247
1.9025781250000000 0.4913724939973939
1.9026562499999999 0.4913794234006031
1.9027343750000001 0.4913863528241758
1.9028125000000000 0.4913932822288839
1.9028906249999999 0.4914002116539575
1.9029687500000001 0.4914071410601624
1.9030468750000000 0.4914140704867346
1.9031250000000000 0.4914209998944335
1.9032031250000001 0.4914279293225021
1.9032812500000000 0.4914348587316926
1.9033593750000000 0.4914417881612549
1.9034375000000001 0.4914487175719348
1.9035156250000000 0.4914556470029885
1.9035937500000000 0.4914625764151552
1.9036718750000001 0.4914695058476980
1.9037500000000001 0.4914764352613489
1.9038281250000000 0.4914833646953784
1.9039062500000001 0.4914902941105112
1.9039843750000001 0.4914972235460249
1.9040625000000000 0.4915041529626373
1.9041406250000001 0.4915110823996328
1.9042187500000001 0.4915180118177222
1.9042968750000000 0.4915249412561971
1.9043749999999999 0.4915318706757611
1.9044531250000001 0.4915388001157132
1.9045312500000000 0.4915457295367491
1.9046093749999999 0.4915526589781759
1.9046875000000001 0.4915595884006815
1.9047656250000000 0.4915665178435806
1.9048437499999999 0.4915734472675534
1.9049218750000001 0.4915803767119223
1.9050000000000000 0.4915873061373601
1.9050781250000000 0.4915942355831964
1.9051562500000001 0.4916011650100963
1.9052343750000000 0.4916080944573980
1.9053125000000000 0.4916150238857575
1.9053906250000001 0.4916219533345221
1.9054687500000000 0.4916288827643389
1.9055468750000000 0.4916358122145639
1.9056250000000001 0.4916427416458356
1.9057031250000001 0.4916496710975186
1.9057812500000000 0.4916566005302428
1.9058593750000001 0.4916635299833814
1.9059375000000001 0.4916704594175557
1.9060156250000000 0.4916773888721472
1.9060937500000001 0.4916843183077693
1.9061718750000001 0.4916912477638115
1.9062500000000000 0.4916981772008786
1.9063281249999999 0.4917051066583695
1.9064062500000001 0.4917120360968791
1.9064843750000000 0.4917189655558161
1.9065624999999999 0.4917258949957660
1.9066406250000001 0.4917328244561465
1.9067187500000000 0.4917397538975342
1.9067968749999999 0.4917466833593559
1.9068750000000001 0.4917536128021788
1.9069531250000000 0.4917605422654397
1.9070312500000000 0.4917674717096953
1.9071093750000001 0.4917744011743927
1.9071875000000000 0.4917813306200785
1.9072656250000000 0.4917882600862102
1.9073437500000001 0.4917951895333239
1.9074218750000000 0.4918021190008872
1.9075000000000000 0.4918090484494265
1.9075781250000001 0.4918159779184191
1.9076562500000001 0.4918229073683814
1.9077343750000000 0.4918298368388011
1.9078125000000001 0.4918367662901838
1.9078906250000001 0.4918436957620281
1.9079687500000000 0.4918506252148290
1.9080468750000001 0.4918575546880955
1.9081250000000001 0.4918644841423119
1.9082031250000000 0.4918714136169982
1.9082812499999999 0.4918783430726279
1.9083593750000001 0.4918852725487317
1.9084375000000000 0.4918922020057720
1.9085156249999999 0.4918991314832908
1.9085937500000001 0.4919060609417393
1.9086718750000000 0.4919129904206709
1.9087499999999999 0.4919199198805254
1.9088281250000001 0.4919268493608670
1.9089062500000000 0.4919337788221250
1.9089843750000000 0.4919407083038745
1.9090625000000001 0.4919476377665333
1.9091406250000000 0.4919545672496883
1.9092187500000000 0.4919614967137456
1.9092968750000001 0.4919684261983038
1.9093750000000000 0.4919753556637571
1.9094531250000000 0.4919822851497160
1.9095312500000001 0.4919892146165628
1.9096093750000001 0.4919961441039201
1.9096875000000000 0.4920030735721579
1.9097656250000001 0.4920100030609112
1.9098437500000001 0.4920169325305377
1.9099218750000000 0.4920238620206845
1.9100000000000001 0.4920307914916972
1.9100781250000001 0.4920377209832353
1.9101562500000000 0.4920446504556317
1.9102343749999999 0.4920515799485584
1.9103125000000001 0.4920585094223363
1.9103906250000000 0.4920654389166494
1.9104687499999999 0.4920723683918061
1.9105468750000001 0.4920792978875032
1.9106250000000000 0.4920862273640365
1.9107031249999999 0.4920931568611148
1.9107812500000001 0.4921000863390223
1.9108593750000000 0.4921070158374797
1.9109375000000000 0.4921139453167590
1.9110156250000001 0.4921208748165931
1.9110937500000000 0.4921278042972414
1.9111718750000000 0.4921347337984499
1.9112500000000001 0.4921416632804650
1.9113281250000000 0.4921485927830454
1.9114062500000000 0.4921555222664246
1.9114843750000001 0.4921624517703749
1.9115625000000001 0.4921693812551156
1.9116406250000000 0.4921763107604333
1.9117187500000001 0.4921832402465333
1.9117968750000001 0.4921901697532157
1.9118750000000000 0.4921970992406726
1.9119531250000001 0.4922040287487175
1.9120312500000001 0.4922109582375289
1.9121093750000000 0.4922178877469339
1.9121874999999999 0.4922248172370970
1.9122656250000001 0.4922317467478598
1.9123437500000000 0.4922386762393724
1.9124218749999999 0.4922456057514905
1.9125000000000001 0.4922525352443503
1.9125781250000000 0.4922594647578211
1.9126562499999999 0.4922663942520256
1.9127343750000001 0.4922733237668469
1.9128125000000000 0.4922802532623937
1.9128906250000000 0.4922871827785629
1.9129687500000001 0.4922941122754496
1.9130468750000000 0.4923010417929644
1.9131250000000000 0.4923079712911885
1.9132031250000001 0.4923149008100464
1.9132812500000000 0.4923218303096057
1.9133593750000000 0.4923287598298043
1.9134375000000001 0.4923356893306959
1.9135156250000001 0.4923426188522332
1.9135937500000000 0.4923495483544548
1.9136718750000001 0.4923564778773281
1.9137500000000001 0.4923634073808773
1.9138281250000000 0.4923703369050841
1.9139062500000001 0.4923772664099587
1.9139843750000001 0.4923841959354968
1.9140625000000000 0.4923911254416938
1.9141406249999999 0.4923980549685610
1.9142187500000001 0.4924049844760783
1.9142968750000000 0.4924119140042719
1.9143749999999999 0.4924188435131071
1.9144531250000001 0.4924257730426248
1.9145312500000000 0.4924327025527753
1.9146093749999999 0.4924396320836146
1.9146875000000001 0.4924465615950782
1.9147656250000000 0.4924534911272366
1.9148437500000000 0.4924604206400110
1.9149218750000001 0.4924673501734861
1.9150000000000000 0.4924742796875686
1.9150781250000000 0.4924812092223582
1.9151562500000001 0.4924881387377463
1.9152343750000000 0.4924950682738481
1.9153125000000000 0.4925019977905393
1.9153906250000001 0.4925089273279508
1.9154687500000001 0.4925158568459426
1.9155468750000000 0.4925227863846616
1.9156250000000001 0.4925297159039516
1.9157031250000001 0.4925366454439756
1.9157812500000000 0.4925435749645614
1.9158593750000001 0.4925505045058878
1.9159375000000001 0.4925574340277671
1.9160156250000000 0.4925643635703937
1.9160937499999999 0.4925712930935640
1.9161718750000001 0.4925782226374882
1.9162500000000000 0.4925851521619471
1.9163281249999999 0.4925920817071668
1.9164062500000001 0.4925990112329116
1.9164843750000000 0.4926059407794242
1.9165624999999999 0.4926128703064526
1.9166406250000001 0.4926197998542560
1.9167187500000000 0.4926267293825654
1.9167968750000000 0.4926336589316571
1.9168750000000001 0.4926405884612451
1.9169531250000000 0.4926475180116228
1.9170312500000000 0.4926544475424870
1.9171093750000001 0.4926613770941479
1.9171875000000000 0.4926683066262862
1.9172656250000000 0.4926752361792280
1.9173437500000001 0.4926821657126378
1.9174218750000001 0.4926890952668579
1.9175000000000000 0.4926960248015370
1.9175781250000001 0.4927029543570332
1.9176562500000001 0.4927098838929789
1.9177343750000000 0.4927168134497488
1.9178125000000001 0.4927237429869585
1.9178906250000001 0.4927306725450001
1.9179687500000000 0.4927376020834713
1.9180468749999999 0.4927445316427819
1.9181250000000001 0.4927514611825124
1.9182031250000000 0.4927583907430895
1.9182812499999999 0.4927653202840768
1.9183593750000001 0.4927722498459181
1.9184375000000000 0.4927791793881598
1.9185156249999999 0.4927861089512628
1.9185937500000001 0.4927930384947565
1.9186718750000000 0.4927999680591189
1.9187500000000000 0.4928068976038622
1.9188281250000001 0.4928138271694814
1.9189062500000000 0.4928207567154720
1.9189843750000000 0.4928276862823455
1.9190625000000001 0.4928346158295810
1.9191406250000000 0.4928415453977066
1.9192187500000000 0.4928484749461842
1.9192968750000001 0.4928554045155598
1.9193750000000001 0.4928623340652770
1.9194531250000000 0.4928692636358998
1.9195312500000001 0.4928761931868546
1.9196093750000001 0.4928831227587221
1.9196875000000000 0.4928900523109121
1.9197656250000001 0.4928969818840221
1.9198437500000001 0.4929039114374446
1.9199218750000000 0.4929108410117948
1.9199999999999999 0.4929177705664474
1.9200781250000001 0.4929247001420352
1.9201562500000000 0.4929316296979154
1.9202343749999999 0.4929385592747387
1.9203125000000001 0.4929454888318440
1.9203906250000000 0.4929524184099002
1.9204687499999999 0.4929593479682282
1.9205468750000001 0.4929662775475153
1.9206250000000000 0.4929732071070632
1.9207031250000000 0.4929801366875786
1.9207812500000001 0.4929870662483445
1.9208593750000000 0.4929939958300853
1.9209375000000000 0.4930009253920671
1.9210156250000001 0.4930078549750310
1.9210937500000000 0.4930147845382258
1.9211718750000000 0.4930217141224107
1.9212500000000001 0.4930286436868161
1.9213281250000001 0.4930355732722195
1.9214062500000000 0.4930425028378331
1.9214843750000001 0.4930494324244527
1.9215625000000001 0.4930563619912720
1.9216406250000000 0.4930632915791052
1.9217187500000001 0.4930702211471280
1.9217968750000001 0.4930771507361724
1.9218750000000000 0.4930840803053961
1.9219531250000002 0.4930910098956492
1.9220312500000001 0.4930979394660717
1.9221093750000000 0.4931048690575311
1.9221874999999999 0.4931117986291498
1.9222656250000001 0.4931187282218132
1.9223437500000000 0.4931256577946255
1.9224218749999999 0.4931325873884905
1.9225000000000001 0.4931395169624941
1.9225781250000000 0.4931464465575583
1.9226562500000000 0.4931533761327506
1.9227343750000001 0.4931603057290119
1.9228125000000000 0.4931672353053904
1.9228906250000000 0.4931741649028463
1.9229687500000001 0.4931810944804085
1.9230468750000000 0.4931880240790564
1.9231250000000000 0.4931949536578001
1.9232031250000001 0.4932018832576377
1.9232812500000001 0.4932088128375606
1.9233593750000000 0.4932157424385852
1.9234375000000001 0.4932226720196847
1.9235156250000001 0.4932296016218944
1.9235937500000000 0.4932365312041678
1.9236718750000001 0.4932434608075601
1.9237500000000001 0.4932503903910052
1.9238281250000000 0.4932573199955776
1.9239062500000002 0.4932642495801919
1.9239843750000001 0.4932711791859421
1.9240625000000000 0.4932781087717233
1.9241406249999999 0.4932850383786486
1.9242187500000001 0.4932919679655943
1.9242968750000000 0.4932988975736924
1.9243749999999999 0.4933058271618000
1.9244531250000001 0.4933127567710688
1.9245312500000000 0.4933196863603360
1.9246093750000000 0.4933266159707726
1.9246875000000001 0.4933335455611970
1.9247656250000000 0.4933404751727993
1.9248437500000000 0.4933474047643784
1.9249218750000001 0.4933543343771439
1.9250000000000000 0.4933612639698753
1.9250781250000000 0.4933681935838017
1.9251562500000001 0.4933751231776829
1.9252343750000001 0.4933820527927676
1.9253125000000000 0.4933889823877965
1.9253906250000001 0.4933959120040370
1.9254687500000001 0.4934028416002110
1.9255468750000000 0.4934097712176052
1.9256250000000001 0.4934167008149216
1.9257031250000001 0.4934236304334672
1.9257812500000000 0.4934305600319237
1.9258593750000002 0.4934374896516179
1.9259375000000001 0.4934444192512124
1.9260156250000000 0.4934513488720528
1.9260937499999999 0.4934582784727828
1.9261718750000001 0.4934652080947669
1.9262500000000000 0.4934721376966300
1.9263281249999999 0.4934790673197555
1.9264062500000001 0.4934859969227491
1.9264843750000000 0.4934929265470138
1.9265625000000000 0.4934998561511357
1.9266406250000001 0.4935067857765368
1.9267187500000000 0.4935137153817843
1.9267968750000000 0.4935206450083199
1.9268750000000001 0.4935275746146906
1.9269531250000000 0.4935345042423581
1.9270312500000000 0.4935414338498497
1.9271093750000001 0.4935483634786463
1.9271875000000001 0.4935552930872568
1.9272656250000000 0.4935622227171801
1.9273437500000001 0.4935691523269067
1.9274218750000001 0.4935760819579547
1.9275000000000000 0.4935830115687949
1.9275781250000001 0.4935899412009649
1.9276562500000001 0.4935968708129165
1.9277343750000000 0.4936038004462062
1.9278125000000002 0.4936107300592666
1.9278906250000001 0.4936176596936734
1.9279687500000000 0.4936245893078404
1.9280468749999999 0.4936315189433621
1.9281250000000001 0.4936384485586331
1.9282031250000000 0.4936453781952673
1.9282812499999999 0.4936523078116398
1.9283593750000001 0.4936592374493839
1.9284375000000000 0.4936661670668558
1.9285156250000000 0.4936730967057074
1.9285937500000001 0.4936800263242761
1.9286718750000000 0.4936869559642328
1.9287500000000000 0.4936938855838959
1.9288281250000001 0.4937008152249556
1.9289062500000000 0.4937077448457105
1.9289843750000000 0.4937146744878705
1.9290625000000001 0.4937216041097150
1.9291406250000001 0.4937285337529730
1.9292187500000000 0.4937354633759045
1.9292968750000001 0.4937423930202580
1.9293750000000001 0.4937493226442743
1.9294531250000000 0.4937562522897209
1.9295312500000001 0.4937631819148194
1.9296093750000001 0.4937701115613568
1.9296875000000000 0.4937770411875350
1.9297656250000002 0.4937839708351608
1.9298437500000001 0.4937909004624165
1.9299218750000000 0.4937978301111281
1.9299999999999999 0.4938047597394588
1.9300781250000001 0.4938116893892541
1.9301562500000000 0.4938186190186571
1.9302343749999999 0.4938255486695335
1.9303125000000001 0.4938324783000067
1.9303906250000000 0.4938394079519618
1.9304687500000000 0.4938463375835028
1.9305468750000001 0.4938532672365341
1.9306250000000000 0.4938601968691405
1.9307031250000000 0.4938671265232454
1.9307812500000001 0.4938740561569147
1.9308593750000000 0.4938809858120912
1.9309375000000000 0.4938879154468210
1.9310156250000001 0.4938948451030665
1.9310937500000001 0.4939017747388543
1.9311718750000000 0.4939087043961664
1.9312500000000001 0.4939156340330098
1.9313281250000001 0.4939225636913862
1.9314062500000000 0.4939294933292830
1.9314843750000001 0.4939364229887208
1.9315625000000001 0.4939433526276686
1.9316406250000000 0.4939502822881656
1.9317187500000002 0.4939572119281621
1.9317968750000001 0.4939641415897159
1.9318750000000000 0.4939710712307584
1.9319531249999999 0.4939780008933666
1.9320312500000001 0.4939849305354528
1.9321093750000000 0.4939918601991131
1.9321874999999999 0.4939987898422406
1.9322656250000001 0.4940057195069503
1.9323437500000000 0.4940126491511166
1.9324218750000000 0.4940195788168736
1.9325000000000001 0.4940265084620764
1.9325781250000000 0.4940334381288781
1.9326562500000000 0.4940403677751150
1.9327343750000001 0.4940472974429588
1.9328125000000000 0.4940542270902274
1.9328906250000000 0.4940611567591112
1.9329687500000001 0.4940680864074091
1.9330468750000001 0.4940750160773301
1.9331250000000000 0.4940819457266550
1.9332031250000001 0.4940888753976111
1.9332812500000001 0.4940958050479602
1.9333593750000000 0.4941027347199490
1.9334375000000001 0.4941096643713204
1.9335156250000001 0.4941165940443391
1.9335937500000000 0.4941235236967302
1.9336718750000002 0.4941304533707764
1.9337500000000001 0.4941373830241851
1.9338281250000000 0.4941443126992563
1.9339062499999999 0.4941512423536800
1.9339843750000001 0.4941581720297740
1.9340625000000000 0.4941651016852102
1.9341406249999999 0.4941720313623245
1.9342187500000001 0.4941789610187710
1.9342968750000000 0.4941858906969031
1.9343750000000000 0.4941928203543574
1.9344531250000001 0.4941997500335049
1.9345312500000000 0.4942066796919645
1.9346093750000000 0.4942136093721252
1.9346875000000001 0.4942205390315877
1.9347656250000000 0.4942274687127590
1.9348437500000000 0.4942343983732219
1.9349218750000001 0.4942413280554015
1.9350000000000001 0.4942482577168625
1.9350781250000000 0.4942551874000480
1.9351562500000001 0.4942621170625046
1.9352343750000001 0.4942690467466935
1.9353125000000000 0.4942759764101434
1.9353906250000001 0.4942829060953332
1.9354687500000001 0.4942898357597740
1.9355468750000000 0.4942967654459623
1.9356250000000002 0.4943036951113917
1.9357031250000001 0.4943106247985760
1.9357812500000000 0.4943175544649915
1.9358593749999999 0.4943244841531695
1.9359375000000001 0.4943314138205687
1.9360156250000000 0.4943383435097379
1.9360937499999999 0.4943452731781184
1.9361718750000001 0.4943522028682763
1.9362500000000000 0.4943591325376359
1.9363281250000000 0.4943660622287801
1.9364062500000001 0.4943729918991163
1.9364843750000000 0.4943799215912443
1.9365625000000000 0.4943868512625545
1.9366406250000001 0.4943937809556641
1.9367187500000000 0.4944007106279459
1.9367968750000000 0.4944076403220347
1.9368750000000001 0.4944145699952859
1.9369531250000001 0.4944214996903510
1.9370312500000000 0.4944284293645694
1.9371093750000001 0.4944353590606086
1.9371875000000001 0.4944422887357916
1.9372656250000000 0.4944492184328025
1.9373437500000001 0.4944561481089477
1.9374218750000001 0.4944630778069279
1.9375000000000000 0.4944700074840329
1.9375781250000002 0.4944769371829798
1.9376562500000001 0.4944838668610423
1.9377343750000000 0.4944907965609535
1.9378124999999999 0.4944977262399712
1.9378906250000001 0.4945046559408441
1.9379687500000000 0.4945115856208146
1.9380468749999999 0.4945185153226471
1.9381250000000001 0.4945254450035677
1.9382031250000000 0.4945323747063572
1.9382812500000000 0.4945393043882258
1.9383593750000001 0.4945462340919700
1.9384375000000000 0.4945531637747838
1.9385156250000000 0.4945600934794804
1.9385937500000001 0.4945670231632372
1.9386718750000000 0.4945739528688834
1.9387500000000000 0.4945808825535811
1.9388281250000001 0.4945878122601745
1.9389062500000001 0.4945947419458108
1.9389843750000000 0.4946016716533486
1.9390625000000001 0.4946086013399211
1.9391406250000001 0.4946155310484013
1.9392187500000000 0.4946224607359072
1.9392968750000001 0.4946293904453276
1.9393750000000001 0.4946363201337644
1.9394531250000000 0.4946432498441224
1.9395312500000002 0.4946501795334878
1.9396093750000001 0.4946571092447811
1.9396875000000000 0.4946640389350729
1.9397656249999999 0.4946709686472988
1.9398437500000001 0.4946778983385147
1.9399218750000000 0.4946848280516707
1.9399999999999999 0.4946917577438082
1.9400781250000001 0.4946986874578920
1.9401562500000000 0.4947056171509486
1.9402343750000000 0.4947125468659579
1.9403125000000001 0.4947194765599313
1.9403906250000000 0.4947264062758633
1.9404687500000000 0.4947333359707511
1.9405468750000001 0.4947402656876038
1.9406250000000000 0.4947471953834037
1.9407031250000000 0.4947541251011743
1.9407812500000001 0.4947610547978837
1.9408593750000001 0.4947679845165699
1.9409375000000000 0.4947749142141868
1.9410156250000001 0.4947818439337859
1.9410937500000001 0.4947887736323078
1.9411718750000000 0.4947957033528178
1.9412500000000001 0.4948026330522418
1.9413281250000001 0.4948095627736602
1.9414062500000000 0.4948164924739843
1.9414843750000002 0.4948234221963085
1.9415625000000001 0.4948303518975304
1.9416406250000000 0.4948372816207578
1.9417187499999999 0.4948442113228753
1.9417968750000001 0.4948511410470035
1.9418750000000000 0.4948580707500139
1.9419531249999999 0.4948650004750406
1.9420312500000001 0.4948719301789416
1.9421093750000000 0.4948788599048641
1.9421875000000000 0.4948857896096536
1.9422656250000001 0.4948927193364696
1.9423437500000000 0.4948996490421450
1.9424218750000000 0.4949065787698518
1.9425000000000001 0.4949135084764110
1.9425781250000000 0.4949204382050064
1.9426562500000000 0.4949273679124467
1.9427343750000001 0.4949342976419283
1.9428125000000001 0.4949412273502472
1.9428906250000000 0.4949481570806125
1.9429687500000001 0.4949550867898079
1.9430468750000001 0.4949620165210545
1.9431250000000000 0.4949689462311236
1.9432031250000001 0.4949758759632494
1.9432812500000001 0.4949828056741898
1.9433593750000000 0.4949897354071920
1.9434375000000002 0.4949966651190018
1.9435156250000001 0.4950035948528778
1.9435937500000000 0.4950105245655545
1.9436718749999999 0.4950174543003020
1.9437500000000001 0.4950243840138432
1.9438281250000000 0.4950313137494598
1.9439062499999999 0.4950382434638629
1.9439843750000001 0.4950451732003463
1.9440625000000000 0.4950521029156089
1.9441406250000000 0.4950590326529567
1.9442187500000001 0.4950659623690764
1.9442968750000000 0.4950728921072859
1.9443750000000000 0.4950798218242605
1.9444531250000001 0.4950867515633294
1.9445312500000000 0.4950936812811566
1.9446093750000000 0.4951006110210820
1.9446875000000001 0.4951075407397596
1.9447656250000001 0.4951144704805395
1.9448437500000000 0.4951214002000646
1.9449218750000001 0.4951283299416966
1.9450000000000001 0.4951352596620670
1.9450781250000000 0.4951421894045487
1.9451562500000001 0.4951491191257619
1.9452343750000001 0.4951560488690907
1.9453125000000000 0.4951629785911446
1.9453906250000002 0.4951699083353179
1.9454687500000001 0.4951768380582101
1.9455468750000000 0.4951837678032256
1.9456249999999999 0.4951906975269535
1.9457031250000001 0.4951976272728089
1.9457812500000000 0.4952045569973701
1.9458593749999999 0.4952114867440630
1.9459375000000001 0.4952184164694552
1.9460156250000000 0.4952253462169829
1.9460937500000000 0.4952322759432037
1.9461718750000001 0.4952392056915640
1.9462500000000000 0.4952461354186111
1.9463281250000000 0.4952530651678013
1.9464062500000001 0.4952599948956722
1.9464843750000000 0.4952669246456901
1.9465625000000000 0.4952738543743825
1.9466406250000001 0.4952807841252254
1.9467187500000001 0.4952877138547372
1.9467968750000000 0.4952946436064027
1.9468750000000001 0.4953015733367311
1.9469531250000001 0.4953085030892169
1.9470312500000000 0.4953154328203595
1.9471093750000001 0.4953223625736632
1.9471875000000001 0.4953292923056180
1.9472656250000000 0.4953362220597366
1.9473437500000002 0.4953431517925013
1.9474218750000001 0.4953500815474325
1.9475000000000000 0.4953570112810048
1.9475781249999999 0.4953639410367464
1.9476562500000001 0.4953708707711236
1.9477343750000000 0.4953778005276728
1.9478124999999999 0.4953847302628528
1.9478906250000001 0.4953916600202072
1.9479687500000000 0.4953985897561876
1.9480468750000000 0.4954055195143451
1.9481250000000001 0.4954124492511231
1.9482031250000000 0.4954193790100813
1.9482812500000000 0.4954263087476546
1.9483593750000001 0.4954332385074109
1.9484375000000000 0.4954401682457774
1.9485156250000000 0.4954470980063292
1.9485937500000001 0.4954540277454866
1.9486718750000001 0.4954609575068312
1.9487500000000000 0.4954678872467771
1.9488281250000001 0.4954748170089125
1.9489062500000001 0.4954817467496444
1.9489843750000000 0.4954886765125679
1.9490625000000001 0.4954956062540835
1.9491406250000001 0.4955025360177929
1.9492187500000000 0.4955094657600895
1.9492968750000002 0.4955163955245824
1.9493750000000001 0.4955233252676579
1.9494531250000000 0.4955302550329317
1.9495312499999999 0.4955371847767834
1.9496093750000001 0.4955441145428359
1.9496875000000000 0.4955510442874616
1.9497656249999999 0.4955579740542901
1.9498437500000001 0.4955649037996875
1.9499218750000000 0.4955718335672897
1.9500000000000000 0.4955787633134563
1.9500781250000001 0.4955856930818297
1.9501562500000000 0.4955926228287632
1.9502343750000000 0.4955995525979052
1.9503125000000001 0.4956064823456034
1.9503906250000000 0.4956134121155117
1.9504687500000000 0.4956203418639719
1.9505468750000001 0.4956272716346441
1.9506250000000001 0.4956342013838642
1.9507031250000000 0.4956411311552976
1.9507812500000001 0.4956480609052752
1.9508593750000001 0.4956549906774673
1.9509375000000000 0.4956619204282002
1.9510156250000001 0.4956688502011484
1.9510937500000001 0.4956757799526344
1.9511718750000000 0.4956827097263363
1.9512500000000002 0.4956896394785728
1.9513281250000001 0.4956965692530261
1.9514062500000000 0.4957034990060106
1.9514843749999999 0.4957104287812130
1.9515625000000001 0.4957173585349430
1.9516406250000000 0.4957242883108921
1.9517187499999999 0.4957312180653652
1.9517968750000001 0.4957381478420584
1.9518750000000000 0.4957450775972725
1.9519531250000000 0.4957520073747073
1.9520312500000001 0.4957589371306600
1.9521093750000000 0.4957658669088339
1.9521875000000000 0.4957727966655227
1.9522656250000001 0.4957797264444335
1.9523437500000000 0.4957866562018560
1.9524218750000000 0.4957935859815012
1.9525000000000001 0.4958005157396551
1.9525781250000001 0.4958074455200321
1.9526562500000000 0.4958143752789149
1.9527343750000001 0.4958213050600215
1.9528125000000001 0.4958282348196308
1.9528906250000000 0.4958351646014643
1.9529687500000001 0.4958420943617979
1.9530468750000001 0.4958490241443561
1.9531250000000000 0.4958559539054114
1.9532031250000002 0.4958628836886917
1.9532812500000001 0.4958698134504664
1.9533593750000000 0.4958767432344666
1.9534374999999999 0.4958836729969582
1.9535156250000001 0.4958906027816757
1.9535937500000000 0.4958975325448819
1.9536718749999999 0.4959044623303143
1.9537500000000001 0.4959113920942326
1.9538281250000000 0.4959183218803775
1.9539062500000000 0.4959252516450057
1.9539843750000001 0.4959321814318605
1.9540625000000000 0.4959391111971962
1.9541406250000000 0.4959460409847586
1.9542187500000001 0.4959529707507995
1.9542968750000000 0.4959599005390666
1.9543750000000000 0.4959668303058105
1.9544531250000001 0.4959737600947801
1.9545312500000001 0.4959806898622244
1.9546093750000000 0.4959876196518943
1.9546875000000001 0.4959945494200364
1.9547656250000001 0.4960014792104043
1.9548437500000000 0.4960084089792416
1.9549218750000001 0.4960153387703050
1.9550000000000001 0.4960222685398355
1.9550781250000000 0.4960291983315918
1.9551562500000002 0.4960361281018129
1.9552343750000001 0.4960430578942598
1.9553125000000000 0.4960499876651693
1.9553906249999999 0.4960569174583042
1.9554687500000001 0.4960638472298997
1.9555468750000000 0.4960707770237201
1.9556249999999999 0.4960777067959992
1.9557031250000001 0.4960846365905028
1.9557812500000000 0.4960915663634632
1.9558593750000000 0.4960984961586474
1.9559375000000001 0.4961054259322867
1.9560156250000000 0.4961123557281493
1.9560937500000000 0.4961192855024649
1.9561718750000001 0.4961262152990034
1.9562500000000000 0.4961331450739931
1.9563281250000000 0.4961400748712048
1.9564062500000001 0.4961470046468662
1.9564843750000001 0.4961539344447490
1.9565625000000000 0.4961608642210797
1.9566406250000001 0.4961677940196311
1.9567187500000001 0.4961747237966286
1.9567968750000000 0.4961816535958461
1.9568750000000001 0.4961885833735080
1.9569531250000001 0.4961955131733893
1.9570312500000000 0.4962024429517132
1.9571093750000002 0.4962093727522558
1.9571875000000001 0.4962163025312395
1.9572656250000000 0.4962232323324409
1.9573437499999999 0.4962301621120818
1.9574218750000001 0.4962370919139397
1.9575000000000000 0.4962440216942353
1.9575781249999999 0.4962509514967473
1.9576562500000001 0.4962578812776955
1.9577343750000000 0.4962648110808589
1.9578125000000000 0.4962717408624573
1.9578906250000001 0.4962786706662698
1.9579687500000000 0.4962856004485158
1.9580468750000000 0.4962925302529752
1.9581250000000001 0.4962994600358664
1.9582031250000000 0.4963063898409702
1.9582812500000000 0.4963133196245041
1.9583593750000001 0.4963202494302499
1.9584375000000001 0.4963271792144242
1.9585156250000000 0.4963341090208094
1.9585937500000001 0.4963410388056219
1.9586718750000001 0.4963479686126441
1.9587500000000000 0.4963548983980923
1.9588281250000001 0.4963618282057490
1.9589062500000001 0.4963687579918307
1.9589843750000000 0.4963756878001194
1.9590625000000002 0.4963826175868319
1.9591406250000001 0.4963895473957506
1.9592187500000000 0.4963964771830913
1.9592968749999999 0.4964034069926375
1.9593750000000001 0.4964103367806043
1.9594531250000000 0.4964172665907755
1.9595312499999999 0.4964241963793658
1.9596093750000001 0.4964311261901595
1.9596875000000000 0.4964380559793712
1.9597656250000000 0.4964449857907849
1.9598437500000001 0.4964519155806155
1.9599218750000000 0.4964588453926468
1.9600000000000000 0.4964657751830940
1.9600781250000001 0.4964727049957404
1.9601562500000000 0.4964796347868019
1.9602343750000000 0.4964865646000609
1.9603125000000001 0.4964934943917341
1.9603906250000001 0.4965004242056034
1.9604687500000000 0.4965073539978860
1.9605468750000001 0.4965142838123631
1.9606250000000001 0.4965212136052527
1.9607031250000000 0.4965281434203354
1.9607812500000001 0.4965350732138296
1.9608593750000001 0.4965420030295150
1.9609375000000000 0.4965489328236114
1.9610156250000002 0.4965558626398976
1.9610937500000001 0.4965627924345937
1.9611718750000000 0.4965697222514781
1.9612499999999999 0.4965766520467716
1.9613281250000001 0.4965835818642516
1.9614062500000000 0.4965905116601403
1.9614843749999999 0.4965974414782134
1.9615625000000001 0.4966043712746948
1.9616406250000000 0.4966113010933586
1.9617187500000000 0.4966182308904303
1.9617968750000001 0.4966251607096828
1.9618750000000000 0.4966320905073420
1.9619531250000000 0.4966390203271805
1.9620312500000001 0.4966459501254252
1.9621093750000000 0.4966528799458474
1.9621875000000000 0.4966598097446748
1.9622656250000001 0.4966667395656784
1.9623437500000001 0.4966736693650864
1.9624218750000000 0.4966805991866688
1.9625000000000001 0.4966875289866547
1.9625781250000001 0.4966944588088139
1.9626562500000000 0.4967013886093752
1.9627343750000001 0.4967083184321084
1.9628125000000001 0.4967152482332431
1.9628906250000000 0.4967221780565479
1.9629687500000002 0.4967291078582535
1.9630468750000001 0.4967360376821275
1.9631250000000000 0.4967429674844016
1.9632031249999999 0.4967498973088423
1.9632812500000001 0.4967568271116826
1.9633593750000000 0.4967637569366874
1.9634374999999999 0.4967706867400916
1.9635156250000001 0.4967776165656582
1.9635937500000000 0.4967845463696237
1.9636718750000000 0.4967914761957497
1.9637500000000001 0.4967984060002741
1.9638281250000000 0.4968053358269573
1.9639062500000000 0.4968122656320381
1.9639843750000001 0.4968191954592759
1.9640625000000000 0.4968261252649108
1.9641406250000000 0.4968330550927011
1.9642187500000001 0.4968399848988874
1.9642968750000001 0.4968469147272275
1.9643750000000000 0.4968538445339632
1.9644531250000001 0.4968607743628506
1.9645312500000001 0.4968677041701332
1.9646093750000000 0.4968746339995655
1.9646875000000001 0.4968815638073925
1.9647656250000001 0.4968884936373676
1.9648437500000000 0.4968954234457365
1.9649218750000002 0.4969023532762516
1.9650000000000001 0.4969092830851604
1.9650781250000000 0.4969162129162132
1.9651562499999999 0.4969231427256592
1.9652343750000001 0.4969300725572472
1.9653125000000000 0.4969370023672283
1.9653906249999999 0.4969439321993490
1.9654687500000001 0.4969508620098624
1.9655468750000000 0.4969577918425138
1.9656250000000000 0.4969647216535571
1.9657031250000001 0.4969716514867366
1.9657812500000000 0.4969785812983075
1.9658593750000000 0.4969855111320126
1.9659375000000001 0.4969924409441088
1.9660156250000000 0.4969993707783372
1.9660937500000000 0.4970063005909561
1.9661718750000001 0.4970132304257053
1.9662500000000001 0.4970201602388445
1.9663281250000000 0.4970270900741123
1.9664062500000001 0.4970340198877694
1.9664843750000001 0.4970409497235532
1.9665625000000000 0.4970478795377259
1.9666406250000001 0.4970548093740231
1.9667187500000001 0.4970617391887092
1.9667968750000000 0.4970686690255176
1.9668750000000002 0.4970755988407141
1.9669531250000001 0.4970825286780316
1.9670312500000000 0.4970894584937362
1.9671093749999999 0.4970963883315604
1.9671875000000001 0.4971033181477705
1.9672656250000000 0.4971102479860992
1.9673437499999999 0.4971171778028122
1.9674218750000001 0.4971241076416427
1.9675000000000000 0.4971310374588566
1.9675781250000000 0.4971379672981866
1.9676562500000001 0.4971448971158989
1.9677343750000000 0.4971518269557258
1.9678125000000000 0.4971587567739341
1.9678906250000001 0.4971656866142555
1.9679687500000000 0.4971726164329575
1.9680468750000000 0.4971795462737711
1.9681250000000001 0.4971864760929644
1.9682031250000001 0.4971934059342676
1.9682812500000000 0.4972003357539497
1.9683593750000001 0.4972072655957402
1.9684375000000001 0.4972141954159087
1.9685156250000000 0.4972211252581841
1.9685937500000001 0.4972280550788364
1.9686718750000001 0.4972349849215943
1.9687500000000000 0.4972419147427282
1.9688281250000002 0.4972488445859663
1.9689062500000001 0.4972557744075794
1.9689843750000000 0.4972627042512952
1.9690624999999999 0.4972696340733850
1.9691406250000001 0.4972765639175759
1.9692187500000000 0.4972834937401401
1.9692968749999999 0.4972904235848039
1.9693750000000001 0.4972973534078398
1.9694531250000000 0.4973042832529743
1.9695312500000000 0.4973112130764795
1.9696093750000001 0.4973181429220823
1.9696875000000000 0.4973250727460544
1.9697656250000000 0.4973320025921230
1.9698437500000001 0.4973389324165596
1.9699218750000000 0.4973458622630914
1.9700000000000000 0.4973527920879903
1.9700781250000001 0.4973597219349830
1.9701562500000001 0.4973666517603417
1.9702343750000000 0.4973735816077927
1.9703125000000001 0.4973805114336090
1.9703906250000001 0.4973874412815159
1.9704687500000000 0.4973943711077872
1.9705468750000001 0.4974013009561477
1.9706250000000001 0.4974082307828716
1.9707031250000000 0.4974151606316831
1.9707812500000002 0.4974220904588575
1.9708593750000001 0.4974290203081178
1.9709375000000000 0.4974359501357397
1.9710156249999999 0.4974428799854465
1.9710937500000001 0.4974498098135136
1.9711718750000000 0.4974567396636647
1.9712499999999999 0.4974636694921745
1.9713281250000001 0.4974705993427673
1.9714062500000000 0.4974775291717175
1.9714843750000000 0.4974844590227495
1.9715625000000001 0.4974913888521379
1.9716406250000000 0.4974983187036066
1.9717187500000000 0.4975052485334307
1.9717968750000001 0.4975121783853336
1.9718750000000000 0.4975191082155910
1.9719531250000000 0.4975260380679259
1.9720312500000001 0.4975329678986142
1.9721093750000001 0.4975398977513788
1.9721875000000000 0.4975468275824952
1.9722656250000001 0.4975537574356871
1.9723437500000001 0.4975606872672295
1.9724218750000000 0.4975676171208462
1.9725000000000001 0.4975745469528120
1.9725781250000001 0.4975814768068511
1.9726562500000000 0.4975884066392381
1.9727343750000002 0.4975953364936972
1.9728125000000001 0.4976022663265028
1.9728906250000000 0.4976091961813796
1.9729687499999999 0.4976161260146014
1.9730468750000001 0.4976230558698935
1.9731250000000000 0.4976299857035292
1.9732031249999999 0.4976369155592339
1.9732812500000001 0.4976438453932811
1.9733593750000000 0.4976507752493962
1.9734375000000000 0.4976577050838523
1.9735156250000001 0.4976646349403756
1.9735937500000000 0.4976715647752381
1.9736718750000000 0.4976784946321671
1.9737500000000001 0.4976854244674337
1.9738281250000000 0.4976923543247660
1.9739062500000000 0.4976992841604341
1.9739843750000001 0.4977062140181674
1.9740625000000001 0.4977131438542349
1.9741406250000000 0.4977200737123664
1.9742187500000001 0.4977270035488308
1.9742968750000001 0.4977339334073584
1.9743750000000000 0.4977408632442172
1.9744531250000001 0.4977477931031387
1.9745312500000001 0.4977547229403891
1.9746093750000000 0.4977616527997022
1.9746875000000002 0.4977685826373419
1.9747656250000001 0.4977755124970440
1.9748437500000000 0.4977824423350708
1.9749218749999999 0.4977893721951596
1.9750000000000001 0.4977963020335707
1.9750781250000000 0.4978032318940439
1.9751562499999999 0.4978101617328371
1.9752343750000001 0.4978170915936920
1.9753125000000000 0.4978240214328652
1.9753906250000000 0.4978309512940993
1.9754687500000001 0.4978378811336497
1.9755468750000000 0.4978448109952611
1.9756250000000000 0.4978517408351862
1.9757031250000001 0.4978586706971725
1.9757812500000000 0.4978656005374696
1.9758593750000000 0.4978725303998286
1.9759375000000001 0.4978794602404954
1.9760156250000001 0.4978863901032244
1.9760937500000000 0.4978933199442585
1.9761718750000001 0.4979002498073555
1.9762500000000001 0.4979071796487544
1.9763281250000000 0.4979141095122165
1.9764062500000001 0.4979210393539780
1.9764843750000001 0.4979279692178030
1.9765625000000000 0.4979348990599247
1.9766406250000002 0.4979418289241102
1.9767187500000001 0.4979487587665895
1.9767968750000000 0.4979556886311331
1.9768749999999999 0.4979626184739677
1.9769531250000001 0.4979695483388668
1.9770312500000000 0.4979764781820544
1.9771093749999999 0.4979834080473067
1.9771875000000001 0.4979903378908448
1.9772656250000000 0.4979972677564479
1.9773437500000000 0.4980041976003340
1.9774218750000001 0.4980111274662855
1.9775000000000000 0.4980180573105173
1.9775781250000000 0.4980249871768150
1.9776562500000001 0.4980319170213898
1.9777343750000000 0.4980388468880312
1.9778125000000000 0.4980457767329466
1.9778906250000001 0.4980527065999293
1.9779687500000001 0.4980596364451831
1.9780468750000000 0.4980665663125048
1.9781250000000001 0.4980734961580944
1.9782031250000001 0.4980804260257528
1.9782812500000000 0.4980873558716754
1.9783593750000001 0.4980942857396681
1.9784375000000001 0.4981012155859219
1.9785156250000000 0.4981081454542462
1.9785937500000002 0.4981150753008283
1.9786718750000001 0.4981220051694824
1.9787500000000000 0.4981289350163903
1.9788281249999999 0.4981358648853715
1.9789062500000001 0.4981427947326028
1.9789843750000000 0.4981497246019091
1.9790624999999999 0.4981566544494614
1.9791406250000001 0.4981635843190899
1.9792187500000000 0.4981705141669611
1.9792968750000000 0.4981774440369093
1.9793750000000001 0.4981843738850967
1.9794531250000000 0.4981913037553627
1.9795312500000000 0.4981982336038639
1.9796093750000001 0.4982051634744450
1.9796875000000000 0.4982120933232576
1.9797656250000000 0.4982190231941514
1.9798437500000001 0.4982259530432731
1.9799218750000001 0.4982328829144773
1.9800000000000000 0.4982398127639054
1.9800781250000001 0.4982467426354176
1.9801562500000001 0.4982536724851500
1.9802343750000000 0.4982606023569676
1.9803125000000001 0.4982675322070017
1.9803906250000001 0.4982744620791225
1.9804687500000000 0.4982813919294560
1.9805468750000002 0.4982883218018774
1.9806250000000001 0.4982952516525077
1.9807031250000000 0.4983021815252277
1.9807812499999999 0.4983091113761524
1.9808593750000001 0.4983160412491684
1.9809375000000000 0.4983229711003851
1.9810156249999999 0.4983299009736947
1.9810937500000001 0.4983368308252007
1.9811718750000000 0.4983437606988019
1.9812500000000000 0.4983506905505949
1.9813281250000001 0.4983576204244849
1.9814062500000000 0.4983645502765626
1.9814843750000000 0.4983714801507390
1.9815625000000001 0.4983784100030990
1.9816406250000000 0.4983853398775596
1.9817187500000000 0.4983922697301992
1.9817968750000001 0.4983991996049416
1.9818750000000001 0.4984061294578588
1.9819531250000000 0.4984130593328802
1.9820312500000001 0.4984199891860724
1.9821093750000001 0.4984269190613707
1.9821875000000000 0.4984338489148354
1.9822656250000001 0.4984407787904083
1.9823437500000001 0.4984477086441432
1.9824218750000000 0.4984546385199881
1.9825000000000002 0.4984615683739905
1.9825781250000001 0.4984684982501055
1.9826562500000000 0.4984754281043728
1.9827343749999999 0.4984823579807554
1.9828125000000001 0.4984892878352853
1.9828906250000000 0.4984962177119329
1.9829687499999999 0.4985031475667231
1.9830468750000001 0.4985100774436335
1.9831250000000000 0.4985170072986814
1.9832031250000000 0.4985239371758522
1.9832812500000001 0.4985308670311552
1.9833593750000000 0.4985377969085844
1.9834375000000000 0.4985447267641402
1.9835156250000001 0.4985516566418248
1.9835937500000000 0.4985585864976310
1.9836718750000000 0.4985655163755691
1.9837500000000001 0.4985724462316230
1.9838281250000001 0.4985793761098122
1.9839062500000000 0.4985863059661115
1.9839843750000001 0.4985932358445491
1.9840625000000001 0.4986001657010916
1.9841406250000000 0.4986070955797752
1.9842187500000001 0.4986140254365584
1.9842968750000001 0.4986209553154859
1.9843750000000000 0.4986278851725072
1.9844531250000002 0.4986348150516760
1.9845312500000001 0.4986417449089333
1.9846093750000000 0.4986486747883409
1.9846874999999999 0.4986556046458315
1.9847656250000001 0.4986625345254757
1.9848437500000000 0.4986694643831971
1.9849218749999999 0.4986763942630756
1.9850000000000001 0.4986833241210254
1.9850781250000000 0.4986902540011358
1.9851562500000000 0.4986971838593116
1.9852343750000001 0.4987041137396515
1.9853125000000000 0.4987110435980507
1.9853906250000000 0.4987179734786178
1.9854687500000001 0.4987249033372381
1.9855468750000000 0.4987318332180299
1.9856250000000000 0.4987387630768689
1.9857031250000001 0.4987456929578831
1.9857812500000001 0.4987526228169381
1.9858593750000000 0.4987595526981724
1.9859375000000001 0.4987664825574412
1.9860156250000001 0.4987734124388931
1.9860937500000000 0.4987803422983732
1.9861718750000001 0.4987872721800403
1.9862500000000001 0.4987942020397292
1.9863281250000000 0.4988011319216093
1.9864062500000002 0.4988080617815045
1.9864843750000001 0.4988149916635951
1.9865625000000000 0.4988219215236944
1.9866406249999999 0.4988288514059930
1.9867187500000001 0.4988357812662939
1.9867968750000000 0.4988427111487981
1.9868749999999999 0.4988496410092981
1.9869531250000001 0.4988565708920057
1.9870312500000000 0.4988635007527024
1.9871093750000000 0.4988704306356108
1.9871875000000001 0.4988773604965019
1.9872656250000000 0.4988842903796089
1.9873437500000000 0.4988912202406918
1.9874218750000001 0.4988981501239947
1.9875000000000000 0.4989050799852672
1.9875781250000000 0.4989120098687638
1.9876562500000001 0.4989189397302233
1.9877343750000001 0.4989258696139113
1.9878125000000000 0.4989327994755552
1.9878906250000001 0.4989397293594324
1.9879687500000001 0.4989466592212582
1.9880468750000000 0.4989535891053220
1.9881250000000001 0.4989605189673277
1.9882031250000001 0.4989674488515756
1.9882812500000000 0.4989743787137584
1.9883593750000002 0.4989813085981883
1.9884375000000001 0.4989882384605456
1.9885156250000000 0.4989951683451554
1.9885937499999999 0.4990020982076847
1.9886718750000001 0.4990090280924719
1.9887500000000000 0.4990159579551707
1.9888281249999999 0.4990228878401327
1.9889062500000001 0.4990298177029990
1.9889843750000000 0.4990367475881334
1.9890625000000000 0.4990436774511647
1.9891406250000001 0.4990506073364691
1.9892187500000000 0.4990575371996627
1.9892968750000000 0.4990644670851350
1.9893750000000001 0.4990713969484884
1.9894531250000000 0.4990783268341262
1.9895312500000000 0.4990852566976371
1.9896093750000001 0.4990921865834377
1.9896875000000001 0.4990991164471039
1.9897656250000000 0.4991060463330650
1.9898437500000001 0.4991129761968839
1.9899218750000001 0.4991199060830032
1.9900000000000000 0.4991268359469723
1.9900781250000001 0.4991337658332474
1.9901562500000001 0.4991406956973643
1.9902343750000000 0.4991476255837929
1.9903125000000002 0.4991545554480551
1.9903906250000001 0.4991614853346346
1.9904687500000000 0.4991684151990400
1.9905468749999999 0.4991753450857679
1.9906250000000001 0.4991822749503139
1.9907031250000000 0.4991892048371880
1.9907812499999999 0.4991961347018721
1.9908593750000001 0.4992030645888901
1.9909375000000000 0.4992099944537098
1.9910156250000000 0.4992169243408691
1.9910937500000001 0.4992238542058224
1.9911718750000000 0.4992307840931207
1.9912500000000000 0.4992377139582046
1.9913281250000001 0.4992446438456396
1.9914062500000000 0.4992515737108519
1.9914843750000000 0.4992585035984212
1.9915625000000001 0.4992654334637593
1.9916406250000001 0.4992723633514607
1.9917187500000000 0.4992792932169223
1.9917968750000001 0.4992862231047530
1.9918750000000001 0.4992931529703358
1.9919531250000000 0.4993000828582937
1.9920312500000001 0.4993070127239951
1.9921093750000001 0.4993139426120777
1.9921875000000000 0.4993208724778953
1.9922656250000002 0.4993278023661003
1.9923437500000001 0.4993347322320317
1.9924218750000000 0.4993416621203566
1.9924999999999999 0.4993485919863994
1.9925781250000001 0.4993555218748418
1.9926562500000000 0.4993624517409935
1.9927343749999999 0.4993693816295511
1.9928125000000001 0.4993763114958092
1.9928906250000000 0.4993832413844798
1.9929687500000000 0.4993901712508418
1.9930468750000001 0.4993971011396229
1.9931250000000000 0.4994040310060864
1.9932031250000000 0.4994109608949756
1.9932812500000001 0.4994178907615385
1.9933593750000000 0.4994248206505330
1.9934375000000000 0.4994317505171927
1.9935156250000001 0.4994386804062906
1.9935937500000001 0.4994456102730445
1.9936718750000000 0.4994525401622432
1.9937500000000001 0.4994594700290891
1.9938281250000001 0.4994663999183862
1.9939062500000000 0.4994733297853216
1.9939843750000001 0.4994802596747149
1.9940625000000001 0.4994871895417371
1.9941406250000000 0.4994941194312241
1.9942187500000002 0.4995010492983310
1.9942968750000001 0.4995079791879092
1.9943750000000000 0.4995149090550984
1.9944531249999999 0.4995218389447655
1.9945312500000001 0.4995287688120344
1.9946093750000000 0.4995356987017880
1.9946874999999999 0.4995426285691342
1.9947656250000001 0.4995495584589721
1.9948437500000000 0.4995564883263929
1.9949218750000000 0.4995634182163126
1.9950000000000001 0.4995703480838062
1.9950781250000000 0.4995772779738049
1.9951562500000000 0.4995842078413685
1.9952343750000001 0.4995911377314442
1.9953125000000000 0.4995980675990753
1.9953906250000000 0.4996049974892258
1.9954687500000001 0.4996119273569219
1.9955468750000001 0.4996188572471447
1.9956250000000000 0.4996257871149035
1.9957031250000001 0.4996327170051960
1.9957812500000001 0.4996396468730153
1.9958593750000000 0.4996465767633750
1.9959375000000001 0.4996535066312522
1.9960156250000001 0.4996604365216770
1.9960937500000000 0.4996673663896096
1.9961718750000002 0.4996742962800970
1.9962500000000001 0.4996812261480826
1.9963281250000000 0.4996881560386300
1.9964062499999999 0.4996950859066666
1.9964843750000001 0.4997020157972717
1.9965625000000000 0.4997089456653563
1.9966406249999999 0.4997158755560169
1.9967187500000001 0.4997228054241474
1.9967968750000000 0.4997297353148610
1.9968750000000000 0.4997366651830348
1.9969531250000001 0.4997435950737990
1.9970312500000000 0.4997505249420137
1.9971093750000000 0.4997574548328261
1.9971875000000001 0.4997643847010791
1.9972656250000000 0.4997713145919375
1.9973437500000000 0.4997782444602266
1.9974218750000001 0.4997851743511285
1.9975000000000001 0.4997921042194511
1.9975781250000000 0.4997990341103942
1.9976562500000001 0.4998059639787480
1.9977343750000001 0.4998128938697296
1.9978125000000000 0.4998198237381122
1.9978906250000001 0.4998267536291302
1.9979687500000001 0.4998336834975389
1.9980468750000000 0.4998406133885911
1.9981250000000002 0.4998475432570235
1.9982031250000001 0.4998544731481073
1.9982812500000000 0.4998614030165611
1.9983593749999999 0.4998683329076741
1.9984375000000001 0.4998752627761469
1.9985156250000000 0.4998821926672866
1.9985937499999999 0.4998891225357761
1.9986718750000001 0.4998960524269401
1.9987500000000000 0.4999029822954438
1.9988281250000000 0.4999099121866295
1.9989062500000001 0.4999168420551451
1.9989843750000000 0.4999237719463505
1.9990625000000000 0.4999307018148754
1.9991406250000001 0.4999376317060978
1.9992187500000000 0.4999445615746296
1.9992968750000000 0.4999514914658668
1.9993750000000001 0.4999584213344020
1.9994531250000001 0.4999653512256386
1.9995312500000000 0.4999722810940173
1.9996093750000001 0.4999792109833065
1.9996875000000001 0.4999861408275486
1.9997656250000000 0.4999930704192016
1.9998437500000001 0.4999999965929027
1.9999218750000001 0.5000068809188666
2.0000000000000000 0.5000132488642622
