0.0000000000000000 0.5000207903308468
0.0000781250000000 0.5000277201611035
0.0001562500000000 0.5000346500901321
0.0002343750000000 0.5000415799206861
0.0003125000000000 0.5000485098502307
0.0003906250000000 0.5000554396800747
0.0004687500000000 0.5000623696103174
0.0005468750000000 0.5000692994397261
0.0006250000000000 0.5000762293700937
0.0007031250000000 0.5000831591993662
0.0007812500000000 0.5000900891299547
0.0008593750000000 0.5000970189588708
0.0009375000000000 0.5001039488898128
0.0010156250000000 0.5001108787183713
0.0010937500000000 0.5001178086495853
0.0011718750000000 0.5001247384778620
0.0012500000000000 0.5001316684093163
0.0013281250000000 0.5001385982372892
0.0014062500000000 0.5001455281690159
0.0014843750000000 0.5001524579966644
0.0015625000000000 0.5001593879286534
0.0016406250000000 0.5001663177559992
0.0017187500000000 0.5001732476882238
0.0017968750000000 0.5001801775152844
0.0018750000000000 0.5001871074477299
0.0019531250000000 0.5001940372745162
0.0020312500000000 0.5002009672071668
0.0021093750000000 0.5002078970336880
0.0021875000000000 0.5002148269665340
0.0022656250000000 0.5002217567927920
0.0023437500000000 0.5002286867258294
0.0024218750000000 0.5002356165518217
0.0025000000000000 0.5002425464850475
0.0025781250000000 0.5002494763107701
0.0026562500000000 0.5002564062441834
0.0027343750000000 0.5002633360696306
0.0028125000000000 0.5002702660032321
0.0028906250000000 0.5002771958283988
0.0029687500000000 0.5002841257621887
0.0030468750000000 0.5002910555870675
0.0031250000000000 0.5002979855210504
0.0032031250000000 0.5003049153456312
0.0032812500000000 0.5003118452798111
0.0033593750000000 0.5003187751040842
0.0034375000000000 0.5003257050384653
0.0035156250000000 0.5003326348624231
0.0035937500000000 0.5003395647970093
0.0036718750000000 0.5003464946206424
0.0037500000000000 0.5003534245554359
0.0038281250000000 0.5003603543787397
0.0039062500000000 0.5003672843137403
0.0039843750000000 0.5003742141367086
0.0040625000000000 0.5003811440719174
0.0041406250000000 0.5003880738945485
0.0042187500000000 0.5003950038299626
0.0042968750000000 0.5004019336522534
0.0043750000000000 0.5004088635878717
0.0044531250000000 0.5004157934098200
0.0045312500000000 0.5004227233456408
0.0046093750000000 0.5004296531672434
0.0046875000000000 0.5004365831032661
0.0047656250000000 0.5004435129245203
0.0048437500000000 0.5004504428607414
0.0049218750000000 0.5004573726816447
0.0050000000000000 0.5004643026180623
0.0050781250000000 0.5004712324386121
0.0051562500000000 0.5004781623752240
0.0052343750000000 0.5004850921954173
0.0053125000000000 0.5004920221322221
0.0053906250000000 0.5004989519520531
0.0054687500000000 0.5005058818890479
0.0055468750000000 0.5005128117085155
0.0056250000000000 0.5005197416456982
0.0057031250000000 0.5005266714647967
0.0057812500000000 0.5005336014021682
0.0058593750000000 0.5005405312208920
0.0059375000000000 0.5005474611584503
0.0060156250000000 0.5005543909767961
0.0060937500000000 0.5005613209145416
0.0061718750000000 0.5005682507325019
0.0062500000000000 0.5005751806704382
0.0063281250000000 0.5005821104880055
0.0064062500000000 0.5005890404261346
0.0064843750000000 0.5005959702433010
0.0065625000000000 0.5006029001816275
0.0066406250000000 0.5006098299983842
0.0067187500000000 0.5006167599369127
0.0067968750000000 0.5006236897532503
0.0068750000000000 0.5006306196919854
0.0069531250000000 0.5006375495078944
0.0070312500000000 0.5006444794468419
0.0071093750000000 0.5006514092623121
0.0071875000000000 0.5006583392014790
0.0072656250000000 0.5006652690164999
0.0073437500000000 0.5006721989558901
0.0074218750000000 0.5006791287704516
0.0075000000000000 0.5006860587100712
0.0075781250000000 0.5006929885241650
0.0076562500000000 0.5006999184640175
0.0077343750000000 0.5007068482776337
0.0078125000000000 0.5007137782177248
0.0078906250000000 0.5007207080308554
0.0079687500000000 0.5007276379711879
0.0080468750000000 0.5007345677838233
0.0081250000000000 0.5007414977244005
0.0082031250000000 0.5007484275365353
0.0082812500000000 0.5007553574773582
0.0083593750000000 0.5007622872889854
0.0084375000000000 0.5007692172300555
0.0085156250000000 0.5007761470411699
0.0085937500000000 0.5007830769824866
0.0086718750000000 0.5007900067930849
0.0087500000000000 0.5007969367346442
0.0088281250000000 0.5008038665447261
0.0089062500000000 0.5008107964865254
0.0089843750000000 0.5008177262960891
0.0090625000000000 0.5008246562381227
0.0091406250000000 0.5008315860471705
0.0092187500000000 0.5008385159894312
0.0092968750000000 0.5008454457979653
0.0093750000000000 0.5008523757404449
0.0094531250000000 0.5008593055484704
0.0095312500000000 0.5008662354911592
0.0096093750000000 0.5008731652986813
0.0096875000000000 0.5008800952415684
0.0097656250000000 0.5008870250485931
0.0098437500000000 0.5008939549916684
0.0099218750000000 0.5009008847982008
0.0100000000000000 0.5009078147414543
0.0100781250000000 0.5009147445475012
0.0101562500000000 0.5009216744909206
0.0102343750000000 0.5009286042964877
0.0103125000000000 0.5009355342400625
0.0103906250000000 0.5009424640451565
0.0104687500000000 0.5009493939888767
0.0105468750000000 0.5009563237935024
0.0106250000000000 0.5009632537373567
0.0107031250000000 0.5009701835415192
0.0107812500000000 0.5009771134854999
0.0108593750000000 0.5009840432892021
0.0109375000000000 0.5009909732332989
0.0110156250000000 0.5009979030365459
0.0110937500000000 0.5010048329807516
0.0111718750000000 0.5010117627835452
0.0112500000000000 0.5010186927278509
0.0113281250000000 0.5010256225301944
0.0114062500000000 0.5010325524745918
0.0114843750000000 0.5010394822764895
0.0115625000000000 0.5010464122209701
0.0116406250000000 0.5010533420224254
0.0117187500000000 0.5010602719669801
0.0117968750000000 0.5010672017679958
0.0118750000000000 0.5010741317126185
0.0119531250000000 0.5010810615131975
0.0120312500000000 0.5010879914578779
0.0121093750000000 0.5010949212580239
0.0121875000000000 0.5011018512027560
0.0122656250000000 0.5011087810024712
0.0123437500000000 0.5011157109472471
0.0124218750000000 0.5011226407465347
0.0125000000000000 0.5011295706913469
0.0125781250000000 0.5011365004902091
0.0126562500000000 0.5011434304350525
0.0127343750000000 0.5011503602334886
0.0128125000000000 0.5011572901783584
0.0128906250000000 0.5011642199763687
0.0129687500000000 0.5011711499212610
0.0130468750000000 0.5011780797188446
0.0131250000000000 0.5011850096637550
0.0132031250000000 0.5011919394609109
0.0132812500000000 0.5011988694058375
0.0133593750000000 0.5012057992025631
0.0134375000000000 0.5012127291475033
0.0135156250000000 0.5012196589437962
0.0135937500000000 0.5012265888887469
0.0136718750000000 0.5012335186846052
0.0137500000000000 0.5012404486295655
0.0138281250000000 0.5012473784249849
0.0139062500000000 0.5012543083699541
0.0139843750000000 0.5012612381649306
0.0140625000000000 0.5012681681099074
0.0141406250000000 0.5012750979044373
0.0142187500000000 0.5012820278494202
0.0142968750000000 0.5012889576435017
0.0143750000000000 0.5012958875884885
0.0144531250000000 0.5013028173821173
0.0145312500000000 0.5013097473271065
0.0146093750000000 0.5013166771202794
0.0146875000000000 0.5013236070652707
0.0147656250000000 0.5013305368579849
0.0148437500000000 0.5013374668029743
0.0149218750000000 0.5013443965952278
0.0150000000000000 0.5013513265402140
0.0150781250000000 0.5013582563320037
0.0151562500000000 0.5013651862769842
0.0152343750000000 0.5013721160683073
0.0153125000000000 0.5013790460132804
0.0153906250000000 0.5013859758041334
0.0154687500000000 0.5013929057490997
0.0155468750000000 0.5013998355394771
0.0156250000000000 0.5014067654844337
0.0157031250000000 0.5014136952743348
0.0157812500000000 0.5014206252192804
0.0158593750000000 0.5014275550087004
0.0159375000000000 0.5014344849536336
0.0160156250000000 0.5014414147425680
0.0160937500000000 0.5014483446874894
0.0161718750000000 0.5014552744759340
0.0162500000000000 0.5014622044208428
0.0163281250000000 0.5014691342087917
0.0164062500000000 0.5014760641536896
0.0164843750000000 0.5014829939411377
0.0165625000000000 0.5014899238860246
0.0166406250000000 0.5014968536729648
0.0167187500000000 0.5015037836178432
0.0167968750000000 0.5015107134042697
0.0168750000000000 0.5015176433491396
0.0169531250000000 0.5015245731350468
0.0170312500000000 0.5015315030799096
0.0171093750000000 0.5015384328652911
0.0171875000000000 0.5015453628101492
0.0172656250000000 0.5015522925949972
0.0173437500000000 0.5015592225398515
0.0174218750000000 0.5015661523241616
0.0175000000000000 0.5015730822690141
0.0175781250000000 0.5015800120527779
0.0176562500000000 0.5015869419976299
0.0177343750000000 0.5015938717808421
0.0178125000000000 0.5016008017256962
0.0178906250000000 0.5016077315083500
0.0179687500000000 0.5016146614532052
0.0180468750000000 0.5016215912352969
0.0181250000000000 0.5016285211801543
0.0182031250000000 0.5016354509616791
0.0182812500000000 0.5016423809065366
0.0183593750000000 0.5016493106874921
0.0184375000000000 0.5016562406323475
0.0185156250000000 0.5016631704127309
0.0185937500000000 0.5016701003575817
0.0186718750000000 0.5016770301373910
0.0187500000000000 0.5016839600822356
0.0188281250000000 0.5016908898614696
0.0189062500000000 0.5016978198063017
0.0189843750000000 0.5017047495849615
0.0190625000000000 0.5017116795297761
0.0191406250000000 0.5017186093078626
0.0192187500000000 0.5017255392526531
0.0192968750000000 0.5017324690301691
0.0193750000000000 0.5017393989749277
0.0194531250000000 0.5017463287518757
0.0195312500000000 0.5017532586965956
0.0196093750000000 0.5017601884729787
0.0196875000000000 0.5017671184176499
0.0197656250000000 0.5017740481934738
0.0198437500000000 0.5017809781380864
0.0199218750000000 0.5017879079133554
0.0200000000000000 0.5017948378579004
0.0200781250000000 0.5018017676326210
0.0201562500000000 0.5018086975770866
0.0202343750000000 0.5018156273512631
0.0203125000000000 0.5018225572956402
0.0203906250000000 0.5018294870692789
0.0204687500000000 0.5018364170135556
0.0205468750000000 0.5018433467866636
0.0206250000000000 0.5018502767308292
0.0207031250000000 0.5018572065034119
0.0207812500000000 0.5018641364474553
0.0208593750000000 0.5018710662195178
0.0209375000000000 0.5018779961634292
0.0210156250000000 0.5018849259349778
0.0210937500000000 0.5018918558787463
0.0211718750000000 0.5018987856497872
0.0212500000000000 0.5019057155934017
0.0213281250000000 0.5019126453639388
0.0214062500000000 0.5019195753073921
0.0214843750000000 0.5019265050774298
0.0215625000000000 0.5019334350207098
0.0216406250000000 0.5019403647902538
0.0217187500000000 0.5019472947333526
0.0217968750000000 0.5019542245024062
0.0218750000000000 0.5019611544453144
0.0219531250000000 0.5019680842138824
0.0220312500000000 0.5019750141565910
0.0221093750000000 0.5019819439246767
0.0221875000000000 0.5019888738671767
0.0222656250000000 0.5019958036347837
0.0223437500000000 0.5020027335770697
0.0224218750000000 0.5020096633441993
0.0225000000000000 0.5020165932862620
0.0225781250000000 0.5020235230529165
0.0226562500000000 0.5020304529947512
0.0227343750000000 0.5020373827609327
0.0228125000000000 0.5020443127025311
0.0228906250000000 0.5020512424682418
0.0229687500000000 0.5020581724095983
0.0230468750000000 0.5020651021748381
0.0231250000000000 0.5020720321159479
0.0232031250000000 0.5020789618807175
0.0232812500000000 0.5020858918215741
0.0233593750000000 0.5020928215858754
0.0234375000000000 0.5020997515264746
0.0235156250000000 0.5021066812903048
0.0235937500000000 0.5021136112306429
0.0236718750000000 0.5021205409940034
0.0237500000000000 0.5021274709340747
0.0238281250000000 0.5021344006969649
0.0239062500000000 0.5021413306367665
0.0239843750000000 0.5021482603991845
0.0240625000000000 0.5021551903387127
0.0241406250000000 0.5021621201006574
0.0242187500000000 0.5021690500399085
0.0242968750000000 0.5021759798013791
0.0243750000000000 0.5021829097403500
0.0244531250000000 0.5021898395013431
0.0245312500000000 0.5021967694400327
0.0246093750000000 0.5022036992005466
0.0246875000000000 0.5022106291389505
0.0247656250000000 0.5022175588989838
0.0248437500000000 0.5022244888371008
0.0249218750000000 0.5022314185966509
0.0250000000000000 0.5022383485344761
0.0250781250000000 0.5022452782935432
0.0251562500000000 0.5022522082310745
0.0252343750000000 0.5022591379896532
0.0253125000000000 0.5022660679268890
0.0253906250000000 0.5022729976849784
0.0254687500000000 0.5022799276219164
0.0255468750000000 0.5022868573795128
0.0256250000000000 0.5022937873161516
0.0257031250000000 0.5023007170732523
0.0257812500000000 0.5023076470095899
0.0258593750000000 0.5023145767661915
0.0259375000000000 0.5023215067022261
0.0260156250000000 0.5023284364583256
0.0260937500000000 0.5023353663940560
0.0261718750000000 0.5023422961496496
0.0262500000000000 0.5023492260850745
0.0263281250000000 0.5023561558401580
0.0264062500000000 0.5023630857752773
0.0264843750000000 0.5023700155298464
0.0265625000000000 0.5023769454646589
0.0266406250000000 0.5023838752187086
0.0267187500000000 0.5023908051532151
0.0267968750000000 0.5023977349067416
0.0268750000000000 0.5024046648409410
0.0269531250000000 0.5024115945939400
0.0270312500000000 0.5024185245278318
0.0271093750000000 0.5024254542802989
0.0271875000000000 0.5024323842138809
0.0272656250000000 0.5024393139658129
0.0273437500000000 0.5024462438990852
0.0274218750000000 0.5024531736504783
0.0275000000000000 0.5024601035834382
0.0275781250000000 0.5024670333342897
0.0276562500000000 0.5024739632669374
0.0277343750000000 0.5024808930172421
0.0278125000000000 0.5024878229495752
0.0278906250000000 0.5024947526993314
0.0279687500000000 0.5025016826313473
0.0280468750000000 0.5025086123805536
0.0281250000000000 0.5025155423122485
0.0282031250000000 0.5025224720609023
0.0282812500000000 0.5025294019922749
0.0283593750000000 0.5025363317403746
0.0284375000000000 0.5025432616714192
0.0285156250000000 0.5025501914189658
0.0285937500000000 0.5025571213496783
0.0286718750000000 0.5025640510966704
0.0287500000000000 0.5025709810270469
0.0288281250000000 0.5025779107734849
0.0289062500000000 0.5025848407035187
0.0289843750000000 0.5025917704494044
0.0290625000000000 0.5025987003790886
0.0291406250000000 0.5026056301244253
0.0292187500000000 0.5026125600537524
0.0292968750000000 0.5026194897985429
0.0293750000000000 0.5026264197275050
0.0294531250000000 0.5026333494717520
0.0295312500000000 0.5026402794003403
0.0296093750000000 0.5026472091440488
0.0296875000000000 0.5026541390722540
0.0297656250000000 0.5026610688154279
0.0298437500000000 0.5026679987432423
0.0299218750000000 0.5026749284858851
0.0300000000000000 0.5026818584132980
0.0300781250000000 0.5026887881554170
0.0301562500000000 0.5026957180824171
0.0302343750000000 0.5027026478240175
0.0303125000000000 0.5027095777505952
0.0303906250000000 0.5027165074916814
0.0304687500000000 0.5027234374178272
0.0305468750000000 0.5027303671584062
0.0306250000000000 0.5027372970841079
0.0307031250000000 0.5027442268241852
0.0307812500000000 0.5027511567494326
0.0308593750000000 0.5027580864890138
0.0309375000000000 0.5027650164137968
0.0310156250000000 0.5027719461528880
0.0310937500000000 0.5027788760771955
0.0311718750000000 0.5027858058158023
0.0312500000000000 0.5027927357396238
0.0313281250000000 0.5027996654777518
0.0314062500000000 0.5028065954010779
0.0314843750000000 0.5028135251387300
0.0315625000000000 0.5028204550615512
0.0316406250000000 0.5028273847987357
0.0317187500000000 0.5028343147210405
0.0317968750000000 0.5028412444577601
0.0318750000000000 0.5028481743795407
0.0319531250000000 0.5028551041157993
0.0320312500000000 0.5028620340370474
0.0321093750000000 0.5028689637728491
0.0321875000000000 0.5028758936935562
0.0322656250000000 0.5028828234289037
0.0323437500000000 0.5028897533490613
0.0324218750000000 0.5028966830839581
0.0325000000000000 0.5029036130035586
0.0325781250000000 0.5029105427380075
0.0326562500000000 0.5029174726570438
0.0327343750000000 0.5029244023910470
0.0328125000000000 0.5029313323095117
0.0328906250000000 0.5029382620430712
0.0329687500000000 0.5029451919609581
0.0330468750000000 0.5029521216940744
0.0331250000000000 0.5029590516113780
0.0332031250000000 0.5029659813440531
0.0332812500000000 0.5029729112607670
0.0333593750000000 0.5029798409930013
0.0334375000000000 0.5029867709091203
0.0335156250000000 0.5029937006409141
0.0335937500000000 0.5030006305564330
0.0336718750000000 0.5030075602877867
0.0337500000000000 0.5030144902027013
0.0338281250000000 0.5030214199336137
0.0339062500000000 0.5030283498479190
0.0339843750000000 0.5030352795783918
0.0340625000000000 0.5030422094920831
0.0341406250000000 0.5030491392221141
0.0342187500000000 0.5030560691351884
0.0342968750000000 0.5030629988647767
0.0343750000000000 0.5030699287772294
0.0344531250000000 0.5030768585063737
0.0345312500000000 0.5030837884182037
0.0346093750000000 0.5030907181469008
0.0346875000000000 0.5030976480581034
0.0347656250000000 0.5031045777863543
0.0348437500000000 0.5031115076969261
0.0349218750000000 0.5031184374247266
0.0350000000000000 0.5031253673346671
0.0350781250000000 0.5031322970620155
0.0351562500000000 0.5031392269713209
0.0352343750000000 0.5031461566982145
0.0353125000000000 0.5031530866068822
0.0353906250000000 0.5031600163333199
0.0354687500000000 0.5031669462413476
0.0355468750000000 0.5031738759673255
0.0356250000000000 0.5031808058747120
0.0357031250000000 0.5031877356002277
0.0357812500000000 0.5031946655069702
0.0358593750000000 0.5032015952320201
0.0359375000000000 0.5032085251381188
0.0360156250000000 0.5032154548626989
0.0360937500000000 0.5032223847681511
0.0361718750000000 0.5032293144922593
0.0362500000000000 0.5032362443970632
0.0363281250000000 0.5032431741206962
0.0364062500000000 0.5032501040248507
0.0364843750000000 0.5032570337480041
0.0365625000000000 0.5032639636515082
0.0366406250000000 0.5032708933741793
0.0367187500000000 0.5032778232770311
0.0367968750000000 0.5032847529992160
0.0368750000000000 0.5032916829014140
0.0369531250000000 0.5032986126231109
0.0370312500000000 0.5033055425246522
0.0371093750000000 0.5033124722458573
0.0371875000000000 0.5033194021467404
0.0372656250000000 0.5033263318674522
0.0373437500000000 0.5033332617676742
0.0374218750000000 0.5033401914878911
0.0375000000000000 0.5033471213874481
0.0375781250000000 0.5033540511071680
0.0376562500000000 0.5033609810060573
0.0377343750000000 0.5033679107252774
0.0378125000000000 0.5033748406234969
0.0378906250000000 0.5033817703422168
0.0379687500000000 0.5033887002397631
0.0380468750000000 0.5033956299579803
0.0381250000000000 0.5034025598548482
0.0382031250000000 0.5034094895725636
0.0382812500000000 0.5034164194687490
0.0383593750000000 0.5034233491859627
0.0384375000000000 0.5034302790814595
0.0385156250000000 0.5034372087981721
0.0385937500000000 0.5034441386929744
0.0386718750000000 0.5034510684091884
0.0387500000000000 0.5034579983032900
0.0388281250000000 0.5034649280190061
0.0389062500000000 0.5034718579123997
0.0389843750000000 0.5034787876276205
0.0390625000000000 0.5034857175202990
0.0391406250000000 0.5034926472350281
0.0392187500000000 0.5034995771269846
0.0392968750000000 0.5035065068412231
0.0393750000000000 0.5035134367324478
0.0394531250000000 0.5035203664462011
0.0395312500000000 0.5035272963366874
0.0396093750000000 0.5035342260499580
0.0396875000000000 0.5035411559396956
0.0397656250000000 0.5035480856524893
0.0398437500000000 0.5035550155414693
0.0399218750000000 0.5035619452537888
0.0400000000000000 0.5035688751420032
0.0400781250000000 0.5035758048538530
0.0401562500000000 0.5035827347412917
0.0402343750000000 0.5035896644526776
0.0403125000000000 0.5035965943393312
0.0403906250000000 0.5036035240502575
0.0404687500000000 0.5036104539361161
0.0405468750000000 0.5036173836465867
0.0406250000000000 0.5036243135316409
0.0407031250000000 0.5036312432416620
0.0407812500000000 0.5036381731259016
0.0408593750000000 0.5036451028354786
0.0409375000000000 0.5036520327188946
0.0410156250000000 0.5036589624280291
0.0410937500000000 0.5036658923106133
0.0411718750000000 0.5036728220193109
0.0412500000000000 0.5036797519010540
0.0413281250000000 0.5036866816093185
0.0414062500000000 0.5036936114902104
0.0414843750000000 0.5037005411980474
0.0415625000000000 0.5037074710780809
0.0416406250000000 0.5037144007854913
0.0417187500000000 0.5037213306646579
0.0417968750000000 0.5037282603716472
0.0418750000000000 0.5037351902499378
0.0419531250000000 0.5037421199565084
0.0420312500000000 0.5037490498339158
0.0421093750000000 0.5037559795400696
0.0421875000000000 0.5037629094165874
0.0422656250000000 0.5037698391223273
0.0423437500000000 0.5037767689979490
0.0424218750000000 0.5037836987032757
0.0425000000000000 0.5037906285779936
0.0425781250000000 0.5037975582829095
0.0426562500000000 0.5038044881567185
0.0427343750000000 0.5038114178612240
0.0428125000000000 0.5038183477341180
0.0428906250000000 0.5038252774382139
0.0429687500000000 0.5038322073101882
0.0430468750000000 0.5038391370138754
0.0431250000000000 0.5038460668849243
0.0432031250000000 0.5038529965882004
0.0432812500000000 0.5038599264583210
0.0433593750000000 0.5038668561611874
0.0434375000000000 0.5038737860303738
0.0435156250000000 0.5038807157328306
0.0435937500000000 0.5038876456010791
0.0436718750000000 0.5038945753031236
0.0437500000000000 0.5039015051704309
0.0438281250000000 0.5039084348720618
0.0439062500000000 0.5039153647384249
0.0439843750000000 0.5039222944396416
0.0440625000000000 0.5039292243050564
0.0441406250000000 0.5039361540058567
0.0442187500000000 0.5039430838703212
0.0442968750000000 0.5039500135707030
0.0443750000000000 0.5039569434342140
0.0444531250000000 0.5039638731341751
0.0445312500000000 0.5039708029967306
0.0446093750000000 0.5039777326962684
0.0446875000000000 0.5039846625578656
0.0447656250000000 0.5039915922569771
0.0448437500000000 0.5039985221176156
0.0449218750000000 0.5040054518162967
0.0450000000000000 0.5040123816759748
0.0450781250000000 0.5040193113742234
0.0451562500000000 0.5040262412329384
0.0452343750000000 0.5040331709307517
0.0453125000000000 0.5040401007885020
0.0453906250000000 0.5040470304858758
0.0454687500000000 0.5040539603426601
0.0455468750000000 0.5040608900395926
0.0456250000000000 0.5040678198954101
0.0457031250000000 0.5040747495918955
0.0457812500000000 0.5040816794467454
0.0458593750000000 0.5040886091427804
0.0459375000000000 0.5040955389966606
0.0460156250000000 0.5041024686922423
0.0460937500000000 0.5041093985451535
0.0461718750000000 0.5041163282402766
0.0462500000000000 0.5041232580922160
0.0463281250000000 0.5041301877868786
0.0464062500000000 0.5041371176378459
0.0464843750000000 0.5041440473320438
0.0465625000000000 0.5041509771820361
0.0466406250000000 0.5041579068757669
0.0467187500000000 0.5041648367247824
0.0467968750000000 0.5041717664180436
0.0468750000000000 0.5041786962660799
0.0469531250000000 0.5041856259588690
0.0470312500000000 0.5041925558059251
0.0471093750000000 0.5041994854982372
0.0471875000000000 0.5042064153443115
0.0472656250000000 0.5042133450361468
0.0473437500000000 0.5042202748812342
0.0474218750000000 0.5042272045725897
0.0475000000000000 0.5042341344166880
0.0475781250000000 0.5042410641075623
0.0476562500000000 0.5042479939506690
0.0477343750000000 0.5042549236410608
0.0478125000000000 0.5042618534831704
0.0478906250000000 0.5042687831730804
0.0479687500000000 0.5042757130141887
0.0480468750000000 0.5042826427036150
0.0481250000000000 0.5042895725437182
0.0482031250000000 0.5042965022326620
0.0482812500000000 0.5043034320717537
0.0483593750000000 0.5043103617602157
0.0484375000000000 0.5043172915982913
0.0485156250000000 0.5043242212862707
0.0485937500000000 0.5043311511233246
0.0486718750000000 0.5043380808108240
0.0487500000000000 0.5043450106468500
0.0488281250000000 0.5043519403338690
0.0489062500000000 0.5043588701688605
0.0489843750000000 0.5043657998554034
0.0490625000000000 0.5043727296893530
0.0491406250000000 0.5043796593754215
0.0492187500000000 0.5043865892083210
0.0492968750000000 0.5043935188939174
0.0493750000000000 0.5044004487257617
0.0494531250000000 0.5044073784108877
0.0495312500000000 0.5044143082416692
0.0496093750000000 0.5044212379263264
0.0496875000000000 0.5044281677560379
0.0497656250000000 0.5044350974402312
0.0498437500000000 0.5044420272688628
0.0499218750000000 0.5044489569525946
0.0500000000000000 0.5044558867801405
0.0500781250000000 0.5044628164634138
0.0501562500000000 0.5044697462898649
0.0502343750000000 0.5044766759726835
0.0503125000000000 0.5044836057980324
0.0503906250000000 0.5044905354803974
0.0504687500000000 0.5044974653046369
0.0505468750000000 0.5045043949865519
0.0506250000000000 0.5045113248096743
0.0507031250000000 0.5045182544911415
0.0507812500000000 0.5045251843131409
0.0508593750000000 0.5045321139941625
0.0509375000000000 0.5045390438150303
0.0510156250000000 0.5045459734956088
0.0510937500000000 0.5045529033153383
0.0511718750000000 0.5045598329954750
0.0512500000000000 0.5045667628140607
0.0513281250000000 0.5045736924937574
0.0514062500000000 0.5045806223111924
0.0514843750000000 0.5045875519904504
0.0515625000000000 0.5045944818067285
0.0516406250000000 0.5046014114855500
0.0517187500000000 0.5046083413006657
0.0517968750000000 0.5046152709790490
0.0518750000000000 0.5046222007929975
0.0519531250000000 0.5046291304709439
0.0520312500000000 0.5046360602837198
0.0521093750000000 0.5046429899612306
0.0521875000000000 0.5046499197728287
0.0522656250000000 0.5046568494499021
0.0523437500000000 0.5046637792603179
0.0524218750000000 0.5046707089369545
0.0525000000000000 0.5046776387461842
0.0525781250000000 0.5046845684223827
0.0526562500000000 0.5046914982304229
0.0527343750000000 0.5046984279061824
0.0528125000000000 0.5047053577130283
0.0528906250000000 0.5047122873883471
0.0529687500000000 0.5047192171939969
0.0530468750000000 0.5047261468688728
0.0531250000000000 0.5047330766733230
0.0532031250000000 0.5047400063477542
0.0532812500000000 0.5047469361510037
0.0533593750000000 0.5047538658249856
0.0534375000000000 0.5047607956270321
0.0535156250000000 0.5047677253005634
0.0535937500000000 0.5047746551014050
0.0536718750000000 0.5047815847744821
0.0537500000000000 0.5047885145741171
0.0538281250000000 0.5047954442467371
0.0539062500000000 0.5048023740451627
0.0539843750000000 0.5048093037173221
0.0540625000000000 0.5048162335145401
0.0541406250000000 0.5048231631862332
0.0542187500000000 0.5048300929822406
0.0542968750000000 0.5048370226534660
0.0543750000000000 0.5048439524482627
0.0544531250000000 0.5048508821190151
0.0545312500000000 0.5048578119126005
0.0546093750000000 0.5048647415828754
0.0546875000000000 0.5048716713752494
0.0547656250000000 0.5048786010450417
0.0548437500000000 0.5048855308362038
0.0549218750000000 0.5048924605055093
0.0550000000000000 0.5048993902954606
0.0550781250000000 0.5049063199642742
0.0551562500000000 0.5049132497530133
0.0552343750000000 0.5049201794213311
0.0553125000000000 0.5049271092088573
0.0553906250000000 0.5049340388766755
0.0554687500000000 0.5049409686629885
0.0555468750000000 0.5049478983303020
0.0556250000000000 0.5049548281154016
0.0557031250000000 0.5049617577822060
0.0557812500000000 0.5049686875660916
0.0558593750000000 0.5049756172323825
0.0559375000000000 0.5049825470150549
0.0560156250000000 0.5049894766808273
0.0560937500000000 0.5049964064622839
0.0561718750000000 0.5050033361275351
0.0562500000000000 0.5050102659077774
0.0563281250000000 0.5050171955725018
0.0564062500000000 0.5050241253515267
0.0564843750000000 0.5050310550157223
0.0565625000000000 0.5050379847935295
0.0566406250000000 0.5050449144571917
0.0567187500000000 0.5050518442337795
0.0567968750000000 0.5050587738969059
0.0568750000000000 0.5050657036722717
0.0569531250000000 0.5050726333348597
0.0570312500000000 0.5050795631090014
0.0571093750000000 0.5050864927710496
0.0571875000000000 0.5050934225439646
0.0572656250000000 0.5051003522054685
0.0573437500000000 0.5051072819771550
0.0574218750000000 0.5051142116381125
0.0575000000000000 0.5051211414085685
0.0575781250000000 0.5051280710689789
0.0576562500000000 0.5051350008381993
0.0577343750000000 0.5051419304980614
0.0578125000000000 0.5051488602660428
0.0578906250000000 0.5051557899253555
0.0579687500000000 0.5051627196920943
0.0580468750000000 0.5051696493508557
0.0581250000000000 0.5051765791163478
0.0582031250000000 0.5051835087745599
0.0582812500000000 0.5051904385387994
0.0583593750000000 0.5051973681964611
0.0584375000000000 0.5052042979594430
0.0585156250000000 0.5052112276165551
0.0585937500000000 0.5052181573782761
0.0586718750000000 0.5052250870348367
0.0587500000000000 0.5052320167952914
0.0588281250000000 0.5052389464513026
0.0589062500000000 0.5052458762104842
0.0589843750000000 0.5052528058659469
0.0590625000000000 0.5052597356238508
0.0591406250000000 0.5052666652787653
0.0592187500000000 0.5052735950353852
0.0592968750000000 0.5052805246897528
0.0593750000000000 0.5052874544450840
0.0594531250000000 0.5052943840989041
0.0595312500000000 0.5053013138529407
0.0596093750000000 0.5053082435062147
0.0596875000000000 0.5053151732589517
0.0597656250000000 0.5053221029116799
0.0598437500000000 0.5053290326631114
0.0599218750000000 0.5053359623152965
0.0600000000000000 0.5053428920654153
0.0600781250000000 0.5053498217170571
0.0601562500000000 0.5053567514658583
0.0602343750000000 0.5053636811169576
0.0603125000000000 0.5053706108644375
0.0603906250000000 0.5053775405149926
0.0604687500000000 0.5053844702611456
0.0605468750000000 0.5053913999111580
0.0606250000000000 0.5053983296559790
0.0607031250000000 0.5054052593054492
0.0607812500000000 0.5054121890489337
0.0608593750000000 0.5054191186978605
0.0609375000000000 0.5054260484400032
0.0610156250000000 0.5054329780883869
0.0610937500000000 0.5054399078291845
0.0611718750000000 0.5054468374770241
0.0612500000000000 0.5054537672164725
0.0613281250000000 0.5054606968637658
0.0614062500000000 0.5054676266018622
0.0614843750000000 0.5054745562486084
0.0615625000000000 0.5054814859853496
0.0616406250000000 0.5054884156315466
0.0617187500000000 0.5054953453669290
0.0617968750000000 0.5055022750125741
0.0618750000000000 0.5055092047465964
0.0619531250000000 0.5055161343916884
0.0620312500000000 0.5055230641243466
0.0621093750000000 0.5055299937688819
0.0621875000000000 0.5055369235001758
0.0622656250000000 0.5055438531441518
0.0623437500000000 0.5055507828740781
0.0624218750000000 0.5055577125174916
0.0625000000000000 0.5055646422460495
0.0625781250000000 0.5055715718888969
0.0626562500000000 0.5055785016160854
0.0627343750000000 0.5055854312583631
0.0628125000000000 0.5055923609841816
0.0628906250000000 0.5055992906258838
0.0629687500000000 0.5056062203503320
0.0630468750000000 0.5056131499914568
0.0631250000000000 0.5056200797145330
0.0632031250000000 0.5056270093550743
0.0632812500000000 0.5056339390767796
0.0633593750000000 0.5056408687167330
0.0634375000000000 0.5056477984370663
0.0635156250000000 0.5056547280764275
0.0635937500000000 0.5056616577953903
0.0636718750000000 0.5056685874341525
0.0637500000000000 0.5056755171517444
0.0638281250000000 0.5056824467899047
0.0639062500000000 0.5056893765061249
0.0639843750000000 0.5056963061436777
0.0640625000000000 0.5057032358585283
0.0641406250000000 0.5057101654954657
0.0642187500000000 0.5057170952089487
0.0642968750000000 0.5057240248452666
0.0643750000000000 0.5057309545573807
0.0644531250000000 0.5057378841930732
0.0645312500000000 0.5057448139038200
0.0646093750000000 0.5057517435388823
0.0646875000000000 0.5057586732482613
0.0647656250000000 0.5057656028826881
0.0648437500000000 0.5057725325907005
0.0649218750000000 0.5057794622244868
0.0650000000000000 0.5057863919311327
0.0650781250000000 0.5057933215642721
0.0651562500000000 0.5058002512695524
0.0652343750000000 0.5058071809020402
0.0653125000000000 0.5058141106059558
0.0653906250000000 0.5058210402377864
0.0654687500000000 0.5058279699403372
0.0655468750000000 0.5058348995715052
0.0656250000000000 0.5058418292726909
0.0657031250000000 0.5058487589031931
0.0657812500000000 0.5058556886030137
0.0658593750000000 0.5058626182328442
0.0659375000000000 0.5058695479312997
0.0660156250000000 0.5058764775604540
0.0660937500000000 0.5058834072575433
0.0661718750000000 0.5058903368860195
0.0662500000000000 0.5058972665817405
0.0663281250000000 0.5059041962095335
0.0664062500000000 0.5059111259038861
0.0664843750000000 0.5059180555309929
0.0665625000000000 0.5059249852239750
0.0666406250000000 0.5059319148503920
0.0667187500000000 0.5059388445420018
0.0667968750000000 0.5059457741677279
0.0668750000000000 0.5059527038579626
0.0669531250000000 0.5059596334829931
0.0670312500000000 0.5059665631718514
0.0671093750000000 0.5059734927961856
0.0671875000000000 0.5059804224836646
0.0672656250000000 0.5059873521072991
0.0673437500000000 0.5059942817933955
0.0674218750000000 0.5060012114163300
0.0675000000000000 0.5060081411010394
0.0675781250000000 0.5060150707232729
0.0676562500000000 0.5060220004065925
0.0677343750000000 0.5060289300281231
0.0678125000000000 0.5060358597100499
0.0678906250000000 0.5060427893308751
0.0679687500000000 0.5060497190114059
0.0680468750000000 0.5060566486315251
0.0681250000000000 0.5060635783106558
0.0682031250000000 0.5060705079300682
0.0682812500000000 0.5060774376077950
0.0683593750000000 0.5060843672264992
0.0684375000000000 0.5060912969028180
0.0685156250000000 0.5060982265208140
0.0685937500000000 0.5061051561957208
0.0686718750000000 0.5061120858130074
0.0687500000000000 0.5061190154864975
0.0688281250000000 0.5061259451030744
0.0689062500000000 0.5061328747751448
0.0689843750000000 0.5061398043910104
0.0690625000000000 0.5061467340616560
0.0691406250000000 0.5061536636768103
0.0692187500000000 0.5061605933460280
0.0692968750000000 0.5061675229604695
0.0693750000000000 0.5061744526282549
0.0694531250000000 0.5061813822419837
0.0695312500000000 0.5061883119083322
0.0696093750000000 0.5061952415213469
0.0696875000000000 0.5062021711862550
0.0697656250000000 0.5062091007985550
0.0698437500000000 0.5062160304620192
0.0699218750000000 0.5062229600736026
0.0700000000000000 0.5062298897356192
0.0700781250000000 0.5062368193464856
0.0701562500000000 0.5062437490070508
0.0702343750000000 0.5062506786171973
0.0703125000000000 0.5062576082763091
0.0703906250000000 0.5062645378857351
0.0704687500000000 0.5062714675433891
0.0705468750000000 0.5062783971520919
0.0706250000000000 0.5062853268082868
0.0707031250000000 0.5062922564162644
0.0707812500000000 0.5062991860709969
0.0708593750000000 0.5063061156782466
0.0709375000000000 0.5063130453315146
0.0710156250000000 0.5063199749380345
0.0710937500000000 0.5063269045898354
0.0711718750000000 0.5063338341956213
0.0712500000000000 0.5063407638459552
0.0713281250000000 0.5063476934510047
0.0714062500000000 0.5063546230998688
0.0714843750000000 0.5063615527041767
0.0715625000000000 0.5063684823515715
0.0716406250000000 0.5063754119551351
0.0717187500000000 0.5063823416010582
0.0717968750000000 0.5063892712038728
0.0718750000000000 0.5063962008483250
0.0719531250000000 0.5064031304503867
0.0720312500000000 0.5064100600933671
0.0721093750000000 0.5064169896946701
0.0721875000000000 0.5064239193361788
0.0722656250000000 0.5064308489367194
0.0723437500000000 0.5064377785767562
0.0724218750000000 0.5064447081765296
0.0725000000000000 0.5064516378150941
0.0725781250000000 0.5064585674140946
0.0726562500000000 0.5064654970511886
0.0727343750000000 0.5064724266494106
0.0728125000000000 0.5064793562850340
0.0728906250000000 0.5064862858824732
0.0729687500000000 0.5064932155166251
0.0730468750000000 0.5065001451132761
0.0731250000000000 0.5065070747459585
0.0732031250000000 0.5065140043418151
0.0732812500000000 0.5065209339730289
0.0733593750000000 0.5065278635680852
0.0734375000000000 0.5065347931978308
0.0735156250000000 0.5065417227920820
0.0735937500000000 0.5065486524203603
0.0736718750000000 0.5065555820138001
0.0737500000000000 0.5065625116406117
0.0738281250000000 0.5065694412332352
0.0739062500000000 0.5065763708585803
0.0739843750000000 0.5065833004503821
0.0740625000000000 0.5065902300742626
0.0741406250000000 0.5065971596652359
0.0742187500000000 0.5066040892876520
0.0742968750000000 0.5066110188777918
0.0743750000000000 0.5066179484987445
0.0744531250000000 0.5066248780880462
0.0745312500000000 0.5066318077075346
0.0746093750000000 0.5066387372959931
0.0746875000000000 0.5066456669140177
0.0747656250000000 0.5066525965016287
0.0748437500000000 0.5066595261181884
0.0749218750000000 0.5066664557049478
0.0750000000000000 0.5066733853200425
0.0750781250000000 0.5066803149059447
0.0751562500000000 0.5066872445195751
0.0752343750000000 0.5066941741046166
0.0753125000000000 0.5067011037167805
0.0753906250000000 0.5067080333009567
0.0754687500000000 0.5067149629116543
0.0755468750000000 0.5067218924949626
0.0756250000000000 0.5067288221041915
0.0757031250000000 0.5067357516866275
0.0757812500000000 0.5067426812943875
0.0758593750000000 0.5067496108759473
0.0759375000000000 0.5067565404822367
0.0760156250000000 0.5067634700629178
0.0760937500000000 0.5067703996677340
0.0761718750000000 0.5067773292475337
0.0762500000000000 0.5067842588508747
0.0763281250000000 0.5067911884297911
0.0764062500000000 0.5067981180316542
0.0764843750000000 0.5068050476096849
0.0765625000000000 0.5068119772100669
0.0766406250000000 0.5068189067872095
0.0767187500000000 0.5068258363861088
0.0767968750000000 0.5068327659623617
0.0768750000000000 0.5068396955597742
0.0769531250000000 0.5068466251351351
0.0770312500000000 0.5068535547310580
0.0771093750000000 0.5068604843055263
0.0771875000000000 0.5068674138999568
0.0772656250000000 0.5068743434735293
0.0773437500000000 0.5068812730664642
0.0774218750000000 0.5068882026391406
0.0775000000000000 0.5068951322305760
0.0775781250000000 0.5069020618023543
0.0776562500000000 0.5069089913922866
0.0777343750000000 0.5069159209631667
0.0778125000000000 0.5069228505515915
0.0778906250000000 0.5069297801215724
0.0779687500000000 0.5069367097084866
0.0780468750000000 0.5069436392775672
0.0781250000000000 0.5069505688629652
0.0782031250000000 0.5069574984311450
0.0782812500000000 0.5069644280150245
0.0783593750000000 0.5069713575823022
0.0784375000000000 0.5069782871646582
0.0785156250000000 0.5069852167310340
0.0785937500000000 0.5069921463118622
0.0786718750000000 0.5069990758773337
0.0787500000000000 0.5070060054566319
0.0788281250000000 0.5070129350211984
0.0789062500000000 0.5070198645989621
0.0789843750000000 0.5070267941626220
0.0790625000000000 0.5070337237388484
0.0791406250000000 0.5070406533016000
0.0792187500000000 0.5070475828762856
0.0792968750000000 0.5070545124381282
0.0793750000000000 0.5070614420112706
0.0794531250000000 0.5070683715722000
0.0795312500000000 0.5070753011437956
0.0796093750000000 0.5070822307038115
0.0796875000000000 0.5070891602738591
0.0797656250000000 0.5070960898329578
0.0798437500000000 0.5071030194014540
0.0799218750000000 0.5071099489596346
0.0800000000000000 0.5071168785265766
0.0800781250000000 0.5071238080838349
0.0801562500000000 0.5071307376492222
0.0802343750000000 0.5071376672055559
0.0803125000000000 0.5071445967693854
0.0803906250000000 0.5071515263247908
0.0804687500000000 0.5071584558870630
0.0805468750000000 0.5071653854415367
0.0806250000000000 0.5071723150022477
0.0807031250000000 0.5071792445557878
0.0807812500000000 0.5071861741149366
0.0808593750000000 0.5071931036675394
0.0809375000000000 0.5072000332251252
0.0810156250000000 0.5072069627767850
0.0810937500000000 0.5072138923328070
0.0811718750000000 0.5072208218835216
0.0812500000000000 0.5072277514379792
0.0813281250000000 0.5072346809877436
0.0814062500000000 0.5072416105406360
0.0814843750000000 0.5072485400894454
0.0815625000000000 0.5072554696407737
0.0816406250000000 0.5072623991886234
0.0817187500000000 0.5072693287383857
0.0817968750000000 0.5072762582852715
0.0818750000000000 0.5072831878334687
0.0819531250000000 0.5072901173793860
0.0820312500000000 0.5072970469260175
0.0821093750000000 0.5073039764709619
0.0821875000000000 0.5073109060160271
0.0822656250000000 0.5073178355599923
0.0823437500000000 0.5073247651034938
0.0824218750000000 0.5073316946464743
0.0825000000000000 0.5073386241884107
0.0825781250000000 0.5073455537304029
0.0826562500000000 0.5073524832707730
0.0827343750000000 0.5073594128117739
0.0828125000000000 0.5073663423505779
0.0828906250000000 0.5073732718905809
0.0829687500000000 0.5073802014278190
0.0830468750000000 0.5073871309668205
0.0831250000000000 0.5073940605024920
0.0832031250000000 0.5074009900404870
0.0832812500000000 0.5074079195745920
0.0833593750000000 0.5074148491115764
0.0834375000000000 0.5074217786441138
0.0835156250000000 0.5074287081800823
0.0835937500000000 0.5074356377110526
0.0836718750000000 0.5074425672460022
0.0837500000000000 0.5074494967754040
0.0838281250000000 0.5074564263093299
0.0839062500000000 0.5074633558371624
0.0839843750000000 0.5074702853700608
0.0840625000000000 0.5074772148963234
0.0841406250000000 0.5074841444281905
0.0842187500000000 0.5074910739528810
0.0842968750000000 0.5074980034837145
0.0843750000000000 0.5075049330068322
0.0844531250000000 0.5075118625366264
0.0845312500000000 0.5075187920581697
0.0846093750000000 0.5075257215869247
0.0846875000000000 0.5075326511068897
0.0847656250000000 0.5075395806346015
0.0848437500000000 0.5075465101529882
0.0849218750000000 0.5075534396796533
0.0850000000000000 0.5075603691964589
0.0850781250000000 0.5075672987220761
0.0851562500000000 0.5075742282372971
0.0852343750000000 0.5075811577618632
0.0853125000000000 0.5075880872754983
0.0853906250000000 0.5075950167990121
0.0854687500000000 0.5076019463110576
0.0855468750000000 0.5076088758335170
0.0856250000000000 0.5076158053439696
0.0857031250000000 0.5076227348653727
0.0857812500000000 0.5076296643742294
0.0858593750000000 0.5076365938945751
0.0859375000000000 0.5076435234018322
0.0860156250000000 0.5076504529211192
0.0860937500000000 0.5076573824267732
0.0861718750000000 0.5076643119450002
0.0862500000000000 0.5076712414490472
0.0863281250000000 0.5076781709662143
0.0864062500000000 0.5076851004686501
0.0864843750000000 0.5076920299847555
0.0865625000000000 0.5076989594855769
0.0866406250000000 0.5077058890006194
0.0867187500000000 0.5077128184998198
0.0867968750000000 0.5077197480138013
0.0868750000000000 0.5077266775113790
0.0869531250000000 0.5077336070242954
0.0870312500000000 0.5077405365202461
0.0871093750000000 0.5077474660320987
0.0871875000000000 0.5077543955264172
0.0872656250000000 0.5077613250372054
0.0873437500000000 0.5077682545298875
0.0874218750000000 0.5077751840396100
0.0875000000000000 0.5077821135306517
0.0875781250000000 0.5077890430393093
0.0876562500000000 0.5077959725287057
0.0877343750000000 0.5078029020362971
0.0878125000000000 0.5078098315240444
0.0878906250000000 0.5078167610305684
0.0879687500000000 0.5078236905166628
0.0880468750000000 0.5078306200221185
0.0881250000000000 0.5078375495065572
0.0882031250000000 0.5078444790109438
0.0882812500000000 0.5078514084937216
0.0883593750000000 0.5078583379970369
0.0884375000000000 0.5078652674781517
0.0885156250000000 0.5078721969803950
0.0885937500000000 0.5078791264598431
0.0886718750000000 0.5078860559610126
0.0887500000000000 0.5078929854387895
0.0888281250000000 0.5078999149388843
0.0889062500000000 0.5079068444149879
0.0889843750000000 0.5079137739140064
0.0890625000000000 0.5079207033884325
0.0891406250000000 0.5079276328863731
0.0892187500000000 0.5079345623591189
0.0892968750000000 0.5079414918559788
0.0893750000000000 0.5079484213270429
0.0894531250000000 0.5079553508228204
0.0895312500000000 0.5079622802921989
0.0896093750000000 0.5079692097868914
0.0896875000000000 0.5079761392545820
0.0897656250000000 0.5079830687481869
0.0898437500000000 0.5079899982141889
0.0899218750000000 0.5079969277067031
0.0900000000000000 0.5080038571710133
0.0900781250000000 0.5080107866624343
0.0901562500000000 0.5080177161250502
0.0902343750000000 0.5080246456153756
0.0903125000000000 0.5080315750762966
0.0903906250000000 0.5080385045655229
0.0904687500000000 0.5080454340247460
0.0905468750000000 0.5080523635128705
0.0906250000000000 0.5080592929703940
0.0907031250000000 0.5080662224574134
0.0907812500000000 0.5080731519132360
0.0908593750000000 0.5080800813991473
0.0909375000000000 0.5080870108532677
0.0910156250000000 0.5080939403380670
0.0910937500000000 0.5081008697904837
0.0911718750000000 0.5081077992741670
0.0912500000000000 0.5081147287248795
0.0913281250000000 0.5081216582074443
0.0914062500000000 0.5081285876564502
0.0914843750000000 0.5081355171378923
0.0915625000000000 0.5081424465851910
0.0916406250000000 0.5081493760655061
0.0917187500000000 0.5081563055110969
0.0917968750000000 0.5081632349902829
0.0918750000000000 0.5081701644341627
0.0919531250000000 0.5081770939122160
0.0920312500000000 0.5081840233543835
0.0921093750000000 0.5081909528313011
0.0921875000000000 0.5081978822717549
0.0922656250000000 0.5082048117475334
0.0923437500000000 0.5082117411862721
0.0924218750000000 0.5082186706609079
0.0925000000000000 0.5082256000979305
0.0925781250000000 0.5082325295714207
0.0926562500000000 0.5082394590067245
0.0927343750000000 0.5082463884790654
0.0928125000000000 0.5082533179126490
0.0928906250000000 0.5082602473838397
0.0929687500000000 0.5082671768156984
0.0930468750000000 0.5082741062857371
0.0931250000000000 0.5082810357158700
0.0932031250000000 0.5082879651847526
0.0932812500000000 0.5082948946131575
0.0933593750000000 0.5083018240808819
0.0934375000000000 0.5083087535075560
0.0935156250000000 0.5083156829741207
0.0935937500000000 0.5083226123990610
0.0936718750000000 0.5083295418644636
0.0937500000000000 0.5083364712876666
0.0938281250000000 0.5083434007519071
0.0939062500000000 0.5083503301733689
0.0939843750000000 0.5083572596364444
0.0940625000000000 0.5083641890561628
0.0941406250000000 0.5083711185180725
0.0942187500000000 0.5083780479360432
0.0942968750000000 0.5083849773967853
0.0943750000000000 0.5083919068130054
0.0944531250000000 0.5083988362725790
0.0945312500000000 0.5084057656870441
0.0946093750000000 0.5084126951454483
0.0946875000000000 0.5084196245581551
0.0947656250000000 0.5084265540153888
0.0948437500000000 0.5084334834263321
0.0949218750000000 0.5084404128823957
0.0950000000000000 0.5084473422915716
0.0950781250000000 0.5084542717464640
0.0951562500000000 0.5084612011538675
0.0952343750000000 0.5084681306075892
0.0953125000000000 0.5084750600132164
0.0953906250000000 0.5084819894657666
0.0954687500000000 0.5084889188696112
0.0955468750000000 0.5084958483209917
0.0956250000000000 0.5085027777230486
0.0957031250000000 0.5085097071732579
0.0957812500000000 0.5085166365735244
0.0958593750000000 0.5085235660225631
0.0959375000000000 0.5085304954210326
0.0960156250000000 0.5085374248688984
0.0960937500000000 0.5085443542655685
0.0961718750000000 0.5085512837122643
0.0962500000000000 0.5085582131071269
0.0963281250000000 0.5085651425526523
0.0964062500000000 0.5085720719457040
0.0964843750000000 0.5085790013900571
0.0965625000000000 0.5085859307812948
0.0966406250000000 0.5085928602244757
0.0967187500000000 0.5085997896138940
0.0967968750000000 0.5086067190559032
0.0968750000000000 0.5086136484434974
0.0969531250000000 0.5086205778843328
0.0970312500000000 0.5086275072700994
0.0971093750000000 0.5086344367097618
0.0971875000000000 0.5086413660936959
0.0972656250000000 0.5086482955321844
0.0973437500000000 0.5086552249142813
0.0974218750000000 0.5086621543515952
0.0975000000000000 0.5086690837318516
0.0975781250000000 0.5086760131679909
0.0976562500000000 0.5086829425464020
0.0977343750000000 0.5086898719813644
0.0978125000000000 0.5086968013579271
0.0978906250000000 0.5087037307917123
0.0979687500000000 0.5087106601664222
0.0980468750000000 0.5087175895990302
0.0981250000000000 0.5087245189718838
0.0982031250000000 0.5087314484033115
0.0982812500000000 0.5087383777743054
0.0983593750000000 0.5087453072045514
0.0984375000000000 0.5087522365736835
0.0985156250000000 0.5087591660027465
0.0985937500000000 0.5087660953700132
0.0986718750000000 0.5087730247978905
0.0987500000000000 0.5087799541632878
0.0988281250000000 0.5087868835899793
0.0989062500000000 0.5087938129535045
0.0989843750000000 0.5088007423790079
0.0990625000000000 0.5088076717406589
0.0991406250000000 0.5088146011649708
0.0992187500000000 0.5088215305247449
0.0992968750000000 0.5088284599478635
0.0993750000000000 0.5088353893057590
0.0994531250000000 0.5088423187276812
0.0995312500000000 0.5088492480836949
0.0996093750000000 0.5088561775044189
0.0996875000000000 0.5088631068585484
0.0997656250000000 0.5088700362780718
0.0998437500000000 0.5088769656303153
0.0999218750000000 0.5088838950486344
0.1000000000000000 0.5088908243989897
0.1000781250000000 0.5088977538161035
0.1001562500000000 0.5089046831645674
0.1002343750000000 0.5089116125804730
0.1003125000000000 0.5089185419270432
0.1003906250000000 0.5089254713417384
0.1004687500000000 0.5089324006864132
0.1005468750000000 0.5089393300998943
0.1006250000000000 0.5089462594426712
0.1007031250000000 0.5089531888549371
0.1007812500000000 0.5089601181958130
0.1008593750000000 0.5089670476068604
0.1009375000000000 0.5089739769458332
0.1010156250000000 0.5089809063556616
0.1010937500000000 0.5089878356927280
0.1011718750000000 0.5089947651013329
0.1012500000000000 0.5090016944364920
0.1013281250000000 0.5090086238438706
0.1014062500000000 0.5090155531771201
0.1014843750000000 0.5090224825832712
0.1015625000000000 0.5090294119146076
0.1016406250000000 0.5090363413195300
0.1017187500000000 0.5090432706489495
0.1017968750000000 0.5090502000526407
0.1018750000000000 0.5090571293801405
0.1019531250000000 0.5090640587825992
0.1020312500000000 0.5090709881081761
0.1021093750000000 0.5090779175094010
0.1021875000000000 0.5090848468330512
0.1022656250000000 0.5090917762330405
0.1023437500000000 0.5090987055547616
0.1024218750000000 0.5091056349535140
0.1025000000000000 0.5091125642733015
0.1025781250000000 0.5091194936708158
0.1026562500000000 0.5091264229886665
0.1027343750000000 0.5091333523849416
0.1028125000000000 0.5091402817008512
0.1028906250000000 0.5091472110958868
0.1029687500000000 0.5091541404098520
0.1030468750000000 0.5091610698036456
0.1031250000000000 0.5091679991156607
0.1032031250000000 0.5091749285082150
0.1032812500000000 0.5091818578182762
0.1033593750000000 0.5091887872095892
0.1034375000000000 0.5091957165176917
0.1035156250000000 0.5092026459077627
0.1035937500000000 0.5092095752139029
0.1036718750000000 0.5092165046027316
0.1037500000000000 0.5092234339069038
0.1038281250000000 0.5092303632944912
0.1039062500000000 0.5092372925966907
0.1039843750000000 0.5092442219830370
0.1040625000000000 0.5092511512832587
0.1041406250000000 0.5092580806683630
0.1042187500000000 0.5092650099666021
0.1042968750000000 0.5092719393504649
0.1043750000000000 0.5092788686467173
0.1044531250000000 0.5092857980293375
0.1045312500000000 0.5092927273235984
0.1046093750000000 0.5092996567049773
0.1046875000000000 0.5093065859972415
0.1047656250000000 0.5093135153773773
0.1048437500000000 0.5093204446676407
0.1049218750000000 0.5093273740465352
0.1050000000000000 0.5093343033347902
0.1050781250000000 0.5093412327124441
0.1051562500000000 0.5093481619986885
0.1052343750000000 0.5093550913750998
0.1053125000000000 0.5093620206593286
0.1053906250000000 0.5093689500344972
0.1054687500000000 0.5093758793167051
0.1055468750000000 0.5093828086906323
0.1056250000000000 0.5093897379708150
0.1057031250000000 0.5093966673434999
0.1057812500000000 0.5094035966216517
0.1058593750000000 0.5094105259930940
0.1059375000000000 0.5094174552692121
0.1060156250000000 0.5094243846394101
0.1060937500000000 0.5094313139134899
0.1061718750000000 0.5094382432824444
0.1062500000000000 0.5094451725544814
0.1063281250000000 0.5094521019221915
0.1064062500000000 0.5094590311921808
0.1064843750000000 0.5094659605586452
0.1065625000000000 0.5094728898265845
0.1066406250000000 0.5094798191918022
0.1067187500000000 0.5094867484576872
0.1067968750000000 0.5094936778216577
0.1068750000000000 0.5095006070854841
0.1069531250000000 0.5095075364482048
0.1070312500000000 0.5095144657099712
0.1071093750000000 0.5095213950714395
0.1071875000000000 0.5095283243311420
0.1072656250000000 0.5095352536913584
0.1073437500000000 0.5095421829489928
0.1074218750000000 0.5095491123079556
0.1075000000000000 0.5095560415635189
0.1075781250000000 0.5095629709212258
0.1076562500000000 0.5095699001747143
0.1077343750000000 0.5095768295311643
0.1078125000000000 0.5095837587825758
0.1078906250000000 0.5095906881377661
0.1079687500000000 0.5095976173870985
0.1080468750000000 0.5096045467410261
0.1081250000000000 0.5096114759882768
0.1082031250000000 0.5096184053409397
0.1082812500000000 0.5096253345861060
0.1083593750000000 0.5096322639375024
0.1084375000000000 0.5096391931805817
0.1085156250000000 0.5096461225307097
0.1085937500000000 0.5096530517716984
0.1086718750000000 0.5096599811205550
0.1087500000000000 0.5096669103594511
0.1088281250000000 0.5096738397070351
0.1089062500000000 0.5096807689438377
0.1089843750000000 0.5096876982901440
0.1090625000000000 0.5096946275248494
0.1091406250000000 0.5097015568698773
0.1092187500000000 0.5097084861024836
0.1092968750000000 0.5097154154462300
0.1093750000000000 0.5097223446767351
0.1094531250000000 0.5097292740191983
0.1095312500000000 0.5097362032475993
0.1096093750000000 0.5097431325887763
0.1096875000000000 0.5097500618150708
0.1097656250000000 0.5097569911549591
0.1098437500000000 0.5097639203791450
0.1099218750000000 0.5097708497177431
0.1100000000000000 0.5097777789398164
0.1100781250000000 0.5097847082771217
0.1101562500000000 0.5097916374970810
0.1102343750000000 0.5097985668330919
0.1103125000000000 0.5098054960509333
0.1103906250000000 0.5098124253856472
0.1104687500000000 0.5098193546013690
0.1105468750000000 0.5098262839347841
0.1106250000000000 0.5098332131483823
0.1107031250000000 0.5098401424804961
0.1107812500000000 0.5098470716919700
0.1108593750000000 0.5098540010227807
0.1109375000000000 0.5098609302321248
0.1110156250000000 0.5098678595616316
0.1110937500000000 0.5098747887688441
0.1111718750000000 0.5098817180970443
0.1112500000000000 0.5098886473021225
0.1113281250000000 0.5098955766290136
0.1114062500000000 0.5099025058319537
0.1114843750000000 0.5099094351575355
0.1115625000000000 0.5099163643583337
0.1116406250000000 0.5099232936826040
0.1117187500000000 0.5099302228812577
0.1117968750000000 0.5099371522042160
0.1118750000000000 0.5099440814007211
0.1119531250000000 0.5099510107223666
0.1120312500000000 0.5099579399167176
0.1121093750000000 0.5099648692370498
0.1121875000000000 0.5099717984292440
0.1122656250000000 0.5099787277482608
0.1123437500000000 0.5099856569382948
0.1124218750000000 0.5099925862559954
0.1125000000000000 0.5099995154438647
0.1125781250000000 0.5100064447602489
0.1126562500000000 0.5100133739459491
0.1127343750000000 0.5100203032610163
0.1128125000000000 0.5100272324445443
0.1128906250000000 0.5100341617582909
0.1129687500000000 0.5100410909396436
0.1130468750000000 0.5100480202520707
0.1131250000000000 0.5100549494312433
0.1132031250000000 0.5100618787423497
0.1132812500000000 0.5100688079193380
0.1133593750000000 0.5100757372291227
0.1134375000000000 0.5100826664039236
0.1135156250000000 0.5100895957123849
0.1135937500000000 0.5100965248849945
0.1136718750000000 0.5101034541921323
0.1137500000000000 0.5101103833625464
0.1138281250000000 0.5101173126683586
0.1139062500000000 0.5101242418365738
0.1139843750000000 0.5101311711410600
0.1140625000000000 0.5101381003070729
0.1141406250000000 0.5101450296102308
0.1142187500000000 0.5101519587740381
0.1142968750000000 0.5101588880758671
0.1143750000000000 0.5101658172374646
0.1144531250000000 0.5101727465379629
0.1145312500000000 0.5101796756973492
0.1146093750000000 0.5101866049965130
0.1146875000000000 0.5101935341536856
0.1147656250000000 0.5102004634515146
0.1148437500000000 0.5102073926064686
0.1149218750000000 0.5102143219029609
0.1150000000000000 0.5102212510556945
0.1150781250000000 0.5102281803508472
0.1151562500000000 0.5102351095013580
0.1152343750000000 0.5102420387951691
0.1153125000000000 0.5102489679434535
0.1153906250000000 0.5102558972359214
0.1154687500000000 0.5102628263819778
0.1155468750000000 0.5102697556730993
0.1156250000000000 0.5102766848169265
0.1157031250000000 0.5102836141066981
0.1157812500000000 0.5102905432482934
0.1158593750000000 0.5102974725367115
0.1159375000000000 0.5103044016760737
0.1160156250000000 0.5103113309631369
0.1160937500000000 0.5103182601002630
0.1161718750000000 0.5103251893859663
0.1162500000000000 0.5103321185208566
0.1163281250000000 0.5103390478051981
0.1164062500000000 0.5103459769378504
0.1164843750000000 0.5103529062208254
0.1165625000000000 0.5103598353512382
0.1166406250000000 0.5103667646328441
0.1167187500000000 0.5103736937610158
0.1167968750000000 0.5103806230412492
0.1168750000000000 0.5103875521671782
0.1169531250000000 0.5103944814460349
0.1170312500000000 0.5104014105697220
0.1171093750000000 0.5104083398471971
0.1171875000000000 0.5104152689686399
0.1172656250000000 0.5104221982447310
0.1173437500000000 0.5104291273639296
0.1174218750000000 0.5104360566386312
0.1175000000000000 0.5104429857555843
0.1175781250000000 0.5104499150288930
0.1176562500000000 0.5104568441436012
0.1177343750000000 0.5104637734155121
0.1178125000000000 0.5104707025279728
0.1178906250000000 0.5104776317984822
0.1179687500000000 0.5104845609086961
0.1180468750000000 0.5104914901778009
0.1181250000000000 0.5104984192857664
0.1182031250000000 0.5105053485534607
0.1182812500000000 0.5105122776591779
0.1183593750000000 0.5105192069254584
0.1184375000000000 0.5105261360289270
0.1185156250000000 0.5105330652937879
0.1185937500000000 0.5105399943950070
0.1186718750000000 0.5105469236584458
0.1187500000000000 0.5105538527574149
0.1188281250000000 0.5105607820194258
0.1189062500000000 0.5105677111161450
0.1189843750000000 0.5105746403767238
0.1190625000000000 0.5105815694711925
0.1191406250000000 0.5105884987303357
0.1192187500000000 0.5105954278225524
0.1192968750000000 0.5106023570802548
0.1193750000000000 0.5106092861702201
0.1194531250000000 0.5106162154264773
0.1195312500000000 0.5106231445141909
0.1196093750000000 0.5106300737689987
0.1196875000000000 0.5106370028544598
0.1197656250000000 0.5106439321078141
0.1198437500000000 0.5106508611910209
0.1199218750000000 0.5106577904429179
0.1200000000000000 0.5106647195238708
0.1200781250000000 0.5106716487743064
0.1201562500000000 0.5106785778530040
0.1202343750000000 0.5106855071019730
0.1203125000000000 0.5106924361784155
0.1203906250000000 0.5106993654259148
0.1204687500000000 0.5107062945001006
0.1205468750000000 0.5107132237461254
0.1206250000000000 0.5107201528180545
0.1207031250000000 0.5107270820626014
0.1207812500000000 0.5107340111322713
0.1208593750000000 0.5107409403753368
0.1209375000000000 0.5107478694427492
0.1210156250000000 0.5107547986843275
0.1210937500000000 0.5107617277494798
0.1211718750000000 0.5107686569895674
0.1212500000000000 0.5107755860524608
0.1213281250000000 0.5107825152910528
0.1214062500000000 0.5107894443516853
0.1214843750000000 0.5107963735887791
0.1215625000000000 0.5108033026471505
0.1216406250000000 0.5108102318827398
0.1217187500000000 0.5108171609388498
0.1217968750000000 0.5108240901729315
0.1218750000000000 0.5108310192267799
0.1219531250000000 0.5108379484593479
0.1220312500000000 0.5108448775109354
0.1221093750000000 0.5108518067419853
0.1221875000000000 0.5108587357913119
0.1222656250000000 0.5108656650208374
0.1223437500000000 0.5108725940679034
0.1224218750000000 0.5108795232959015
0.1225000000000000 0.5108864523407067
0.1225781250000000 0.5108933815671710
0.1226562500000000 0.5109003106097154
0.1227343750000000 0.5109072398346416
0.1228125000000000 0.5109141688749259
0.1228906250000000 0.5109210980983071
0.1229687500000000 0.5109280271363335
0.1230468750000000 0.5109349563581645
0.1231250000000000 0.5109418853939323
0.1232031250000000 0.5109488146142078
0.1232812500000000 0.5109557436477189
0.1233593750000000 0.5109626728664323
0.1234375000000000 0.5109696018976881
0.1235156250000000 0.5109765311148315
0.1235937500000000 0.5109834601438344
0.1236718750000000 0.5109903893594033
0.1237500000000000 0.5109973183861545
0.1238281250000000 0.5110042476001395
0.1239062500000000 0.5110111766246427
0.1239843750000000 0.5110181058370377
0.1240625000000000 0.5110250348592937
0.1241406250000000 0.5110319640700928
0.1242187500000000 0.5110388930901043
0.1242968750000000 0.5110458222992983
0.1243750000000000 0.5110527513170683
0.1244531250000000 0.5110596805246505
0.1245312500000000 0.5110666095401812
0.1246093750000000 0.5110735387461439
0.1246875000000000 0.5110804677594390
0.1247656250000000 0.5110873969637731
0.1248437500000000 0.5110943259748368
0.1249218750000000 0.5111012551775337
0.1250000000000000 0.5111081841863695
0.1250781250000000 0.5111151133874211
0.1251562500000000 0.5111220423940321
0.1252343750000000 0.5111289715934295
0.1253125000000000 0.5111359005978202
0.1253906250000000 0.5111428297955543
0.1254687500000000 0.5111497587977292
0.1255468750000000 0.5111566879937903
0.1256250000000000 0.5111636169937548
0.1257031250000000 0.5111705461881335
0.1257812500000000 0.5111774751858905
0.1258593750000000 0.5111844043785778
0.1259375000000000 0.5111913333741336
0.1260156250000000 0.5111982625651188
0.1260937500000000 0.5112051915584781
0.1261718750000000 0.5112121207477524
0.1262500000000000 0.5112190497389186
0.1263281250000000 0.5112259789264713
0.1264062500000000 0.5112329079154522
0.1264843750000000 0.5112398371012729
0.1265625000000000 0.5112467660880727
0.1266406250000000 0.5112536952721507
0.1267187500000000 0.5112606242567754
0.1267968750000000 0.5112675534391017
0.1268750000000000 0.5112744824215562
0.1269531250000000 0.5112814116021190
0.1270312500000000 0.5112883405824097
0.1271093750000000 0.5112952697611979
0.1271875000000000 0.5113021987393319
0.1272656250000000 0.5113091279163338
0.1273437500000000 0.5113160568923174
0.1274218750000000 0.5113229860675222
0.1275000000000000 0.5113299150413619
0.1275781250000000 0.5113368442147577
0.1276562500000000 0.5113437731864600
0.1277343750000000 0.5113507023580353
0.1278125000000000 0.5113576313276065
0.1278906250000000 0.5113645604973514
0.1279687500000000 0.5113714894647972
0.1280468750000000 0.5113784186326993
0.1281250000000000 0.5113853475980277
0.1282031250000000 0.5113922767640756
0.1282812500000000 0.5113992057272925
0.1283593750000000 0.5114061348914738
0.1284375000000000 0.5114130638525877
0.1285156250000000 0.5114199930148897
0.1285937500000000 0.5114269219739072
0.1286718750000000 0.5114338511343179
0.1287500000000000 0.5114407800912472
0.1288281250000000 0.5114477092497548
0.1289062500000000 0.5114546382046027
0.1289843750000000 0.5114615673611950
0.1290625000000000 0.5114684963139686
0.1291406250000000 0.5114754254686329
0.1292187500000000 0.5114823544193394
0.1292968750000000 0.5114892835720631
0.1293750000000000 0.5114962125207129
0.1294531250000000 0.5115031416714830
0.1295312500000000 0.5115100706180816
0.1296093750000000 0.5115169997668851
0.1296875000000000 0.5115239287114429
0.1297656250000000 0.5115308578582651
0.1298437500000000 0.5115377868007908
0.1299218750000000 0.5115447159456181
0.1300000000000000 0.5115516448861209
0.1300781250000000 0.5115585740289398
0.1301562500000000 0.5115655029674281
0.1302343750000000 0.5115724321082240
0.1303125000000000 0.5115793610447085
0.1303906250000000 0.5115862901834669
0.1304687500000000 0.5115932191179572
0.1305468750000000 0.5116001482546623
0.1306250000000000 0.5116070771871689
0.1307031250000000 0.5116140063218062
0.1307812500000000 0.5116209352523380
0.1308593750000000 0.5116278643848940
0.1309375000000000 0.5116347933134616
0.1310156250000000 0.5116417224439193
0.1310937500000000 0.5116486513705341
0.1311718750000000 0.5116555804988772
0.1312500000000000 0.5116625094235518
0.1313281250000000 0.5116694385497634
0.1314062500000000 0.5116763674725094
0.1314843750000000 0.5116832965965723
0.1315625000000000 0.5116902255174011
0.1316406250000000 0.5116971546392995
0.1317187500000000 0.5117040835582241
0.1317968750000000 0.5117110126779393
0.1318750000000000 0.5117179415949735
0.1319531250000000 0.5117248707124863
0.1320312500000000 0.5117317996276434
0.1321093750000000 0.5117387287429367
0.1321875000000000 0.5117456576562299
0.1322656250000000 0.5117525867692844
0.1323437500000000 0.5117595156807278
0.1324218750000000 0.5117664447915247
0.1325000000000000 0.5117733737011340
0.1325781250000000 0.5117803028096523
0.1326562500000000 0.5117872317174424
0.1327343750000000 0.5117941608236622
0.1328125000000000 0.5118010897296486
0.1328906250000000 0.5118080188335500
0.1329687500000000 0.5118149477377468
0.1330468750000000 0.5118218768393102
0.1331250000000000 0.5118288057417346
0.1332031250000000 0.5118357348409371
0.1332812500000000 0.5118426637416065
0.1333593750000000 0.5118495928384268
0.1334375000000000 0.5118565217373577
0.1335156250000000 0.5118634508317719
0.1335937500000000 0.5118703797289842
0.1336718750000000 0.5118773088209704
0.1337500000000000 0.5118842377164800
0.1338281250000000 0.5118911668060152
0.1339062500000000 0.5118980956998409
0.1339843750000000 0.5119050247869015
0.1340625000000000 0.5119119536790631
0.1341406250000000 0.5119188827636247
0.1342187500000000 0.5119258116541406
0.1342968750000000 0.5119327407361797
0.1343750000000000 0.5119396696250700
0.1344531250000000 0.5119465987045608
0.1345312500000000 0.5119535275918463
0.1346093750000000 0.5119604566687647
0.1346875000000000 0.5119673855544644
0.1347656250000000 0.5119743146287833
0.1348437500000000 0.5119812435129202
0.1349218750000000 0.5119881725846139
0.1350000000000000 0.5119951014672084
0.1350781250000000 0.5120020305362523
0.1351562500000000 0.5120089594173250
0.1352343750000000 0.5120158884836897
0.1353125000000000 0.5120228173632657
0.1353906250000000 0.5120297464269238
0.1354687500000000 0.5120366753050244
0.1355468750000000 0.5120436043659496
0.1356250000000000 0.5120505332425976
0.1357031250000000 0.5120574623007612
0.1357812500000000 0.5120643911759806
0.1358593750000000 0.5120713202313537
0.1359375000000000 0.5120782491051684
0.1360156250000000 0.5120851781577211
0.1360937500000000 0.5120921070301570
0.1361718750000000 0.5120990360798600
0.1362500000000000 0.5121059649509402
0.1363281250000000 0.5121128939977638
0.1364062500000000 0.5121198228675146
0.1364843750000000 0.5121267519114289
0.1365625000000000 0.5121336807798746
0.1366406250000000 0.5121406098208499
0.1367187500000000 0.5121475386880173
0.1367968750000000 0.5121544677260204
0.1368750000000000 0.5121613965919377
0.1369531250000000 0.5121683256269368
0.1370312500000000 0.5121752544916299
0.1371093750000000 0.5121821835235929
0.1371875000000000 0.5121891123870898
0.1372656250000000 0.5121960414159830
0.1373437500000000 0.5122029702783135
0.1374218750000000 0.5122098993041038
0.1375000000000000 0.5122168281652950
0.1375781250000000 0.5122237571879493
0.1376562500000000 0.5122306860480320
0.1377343750000000 0.5122376150675140
0.1378125000000000 0.5122445439265182
0.1378906250000000 0.5122514729427934
0.1379687500000000 0.5122584018007480
0.1380468750000000 0.5122653308137828
0.1381250000000000 0.5122722596707200
0.1382031250000000 0.5122791886804745
0.1382812500000000 0.5122861175364265
0.1383593750000000 0.5122930465428662
0.1384375000000000 0.5122999753978653
0.1385156250000000 0.5123069044009517
0.1385937500000000 0.5123138332550299
0.1386718750000000 0.5123207622547259
0.1387500000000000 0.5123276911079172
0.1388281250000000 0.5123346201041826
0.1389062500000000 0.5123415489565224
0.1389843750000000 0.5123484779493176
0.1390625000000000 0.5123554068008398
0.1391406250000000 0.5123623357901267
0.1392187500000000 0.5123692646408665
0.1392968750000000 0.5123761936266030
0.1393750000000000 0.5123831224765960
0.1394531250000000 0.5123900514587418
0.1395312500000000 0.5123969803080267
0.1396093750000000 0.5124039092865383
0.1396875000000000 0.5124108381351514
0.1397656250000000 0.5124177671099862
0.1398437500000000 0.5124246959579670
0.1399218750000000 0.5124316249290808
0.1400000000000000 0.5124385537764691
0.1400781250000000 0.5124454827438170
0.1401562500000000 0.5124524115906539
0.1402343750000000 0.5124593405541891
0.1403125000000000 0.5124662694005149
0.1403906250000000 0.5124731983601926
0.1404687500000000 0.5124801272060484
0.1405468750000000 0.5124870561618211
0.1406250000000000 0.5124939850072512
0.1407031250000000 0.5125009139590702
0.1407812500000000 0.5125078428041178
0.1408593750000000 0.5125147717519339
0.1409375000000000 0.5125217005966436
0.1410156250000000 0.5125286295404087
0.1410937500000000 0.5125355583848247
0.1411718750000000 0.5125424873244869
0.1412500000000000 0.5125494161686567
0.1413281250000000 0.5125563451041644
0.1414062500000000 0.5125632739481347
0.1414843750000000 0.5125702028794358
0.1415625000000000 0.5125771317232540
0.1416406250000000 0.5125840606502950
0.1417187500000000 0.5125909894940119
0.1417968750000000 0.5125979184167379
0.1418750000000000 0.5126048472604023
0.1419531250000000 0.5126117761787580
0.1420312500000000 0.5126187050224218
0.1421093750000000 0.5126256339363505
0.1421875000000000 0.5126325627800649
0.1422656250000000 0.5126394916895108
0.1423437500000000 0.5126464205333275
0.1424218750000000 0.5126533494382328
0.1425000000000000 0.5126602782822068
0.1425781250000000 0.5126672071825106
0.1426562500000000 0.5126741360266969
0.1427343750000000 0.5126810649223404
0.1428125000000000 0.5126879937667934
0.1428906250000000 0.5126949226577154
0.1429687500000000 0.5127018515024925
0.1430468750000000 0.5127087803886311
0.1431250000000000 0.5127157092337892
0.1432031250000000 0.5127226381150818
0.1432812500000000 0.5127295669606793
0.1433593750000000 0.5127364958370620
0.1434375000000000 0.5127434246831594
0.1435156250000000 0.5127503535545659
0.1435937500000000 0.5127572824012240
0.1436718750000000 0.5127642112675899
0.1437500000000000 0.5127711401148686
0.1438281250000000 0.5127780689761271
0.1439062500000000 0.5127849978240890
0.1439843750000000 0.5127919266801727
0.1440625000000000 0.5127988555288817
0.1441406250000000 0.5128057843797206
0.1442187500000000 0.5128127132292424
0.1442968750000000 0.5128196420747659
0.1443750000000000 0.5128265709251649
0.1444531250000000 0.5128334997653032
0.1445312500000000 0.5128404286166476
0.1446093750000000 0.5128473574513275
0.1446875000000000 0.5128542863036830
0.1447656250000000 0.5128612151328331
0.1448437500000000 0.5128681439862697
0.1449218750000000 0.5128750728098139
0.1450000000000000 0.5128820016644023
0.1450781250000000 0.5128889304822655
0.1451562500000000 0.5128958593380756
0.1452343750000000 0.5129027881501819
0.1453125000000000 0.5129097170072864
0.1453906250000000 0.5129166458135584
0.1454687500000000 0.5129235746720304
0.1455468750000000 0.5129305034723878
0.1456250000000000 0.5129374323323032
0.1457031250000000 0.5129443611266660
0.1457812500000000 0.5129512899880996
0.1458593750000000 0.5129582187763866
0.1459375000000000 0.5129651476394169
0.1460156250000000 0.5129720764215456
0.1460937500000000 0.5129790052862492
0.1461718750000000 0.5129859340621371
0.1462500000000000 0.5129928629285944
0.1463281250000000 0.5129997916981544
0.1464062500000000 0.5130067205664456
0.1464843750000000 0.5130136493295927
0.1465625000000000 0.5130205781998010
0.1466406250000000 0.5130275069564473
0.1467187500000000 0.5130344358286557
0.1467968750000000 0.5130413645787100
0.1468750000000000 0.5130482934530046
0.1469531250000000 0.5130552221963784
0.1470312500000000 0.5130621510728436
0.1471093750000000 0.5130690798094455
0.1471875000000000 0.5130760086881703
0.1472656250000000 0.5130829374179052
0.1473437500000000 0.5130898662989789
0.1474218750000000 0.5130967950217530
0.1475000000000000 0.5131037239052663
0.1475781250000000 0.5131106526209822
0.1476562500000000 0.5131175815070271
0.1477343750000000 0.5131245102155879
0.1478125000000000 0.5131314391042578
0.1478906250000000 0.5131383678055658
0.1479687500000000 0.5131452966969544
0.1480468750000000 0.5131522253909067
0.1481250000000000 0.5131591542851136
0.1482031250000000 0.5131660829716079
0.1482812500000000 0.5131730118687308
0.1483593750000000 0.5131799405476614
0.1484375000000000 0.5131868694478012
0.1485156250000000 0.5131937981190635
0.1485937500000000 0.5132007270223221
0.1486718750000000 0.5132076556858085
0.1487500000000000 0.5132145845922875
0.1488281250000000 0.5132215132478889
0.1489062500000000 0.5132284421576947
0.1489843750000000 0.5132353708053013
0.1490625000000000 0.5132422997185400
0.1491406250000000 0.5132492283580384
0.1492187500000000 0.5132561572748184
0.1492968750000000 0.5132630859060948
0.1493750000000000 0.5132700148265275
0.1494531250000000 0.5132769434494644
0.1495312500000000 0.5132838723736604
0.1496093750000000 0.5132908009881428
0.1496875000000000 0.5132977299162157
0.1497656250000000 0.5133046585221231
0.1498437500000000 0.5133115874541885
0.1499218750000000 0.5133185160513996
0.1500000000000000 0.5133254449875756
0.1500781250000000 0.5133323735759663
0.1501562500000000 0.5133393025163715
0.1502343750000000 0.5133462310958185
0.1503125000000000 0.5133531600405726
0.1503906250000000 0.5133600886109494
0.1504687500000000 0.5133670175601762
0.1505468750000000 0.5133739461213528
0.1506250000000000 0.5133808750751784
0.1507031250000000 0.5133878036270241
0.1507812500000000 0.5133947325855736
0.1508593750000000 0.5134016611279572
0.1509375000000000 0.5134085900913590
0.1510156250000000 0.5134155186241454
0.1510937500000000 0.5134224475925304
0.1511718750000000 0.5134293761155834
0.1512500000000000 0.5134363050890841
0.1513281250000000 0.5134432336022651
0.1514062500000000 0.5134501625810164
0.1514843750000000 0.5134570910841850
0.1515625000000000 0.5134640200683224
0.1516406250000000 0.5134709485613381
0.1517187500000000 0.5134778775509995
0.1517968750000000 0.5134848060337160
0.1518750000000000 0.5134917350290436
0.1519531250000000 0.5134986635013148
0.1520312500000000 0.5135055925024503
0.1521093750000000 0.5135125209641288
0.1521875000000000 0.5135194499712158
0.1522656250000000 0.5135263784221504
0.1523437500000000 0.5135333074353372
0.1524218750000000 0.5135402358753749
0.1525000000000000 0.5135471648948094
0.1525781250000000 0.5135540933237962
0.1526562500000000 0.5135610223496293
0.1527343750000000 0.5135679507674079
0.1528125000000000 0.5135748797997930
0.1528906250000000 0.5135818082062055
0.1529687500000000 0.5135887372452967
0.1530468750000000 0.5135956656401814
0.1531250000000000 0.5136025946861371
0.1532031250000000 0.5136095230693294
0.1532812500000000 0.5136164521223101
0.1533593750000000 0.5136233804936440
0.1534375000000000 0.5136303095538115
0.1535156250000000 0.5136372379131205
0.1535937500000000 0.5136441669806370
0.1536718750000000 0.5136510953277516
0.1537500000000000 0.5136580244027850
0.1538281250000000 0.5136649527375304
0.1539062500000000 0.5136718818202514
0.1539843750000000 0.5136788101424525
0.1540625000000000 0.5136857392330314
0.1541406250000000 0.5136926675425103
0.1542187500000000 0.5136995966411213
0.1542968750000000 0.5137065249376994
0.1543750000000000 0.5137134540445183
0.1544531250000000 0.5137203823280121
0.1545312500000000 0.5137273114432189
0.1546093750000000 0.5137342397134430
0.1546875000000000 0.5137411688372181
0.1547656250000000 0.5137480970939864
0.1548437500000000 0.5137550262265136
0.1549218750000000 0.5137619544696355
0.1550000000000000 0.5137688836111016
0.1550781250000000 0.5137758118403838
0.1551562500000000 0.5137827409909775
0.1552343750000000 0.5137896692062266
0.1553125000000000 0.5137965983661390
0.1553906250000000 0.5138035265671568
0.1554687500000000 0.5138104557365819
0.1555468750000000 0.5138173839231672
0.1556250000000000 0.5138243131023040
0.1557031250000000 0.5138312412742521
0.1557812500000000 0.5138381704633000
0.1558593750000000 0.5138450986204061
0.1559375000000000 0.5138520278195684
0.1560156250000000 0.5138589559616218
0.1560937500000000 0.5138658851711030
0.1561718750000000 0.5138728132978937
0.1562500000000000 0.5138797425179036
0.1563281250000000 0.5138866706292147
0.1564062500000000 0.5138935998599636
0.1564843750000000 0.5139005279555796
0.1565625000000000 0.5139074571972817
0.1566406250000000 0.5139143852769814
0.1567187500000000 0.5139213145298541
0.1567968750000000 0.5139282425934131
0.1568750000000000 0.5139351718576765
0.1569531250000000 0.5139420999048689
0.1570312500000000 0.5139490291807475
0.1571093750000000 0.5139559572113426
0.1571875000000000 0.5139628864990620
0.1572656250000000 0.5139698145128274
0.1573437500000000 0.5139767438126175
0.1574218750000000 0.5139836718093164
0.1575000000000000 0.5139906011214106
0.1575781250000000 0.5139975291008048
0.1576562500000000 0.5140044584254375
0.1577343750000000 0.5140113863872845
0.1578125000000000 0.5140183157246954
0.1578906250000000 0.5140252436687496
0.1579687500000000 0.5140321730191806
0.1580468750000000 0.5140391009451937
0.1581250000000000 0.5140460303088906
0.1582031250000000 0.5140529582166096
0.1582812500000000 0.5140598875938217
0.1583593750000000 0.5140668154829922
0.1584375000000000 0.5140737448739706
0.1585156250000000 0.5140806727443337
0.1585937500000000 0.5140876021493345
0.1586718750000000 0.5140945300006273
0.1587500000000000 0.5141014594199094
0.1588281250000000 0.5141083872518687
0.1589062500000000 0.5141153166856923
0.1589843750000000 0.5141222444980490
0.1590625000000000 0.5141291739466802
0.1591406250000000 0.5141361017391627
0.1592187500000000 0.5141430312028699
0.1592968750000000 0.5141499589752024
0.1593750000000000 0.5141568884542594
0.1594531250000000 0.5141638162061610
0.1595312500000000 0.5141707457008438
0.1596093750000000 0.5141776734320339
0.1596875000000000 0.5141846029426212
0.1597656250000000 0.5141915306528123
0.1598437500000000 0.5141984601795881
0.1599218750000000 0.5142053878684910
0.1600000000000000 0.5142123174117418
0.1600781250000000 0.5142192450790632
0.1601562500000000 0.5142261746390779
0.1602343750000000 0.5142331022845213
0.1603125000000000 0.5142400318615948
0.1603906250000000 0.5142469594848594
0.1604687500000000 0.5142538890792888
0.1605468750000000 0.5142608166800710
0.1606250000000000 0.5142677462921569
0.1607031250000000 0.5142746738701480
0.1607812500000000 0.5142816035001961
0.1608593750000000 0.5142885310550844
0.1609375000000000 0.5142954607034038
0.1610156250000000 0.5143023882348735
0.1610937500000000 0.5143093179017764
0.1611718750000000 0.5143162454095084
0.1612500000000000 0.5143231750953117
0.1613281250000000 0.5143301025789832
0.1614062500000000 0.5143370322840063
0.1614843750000000 0.5143439597432887
0.1615625000000000 0.5143508894678571
0.1616406250000000 0.5143578169024200
0.1617187500000000 0.5143647466468632
0.1617968750000000 0.5143716740563684
0.1618750000000000 0.5143786038210187
0.1619531250000000 0.5143855312051296
0.1620312500000000 0.5143924609903223
0.1621093750000000 0.5143993883486951
0.1621875000000000 0.5144063181547712
0.1622656250000000 0.5144132454870579
0.1623437500000000 0.5144201753143622
0.1624218750000000 0.5144271026202111
0.1625000000000000 0.5144340324690930
0.1625781250000000 0.5144409597481477
0.1626562500000000 0.5144478896189604
0.1627343750000000 0.5144548168708608
0.1628125000000000 0.5144617467639626
0.1628906250000000 0.5144686739883436
0.1629687500000000 0.5144756039040944
0.1630468750000000 0.5144825311005886
0.1631250000000000 0.5144894610393566
0.1632031250000000 0.5144963882075895
0.1632812500000000 0.5145033181697437
0.1633593750000000 0.5145102453093386
0.1634375000000000 0.5145171752952543
0.1635156250000000 0.5145241024058281
0.1635937500000000 0.5145310324158859
0.1636718750000000 0.5145379594970521
0.1637500000000000 0.5145448895316356
0.1638281250000000 0.5145518165830026
0.1639062500000000 0.5145587466425002
0.1639843750000000 0.5145656736636733
0.1640625000000000 0.5145726037484779
0.1641406250000000 0.5145795307390564
0.1642187500000000 0.5145864608495656
0.1642968750000000 0.5145933878091451
0.1643750000000000 0.5146003179457619
0.1644531250000000 0.5146072448739297
0.1645312500000000 0.5146141750370624
0.1646093750000000 0.5146211019334072
0.1646875000000000 0.5146280321234663
0.1647656250000000 0.5146349589875671
0.1648437500000000 0.5146418892049704
0.1649218750000000 0.5146488160364036
0.1650000000000000 0.5146557462815718
0.1650781250000000 0.5146626730799084
0.1651562500000000 0.5146696033532697
0.1652343750000000 0.5146765301180742
0.1653125000000000 0.5146834604200600
0.1653906250000000 0.5146903871508944
0.1654687500000000 0.5146973174819408
0.1655468750000000 0.5147042441783624
0.1656250000000000 0.5147111745389095
0.1657031250000000 0.5147181012004689
0.1657812500000000 0.5147250315909642
0.1658593750000000 0.5147319582172070
0.1659375000000000 0.5147388886381026
0.1660156250000000 0.5147458152285701
0.1660937500000000 0.5147527456803223
0.1661718750000000 0.5147596722345501
0.1662500000000000 0.5147666027176204
0.1663281250000000 0.5147735292351390
0.1664062500000000 0.5147804597499952
0.1664843750000000 0.5147873862303310
0.1665625000000000 0.5147943167774439
0.1666406250000000 0.5148012432201167
0.1667187500000000 0.5148081737999655
0.1667968750000000 0.5148151002044901
0.1668750000000000 0.5148220308175557
0.1669531250000000 0.5148289571834427
0.1670312500000000 0.5148358878302136
0.1671093750000000 0.5148428141569664
0.1671875000000000 0.5148497448379380
0.1672656250000000 0.5148566711250551
0.1673437500000000 0.5148636018407250
0.1674218750000000 0.5148705280877003
0.1675000000000000 0.5148774588385722
0.1675781250000000 0.5148843850448943
0.1676562500000000 0.5148913158314794
0.1677343750000000 0.5148982419966304
0.1678125000000000 0.5149051728194417
0.1678906250000000 0.5149120989429014
0.1679687500000000 0.5149190298024594
0.1680468750000000 0.5149259558836972
0.1681250000000000 0.5149328867805296
0.1682031250000000 0.5149398128190112
0.1682812500000000 0.5149467437536508
0.1683593750000000 0.5149536697488363
0.1684375000000000 0.5149606007218193
0.1685156250000000 0.5149675266731653
0.1685937500000000 0.5149744576850348
0.1686718750000000 0.5149813835919890
0.1687500000000000 0.5149883146432936
0.1688281250000000 0.5149952405052997
0.1689062500000000 0.5150021715965957
0.1689843750000000 0.5150090974130918
0.1690625000000000 0.5150160285449373
0.1691406250000000 0.5150229543153542
0.1692187500000000 0.5150298854883180
0.1692968750000000 0.5150368112120820
0.1693750000000000 0.5150437424267338
0.1694531250000000 0.5150506681032659
0.1695312500000000 0.5150575993601845
0.1696093750000000 0.5150645249888977
0.1696875000000000 0.5150714562886678
0.1697656250000000 0.5150783818689715
0.1698437500000000 0.5150853132121818
0.1699218750000000 0.5150922387434763
0.1700000000000000 0.5150991701307238
0.1700781250000000 0.5151060956124073
0.1701562500000000 0.5151130270442926
0.1702343750000000 0.5151199524757548
0.1703125000000000 0.5151268839528875
0.1703906250000000 0.5151338093335113
0.1704687500000000 0.5151407408565042
0.1705468750000000 0.5151476661856689
0.1706250000000000 0.5151545977551419
0.1707031250000000 0.5151615230322195
0.1707812500000000 0.5151684546488003
0.1708593750000000 0.5151753798731548
0.1709375000000000 0.5151823115374766
0.1710156250000000 0.5151892367084668
0.1710937500000000 0.5151961684211694
0.1711718750000000 0.5152030935381485
0.1712500000000000 0.5152100252998757
0.1713281250000000 0.5152169503621903
0.1714062500000000 0.5152238821735948
0.1714843750000000 0.5152308071805850
0.1715625000000000 0.5152377390423251
0.1716406250000000 0.5152446639933250
0.1717187500000000 0.5152515959060643
0.1717968750000000 0.5152585208004010
0.1718750000000000 0.5152654527648113
0.1719531250000000 0.5152723776018050
0.1720312500000000 0.5152793096185643
0.1721093750000000 0.5152862343975295
0.1721875000000000 0.5152931664673223
0.1722656250000000 0.5153000911875664
0.1723437500000000 0.5153070233110817
0.1724218750000000 0.5153139479719071
0.1725000000000000 0.5153208801498433
0.1725781250000000 0.5153278047505435
0.1726562500000000 0.5153347369836051
0.1727343750000000 0.5153416615234664
0.1728125000000000 0.5153485938123638
0.1728906250000000 0.5153555182906701
0.1729687500000000 0.5153624506361200
0.1730468750000000 0.5153693750521436
0.1731250000000000 0.5153763074548712
0.1732031250000000 0.5153832318078798
0.1732812500000000 0.5153901642686147
0.1733593750000000 0.5153970885578705
0.1734375000000000 0.5154040210773516
0.1735156250000000 0.5154109453021071
0.1735937500000000 0.5154178778810788
0.1736718750000000 0.5154248020405814
0.1737500000000000 0.5154317346797954
0.1738281250000000 0.5154386587732851
0.1739062500000000 0.5154455914735002
0.1739843750000000 0.5154525155002097
0.1740625000000000 0.5154594482621908
0.1741406250000000 0.5154663722213474
0.1742187500000000 0.5154733050458664
0.1742968750000000 0.5154802289366882
0.1743750000000000 0.5154871618245255
0.1744531250000000 0.5154940856462253
0.1745312500000000 0.5155010185981665
0.1746093750000000 0.5155079423499501
0.1746875000000000 0.5155148753667889
0.1747656250000000 0.5155217990478533
0.1748437500000000 0.5155287321303894
0.1749218750000000 0.5155356557399282
0.1750000000000000 0.5155425888889690
0.1750781250000000 0.5155495124261651
0.1751562500000000 0.5155564456425252
0.1752343750000000 0.5155633691065552
0.1753125000000000 0.5155703023910564
0.1753906250000000 0.5155772257810909
0.1754687500000000 0.5155841591345618
0.1755468750000000 0.5155910824497636
0.1756250000000000 0.5155980158730396
0.1757031250000000 0.5156049391125640
0.1757812500000000 0.5156118726064891
0.1758593750000000 0.5156187957694847
0.1759375000000000 0.5156257293349088
0.1760156250000000 0.5156326524205166
0.1760937500000000 0.5156395860582964
0.1761718750000000 0.5156465090656518
0.1762500000000000 0.5156534427766526
0.1763281250000000 0.5156603657048808
0.1764062500000000 0.5156672994899739
0.1764843750000000 0.5156742223381958
0.1765625000000000 0.5156811561982609
0.1766406250000000 0.5156880789655879
0.1767187500000000 0.5156950129015118
0.1767968750000000 0.5157019355870485
0.1768750000000000 0.5157088695997254
0.1769531250000000 0.5157157922025702
0.1770312500000000 0.5157227262928999
0.1771093750000000 0.5157296488121426
0.1771875000000000 0.5157365829810344
0.1772656250000000 0.5157435054157580
0.1773437500000000 0.5157504396641284
0.1774218750000000 0.5157573620134089
0.1775000000000000 0.5157642963421790
0.1775781250000000 0.5157712186050847
0.1776562500000000 0.5157781530151867
0.1777343750000000 0.5157850751907774
0.1778125000000000 0.5157920096831495
0.1778906250000000 0.5157989317704798
0.1779687500000000 0.5158058663460653
0.1780468750000000 0.5158127883441826
0.1781250000000000 0.5158197230039359
0.1782031250000000 0.5158266449118760
0.1782812500000000 0.5158335796567570
0.1783593750000000 0.5158405014735523
0.1784375000000000 0.5158474363045288
0.1785156250000000 0.5158543580292028
0.1785937500000000 0.5158612929472499
0.1786718750000000 0.5158682145788186
0.1787500000000000 0.5158751495849192
0.1788281250000000 0.5158820711223920
0.1789062500000000 0.5158890062175361
0.1789843750000000 0.5158959276599132
0.1790625000000000 0.5159028628450977
0.1791406250000000 0.5159097841913752
0.1792187500000000 0.5159167194676036
0.1792968750000000 0.5159236407167678
0.1793750000000000 0.5159305760850549
0.1794531250000000 0.5159374972360821
0.1795312500000000 0.5159444326974477
0.1796093750000000 0.5159513537493103
0.1796875000000000 0.5159582893047818
0.1797656250000000 0.5159652102564429
0.1798437500000000 0.5159721459070564
0.1799218750000000 0.5159790667574737
0.1800000000000000 0.5159860025042692
0.1800781250000000 0.5159929232523917
0.1801562500000000 0.5159998590964200
0.1802343750000000 0.5160067797411882
0.1803125000000000 0.5160137156835075
0.1803906250000000 0.5160206362238562
0.1804687500000000 0.5160275722655314
0.1805468750000000 0.5160344927003852
0.1806250000000000 0.5160414288424893
0.1807031250000000 0.5160483491707673
0.1807812500000000 0.5160552854143806
0.1808593750000000 0.5160622056349929
0.1809375000000000 0.5160691419812035
0.1810156250000000 0.5160760620930556
0.1810937500000000 0.5160829985429589
0.1811718750000000 0.5160899185449441
0.1812500000000000 0.5160968550996438
0.1813281250000000 0.5161037749906516
0.1814062500000000 0.5161107116512575
0.1814843750000000 0.5161176314301685
0.1815625000000000 0.5161245681977991
0.1816406250000000 0.5161314878634871
0.1817187500000000 0.5161384247392676
0.1817968750000000 0.5161453442905970
0.1818750000000000 0.5161522812756613
0.1819531250000000 0.5161592007114910
0.1820312500000000 0.5161661378069803
0.1821093750000000 0.5161730571261592
0.1821875000000000 0.5161799943332223
0.1822656250000000 0.5161869135345949
0.1823437500000000 0.5161938508543856
0.1824218750000000 0.5162007699367879
0.1825000000000000 0.5162077073704703
0.1825781250000000 0.5162146263327300
0.1826562500000000 0.5162215638814742
0.1827343750000000 0.5162284827224130
0.1828125000000000 0.5162354203873967
0.1828906250000000 0.5162423391058273
0.1829687500000000 0.5162492768882367
0.1830468750000000 0.5162561954829650
0.1831250000000000 0.5162631333839941
0.1832031250000000 0.5162700518538161
0.1832812500000000 0.5162769898746661
0.1833593750000000 0.5162839082183741
0.1834375000000000 0.5162908463602525
0.1835156250000000 0.5162977645766291
0.1835937500000000 0.5163047028407521
0.1836718750000000 0.5163116209285727
0.1837500000000000 0.5163185593161612
0.1838281250000000 0.5163254772741964
0.1839062500000000 0.5163324157864825
0.1839843750000000 0.5163393336134909
0.1840625000000000 0.5163462722517123
0.1841406250000000 0.5163531899464503
0.1842187500000000 0.5163601287118491
0.1842968750000000 0.5163670462730627
0.1843750000000000 0.5163739851668933
0.1844531250000000 0.5163809025933215
0.1845312500000000 0.5163878416168428
0.1846093750000000 0.5163947589072169
0.1846875000000000 0.5164016980616969
0.1847656250000000 0.5164086152147410
0.1848437500000000 0.5164155545014535
0.1849218750000000 0.5164224715158861
0.1850000000000000 0.5164294109361106
0.1850781250000000 0.5164363278106425
0.1851562500000000 0.5164432673656688
0.1852343750000000 0.5164501840990026
0.1853125000000000 0.5164571237901259
0.1853906250000000 0.5164640403809569
0.1854687500000000 0.5164709802094801
0.1855468750000000 0.5164778966564987
0.1856250000000000 0.5164848366237297
0.1857031250000000 0.5164917529256182
0.1857812500000000 0.5164986930328747
0.1858593750000000 0.5165056091883068
0.1859375000000000 0.5165125494369128
0.1860156250000000 0.5165194654445568
0.1860937500000000 0.5165264058358430
0.1861718750000000 0.5165333216943597
0.1862500000000000 0.5165402622296636
0.1863281250000000 0.5165471779377067
0.1864062500000000 0.5165541186183742
0.1864843750000000 0.5165610341745891
0.1865625000000000 0.5165679750019712
0.1866406250000000 0.5165748904050003
0.1867187500000000 0.5165818313804547
0.1867968750000000 0.5165887466289302
0.1868750000000000 0.5165956877538225
0.1869531250000000 0.5166026028463717
0.1870312500000000 0.5166095441220737
0.1871093750000000 0.5166164590573160
0.1871875000000000 0.5166234004852054
0.1872656250000000 0.5166303152617555
0.1873437500000000 0.5166372568432175
0.1874218750000000 0.5166441714596810
0.1875000000000000 0.5166511131961072
0.1875781250000000 0.5166580276510850
0.1876562500000000 0.5166649695438740
0.1877343750000000 0.5166718838359594
0.1878125000000000 0.5166788258865160
0.1878906250000000 0.5166857400142953
0.1879687500000000 0.5166926822240298
0.1880468750000000 0.5166995961860864
0.1881250000000000 0.5167065385564160
0.1882031250000000 0.5167134523513220
0.1882812500000000 0.5167203948836716
0.1883593750000000 0.5167273085099967
0.1884375000000000 0.5167342512057944
0.1885156250000000 0.5167411646621010
0.1885937500000000 0.5167481075227840
0.1886718750000000 0.5167550208076267
0.1887500000000000 0.5167619638346369
0.1888281250000000 0.5167688769465676
0.1889062500000000 0.5167758201413526
0.1889843750000000 0.5167827330789134
0.1890625000000000 0.5167896764429292
0.1891406250000000 0.5167965892046583
0.1892187500000000 0.5168035327393632
0.1892968750000000 0.5168104453237926
0.1893750000000000 0.5168173890306537
0.1894531250000000 0.5168243014363112
0.1895312500000000 0.5168312453167976
0.1896093750000000 0.5168381575422042
0.1896875000000000 0.5168451015977946
0.1897656250000000 0.5168520136414638
0.1898437500000000 0.5168589578736421
0.1899218750000000 0.5168658697340832
0.1900000000000000 0.5168728141443365
0.1900781250000000 0.5168797258200545
0.1901562500000000 0.5168866704098770
0.1902343750000000 0.5168935818993700
0.1903125000000000 0.5169005266702610
0.1903906250000000 0.5169074379720225
0.1904687500000000 0.5169143829254861
0.1905468750000000 0.5169212940380042
0.1906250000000000 0.5169282391755504
0.1907031250000000 0.5169351500973081
0.1907812500000000 0.5169420954204509
0.1908593750000000 0.5169490061499259
0.1909375000000000 0.5169559516601857
0.1910156250000000 0.5169628621958501
0.1910937500000000 0.5169698078947519
0.1911718750000000 0.5169767182350736
0.1912500000000000 0.5169836641241479
0.1913281250000000 0.5169905742675900
0.1914062500000000 0.5169975203483701
0.1914843750000000 0.5170044302933908
0.1915625000000000 0.5170113765674174
0.1916406250000000 0.5170182863124699
0.1917187500000000 0.5170252327812860
0.1917968750000000 0.5170321423248188
0.1918750000000000 0.5170390889899724
0.1919531250000000 0.5170459983304313
0.1920312500000000 0.5170529451934766
0.1921093750000000 0.5170598543293004
0.1921875000000000 0.5170668013917934
0.1922656250000000 0.5170737103214186
0.1923437500000000 0.5170806575849202
0.1924218750000000 0.5170875663067798
0.1925000000000000 0.5170945137728546
0.1925781250000000 0.5171014222853769
0.1926562500000000 0.5171083699555943
0.1927343750000000 0.5171152782572016
0.1928125000000000 0.5171222261331357
0.1928906250000000 0.5171291342222479
0.1929687500000000 0.5171360823054760
0.1930468750000000 0.5171429901805088
0.1931250000000000 0.5171499384726121
0.1932031250000000 0.5171568461319780
0.1932812500000000 0.5171637946345411
0.1933593750000000 0.5171707020766487
0.1934375000000000 0.5171776507912598
0.1935156250000000 0.5171845580145139
0.1935937500000000 0.5171915069427647
0.1936718750000000 0.5171984139455683
0.1937500000000000 0.5172053630890525
0.1938281250000000 0.5172122698698032
0.1939062500000000 0.5172192192301196
0.1939843750000000 0.5172261257872143
0.1940625000000000 0.5172330753659647
0.1941406250000000 0.5172399816977929
0.1942187500000000 0.5172469314965812
0.1942968750000000 0.5172538376015348
0.1943750000000000 0.5172607876219674
0.1944531250000000 0.5172676934984328
0.1945312500000000 0.5172746437421200
0.1946093750000000 0.5172815493884810
0.1946875000000000 0.5172884998570342
0.1947656250000000 0.5172954052716724
0.1948437500000000 0.5173023559667070
0.1949218750000000 0.5173092611480024
0.1950000000000000 0.5173162120711352
0.1950781250000000 0.5173231170174629
0.1951562500000000 0.5173300681703145
0.1952343750000000 0.5173369728800489
0.1953125000000000 0.5173439242642410
0.1953906250000000 0.5173508287357556
0.1954687500000000 0.5173577803529094
0.1955468750000000 0.5173646845845747
0.1956250000000000 0.5173716364363184
0.1957031250000000 0.5173785404265029
0.1957812500000000 0.5173854925144624
0.1958593750000000 0.5173923962615327
0.1959375000000000 0.5173993485873376
0.1960156250000000 0.5174062520896597
0.1960937500000000 0.5174132046549393
0.1961718750000000 0.5174201079108768
0.1962500000000000 0.5174270607172640
0.1963281250000000 0.5174339637251802
0.1964062500000000 0.5174409167743069
0.1964843750000000 0.5174478195325632
0.1965625000000000 0.5174547728260637
0.1966406250000000 0.5174616753330203
0.1967187500000000 0.5174686288725300
0.1967968750000000 0.5174755311265474
0.1968750000000000 0.5174824849137013
0.1969531250000000 0.5174893869131378
0.1970312500000000 0.5174963409495731
0.1971093750000000 0.5175032426927874
0.1971875000000000 0.5175101969801402
0.1972656250000000 0.5175170984654905
0.1973437500000000 0.5175240530053991
0.1974218750000000 0.5175309542312425
0.1975000000000000 0.5175379090253425
0.1975781250000000 0.5175448099900384
0.1976562500000000 0.5175517650399682
0.1977343750000000 0.5175586657418725
0.1978125000000000 0.5175656210492701
0.1978906250000000 0.5175725214867407
0.1979687500000000 0.5175794770532434
0.1980468750000000 0.5175863772246379
0.1981250000000000 0.5175933330518819
0.1982031250000000 0.5176002329555597
0.1982812500000000 0.5176071890451817
0.1983593750000000 0.5176140886795032
0.1984375000000000 0.5176210450331367
0.1985156250000000 0.5176279443964601
0.1985937500000000 0.5176349010157418
0.1986718750000000 0.5176418001064291
0.1987500000000000 0.5176487569929917
0.1988281250000000 0.5176556558094044
0.1989062500000000 0.5176626129648811
0.1989843750000000 0.5176695115053821
0.1990625000000000 0.5176764689314045
0.1991406250000000 0.5176833671943590
0.1992187500000000 0.5176903248925543
0.1992968750000000 0.5176972228763296
0.1993750000000000 0.5177041808483271
0.1994531250000000 0.5177110785512907
0.1995312500000000 0.5177180367987155
0.1996093750000000 0.5177249342192379
0.1996875000000000 0.5177318927437151
0.1997656250000000 0.5177387898801669
0.1998437500000000 0.5177457486833179
0.1999218750000000 0.5177526455340750
0.2000000000000000 0.5177596046175207
0.2000781250000000 0.5177665011809578
0.2001562500000000 0.5177734605463141
0.2002343750000000 0.5177803568208117
0.2003125000000000 0.5177873164696934
0.2003906250000000 0.5177942124536339
0.2004687500000000 0.5178011723876520
0.2005468750000000 0.5178080680794214
0.2006250000000000 0.5178150283001831
0.2007031250000000 0.5178219236981694
0.2007812500000000 0.5178288842072807
0.2008593750000000 0.5178357793098750
0.2009375000000000 0.5178427401089388
0.2010156250000000 0.5178496349145347
0.2010937500000000 0.5178565960051484
0.2011718750000000 0.5178634905121468
0.2012500000000000 0.5178704518959055
0.2013281250000000 0.5178773461027079
0.2014062500000000 0.5178843077812019
0.2014843750000000 0.5178912016862136
0.2015625000000000 0.5178981636610293
0.2016406250000000 0.5179050572626637
0.2017187500000000 0.5179120195353819
0.2017968750000000 0.5179189128320530
0.2018750000000000 0.5179258754042534
0.2019531250000000 0.5179327683943806
0.2020312500000000 0.5179397312676359
0.2021093750000000 0.5179466239496420
0.2021875000000000 0.5179535871255215
0.2022656250000000 0.5179604794978374
0.2023437500000000 0.5179674429779030
0.2024218750000000 0.5179743350389621
0.2025000000000000 0.5179812988247736
0.2025781250000000 0.5179881905730149
0.2026562500000000 0.5179951546661246
0.2027343750000000 0.5180020460999941
0.2028125000000000 0.5180090105019486
0.2028906250000000 0.5180159016198964
0.2029687500000000 0.5180228663322379
0.2030468750000000 0.5180297571327214
0.2031250000000000 0.5180367221569848
0.2032031250000000 0.5180436126384657
0.2032812500000000 0.5180505779761806
0.2033593750000000 0.5180574681371281
0.2034375000000000 0.5180644337898188
0.2035156250000000 0.5180713236287072
0.2035937500000000 0.5180782895978897
0.2036718750000000 0.5180851791132004
0.2037500000000000 0.5180921454003855
0.2038281250000000 0.5180990345906071
0.2039062500000000 0.5181060011972971
0.2039843750000000 0.5181128900609265
0.2040625000000000 0.5181198569886170
0.2041406250000000 0.5181267455241563
0.2042187500000000 0.5181337127743363
0.2042968750000000 0.5181406009802958
0.2043750000000000 0.5181475685544455
0.2044531250000000 0.5181544564293435
0.2045312500000000 0.5181614243289371
0.2046093750000000 0.5181683118712980
0.2046875000000000 0.5181752800978021
0.2047656250000000 0.5181821673061601
0.2048437500000000 0.5181891358610300
0.2049218750000000 0.5181960227339261
0.2050000000000000 0.5182029916186141
0.2050781250000000 0.5182098781545984
0.2051562500000000 0.5182168473705429
0.2052343750000000 0.5182237335681746
0.2053125000000000 0.5182307031168083
0.2053906250000000 0.5182375889746550
0.2054687500000000 0.5182445588574004
0.2055468750000000 0.5182514443740391
0.2056250000000000 0.5182584145923099
0.2057031250000000 0.5182652997663267
0.2057812500000000 0.5182722703215277
0.2058593750000000 0.5182791551515160
0.2059375000000000 0.5182861260450438
0.2060156250000000 0.5182930105296082
0.2060937500000000 0.5182999817628480
0.2061718750000000 0.5183068659006043
0.2062500000000000 0.5183138374749303
0.2063281250000000 0.5183207212645029
0.2064062500000000 0.5183276931812824
0.2064843750000000 0.5183345766213050
0.2065625000000000 0.5183415488818918
0.2066406250000000 0.5183484319710102
0.2067187500000000 0.5183554045767500
0.2067968750000000 0.5183622873136196
0.2068750000000000 0.5183692602658450
0.2069531250000000 0.5183761426491328
0.2070312500000000 0.5183831159491685
0.2071093750000000 0.5183899979775526
0.2071875000000000 0.5183969716267075
0.2072656250000000 0.5184038532988772
0.2073437500000000 0.5184108272984542
0.2074218750000000 0.5184177086131081
0.2075000000000000 0.5184246829643959
0.2075781250000000 0.5184315639202476
0.2076562500000000 0.5184385386245219
0.2077343750000000 0.5184454192202960
0.2078125000000000 0.5184523942788214
0.2078906250000000 0.5184592745132531
0.2079687500000000 0.5184662499272847
0.2080468750000000 0.5184731297991220
0.2081250000000000 0.5184801055698992
0.2082031250000000 0.5184869850779029
0.2082812500000000 0.5184939612066537
0.2083593750000000 0.5185008403495974
0.2084375000000000 0.5185078168375373
0.2085156250000000 0.5185146956142078
0.2085937500000000 0.5185216724625379
0.2086718750000000 0.5185285508717365
0.2087500000000000 0.5185355280816440
0.2088281250000000 0.5185424061221819
0.2089062500000000 0.5185493836948454
0.2089843750000000 0.5185562613655491
0.2090625000000000 0.5185632393021294
0.2091406250000000 0.5185701166018396
0.2092187500000000 0.5185770949034831
0.2092968750000000 0.5185839718310533
0.2093750000000000 0.5185909504988960
0.2094531250000000 0.5185978270531952
0.2095312500000000 0.5186048060883550
0.2096093750000000 0.5186116822682660
0.2096875000000000 0.5186186616718491
0.2097656250000000 0.5186255374762672
0.2098437500000000 0.5186325172493657
0.2099218750000000 0.5186393926772033
0.2100000000000000 0.5186463728208910
0.2100781250000000 0.5186532478710761
0.2101562500000000 0.5186602283864135
0.2102343750000000 0.5186671030578882
0.2103125000000000 0.5186740839459208
0.2103906250000000 0.5186809582376427
0.2104687500000000 0.5186879394994002
0.2105468750000000 0.5186948134103426
0.2106250000000000 0.5187017950468389
0.2107031250000000 0.5187086685759891
0.2107812500000000 0.5187156505882240
0.2108593750000000 0.5187225237345873
0.2109375000000000 0.5187295061235424
0.2110156250000000 0.5187363788861399
0.2110937500000000 0.5187433616527801
0.2111718750000000 0.5187502340306498
0.2112500000000000 0.5187572171759257
0.2113281250000000 0.5187640891681213
0.2114062500000000 0.5187710726929649
0.2114843750000000 0.5187779442985567
0.2115625000000000 0.5187849282038846
0.2116406250000000 0.5187917994219595
0.2117187500000000 0.5187987837086707
0.2117968750000000 0.5188056545383344
0.2118750000000000 0.5188126392073096
0.2119531250000000 0.5188195096476858
0.2120312500000000 0.5188264946997880
0.2121093750000000 0.5188333647500152
0.2121875000000000 0.5188403501860939
0.2122656250000000 0.5188472198453287
0.2123437500000000 0.5188542056662104
0.2124218750000000 0.5188610749336290
0.2125000000000000 0.5188680611401243
0.2125781250000000 0.5188749300149221
0.2126562500000000 0.5188819166078227
0.2127343750000000 0.5188887850892103
0.2128125000000000 0.5188957720692902
0.2128906250000000 0.5189026401564983
0.2129687500000000 0.5189096275245135
0.2130468750000000 0.5189164952167923
0.2131250000000000 0.5189234829734770
0.2132031250000000 0.5189303502700947
0.2132812500000000 0.5189373384161668
0.2133593750000000 0.5189442053164115
0.2134375000000000 0.5189511938525692
0.2135156250000000 0.5189580603557472
0.2135937500000000 0.5189650492826684
0.2136718750000000 0.5189719153881072
0.2137500000000000 0.5189789047064495
0.2138281250000000 0.5189857704134946
0.2139062500000000 0.5189927601238984
0.2139843750000000 0.5189996254319165
0.2140625000000000 0.5190066155350000
0.2141406250000000 0.5190134804433767
0.2142187500000000 0.5190204709397390
0.2142968750000000 0.5190273354478812
0.2143750000000000 0.5190343263381013
0.2144531250000000 0.5190411904454345
0.2145312500000000 0.5190481817300699
0.2146093750000000 0.5190550454360424
0.2146875000000000 0.5190620371156307
0.2147656250000000 0.5190689004197113
0.2148437500000000 0.5190758924947683
0.2149218750000000 0.5190827553964454
0.2150000000000000 0.5190897478674662
0.2150781250000000 0.5190966103662519
0.2151562500000000 0.5191036032337095
0.2152343750000000 0.5191104653291343
0.2153125000000000 0.5191174585934831
0.2153906250000000 0.5191243202851008
0.2154687500000000 0.5191313139467701
0.2155468750000000 0.5191381752341566
0.2156250000000000 0.5191451692935554
0.2157031250000000 0.5191520301763063
0.2157812500000000 0.5191590246338228
0.2158593750000000 0.5191658851115580
0.2159375000000000 0.5191728799675566
0.2160156250000000 0.5191797400399168
0.2160937500000000 0.5191867352947405
0.2161718750000000 0.5191935949613893
0.2162500000000000 0.5192005906153584
0.2163281250000000 0.5192074498759811
0.2164062500000000 0.5192144459293933
0.2164843750000000 0.5192213047837002
0.2165625000000000 0.5192283012368302
0.2166406250000000 0.5192351596845516
0.2167187500000000 0.5192421565376522
0.2167968750000000 0.5192490145785427
0.2168750000000000 0.5192560118318424
0.2169531250000000 0.5192628694656791
0.2170312500000000 0.5192698671193848
0.2171093750000000 0.5192767243459696
0.2171875000000000 0.5192837224002621
0.2172656250000000 0.5192905792194188
0.2173437500000000 0.5192975776744583
0.2174218750000000 0.5193044340860347
0.2175000000000000 0.5193114329419554
0.2175781250000000 0.5193182889458250
0.2176562500000000 0.5193252882027376
0.2177343750000000 0.5193321437987951
0.2178125000000000 0.5193391434567881
0.2178906250000000 0.5193459986449539
0.2179687500000000 0.5193529987040894
0.2180468750000000 0.5193598534843066
0.2181250000000000 0.5193668539446239
0.2182031250000000 0.5193737083168614
0.2182812500000000 0.5193807091783745
0.2183593750000000 0.5193875631426270
0.2184375000000000 0.5193945644053255
0.2185156250000000 0.5194014179616083
0.2185937500000000 0.5194084196254584
0.2186718750000000 0.5194152727738142
0.2187500000000000 0.5194222748387567
0.2188281250000000 0.5194291275792511
0.2189062500000000 0.5194361300452018
0.2189843750000000 0.5194429823779284
0.2190625000000000 0.5194499852447761
0.2191406250000000 0.5194568371698517
0.2192187500000000 0.5194638404374645
0.2192968750000000 0.5194706919550309
0.2193750000000000 0.5194776956232462
0.2194531250000000 0.5194845467334711
0.2195312500000000 0.5194915508021057
0.2196093750000000 0.5194984015051830
0.2196875000000000 0.5195054059740247
0.2197656250000000 0.5195122562701721
0.2198437500000000 0.5195192611389848
0.2199218750000000 0.5195261110284476
0.2200000000000000 0.5195331162969689
0.2200781250000000 0.5195399657800176
0.2201562500000000 0.5195469714479580
0.2202343750000000 0.5195538205248896
0.2203125000000000 0.5195608265919359
0.2203906250000000 0.5195676752630712
0.2204687500000000 0.5195746817288833
0.2205468750000000 0.5195815299945722
0.2206250000000000 0.5195885368587824
0.2207031250000000 0.5195953847193993
0.2207812500000000 0.5196023919816156
0.2208593750000000 0.5196092394375610
0.2209375000000000 0.5196162470973639
0.2210156250000000 0.5196230941490666
0.2210937500000000 0.5196301022060095
0.2211718750000000 0.5196369488539239
0.2212500000000000 0.5196439573075340
0.2213281250000000 0.5196508035521408
0.2214062500000000 0.5196578124019197
0.2214843750000000 0.5196646582437252
0.2215625000000000 0.5196716674891492
0.2216406250000000 0.5196785129286868
0.2217187500000000 0.5196855225692012
0.2217968750000000 0.5196923676070341
0.2218750000000000 0.5196993776420590
0.2219531250000000 0.5197062222787752
0.2220312500000000 0.5197132327077052
0.2221093750000000 0.5197200769439184
0.2221875000000000 0.5197270877661189
0.2222656250000000 0.5197339316024737
0.2223437500000000 0.5197409428172824
0.2224218750000000 0.5197477862544482
0.2225000000000000 0.5197547978611791
0.2225781250000000 0.5197616408998516
0.2226562500000000 0.5197686528977876
0.2227343750000000 0.5197754955386915
0.2228125000000000 0.5197825079270909
0.2228906250000000 0.5197893501709784
0.2229687500000000 0.5197963629490704
0.2230468750000000 0.5198032047967194
0.2231250000000000 0.5198102179637064
0.2232031250000000 0.5198170594159234
0.2232812500000000 0.5198240729709813
0.2233593750000000 0.5198309140286005
0.2234375000000000 0.5198379279708765
0.2235156250000000 0.5198447686347591
0.2235937500000000 0.5198517829633715
0.2236718750000000 0.5198586232344080
0.2237500000000000 0.5198656379484478
0.2238281250000000 0.5198724778275565
0.2239062500000000 0.5198794929260881
0.2239843750000000 0.5198863324142123
0.2240625000000000 0.5198933478962734
0.2241406250000000 0.5199001869943858
0.2242187500000000 0.5199072028589838
0.2242968750000000 0.5199140415680846
0.2243750000000000 0.5199210578142013
0.2244531250000000 0.5199278961353181
0.2245312500000000 0.5199349127619070
0.2246093750000000 0.5199417506960959
0.2246875000000000 0.5199487677020813
0.2247656250000000 0.5199556052504267
0.2248437500000000 0.5199626226347058
0.2249218750000000 0.5199694597983192
0.2250000000000000 0.5199764775597623
0.2250781250000000 0.5199833143397826
0.2251562500000000 0.5199903324772307
0.2252343750000000 0.5199971688748256
0.2253125000000000 0.5200041873870920
0.2253906250000000 0.5200110234034586
0.2254687500000000 0.5200180422893280
0.2255468750000000 0.5200248779256884
0.2256250000000000 0.5200318971839197
0.2257031250000000 0.5200387324415269
0.2257812500000000 0.5200457520708484
0.2258593750000000 0.5200525869509801
0.2259375000000000 0.5200596069500947
0.2260156250000000 0.5200664414540592
0.2260937500000000 0.5200734618216392
0.2261718750000000 0.5200802959507724
0.2262500000000000 0.5200873166854640
0.2263281250000000 0.5200941504411281
0.2264062500000000 0.5201011715415504
0.2264843750000000 0.5201080049251365
0.2265625000000000 0.5201150263898787
0.2266406250000000 0.5201218594028062
0.2267187500000000 0.5201288812304303
0.2267968750000000 0.5201357138741459
0.2268750000000000 0.5201427360631865
0.2269531250000000 0.5201495683391643
0.2270312500000000 0.5201565908881282
0.2271093750000000 0.5201634227978713
0.2271875000000000 0.5201704457052366
0.2272656250000000 0.5201772772502746
0.2273437500000000 0.5201843005144932
0.2274218750000000 0.5201911316963843
0.2275000000000000 0.5201981553158789
0.2275781250000000 0.5202049861362082
0.2276562500000000 0.5202120101093747
0.2277343750000000 0.5202188405697563
0.2278125000000000 0.5202258648949621
0.2278906250000000 0.5202326949970372
0.2279687500000000 0.5202397196726221
0.2280468750000000 0.5202465494180598
0.2281250000000000 0.5202535744423359
0.2282031250000000 0.5202604038328323
0.2282812500000000 0.5202674292040851
0.2283593750000000 0.5202742582413640
0.2284375000000000 0.5202812839578520
0.2285156250000000 0.5202881126436627
0.2285937500000000 0.5202951387036170
0.2286718750000000 0.5203019670397390
0.2287500000000000 0.5203089934413604
0.2288281250000000 0.5203158214295998
0.2289062500000000 0.5203228481710653
0.2289843750000000 0.5203296758132547
0.2290625000000000 0.5203367028927126
0.2291406250000000 0.5203435301907118
0.2292187500000000 0.5203505576062840
0.2292968750000000 0.5203573845619801
0.2293750000000000 0.5203644123117608
0.2294531250000000 0.5203712389270682
0.2295312500000000 0.5203782670091243
0.2296093750000000 0.5203850932859846
0.2296875000000000 0.5203921216983567
0.2297656250000000 0.5203989476387371
0.2298437500000000 0.5204059763794394
0.2299218750000000 0.5204128019853345
0.2300000000000000 0.5204198310523545
0.2300781250000000 0.5204266563257851
0.2301562500000000 0.5204336857170833
0.2302343750000000 0.5204405106600970
0.2303125000000000 0.5204475403736076
0.2303906250000000 0.5204543649882793
0.2304687500000000 0.5204613950219099
0.2305468750000000 0.5204682193103393
0.2306250000000000 0.5204752496619720
0.2307031250000000 0.5204820736262865
0.2307812500000000 0.5204891042937749
0.2308593750000000 0.5204959279361270
0.2309375000000000 0.5205029589173020
0.2310156250000000 0.5205097822398698
0.2310937500000000 0.5205168135325335
0.2311718750000000 0.5205236365375231
0.2312500000000000 0.5205306681394537
0.2313281250000000 0.5205374908290954
0.2314062500000000 0.5205445227380439
0.2314843750000000 0.5205513451145920
0.2315625000000000 0.5205583773282865
0.2316406250000000 0.5205651993940229
0.2317187500000000 0.5205722319101634
0.2317968750000000 0.5205790536673958
0.2318750000000000 0.5205860864836579
0.2319531250000000 0.5205929079347179
0.2320312500000000 0.5205999410487511
0.2321093750000000 0.5206067621959964
0.2321875000000000 0.5206137956054269
0.2322656250000000 0.5206206164512395
0.2323437500000000 0.5206276501536672
0.2324218750000000 0.5206344707004545
0.2325000000000000 0.5206415046934555
0.2325781250000000 0.5206483249436477
0.2326562500000000 0.5206553592247749
0.2327343750000000 0.5206621791808270
0.2328125000000000 0.5206692137476066
0.2328906250000000 0.5206760334119996
0.2329687500000000 0.5206830682619346
0.2330468750000000 0.5206898876371737
0.2331250000000000 0.5206969227677418
0.2332031250000000 0.5207037418563545
0.2332812500000000 0.5207107772650108
0.2333593750000000 0.5207175960695494
0.2334375000000000 0.5207246317537264
0.2335156250000000 0.5207314502767670
0.2335937500000000 0.5207384862338702
0.2336718750000000 0.5207453044780115
0.2337500000000000 0.5207523407054259
0.2338281250000000 0.5207591586732909
0.2339062500000000 0.5207661951683779
0.2339843750000000 0.5207730128626121
0.2340625000000000 0.5207800496227089
0.2341406250000000 0.5207868670459810
0.2342187500000000 0.5207939040684018
0.2342968750000000 0.5208007212234048
0.2343750000000000 0.5208077585054415
0.2344531250000000 0.5208145753948884
0.2345312500000000 0.5208216129338122
0.2346093750000000 0.5208284295604388
0.2346875000000000 0.5208354673534974
0.2347656250000000 0.5208422837200622
0.2348437500000000 0.5208493217644812
0.2349218750000000 0.5208561378737649
0.2350000000000000 0.5208631761667468
0.2350781250000000 0.5208699920215518
0.2351562500000000 0.5208770305602791
0.2352343750000000 0.5208838461634293
0.2353125000000000 0.5208908849450635
0.2353906250000000 0.5208977002994020
0.2354687500000000 0.5209047393210827
0.2355468750000000 0.5209115544294785
0.2356250000000000 0.5209185936883223
0.2357031250000000 0.5209254085536611
0.2357812500000000 0.5209324480467672
0.2358593750000000 0.5209392626719562
0.2359375000000000 0.5209463023964012
0.2360156250000000 0.5209531167843698
0.2360937500000000 0.5209601567372099
0.2361718750000000 0.5209669708909059
0.2362500000000000 0.5209740110691781
0.2363281250000000 0.5209808249915701
0.2364062500000000 0.5209878653922906
0.2364843750000000 0.5209946790863672
0.2365625000000000 0.5210017197065340
0.2366406250000000 0.5210085331753017
0.2367187500000000 0.5210155740118922
0.2367968750000000 0.5210223872583797
0.2368750000000000 0.5210294283083515
0.2369531250000000 0.5210362413356036
0.2370312500000000 0.5210432825958966
0.2371093750000000 0.5210500954069792
0.2371875000000000 0.5210571368745139
0.2372656250000000 0.5210639494725113
0.2373437500000000 0.5210709911441886
0.2374218750000000 0.5210778035322028
0.2375000000000000 0.5210848454049076
0.2375781250000000 0.5210916575860588
0.2376562500000000 0.5210986996566562
0.2377343750000000 0.5211055116340813
0.2378125000000000 0.5211125538994212
0.2378906250000000 0.5211193656762771
0.2379687500000000 0.5211264081331881
0.2380468750000000 0.5211332197126483
0.2381250000000000 0.5211402623579444
0.2382031250000000 0.5211470737431984
0.2382812500000000 0.5211541165736759
0.2383593750000000 0.5211609277679302
0.2384375000000000 0.5211679707803700
0.2385156250000000 0.5211747817868475
0.2385937500000000 0.5211818249780131
0.2386718750000000 0.5211886357999539
0.2387500000000000 0.5211956791665923
0.2388281250000000 0.5212024898072519
0.2389062500000000 0.5212095333460951
0.2389843750000000 0.5212163438087458
0.2390625000000000 0.5212233875165083
0.2391406250000000 0.5212301978044357
0.2392187500000000 0.5212372416778193
0.2392968750000000 0.5212440517943265
0.2393750000000000 0.5212510958300163
0.2394531250000000 0.5212579057784199
0.2395312500000000 0.5212649499730856
0.2396093750000000 0.5212717597567175
0.2396875000000000 0.5212788041070163
0.2397656250000000 0.5212856137292231
0.2398437500000000 0.5212926582317967
0.2399218750000000 0.5212994676959368
0.2400000000000000 0.5213065123474138
0.2400781250000000 0.5213133216568613
0.2401562500000000 0.5213203664538569
0.2402343750000000 0.5213271756119982
0.2403125000000000 0.5213342205511131
0.2403906250000000 0.5213410295613496
0.2404687500000000 0.5213480746391723
0.2405468750000000 0.5213548835049171
0.2406250000000000 0.5213619287180220
0.2407031250000000 0.5213687374427020
0.2407812500000000 0.5213757827876525
0.2408593750000000 0.5213825913747047
0.2409375000000000 0.5213896368480513
0.2410156250000000 0.5213964453009252
0.2410937500000000 0.5214034908992087
0.2411718750000000 0.5214102992213669
0.2412500000000000 0.5214173449411136
0.2413281250000000 0.5214241531360287
0.2414062500000000 0.5214311989737547
0.2414843750000000 0.5214380070449121
0.2415625000000000 0.5214450529971228
0.2416406250000000 0.5214518609480173
0.2417187500000000 0.5214589070112070
0.2417968750000000 0.5214657148453444
0.2418750000000000 0.5214727610159975
0.2419531250000000 0.5214795687368923
0.2420312500000000 0.5214866150114840
0.2421093750000000 0.5214934226226637
0.2421875000000000 0.5215004689976576
0.2422656250000000 0.5215072765026554
0.2423437500000000 0.5215143229745084
0.2424218750000000 0.5215211303768686
0.2425000000000000 0.5215281769420258
0.2425781250000000 0.5215349842453024
0.2426562500000000 0.5215420309002012
0.2427343750000000 0.5215488381079564
0.2428125000000000 0.5215558848490267
0.2428906250000000 0.5215626919648286
0.2429687500000000 0.5215697387884913
0.2430468750000000 0.5215765458159196
0.2431250000000000 0.5215835927185885
0.2432031250000000 0.5215903996612280
0.2432812500000000 0.5215974466393066
0.2433593750000000 0.5216042535007509
0.2434375000000000 0.5216113005506396
0.2435156250000000 0.5216181073344882
0.2435937500000000 0.5216251544525783
0.2436718750000000 0.5216319611624376
0.2437500000000000 0.5216390083451139
0.2438281250000000 0.5216458149845987
0.2439062500000000 0.5216528622282395
0.2439843750000000 0.5216596688009669
0.2440625000000000 0.5216667161019479
0.2441406250000000 0.5216735226115415
0.2442187500000000 0.5216805699662289
0.2442968750000000 0.5216873764163200
0.2443750000000000 0.5216944238210770
0.2444531250000000 0.5217012302153013
0.2445312500000000 0.5217082776664838
0.2446093750000000 0.5217150840084798
0.2446875000000000 0.5217221315024432
0.2447656250000000 0.5217289377958554
0.2448437500000000 0.5217359853289477
0.2449218750000000 0.5217427915774234
0.2450000000000000 0.5217498391459902
0.2450781250000000 0.5217566453531812
0.2451562500000000 0.5217636929535640
0.2452343750000000 0.5217704991231258
0.2453125000000000 0.5217775467516628
0.2453906250000000 0.5217843528872528
0.2454687500000000 0.5217914005402803
0.2455468750000000 0.5217982066455592
0.2456250000000000 0.5218052543194102
0.2457031250000000 0.5218120603980411
0.2457812500000000 0.5218191080890453
0.2458593750000000 0.5218259141446963
0.2459375000000000 0.5218329618491818
0.2460156250000000 0.5218397678855174
0.2460937500000000 0.5218468155998133
0.2461718750000000 0.5218536216205011
0.2462500000000000 0.5218606693409339
0.2463281250000000 0.5218674753496443
0.2464062500000000 0.5218745230725380
0.2464843750000000 0.5218813290729413
0.2465625000000000 0.5218883767946204
0.2466406250000000 0.5218951827903885
0.2467187500000000 0.5219022305071778
0.2467968750000000 0.5219090365019783
0.2468750000000000 0.5219160842102024
0.2469531250000000 0.5219228902077082
0.2470312500000000 0.5219299379036920
0.2471093750000000 0.5219367439075699
0.2471875000000000 0.5219437915876409
0.2472656250000000 0.5219505976015617
0.2473437500000000 0.5219576452620449
0.2474218750000000 0.5219644512896742
0.2475000000000000 0.5219714989269015
0.2475781250000000 0.5219783049719049
0.2476562500000000 0.5219853525822039
0.2477343750000000 0.5219921586482450
0.2478125000000000 0.5219992062279492
0.2478906250000000 0.5220060123186899
0.2479687500000000 0.5220130598641343
0.2480468750000000 0.5220198659832336
0.2481250000000000 0.5220269134907555
0.2482031250000000 0.5220337196418684
0.2482812500000000 0.5220407671078092
0.2483593750000000 0.5220475732945878
0.2484375000000000 0.5220546207152932
0.2485156250000000 0.5220614269413852
0.2485937500000000 0.5220684743132031
0.2486718750000000 0.5220752805822538
0.2487500000000000 0.5220823279015364
0.2488281250000000 0.5220891342171871
0.2489062500000000 0.5220961814802899
0.2489843750000000 0.5221029878461769
0.2490625000000000 0.5221100350494627
0.2491406250000000 0.5221168414692140
0.2492187500000000 0.5221238886090519
0.2492968750000000 0.5221306950862943
0.2493750000000000 0.5221377421590543
0.2494531250000000 0.5221445486974078
0.2495312500000000 0.5221515956994686
0.2496093750000000 0.5221584023025473
0.2496875000000000 0.5221654492302930
0.2497656250000000 0.5221722559017036
0.2498437500000000 0.5221793027515250
0.2499218750000000 0.5221861094948688
0.2500000000000000 0.5221931562631649
0.2500781250000000 0.5221999630820350
0.2501562500000000 0.5222070097652091
0.2502343750000000 0.5222138166631930
0.2503125000000000 0.5222208632576575
0.2503906250000000 0.5222276702383348
0.2504687500000000 0.5222347167405091
0.2505468750000000 0.5222415238074515
0.2506250000000000 0.5222485702137621
0.2507031250000000 0.5222553773705317
0.2507812500000000 0.5222624236774169
0.2508593750000000 0.5222692309275691
0.2509375000000000 0.5222762771314727
0.2510156250000000 0.5222830844785531
0.2510937500000000 0.5222901305759273
0.2511718750000000 0.5222969380234742
0.2512500000000000 0.5223039840107828
0.2513281250000000 0.5223107915623216
0.2514062500000000 0.5223178374360383
0.2514843750000000 0.5223246450950865
0.2515625000000000 0.5223316908516937
0.2516406250000000 0.5223384986217580
0.2517187500000000 0.5223455442577501
0.2517968750000000 0.5223523521423269
0.2518750000000000 0.5223593976542059
0.2519531250000000 0.5223662056567826
0.2520312500000000 0.5223732510410636
0.2521093750000000 0.5223800591651137
0.2521875000000000 0.5223871044183220
0.2522656250000000 0.5223939126673106
0.2523437500000000 0.5224009577859835
0.2524218750000000 0.5224077661633618
0.2525000000000000 0.5224148111440476
0.2525781250000000 0.5224216196532577
0.2526562500000000 0.5224286644925163
0.2527343750000000 0.5224354731369852
0.2528125000000000 0.5224425178313903
0.2528906250000000 0.5224493266145341
0.2529687500000000 0.5224563711606727
0.2530468750000000 0.5224631800858919
0.2531250000000000 0.5224702244803630
0.2532031250000000 0.5224770335510487
0.2532812500000000 0.5224840777904646
0.2533593750000000 0.5224908870099910
0.2534375000000000 0.5224979310909779
0.2535156250000000 0.5225047404627085
0.2535937500000000 0.5225117843819053
0.2536718750000000 0.5225185939091884
0.2537500000000000 0.5225256376632494
0.2538281250000000 0.5225324473494185
0.2539062500000000 0.5225394909350122
0.2539843750000000 0.5225463007833867
0.2540625000000000 0.5225533441971969
0.2541406250000000 0.5225601542110806
0.2542187500000000 0.5225671974498040
0.2542968750000000 0.5225740076324883
0.2543750000000000 0.5225810506928373
0.2544531250000000 0.5225878610475952
0.2545312500000000 0.5225949039263003
0.2546093750000000 0.5226017144563913
0.2546875000000000 0.5226087571501943
0.2547656250000000 0.5226155678588608
0.2548437500000000 0.5226226103645247
0.2549218750000000 0.5226294212549910
0.2550000000000000 0.5226364635692936
0.2550781250000000 0.5226432746447696
0.2551562500000000 0.5226503167645045
0.2552343750000000 0.5226571280281826
0.2553125000000000 0.5226641699501609
0.2553906250000000 0.5226709814052172
0.2554687500000000 0.5226780231262661
0.2555468750000000 0.5226848347758590
0.2556250000000000 0.5226918762928243
0.2557031250000000 0.5226986881400949
0.2557812500000000 0.5227057294498385
0.2558593750000000 0.5227125414979104
0.2559375000000000 0.5227195825973137
0.2560156250000000 0.5227263948492922
0.2560937500000000 0.5227334357352538
0.2561718750000000 0.5227402481942249
0.2562500000000000 0.5227472888636635
0.2563281250000000 0.5227541015326947
0.2564062500000000 0.5227611419825469
0.2564843750000000 0.5227679548646882
0.2565625000000000 0.5227749950919074
0.2566406250000000 0.5227818081901895
0.2567187500000000 0.5227888481917505
0.2567968750000000 0.5227956615091850
0.2568750000000000 0.5228027012820810
0.2569531250000000 0.5228095148216599
0.2570312500000000 0.5228165543629031
0.2571093750000000 0.5228233681275987
0.2571875000000000 0.5228304074342228
0.2572656250000000 0.5228372214269865
0.2573437500000000 0.5228442604960457
0.2574218750000000 0.5228510747198080
0.2575000000000000 0.5228581135483760
0.2575781250000000 0.5228649280060483
0.2576562500000000 0.5228719665912192
0.2577343750000000 0.5228787812856917
0.2578125000000000 0.5228858196245803
0.2578906250000000 0.5228926345587227
0.2579687500000000 0.5228996726484656
0.2580468750000000 0.5229064878251261
0.2581250000000000 0.5229135256628811
0.2582031250000000 0.5229203410848861
0.2582812500000000 0.5229273786678322
0.2583593750000000 0.5229341943379864
0.2584375000000000 0.5229412316633230
0.2585156250000000 0.5229480475844132
0.2585937500000000 0.5229550846493616
0.2586718750000000 0.5229619008241484
0.2587500000000000 0.5229689376259529
0.2588281250000000 0.5229757540571770
0.2589062500000000 0.5229827905931043
0.2589843750000000 0.5229896072834817
0.2590625000000000 0.5229966435508202
0.2591406250000000 0.5230034605030475
0.2592187500000000 0.5230104964991095
0.2592968750000000 0.5230173137158572
0.2593750000000000 0.5230243494379757
0.2594531250000000 0.5230311669218952
0.2595312500000000 0.5230382023674272
0.2596093750000000 0.5230450201211438
0.2596875000000000 0.5230520552874709
0.2597656250000000 0.5230588733135866
0.2598437500000000 0.5230659081981126
0.2599218750000000 0.5230727264992069
0.2600000000000000 0.5230797610993593
0.2600781250000000 0.5230865796779891
0.2601562500000000 0.5230936139912187
0.2602343750000000 0.5231004328499148
0.2603125000000000 0.5231074668736964
0.2603906250000000 0.5231142860149676
0.2604687500000000 0.5231213197468001
0.2605468750000000 0.5231281391731305
0.2606250000000000 0.5231351726105370
0.2607031250000000 0.5231419923243865
0.2607812500000000 0.5231490254649148
0.2608593750000000 0.5231558454687173
0.2609375000000000 0.5231628783099411
0.2610156250000000 0.5231696986061065
0.2610937500000000 0.5231767311456219
0.2611718750000000 0.5231835517365362
0.2612500000000000 0.5231905839719653
0.2613281250000000 0.5231974048599897
0.2614062500000000 0.5232044367889784
0.2614843750000000 0.5232112579764486
0.2615625000000000 0.5232182895966699
0.2616406250000000 0.5232251110858961
0.2617187500000000 0.5232321423950471
0.2617968750000000 0.5232389641883137
0.2618750000000000 0.5232459951841173
0.2619531250000000 0.5232528172836836
0.2620312500000000 0.5232598479638895
0.2621093750000000 0.5232666703719886
0.2621875000000000 0.5232737007343699
0.2622656250000000 0.5232805234532113
0.2623437500000000 0.5232875534955669
0.2624218750000000 0.5232943765273326
0.2625000000000000 0.5233014062474882
0.2625781250000000 0.5233082295943351
0.2626562500000000 0.5233152589901434
0.2627343750000000 0.5233220826542002
0.2628125000000000 0.5233291117235401
0.2628906250000000 0.5233359357069095
0.2629687500000000 0.5233429644476858
0.2630468750000000 0.5233497887524460
0.2631250000000000 0.5233568171625896
0.2632031250000000 0.5233636417907900
0.2632812500000000 0.5233706698682599
0.2633593750000000 0.5233774948219237
0.2634375000000000 0.5233845225647029
0.2635156250000000 0.5233913478458304
0.2635937500000000 0.5233983752519300
0.2636718750000000 0.5234052008624890
0.2637500000000000 0.5234122279299483
0.2638281250000000 0.5234190538718826
0.2639062500000000 0.5234260805987662
0.2639843750000000 0.5234329068739925
0.2640625000000000 0.5234399332583922
0.2641406250000000 0.5234467598687998
0.2642187500000000 0.5234537859088348
0.2642968750000000 0.5234606128562863
0.2643750000000000 0.5234676385501029
0.2644531250000000 0.5234744658364338
0.2645312500000000 0.5234814911822049
0.2646093750000000 0.5234883188092220
0.2646875000000000 0.5234953438051504
0.2647656250000000 0.5235021717746340
0.2648437500000000 0.5235091964189474
0.2649218750000000 0.5235160247326499
0.2650000000000000 0.5235230490236058
0.2650781250000000 0.5235298776832504
0.2651562500000000 0.5235369016191331
0.2652343750000000 0.5235437306264179
0.2653125000000000 0.5235507542055388
0.2653906250000000 0.5235575835621331
0.2654687500000000 0.5235646067828305
0.2655468750000000 0.5235714364903780
0.2656250000000000 0.5235784593510191
0.2657031250000000 0.5235852894111316
0.2657812500000000 0.5235923119101127
0.2658593750000000 0.5235991423243769
0.2659375000000000 0.5236061644601204
0.2660156250000000 0.5236129952300934
0.2660937500000000 0.5236200170010499
0.2661718750000000 0.5236268481282639
0.2662500000000000 0.5236338695329121
0.2663281250000000 0.5236407010188678
0.2664062500000000 0.5236477220557155
0.2664843750000000 0.5236545539018873
0.2665625000000000 0.5236615745694688
0.2666406250000000 0.5236684067773021
0.2667187500000000 0.5236754270741799
0.2667968750000000 0.5236822596450950
0.2668750000000000 0.5236892795698596
0.2669531250000000 0.5236961125052454
0.2670312500000000 0.5237031320565175
0.2671093750000000 0.5237099653577338
0.2671875000000000 0.5237169845341614
0.2672656250000000 0.5237238182025429
0.2673437500000000 0.5237308370027998
0.2674218750000000 0.5237376710396527
0.2675000000000000 0.5237446894624420
0.2675781250000000 0.5237515238690440
0.2676562500000000 0.5237585419130990
0.2677343750000000 0.5237653766906981
0.2678125000000000 0.5237723943547776
0.2678906250000000 0.5237792295045957
0.2679687500000000 0.5237862467874881
0.2680468750000000 0.5237930823107181
0.2681250000000000 0.5238000992112389
0.2682031250000000 0.5238069351090461
0.2682812500000000 0.5238139516260393
0.2683593750000000 0.5238207878995609
0.2684375000000000 0.5238278040318980
0.2685156250000000 0.5238346406822432
0.2685937500000000 0.5238416564288236
0.2686718750000000 0.5238484934570733
0.2687500000000000 0.5238555088168280
0.2688281250000000 0.5238623462240330
0.2689062500000000 0.5238693611959168
0.2689843750000000 0.5238761989831038
0.2690625000000000 0.5238832135661001
0.2691406250000000 0.5238900517342661
0.2692187500000000 0.5238970659273867
0.2692968750000000 0.5239039044775016
0.2693750000000000 0.5239109182797860
0.2694531250000000 0.5239177572127903
0.2695312500000000 0.5239247706233064
0.2696093750000000 0.5239316099401150
0.2696875000000000 0.5239386229579563
0.2697656250000000 0.5239454626594552
0.2698437500000000 0.5239524752837457
0.2699218750000000 0.5239593153707932
0.2700000000000000 0.5239663276006822
0.2700781250000000 0.5239731680741113
0.2701562500000000 0.5239801799087740
0.2702343750000000 0.5239870207693881
0.2703125000000000 0.5239940322080321
0.2703906250000000 0.5240008734566075
0.2704687500000000 0.5240078844984626
0.2705468750000000 0.5240147261357493
0.2706250000000000 0.5240217367800752
0.2707031250000000 0.5240285788067961
0.2707812500000000 0.5240355890528794
0.2708593750000000 0.5240424314697276
0.2709375000000000 0.5240494413168820
0.2710156250000000 0.5240562841245281
0.2710937500000000 0.5240632935720912
0.2711718750000000 0.5240701367711775
0.2712500000000000 0.5240771458185172
0.2713281250000000 0.5240839894096572
0.2714062500000000 0.5240909980561664
0.2714843750000000 0.5240978420399496
0.2715625000000000 0.5241048502850479
0.2716406250000000 0.5241116946620368
0.2717187500000000 0.5241187025051705
0.2717968750000000 0.5241255472759007
0.2718750000000000 0.5241325547165411
0.2719531250000000 0.5241393998815218
0.2720312500000000 0.5241464069191687
0.2721093750000000 0.5241532524788842
0.2721875000000000 0.5241602591130605
0.2722656250000000 0.5241671050679675
0.2723437500000000 0.5241741112982253
0.2724218750000000 0.5241809576487555
0.2725000000000000 0.5241879634746721
0.2725781250000000 0.5241948102212287
0.2726562500000000 0.5242018156424058
0.2727343750000000 0.5242086627853708
0.2728125000000000 0.5242156678014360
0.2728906250000000 0.5242225153411643
0.2729687500000000 0.5242295199517701
0.2730468750000000 0.5242363678885905
0.2731250000000000 0.5242433720934163
0.2732031250000000 0.5242502204276318
0.2732812500000000 0.5242572242263813
0.2733593750000000 0.5242640729582709
0.2734375000000000 0.5242710763506740
0.2735156250000000 0.5242779254804897
0.2735937500000000 0.5242849284662994
0.2736718750000000 0.5242917779942715
0.2737500000000000 0.5242987805732684
0.2738281250000000 0.5243056304995982
0.2739062500000000 0.5243126326715858
0.2739843750000000 0.5243194829964529
0.2740625000000000 0.5243264847612600
0.2741406250000000 0.5243333354848184
0.2742187500000000 0.5243403368422974
0.2742968750000000 0.5243471879646764
0.2743750000000000 0.5243541889147068
0.2744531250000000 0.5243610404360114
0.2745312500000000 0.5243680409784942
0.2746093750000000 0.5243748928988050
0.2746875000000000 0.5243818930336662
0.2747656250000000 0.5243887453530404
0.2748437500000000 0.5243957450802312
0.2749218750000000 0.5244025977987011
0.2750000000000000 0.5244095971181965
0.2750781250000000 0.5244164502357687
0.2751562500000000 0.5244234491475662
0.2752343750000000 0.5244303026642277
0.2753125000000000 0.5244373011683494
0.2753906250000000 0.5244441550840613
0.2754687500000000 0.5244511531805539
0.2755468750000000 0.5244580074952517
0.2756250000000000 0.5244650051841845
0.2757031250000000 0.5244718598977819
0.2757812500000000 0.5244788571792487
0.2758593750000000 0.5244857122916364
0.2759375000000000 0.5244927091657536
0.2760156250000000 0.5244995646767976
0.2760937500000000 0.5245065611437064
0.2761718750000000 0.5245134170532496
0.2762500000000000 0.5245204131131114
0.2763281250000000 0.5245272694209739
0.2764062500000000 0.5245342650739784
0.2764843750000000 0.5245411217799559
0.2765625000000000 0.5245481170263110
0.2766406250000000 0.5245549741301783
0.2767187500000000 0.5245619689701172
0.2767968750000000 0.5245688264716247
0.2768750000000000 0.5245758209054031
0.2769531250000000 0.5245826788042794
0.2770312500000000 0.5245896728321751
0.2771093750000000 0.5245965311281240
0.2771875000000000 0.5246035247504399
0.2772656250000000 0.5246103834431454
0.2773437500000000 0.5246173766602028
0.2774218750000000 0.5246242357493247
0.2775000000000000 0.5246312285614704
0.2775781250000000 0.5246380880466467
0.2776562500000000 0.5246450804542492
0.2777343750000000 0.5246519403350961
0.2778125000000000 0.5246589323385450
0.2778906250000000 0.5246657926146553
0.2779687500000000 0.5246727842143635
0.2780468750000000 0.5246796448853084
0.2781250000000000 0.5246866360817113
0.2782031250000000 0.5246934971470404
0.2782812500000000 0.5247004879405949
0.2783593750000000 0.5247073493998351
0.2784375000000000 0.5247143397910177
0.2785156250000000 0.5247212016436766
0.2785937500000000 0.5247281916329871
0.2786718750000000 0.5247350538785501
0.2787500000000000 0.5247420434665093
0.2788281250000000 0.5247489061044375
0.2789062500000000 0.5247558952915901
0.2789843750000000 0.5247627583213249
0.2790625000000000 0.5247697471082328
0.2791406250000000 0.5247766105291973
0.2792187500000000 0.5247835989164450
0.2792968750000000 0.5247904627280378
0.2793750000000000 0.5247974507162312
0.2794531250000000 0.5248043149178326
0.2795312500000000 0.5248113025075970
0.2796093750000000 0.5248181670985648
0.2796875000000000 0.5248251542905475
0.2797656250000000 0.5248320192702204
0.2798437500000000 0.5248390060650877
0.2799218750000000 0.5248458714327837
0.2800000000000000 0.5248528578312227
0.2800781250000000 0.5248597235862404
0.2801562500000000 0.5248667095889576
0.2802343750000000 0.5248735757305748
0.2803125000000000 0.5248805613382974
0.2803906250000000 0.5248874278657719
0.2804687500000000 0.5248944130792468
0.2805468750000000 0.5249012799918176
0.2806250000000000 0.5249082648118099
0.2807031250000000 0.5249151321086969
0.2807812500000000 0.5249221165359925
0.2808593750000000 0.5249289842163964
0.2809375000000000 0.5249359682517968
0.2810156250000000 0.5249428363148997
0.2810937500000000 0.5249498199592295
0.2811718750000000 0.5249566884041935
0.2812500000000000 0.5249636716582931
0.2813281250000000 0.5249705404842643
0.2814062500000000 0.5249775233489937
0.2814843750000000 0.5249843925550969
0.2815625000000000 0.5249913750313326
0.2816406250000000 0.5249982446166777
0.2817187500000000 0.5250052267053156
0.2817968750000000 0.5250120966689931
0.2818750000000000 0.5250190783709467
0.2819531250000000 0.5250259487120288
0.2820312500000000 0.5250329300282279
0.2821093750000000 0.5250398007457714
0.2821875000000000 0.5250467816771656
0.2822656250000000 0.5250536527702078
0.2823437500000000 0.5250606333177608
0.2824218750000000 0.5250675047853232
0.2825000000000000 0.5250744849500179
0.2825781250000000 0.5250813567911051
0.2826562500000000 0.5250883365739398
0.2827343750000000 0.5250952087875411
0.2828125000000000 0.5251021881895295
0.2828906250000000 0.5251090607746177
0.2829687500000000 0.5251160397967900
0.2830468750000000 0.5251229127523211
0.2831250000000000 0.5251298913957240
0.2832031250000000 0.5251367647206391
0.2832812500000000 0.5251437429863349
0.2833593750000000 0.5251506166795598
0.2834375000000000 0.5251575945686247
0.2835156250000000 0.5251644686290696
0.2835937500000000 0.5251714461425960
0.2836718750000000 0.5251783205691551
0.2837500000000000 0.5251852977082514
0.2838281250000000 0.5251921724998058
0.2839062500000000 0.5251991492655931
0.2839843750000000 0.5252060244210085
0.2840625000000000 0.5252130008146232
0.2841406250000000 0.5252198763327520
0.2842187500000000 0.5252268523553434
0.2842968750000000 0.5252337282350225
0.2843750000000000 0.5252407038877577
0.2844531250000000 0.5252475801278091
0.2845312500000000 0.5252545554118654
0.2846093750000000 0.5252614320110993
0.2846875000000000 0.5252684069276692
0.2847656250000000 0.5252752838848828
0.2848437500000000 0.5252822584351710
0.2849218750000000 0.5252891357491474
0.2850000000000000 0.5252961099343714
0.2850781250000000 0.5253029876038814
0.2851562500000000 0.5253099614252720
0.2852343750000000 0.5253168394490741
0.2853125000000000 0.5253238129078731
0.2853906250000000 0.5253306912847139
0.2854687500000000 0.5253376643821787
0.2855468750000000 0.5253445431107887
0.2856250000000000 0.5253515158481881
0.2857031250000000 0.5253583949272896
0.2857812500000000 0.5253653673059009
0.2858593750000000 0.5253722467342037
0.2859375000000000 0.5253792187553202
0.2860156250000000 0.5253860985315217
0.2860937500000000 0.5253930701964449
0.2861718750000000 0.5253999503192327
0.2862500000000000 0.5254069216292767
0.2863281250000000 0.5254138020973255
0.2864062500000000 0.5254207730538152
0.2864843750000000 0.5254276538657889
0.2865625000000000 0.5254346244700610
0.2866406250000000 0.5254415056246154
0.2867187500000000 0.5254484758780158
0.2867968750000000 0.5254553573737915
0.2868750000000000 0.5254623272776775
0.2869531250000000 0.5254692091133089
0.2870312500000000 0.5254761786690468
0.2871093750000000 0.5254830608431577
0.2871875000000000 0.5254900300521248
0.2872656250000000 0.5254969125633273
0.2873437500000000 0.5255038814269112
0.2874218750000000 0.5255107642738071
0.2875000000000000 0.5255177327934033
0.2875781250000000 0.5255246159745890
0.2876562500000000 0.5255315841516039
0.2877343750000000 0.5255384676656627
0.2878125000000000 0.5255454355015107
0.2878906250000000 0.5255523193470183
0.2879687500000000 0.5255592868431241
0.2880468750000000 0.5255661710186468
0.2881250000000000 0.5255731381764421
0.2882031250000000 0.5255800226805388
0.2882812500000000 0.5255869895014657
0.2883593750000000 0.5255938743326843
0.2884375000000000 0.5256008408181928
0.2885156250000000 0.5256077259750759
0.2885937500000000 0.5256146921266218
0.2886718750000000 0.5256215776077032
0.2887500000000000 0.5256285434267536
0.2888281250000000 0.5256354292305579
0.2889062500000000 0.5256423947185855
0.2889843750000000 0.5256492808436314
0.2890625000000000 0.5256562460021167
0.2891406250000000 0.5256631324469135
0.2892187500000000 0.5256700972773463
0.2892968750000000 0.5256769840403971
0.2893750000000000 0.5256839485442719
0.2894531250000000 0.5256908356240731
0.2895312500000000 0.5256977998028924
0.2896093750000000 0.5257046871979327
0.2896875000000000 0.5257116510532058
0.2897656250000000 0.5257185387619682
0.2898437500000000 0.5257255022952120
0.2899218750000000 0.5257323903161703
0.2900000000000000 0.5257393535289082
0.2900781250000000 0.5257462418605313
0.2901562500000000 0.5257532047542919
0.2902343750000000 0.5257600933950444
0.2903125000000000 0.5257670559713608
0.2903906250000000 0.5257739449196994
0.2904687500000000 0.5257809071801141
0.2905468750000000 0.5257877964344896
0.2906250000000000 0.5257947583805493
0.2907031250000000 0.5258016479394076
0.2907812500000000 0.5258086095726644
0.2908593750000000 0.5258154994344448
0.2909375000000000 0.5258224607564544
0.2910156250000000 0.5258293509195947
0.2910937500000000 0.5258363119319202
0.2911718750000000 0.5258432023948475
0.2912500000000000 0.5258501630990567
0.2913281250000000 0.5258570538601991
0.2914062500000000 0.5258640142578640
0.2914843750000000 0.5258709053156398
0.2915625000000000 0.5258778654083371
0.2916406250000000 0.5258847567611626
0.2917187500000000 0.5258917165504733
0.2917968750000000 0.5258986081967606
0.2918750000000000 0.5259055676842708
0.2919531250000000 0.5259124596224271
0.2920312500000000 0.5259194188097253
0.2921093750000000 0.5259263110381539
0.2921875000000000 0.5259332699268352
0.2922656250000000 0.5259401624439346
0.2923437500000000 0.5259471210355968
0.2924218750000000 0.5259540138397637
0.2925000000000000 0.5259609721360051
0.2925781250000000 0.5259678652256331
0.2926562500000000 0.5259748232280593
0.2927343750000000 0.5259817166015373
0.2928125000000000 0.5259886743117537
0.2928906250000000 0.5259955679674684
0.2929687500000000 0.5260025253870866
0.2930468750000000 0.5260094193234204
0.2931250000000000 0.5260163764540532
0.2932031250000000 0.5260232706693865
0.2932812500000000 0.5260302275126513
0.2933593750000000 0.5260371220053616
0.2934375000000000 0.5260440785628742
0.2935156250000000 0.5260509733313395
0.2935937500000000 0.5260579296047205
0.2936718750000000 0.5260648246473117
0.2937500000000000 0.5260717806381859
0.2938281250000000 0.5260786759532745
0.2939062500000000 0.5260856316632662
0.2939843750000000 0.5260925272492213
0.2940625000000000 0.5260994826799563
0.2941406250000000 0.5261063785351456
0.2942187500000000 0.5261133336882542
0.2942968750000000 0.5261202298110425
0.2943750000000000 0.5261271846881527
0.2944531250000000 0.5261340810769058
0.2945312500000000 0.5261410356796491
0.2946093750000000 0.5261479323327299
0.2946875000000000 0.5261548866627390
0.2947656250000000 0.5261617835785100
0.2948437500000000 0.5261687376374182
0.2949218750000000 0.5261756348142383
0.2950000000000000 0.5261825886036808
0.2950781250000000 0.5261894860399116
0.2951562500000000 0.5261964395615232
0.2952343750000000 0.5262033372555237
0.2953125000000000 0.5262102905109393
0.2953906250000000 0.5262171884610708
0.2954687500000000 0.5262241414519254
0.2955468750000000 0.5262310396565461
0.2956250000000000 0.5262379923844767
0.2957031250000000 0.5262448908419447
0.2957812500000000 0.5262518433085882
0.2958593750000000 0.5262587420172620
0.2959375000000000 0.5262656942242540
0.2960156250000000 0.5262725931824923
0.2960937500000000 0.5262795451314688
0.2961718750000000 0.5262864443376314
0.2962500000000000 0.5262933960302293
0.2963281250000000 0.5263002954826749
0.2964062500000000 0.5263072469205271
0.2964843750000000 0.5263141466176162
0.2965625000000000 0.5263210978023608
0.2966406250000000 0.5263279977424525
0.2967187500000000 0.5263349486757219
0.2967968750000000 0.5263418488571777
0.2968750000000000 0.5263487995406061
0.2969531250000000 0.5263556999617898
0.2970312500000000 0.5263626503970074
0.2971093750000000 0.5263695510562814
0.2971875000000000 0.5263765012449201
0.2972656250000000 0.5263834021406494
0.2973437500000000 0.5263903520843389
0.2974218750000000 0.5263972532148904
0.2975000000000000 0.5264042029152571
0.2975781250000000 0.5264111042789988
0.2976562500000000 0.5264180537376699
0.2977343750000000 0.5264249553329716
0.2978125000000000 0.5264319045515712
0.2978906250000000 0.5264388063768031
0.2979687500000000 0.5264457553569551
0.2980468750000000 0.5264526574104905
0.2981250000000000 0.5264596061538147
0.2982031250000000 0.5264665084340289
0.2982812500000000 0.5264734569421449
0.2983593750000000 0.5264803594474147
0.2984375000000000 0.5264873077219390
0.2985156250000000 0.5264942104506447
0.2985937500000000 0.5265011584931911
0.2986718750000000 0.5265080614437138
0.2987500000000000 0.5265150092558943
0.2988281250000000 0.5265219124266197
0.2989062500000000 0.5265288600100428
0.2989843750000000 0.5265357633993584
0.2990625000000000 0.5265427107556302
0.2991406250000000 0.5265496143619244
0.2992187500000000 0.5265565614926502
0.2992968750000000 0.5265634653143155
0.2993750000000000 0.5265704122210957
0.2994531250000000 0.5265773162565297
0.2995312500000000 0.5265842629409607
0.2996093750000000 0.5265911671885614
0.2996875000000000 0.5265981136522376
0.2997656250000000 0.5266050181104076
0.2998437500000000 0.5266119643549205
0.2999218750000000 0.5266188690220658
0.3000000000000000 0.5266258150490023
0.3000781250000000 0.5266327199235312
0.3001562500000000 0.5266396657344767
0.3002343750000000 0.5266465708148025
0.3003125000000000 0.5266535164113370
0.3003906250000000 0.5266604216958751
0.3004687500000000 0.5266673670795744
0.3005468750000000 0.5266742725667460
0.3006250000000000 0.5266812177391835
0.3007031250000000 0.5266881234274134
0.3007812500000000 0.5266950683901577
0.3008593750000000 0.5267019742778726
0.3009375000000000 0.5267089190324891
0.3010156250000000 0.5267158251181213
0.3010937500000000 0.5267227696661707
0.3011718750000000 0.5267296759481562
0.3012500000000000 0.5267366202911955
0.3013281250000000 0.5267435267679751
0.3014062500000000 0.5267504709075559
0.3014843750000000 0.5267573775775748
0.3015625000000000 0.5267643215152452
0.3016406250000000 0.5267712283769526
0.3017187500000000 0.5267781721142554
0.3017968750000000 0.5267850791661053
0.3018750000000000 0.5267920227045797
0.3019531250000000 0.5267989299450306
0.3020312500000000 0.5268058732862114
0.3021093750000000 0.5268127807137256
0.3021875000000000 0.5268197238591417
0.3022656250000000 0.5268266314721894
0.3023437500000000 0.5268335744233624
0.3024218750000000 0.5268404822204154
0.3025000000000000 0.5268474249788689
0.3025781250000000 0.5268543329584061
0.3026562500000000 0.5268612755256505
0.3027343750000000 0.5268681836861553
0.3028125000000000 0.5268751260637012
0.3028906250000000 0.5268820344036614
0.3029687500000000 0.5268889765930138
0.3030468750000000 0.5268958851109237
0.3031250000000000 0.5269028271135798
0.3032031250000000 0.5269097358079371
0.3032812500000000 0.5269166776253906
0.3033593750000000 0.5269235864947013
0.3034375000000000 0.5269305281284402
0.3035156250000000 0.5269374371712131
0.3035937500000000 0.5269443786227201
0.3036718750000000 0.5269512878374706
0.3037500000000000 0.5269582291082210
0.3038281250000000 0.5269651384934727
0.3039062500000000 0.5269720795849367
0.3039843750000000 0.5269789891392146
0.3040625000000000 0.5269859300528601
0.3041406250000000 0.5269928397746957
0.3042187500000000 0.5269997805119816
0.3042968750000000 0.5270066903999142
0.3043750000000000 0.5270136309622927
0.3044531250000000 0.5270205410148675
0.3045312500000000 0.5270274814037869
0.3046093750000000 0.5270343916195527
0.3046875000000000 0.5270413318364559
0.3047656250000000 0.5270482422139692
0.3048437500000000 0.5270551822602907
0.3049218750000000 0.5270620927981150
0.3050000000000000 0.5270690326752835
0.3050781250000000 0.5270759433719883
0.3051562500000000 0.5270828830814267
0.3052343750000000 0.5270897939355857
0.3053125000000000 0.5270967334787116
0.3053906250000000 0.5271036444889063
0.3054687500000000 0.5271105838671298
0.3055468750000000 0.5271174950319483
0.3056250000000000 0.5271244342466734
0.3057031250000000 0.5271313455647088
0.3057812500000000 0.5271382846173349
0.3058593750000000 0.5271451960871881
0.3059375000000000 0.5271521349791047
0.3060156250000000 0.5271590465993822
0.3060937500000000 0.5271659853319762
0.3061718750000000 0.5271728971012907
0.3062500000000000 0.5271798356759382
0.3063281250000000 0.5271867475929103
0.3064062500000000 0.5271936860109848
0.3064843750000000 0.5272005980742420
0.3065625000000000 0.5272075363371069
0.3066406250000000 0.5272144485452813
0.3067187500000000 0.5272213866542959
0.3067968750000000 0.5272282990060293
0.3068750000000000 0.5272352369625428
0.3069531250000000 0.5272421494564812
0.3070312500000000 0.5272490872618416
0.3071093750000000 0.5272559998966374
0.3071875000000000 0.5272629375521805
0.3072656250000000 0.5272698503264965
0.3073437500000000 0.5272767878335526
0.3074218750000000 0.5272837007460554
0.3075000000000000 0.5272906381059494
0.3075781250000000 0.5272975511553135
0.3076562500000000 0.5273044883693625
0.3077343750000000 0.5273114015542703
0.3078125000000000 0.5273183386237826
0.3078906250000000 0.5273252519429217
0.3079687500000000 0.5273321888692025
0.3080468750000000 0.5273391023212687
0.3081250000000000 0.5273460391056116
0.3082031250000000 0.5273529526893086
0.3082812500000000 0.5273598893330017
0.3083593750000000 0.5273668030470401
0.3084375000000000 0.5273737395513660
0.3085156250000000 0.5273806533944617
0.3085937500000000 0.5273875897606947
0.3086718750000000 0.5273945037315714
0.3087500000000000 0.5274014399609793
0.3088281250000000 0.5274083540583685
0.3089062500000000 0.5274152901522104
0.3089843750000000 0.5274222043748521
0.3090625000000000 0.5274291403343795
0.3091406250000000 0.5274360546810196
0.3092187500000000 0.5274429905074793
0.3092968750000000 0.5274499049768708
0.3093750000000000 0.5274568406714986
0.3094531250000000 0.5274637552624020
0.3095312500000000 0.5274706908264312
0.3096093750000000 0.5274776055376147
0.3096875000000000 0.5274845409722666
0.3097656250000000 0.5274914558025059
0.3098437500000000 0.5274983911089978
0.3099218750000000 0.5275053060570746
0.3100000000000000 0.5275122412366137
0.3100781250000000 0.5275191563013191
0.3101562500000000 0.5275260913551076
0.3102343750000000 0.5275330065352388
0.3103125000000000 0.5275399414644689
0.3103906250000000 0.5275468567588322
0.3104687500000000 0.5275537915646908
0.3105468750000000 0.5275607069720981
0.3106250000000000 0.5275676416557625
0.3107031250000000 0.5275745571750344
0.3107812500000000 0.5275814917376772
0.3108593750000000 0.5275884073676411
0.3109375000000000 0.5275953418104234
0.3110156250000000 0.5276022575499160
0.3110937500000000 0.5276091918739956
0.3111718750000000 0.5276161077218574
0.3112500000000000 0.5276230419283824
0.3113281250000000 0.5276299578834643
0.3114062500000000 0.5276368919735761
0.3114843750000000 0.5276438080347360
0.3115625000000000 0.5276507420095679
0.3116406250000000 0.5276576581756711
0.3117187500000000 0.5276645920363482
0.3117968750000000 0.5276715083062681
0.3118750000000000 0.5276784420539090
0.3119531250000000 0.5276853584265255
0.3120312500000000 0.5276922920622410
0.3121093750000000 0.5276992085364424
0.3121875000000000 0.5277061420613354
0.3122656250000000 0.5277130586360174
0.3123437500000000 0.5277199920511841
0.3124218750000000 0.5277269087252496
0.3125000000000000 0.5277338420317760
0.3125781250000000 0.5277407588041377
0.3126562500000000 0.5277476920031047
0.3127343750000000 0.5277546088726801
0.3128125000000000 0.5277615419651595
0.3128906250000000 0.5277684589308749
0.3129687500000000 0.5277753919179334
0.3130468750000000 0.5277823089787220
0.3131250000000000 0.5277892418614165
0.3132031250000000 0.5277961590162197
0.3132812500000000 0.5278030917956006
0.3133593750000000 0.5278100090433654
0.3134375000000000 0.5278169417204761
0.3135156250000000 0.5278238590601603
0.3135937500000000 0.5278307916360334
0.3136718750000000 0.5278377090666017
0.3137500000000000 0.5278446415422664
0.3138281250000000 0.5278515590626880
0.3139062500000000 0.5278584914391636
0.3139843750000000 0.5278654090484188
0.3140625000000000 0.5278723413267166
0.3141406250000000 0.5278792590237924
0.3142187500000000 0.5278861912049174
0.3142968750000000 0.5278931089888079
0.3143750000000000 0.5279000410737567
0.3144531250000000 0.5279069589434637
0.3145312500000000 0.5279138909332250
0.3146093750000000 0.5279208088877588
0.3146875000000000 0.5279277407833153
0.3147656250000000 0.5279346588216904
0.3148437500000000 0.5279415906240168
0.3149218750000000 0.5279485087452598
0.3150000000000000 0.5279554404553223
0.3150781250000000 0.5279623586584641
0.3151562500000000 0.5279692902772214
0.3152343750000000 0.5279762085613023
0.3153125000000000 0.5279831400897066
0.3153906250000000 0.5279900584537732
0.3154687500000000 0.5279969898927677
0.3155468750000000 0.5280039083358758
0.3156250000000000 0.5280108396863973
0.3157031250000000 0.5280177582076074
0.3157812500000000 0.5280246894705859
0.3158593750000000 0.5280316080689682
0.3159375000000000 0.5280385392453256
0.3160156250000000 0.5280454579199551
0.3160937500000000 0.5280523890106058
0.3161718750000000 0.5280593077605693
0.3162500000000000 0.5280662387664192
0.3163281250000000 0.5280731575908063
0.3164062500000000 0.5280800885127569
0.3164843750000000 0.5280870074106677
0.3165625000000000 0.5280939382496097
0.3166406250000000 0.5281008572201503
0.3167187500000000 0.5281077879769700
0.3167968750000000 0.5281147070192543
0.3168750000000000 0.5281216376948273
0.3169531250000000 0.5281285568079757
0.3170312500000000 0.5281354874031736
0.3171093750000000 0.5281424065863148
0.3171875000000000 0.5281493371020012
0.3172656250000000 0.5281562563542709
0.3173437500000000 0.5281631867912997
0.3174218750000000 0.5281701061118403
0.3175000000000000 0.5281770364710614
0.3175781250000000 0.5281839558590237
0.3176562500000000 0.5281908861412775
0.3177343750000000 0.5281978055958192
0.3178125000000000 0.5282047358019395
0.3178906250000000 0.5282116553222249
0.3179687500000000 0.5282185854530382
0.3180468750000000 0.5282255050382384
0.3181250000000000 0.5282324350945660
0.3182031250000000 0.5282393547438597
0.3182812500000000 0.5282462847265129
0.3183593750000000 0.5282532044390877
0.3184375000000000 0.5282601343488704
0.3185156250000000 0.5282670541239188
0.3185937500000000 0.5282739839616315
0.3186718750000000 0.5282809037983532
0.3187500000000000 0.5282878335647858
0.3188281250000000 0.5282947534623890
0.3189062500000000 0.5283016831583259
0.3189843750000000 0.5283086031160236
0.3190625000000000 0.5283155327422422
0.3191406250000000 0.5283224527592572
0.3192187500000000 0.5283293823165269
0.3192968750000000 0.5283363023920872
0.3193750000000000 0.5283432318811708
0.3194531250000000 0.5283501520145114
0.3195312500000000 0.5283570814361672
0.3196093750000000 0.5283640016265293
0.3196875000000000 0.5283709309815056
0.3197656250000000 0.5283778512281386
0.3198437500000000 0.5283847805171777
0.3199218750000000 0.5283917008193373
0.3200000000000000 0.5283986300431761
0.3200781250000000 0.5284055504001253
0.3201562500000000 0.5284124795594909
0.3202343750000000 0.5284193999704998
0.3203125000000000 0.5284263290661142
0.3203906250000000 0.5284332495304593
0.3204687500000000 0.5284401785630384
0.3205468750000000 0.5284470990800020
0.3206250000000000 0.5284540280502537
0.3207031250000000 0.5284609486191262
0.3207812500000000 0.5284678775277531
0.3208593750000000 0.5284747981478299
0.3209375000000000 0.5284817269955271
0.3210156250000000 0.5284886476661119
0.3210937500000000 0.5284955764535684
0.3211718750000000 0.5285024971739692
0.3212500000000000 0.5285094259018682
0.3213281250000000 0.5285163466714020
0.3214062500000000 0.5285232753404163
0.3214843750000000 0.5285301961584065
0.3215625000000000 0.5285371247692069
0.3216406250000000 0.5285440456349828
0.3217187500000000 0.5285509741882310
0.3217968750000000 0.5285578951011276
0.3218750000000000 0.5285648235974804
0.3219531250000000 0.5285717445568395
0.3220312500000000 0.5285786729969462
0.3221093750000000 0.5285855940021165
0.3221875000000000 0.5285925223866200
0.3222656250000000 0.5285994434369576
0.3223437500000000 0.5286063717664941
0.3224218750000000 0.5286132928613593
0.3225000000000000 0.5286202211365604
0.3225781250000000 0.5286271422753220
0.3226562500000000 0.5286340704968095
0.3227343750000000 0.5286409916788408
0.3228125000000000 0.5286479198472356
0.3228906250000000 0.5286548410719152
0.3229687500000000 0.5286617691878287
0.3230468750000000 0.5286686904545432
0.3231250000000000 0.5286756185185800
0.3232031250000000 0.5286825398267244
0.3232812500000000 0.5286894678394829
0.3233593750000000 0.5286963891884541
0.3234375000000000 0.5287033171505287
0.3235156250000000 0.5287102385397316
0.3235937500000000 0.5287171664517094
0.3236718750000000 0.5287240878805547
0.3237500000000000 0.5287310157430167
0.3238281250000000 0.5287379372109213
0.3239062500000000 0.5287448650244428
0.3239843750000000 0.5287517865308289
0.3240625000000000 0.5287587142959798
0.3241406250000000 0.5287656358402756
0.3242187500000000 0.5287725635576193
0.3242968750000000 0.5287794851392603
0.3243750000000000 0.5287864128093522
0.3244531250000000 0.5287933344277800
0.3245312500000000 0.5288002620511723
0.3246093750000000 0.5288071837058320
0.3246875000000000 0.5288141112830707
0.3247656250000000 0.5288210329734149
0.3248437500000000 0.5288279605050402
0.3249218750000000 0.5288348822305257
0.3250000000000000 0.5288418097170714
0.3250781250000000 0.5288487314771635
0.3251562500000000 0.5288556589191583
0.3252343750000000 0.5288625807133245
0.3253125000000000 0.5288695081112927
0.3253906250000000 0.5288764299390073
0.3254687500000000 0.5288833572934648
0.3255468750000000 0.5288902791542109
0.3256250000000000 0.5288972064656673
0.3257031250000000 0.5289041283589305
0.3257812500000000 0.5289110556278949
0.3258593750000000 0.5289179775531644
0.3259375000000000 0.5289249047801374
0.3260156250000000 0.5289318267369119
0.3260937500000000 0.5289387539223868
0.3261718750000000 0.5289456759101684
0.3262500000000000 0.5289526030546366
0.3263281250000000 0.5289595250729332
0.3264062500000000 0.5289664521768772
0.3264843750000000 0.5289733742252041
0.3265625000000000 0.5289803012891029
0.3266406250000000 0.5289872233669771
0.3267187500000000 0.5289941503913054
0.3267968750000000 0.5290010724982503
0.3268750000000000 0.5290079994834763
0.3269531250000000 0.5290149216190229
0.3270312500000000 0.5290218485656080
0.3271093750000000 0.5290287707292899
0.3271875000000000 0.5290356976376933
0.3272656250000000 0.5290426198290500
0.3273437500000000 0.5290495466997256
0.3274218750000000 0.5290564689183002
0.3275000000000000 0.5290633957516950
0.3275781250000000 0.5290703179970389
0.3276562500000000 0.5290772447935949
0.3277343750000000 0.5290841670652631
0.3278125000000000 0.5290910938254184
0.3278906250000000 0.5290980161229697
0.3279687500000000 0.5291049428471563
0.3280468750000000 0.5291118651701571
0.3281250000000000 0.5291187918588031
0.3282031250000000 0.5291257142068209
0.3282812500000000 0.5291326408603501
0.3283593750000000 0.5291395632329602
0.3284375000000000 0.5291464898517898
0.3285156250000000 0.5291534122485727
0.3285937500000000 0.5291603388331139
0.3286718750000000 0.5291672612536544
0.3287500000000000 0.5291741878043165
0.3288281250000000 0.5291811102482034
0.3289062500000000 0.5291880367653889
0.3289843750000000 0.5291949592322157
0.3290625000000000 0.5292018857163243
0.3291406250000000 0.5292088082056907
0.3292187500000000 0.5292157346571151
0.3292968750000000 0.5292226571686236
0.3293750000000000 0.5292295835877537
0.3294531250000000 0.5292365061210136
0.3295312500000000 0.5292434325082326
0.3296093750000000 0.5292503550628568
0.3296875000000000 0.5292572814185447
0.3297656250000000 0.5292642039941492
0.3298437500000000 0.5292711303186827
0.3299218750000000 0.5292780529148898
0.3300000000000000 0.5292849792086400
0.3300781250000000 0.5292919018250758
0.3301562500000000 0.5292988280884079
0.3302343750000000 0.5293057507247028
0.3303125000000000 0.5293126769579800
0.3303906250000000 0.5293195996137688
0.3304687500000000 0.5293265258173487
0.3305468750000000 0.5293334484922713
0.3306250000000000 0.5293403746665064
0.3307031250000000 0.5293472973602059
0.3307812500000000 0.5293542235054465
0.3308593750000000 0.5293611462175715
0.3309375000000000 0.5293680723341616
0.3310156250000000 0.5293749950643645
0.3310937500000000 0.5293819211526449
0.3311718750000000 0.5293888439005808
0.3312500000000000 0.5293957699608883
0.3313281250000000 0.5294026927262190
0.3314062500000000 0.5294096187588853
0.3314843750000000 0.5294165415412754
0.3315625000000000 0.5294234675466284
0.3316406250000000 0.5294303903457468
0.3317187500000000 0.5294373163241105
0.3317968750000000 0.5294442391396299
0.3318750000000000 0.5294511650913256
0.3319531250000000 0.5294580879229221
0.3320312500000000 0.5294650138482651
0.3321093750000000 0.5294719366956203
0.3321875000000000 0.5294788625949221
0.3322656250000000 0.5294857854577218
0.3323437500000000 0.5294927113312901
0.3324218750000000 0.5294996342092221
0.3325000000000000 0.5295065600573617
0.3325781250000000 0.5295134829501197
0.3326562500000000 0.5295204087731306
0.3327343750000000 0.5295273316804098
0.3328125000000000 0.5295342574785888
0.3328906250000000 0.5295411804000905
0.3329687500000000 0.5295481061737308
0.3330468750000000 0.5295550291091576
0.3331250000000000 0.5295619548585476
0.3332031250000000 0.5295688778076093
0.3332812500000000 0.5295758035330329
0.3333593750000000 0.5295827264954411
0.3334375000000000 0.5295896521971805
0.3335156250000000 0.5295965751726509
0.3335937500000000 0.5296035008509828
0.3336718750000000 0.5296104238392332
0.3337500000000000 0.5296173494944336
0.3338281250000000 0.5296242724951872
0.3339062500000000 0.5296311981275259
0.3339843750000000 0.5296381211405083
0.3340625000000000 0.5296450467502519
0.3341406250000000 0.5296519697751924
0.3342187500000000 0.5296588953626060
0.3342968750000000 0.5296658183992383
0.3343750000000000 0.5296727439645814
0.3344531250000000 0.5296796670126402
0.3345312500000000 0.5296865925561698
0.3346093750000000 0.5296935156153966
0.3346875000000000 0.5297004411373651
0.3347656250000000 0.5297073642075040
0.3348437500000000 0.5297142897081621
0.3349218750000000 0.5297212127889575
0.3350000000000000 0.5297281382685508
0.3350781250000000 0.5297350613597549
0.3351562500000000 0.5297419868185285
0.3352343750000000 0.5297489099198923
0.3353125000000000 0.5297558353580852
0.3353906250000000 0.5297627584693657
0.3354687500000000 0.5297696838872162
0.3355468750000000 0.5297766070081724
0.3356250000000000 0.5297835324059138
0.3357031250000000 0.5297904555363087
0.3357812500000000 0.5297973809141711
0.3358593750000000 0.5298043040537713
0.3359375000000000 0.5298112294119817
0.3360156250000000 0.5298181525605565
0.3360937500000000 0.5298250778993393
0.3361718750000000 0.5298320010566605
0.3362500000000000 0.5298389263762379
0.3363281250000000 0.5298458495420795
0.3364062500000000 0.5298527748426691
0.3364843750000000 0.5298596980168107
0.3365625000000000 0.5298666232986280
0.3366406250000000 0.5298735464808499
0.3367187500000000 0.5298804717441062
0.3367968750000000 0.5298873949341932
0.3368750000000000 0.5298943201790994
0.3369531250000000 0.5299012433768381
0.3370312500000000 0.5299081686035988
0.3371093750000000 0.5299150918087797
0.3371875000000000 0.5299220170176003
0.3372656250000000 0.5299289402300150
0.3373437500000000 0.5299358654210961
0.3374218750000000 0.5299427886405401
0.3375000000000000 0.5299497138140791
0.3375781250000000 0.5299566370403513
0.3376562500000000 0.5299635621965432
0.3377343750000000 0.5299704854294450
0.3378125000000000 0.5299774105684828
0.3378906250000000 0.5299843338078181
0.3379687500000000 0.5299912589298902
0.3380468750000000 0.5299981821754643
0.3381250000000000 0.5300051072807602
0.3382031250000000 0.5300120305323824
0.3382812500000000 0.5300189556210853
0.3383593750000000 0.5300258788785688
0.3384375000000000 0.5300328039508591
0.3385156250000000 0.5300397272140182
0.3385937500000000 0.5300466522700763
0.3386718750000000 0.5300535755387269
0.3387500000000000 0.5300605005787302
0.3388281250000000 0.5300674238526910
0.3389062500000000 0.5300743488768138
0.3389843750000000 0.5300812721559079
0.3390625000000000 0.5300881971643214
0.3391406250000000 0.5300951204483730
0.3392187500000000 0.5301020454412454
0.3392968750000000 0.5301089687300826
0.3393750000000000 0.5301158937075812
0.3394531250000000 0.5301228170010316
0.3395312500000000 0.5301297419633220
0.3396093750000000 0.5301366652612182
0.3396875000000000 0.5301435902084608
0.3397656250000000 0.5301505135106362
0.3398437500000000 0.5301574384429926
0.3399218750000000 0.5301643617492842
0.3400000000000000 0.5301712866669088
0.3400781250000000 0.5301782099771555
0.3401562500000000 0.5301851348802064
0.3402343750000000 0.5301920581942485
0.3403125000000000 0.5301989830828765
0.3403906250000000 0.5302059064005582
0.3404687500000000 0.5302128312749131
0.3405468750000000 0.5302197545960802
0.3406250000000000 0.5302266794563119
0.3407031250000000 0.5302336027808120
0.3407812500000000 0.5302405276270649
0.3408593750000000 0.5302474509547468
0.3409375000000000 0.5302543757871662
0.3410156250000000 0.5302612991178834
0.3410937500000000 0.5302682239366107
0.3411718750000000 0.5302751472702167
0.3412500000000000 0.5302820720753906
0.3413281250000000 0.5302889954117421
0.3414062500000000 0.5302959202035011
0.3414843750000000 0.5303028435424569
0.3415625000000000 0.5303097683209355
0.3416406250000000 0.5303166916623554
0.3417187500000000 0.5303236164276877
0.3417968750000000 0.5303305397714344
0.3418750000000000 0.5303374645237519
0.3419531250000000 0.5303443878696897
0.3420312500000000 0.5303513126091217
0.3421093750000000 0.5303582359571173
0.3421875000000000 0.5303651606837904
0.3422656250000000 0.5303720840337133
0.3423437500000000 0.5303790087477537
0.3424218750000000 0.5303859320994719
0.3425000000000000 0.5303928568010040
0.3425781250000000 0.5303997801543905
0.3426562500000000 0.5304067048435358
0.3427343750000000 0.5304136281984654
0.3428125000000000 0.5304205528753427
0.3428906250000000 0.5304274762316910
0.3429687500000000 0.5304344008964188
0.3430468750000000 0.5304413242540639
0.3431250000000000 0.5304482489067589
0.3432031250000000 0.5304551722655790
0.3432812500000000 0.5304620969063569
0.3433593750000000 0.5304690202662333
0.3434375000000000 0.5304759448952052
0.3435156250000000 0.5304828682560225
0.3435937500000000 0.5304897928732990
0.3436718750000000 0.5304967162349408
0.3437500000000000 0.5305036408406323
0.3438281250000000 0.5305105642029856
0.3439062500000000 0.5305174887972005
0.3439843750000000 0.5305244121601519
0.3440625000000000 0.5305313367429945
0.3441406250000000 0.5305382601064362
0.3442187500000000 0.5305451846780105
0.3442968750000000 0.5305521080418328
0.3443750000000000 0.5305590326022428
0.3444531250000000 0.5305659559663384
0.3445312500000000 0.5305728805156842
0.3446093750000000 0.5305798038799489
0.3446875000000000 0.5305867284183297
0.3447656250000000 0.5305936517826587
0.3448437500000000 0.5306005763101732
0.3449218750000000 0.5306074996744645
0.3450000000000000 0.5306144241912095
0.3450781250000000 0.5306213475553622
0.3451562500000000 0.5306282720614315
0.3452343750000000 0.5306351954253461
0.3453125000000000 0.5306421199208339
0.3453906250000000 0.5306490432844130
0.3454687500000000 0.5306559677694109
0.3455468750000000 0.5306628911325589
0.3456250000000000 0.5306698156071568
0.3457031250000000 0.5306767389697779
0.3457812500000000 0.5306836634340653
0.3458593750000000 0.5306905867960668
0.3459375000000000 0.5306975112501306
0.3460156250000000 0.5307044346114208
0.3460937500000000 0.5307113590553473
0.3461718750000000 0.5307182824158359
0.3462500000000000 0.5307252068497091
0.3463281250000000 0.5307321302093080
0.3464062500000000 0.5307390546332112
0.3464843750000000 0.5307459779918303
0.3465625000000000 0.5307529024058473
0.3466406250000000 0.5307598257634006
0.3467187500000000 0.5307667501676104
0.3467968750000000 0.5307736735240146
0.3468750000000000 0.5307805979184971
0.3469531250000000 0.5307875212736657
0.3470312500000000 0.5307944456584994
0.3471093750000000 0.5308013690123516
0.3471875000000000 0.5308082933876138
0.3472656250000000 0.5308152167400663
0.3473437500000000 0.5308221411058326
0.3474218750000000 0.5308290644568066
0.3475000000000000 0.5308359888131507
0.3475781250000000 0.5308429121625667
0.3476562500000000 0.5308498365095623
0.3477343750000000 0.5308567598573435
0.3478125000000000 0.5308636841950627
0.3478906250000000 0.5308706075411314
0.3479687500000000 0.5308775318696441
0.3480468750000000 0.5308844552139261
0.3481250000000000 0.5308913795333031
0.3482031250000000 0.5308983028757233
0.3482812500000000 0.5309052271860331
0.3483593750000000 0.5309121505265186
0.3484375000000000 0.5309190748278276
0.3485156250000000 0.5309259981663064
0.3485937500000000 0.5309329224586817
0.3486718750000000 0.5309398457950835
0.3487500000000000 0.5309467700785899
0.3488281250000000 0.5309536934128440
0.3489062500000000 0.5309606176875467
0.3489843750000000 0.5309675410195849
0.3490625000000000 0.5309744652855456
0.3491406250000000 0.5309813886153009
0.3492187500000000 0.5309883128725812
0.3492968750000000 0.5309952361999870
0.3493750000000000 0.5310021604486482
0.3494531250000000 0.5310090837736381
0.3495312500000000 0.5310160080137408
0.3496093750000000 0.5310229313362511
0.3496875000000000 0.5310298555678542
0.3497656250000000 0.5310367788878197
0.3498437500000000 0.5310437031109810
0.3499218750000000 0.5310506264283408
0.3500000000000000 0.5310575506431183
0.3500781250000000 0.5310644739578085
0.3501562500000000 0.5310713981642577
0.3502343750000000 0.5310783214762195
0.3503125000000000 0.5310852456743937
0.3503906250000000 0.5310921689835676
0.3504687500000000 0.5310990931735236
0.3505468750000000 0.5311060164798499
0.3506250000000000 0.5311129406616395
0.3507031250000000 0.5311198639650604
0.3507812500000000 0.5311267881387358
0.3508593750000000 0.5311337114391942
0.3509375000000000 0.5311406356048091
0.3510156250000000 0.5311475589022477
0.3510937500000000 0.5311544830598506
0.3511718750000000 0.5311614063542153
0.3512500000000000 0.5311683305038565
0.3513281250000000 0.5311752537950939
0.3514062500000000 0.5311821779368211
0.3514843750000000 0.5311891012248764
0.3515625000000000 0.5311960253587399
0.3516406250000000 0.5312029486435603
0.3517187500000000 0.5312098727696053
0.3517968750000000 0.5312167960511391
0.3518750000000000 0.5312237201694137
0.3519531250000000 0.5312306434476088
0.3520312500000000 0.5312375675581582
0.3521093750000000 0.5312444908329655
0.3521875000000000 0.5312514149358344
0.3522656250000000 0.5312583382072031
0.3523437500000000 0.5312652623024359
0.3524218750000000 0.5312721855703165
0.3525000000000000 0.5312791096579582
0.3525781250000000 0.5312860329223026
0.3526562500000000 0.5312929570023952
0.3527343750000000 0.5312998802631560
0.3528125000000000 0.5313068043357410
0.3528906250000000 0.5313137275928714
0.3529687500000000 0.5313206516579910
0.3530468750000000 0.5313275749114446
0.3531250000000000 0.5313344989691391
0.3532031250000000 0.5313414222188708
0.3532812500000000 0.5313483462691793
0.3533593750000000 0.5313552695151453
0.3534375000000000 0.5313621935581083
0.3535156250000000 0.5313691168002632
0.3535937500000000 0.5313760408359176
0.3536718750000000 0.5313829640742196
0.3537500000000000 0.5313898881026035
0.3538281250000000 0.5313968113370097
0.3539062500000000 0.5314037353581613
0.3539843750000000 0.5314106585886280
0.3540625000000000 0.5314175826025845
0.3541406250000000 0.5314245058290703
0.3542187500000000 0.5314314298358674
0.3542968750000000 0.5314383530583325
0.3543750000000000 0.5314452770580060
0.3544531250000000 0.5314522002764090
0.3545312500000000 0.5314591242689933
0.3546093750000000 0.5314660474832960
0.3546875000000000 0.5314729714688242
0.3547656250000000 0.5314798946789862
0.3548437500000000 0.5314868186574934
0.3549218750000000 0.5314937418634774
0.3550000000000000 0.5315006658349963
0.3550781250000000 0.5315075890367630
0.3551562500000000 0.5315145130013267
0.3552343750000000 0.5315214361988378
0.3553125000000000 0.5315283601564801
0.3553906250000000 0.5315352833496995
0.3554687500000000 0.5315422073004493
0.3555468750000000 0.5315491304893419
0.3556250000000000 0.5315560544332303
0.3557031250000000 0.5315629776177588
0.3557812500000000 0.5315699015548171
0.3558593750000000 0.5315768247349478
0.3559375000000000 0.5315837486652051
0.3560156250000000 0.5315906718409021
0.3560937500000000 0.5315975957643876
0.3561718750000000 0.5316045189356169
0.3562500000000000 0.5316114428523614
0.3563281250000000 0.5316183660190872
0.3564062500000000 0.5316252899291188
0.3564843750000000 0.5316322130913106
0.3565625000000000 0.5316391369946564
0.3566406250000000 0.5316460601522789
0.3567187500000000 0.5316529840489674
0.3567968750000000 0.5316599072019887
0.3568750000000000 0.5316668310920470
0.3569531250000000 0.5316737542404351
0.3570312500000000 0.5316806781238904
0.3571093750000000 0.5316876012676133
0.3571875000000000 0.5316945251444906
0.3572656250000000 0.5317014482835173
0.3573437500000000 0.5317083721538443
0.3574218750000000 0.5317152952881442
0.3575000000000000 0.5317222191519441
0.3575781250000000 0.5317291422814877
0.3576562500000000 0.5317360661387867
0.3577343750000000 0.5317429892635428
0.3578125000000000 0.5317499131143649
0.3578906250000000 0.5317568362343049
0.3579687500000000 0.5317637600786751
0.3580468750000000 0.5317706831937693
0.3581250000000000 0.5317776070317111
0.3582031250000000 0.5317845301419312
0.3582812500000000 0.5317914539734677
0.3583593750000000 0.5317983770787842
0.3584375000000000 0.5318053009039385
0.3585156250000000 0.5318122240043247
0.3585937500000000 0.5318191478231200
0.3586718750000000 0.5318260709185486
0.3587500000000000 0.5318329947310060
0.3588281250000000 0.5318399178214480
0.3589062500000000 0.5318468416275914
0.3589843750000000 0.5318537647130215
0.3590625000000000 0.5318606885128705
0.3591406250000000 0.5318676115932611
0.3592187500000000 0.5318745353868392
0.3592968750000000 0.5318814584621632
0.3593750000000000 0.5318883822494895
0.3594531250000000 0.5318953053197230
0.3595312500000000 0.5319022291008194
0.3596093750000000 0.5319091521659349
0.3596875000000000 0.5319160759408216
0.3597656250000000 0.5319229990007940
0.3598437500000000 0.5319299227694917
0.3599218750000000 0.5319368458242959
0.3600000000000000 0.5319437695868240
0.3600781250000000 0.5319506926364351
0.3601562500000000 0.5319576163928132
0.3602343750000000 0.5319645394372072
0.3603125000000000 0.5319714631874544
0.3603906250000000 0.5319783862266062
0.3604687500000000 0.5319853099707407
0.3605468750000000 0.5319922330046279
0.3606250000000000 0.5319991567426694
0.3607031250000000 0.5320060797712677
0.3607812500000000 0.5320130035032331
0.3608593750000000 0.5320199265265200
0.3609375000000000 0.5320268502524282
0.3610156250000000 0.5320337732703788
0.3610937500000000 0.5320406969902476
0.3611718750000000 0.5320476200028409
0.3612500000000000 0.5320545437166878
0.3613281250000000 0.5320614667238995
0.3614062500000000 0.5320683904317423
0.3614843750000000 0.5320753134335512
0.3615625000000000 0.5320822371354075
0.3616406250000000 0.5320891601317898
0.3617187500000000 0.5320960838276765
0.3617968750000000 0.5321030068186106
0.3618750000000000 0.5321099305085434
0.3619531250000000 0.5321168534940101
0.3620312500000000 0.5321237771780049
0.3621093750000000 0.5321307001579808
0.3621875000000000 0.5321376238360545
0.3622656250000000 0.5321445468105185
0.3623437500000000 0.5321514704826886
0.3624218750000000 0.5321583934516186
0.3625000000000000 0.5321653171178997
0.3625781250000000 0.5321722400812752
0.3626562500000000 0.5321791637416842
0.3627343750000000 0.5321860866994848
0.3628125000000000 0.5321930103540368
0.3628906250000000 0.5321999333062412
0.3629687500000000 0.5322068569549506
0.3630468750000000 0.5322137799015397
0.3631250000000000 0.5322207035444216
0.3632031250000000 0.5322276264853738
0.3632812500000000 0.5322345501224455
0.3633593750000000 0.5322414730577417
0.3634375000000000 0.5322483966890158
0.3635156250000000 0.5322553196186349
0.3635937500000000 0.5322622432441272
0.3636718750000000 0.5322691661680496
0.3637500000000000 0.5322760897877751
0.3638281250000000 0.5322830127059822
0.3639062500000000 0.5322899363199535
0.3639843750000000 0.5322968592324263
0.3640625000000000 0.5323037828406576
0.3641406250000000 0.5323107057473765
0.3642187500000000 0.5323176293498815
0.3642968750000000 0.5323245522508290
0.3643750000000000 0.5323314758476217
0.3644531250000000 0.5323383987427771
0.3645312500000000 0.5323453223338716
0.3646093750000000 0.5323522452232169
0.3646875000000000 0.5323591688086263
0.3647656250000000 0.5323660916921427
0.3648437500000000 0.5323730152718810
0.3649218750000000 0.5323799381495491
0.3650000000000000 0.5323868617236296
0.3650781250000000 0.5323937845954320
0.3651562500000000 0.5324007081638685
0.3652343750000000 0.5324076310297856
0.3653125000000000 0.5324145545925907
0.3653906250000000 0.5324214774526053
0.3654687500000000 0.5324284010097922
0.3655468750000000 0.5324353238638861
0.3656250000000000 0.5324422474154665
0.3657031250000000 0.5324491702636210
0.3657812500000000 0.5324560938096099
0.3658593750000000 0.5324630166518082
0.3659375000000000 0.5324699401922163
0.3660156250000000 0.5324768630284404
0.3660937500000000 0.5324837865632805
0.3661718750000000 0.5324907093935123
0.3662500000000000 0.5324976329227966
0.3663281250000000 0.5325045557470209
0.3664062500000000 0.5325114792707621
0.3664843750000000 0.5325184020889581
0.3665625000000000 0.5325253256071685
0.3666406250000000 0.5325322484193208
0.3667187500000000 0.5325391719320128
0.3667968750000000 0.5325460947381037
0.3668750000000000 0.5325530182452890
0.3669531250000000 0.5325599410453016
0.3670312500000000 0.5325668645469916
0.3671093750000000 0.5325737873409088
0.3671875000000000 0.5325807108371164
0.3672656250000000 0.5325876336249207
0.3673437500000000 0.5325945571156570
0.3674218750000000 0.5326014798973318
0.3675000000000000 0.5326084033826090
0.3675781250000000 0.5326153261581373
0.3676562500000000 0.5326222496379678
0.3677343750000000 0.5326291724073314
0.3678125000000000 0.5326360958817266
0.3678906250000000 0.5326430186449106
0.3679687500000000 0.5326499421138814
0.3680468750000000 0.5326568648708678
0.3681250000000000 0.5326637883344265
0.3682031250000000 0.5326707110852001
0.3682812500000000 0.5326776345433576
0.3683593750000000 0.5326845572879002
0.3684375000000000 0.5326914807406670
0.3685156250000000 0.5326984034789646
0.3685937500000000 0.5327053269263521
0.3686718750000000 0.5327122496583875
0.3687500000000000 0.5327191731004072
0.3688281250000000 0.5327260958261633
0.3689062500000000 0.5327330192628269
0.3689843750000000 0.5327399419822875
0.3690625000000000 0.5327468654136055
0.3691406250000000 0.5327537881267536
0.3692187500000000 0.5327607115527392
0.3692968750000000 0.5327676342595589
0.3693750000000000 0.5327745576802213
0.3694531250000000 0.5327814803806958
0.3695312500000000 0.5327884037960469
0.3696093750000000 0.5327953264901615
0.3696875000000000 0.5328022499002111
0.3697656250000000 0.5328091725879484
0.3698437500000000 0.5328160959927093
0.3699218750000000 0.5328230186740532
0.3700000000000000 0.5328299420735365
0.3700781250000000 0.5328368647484700
0.3701562500000000 0.5328437881426853
0.3702343750000000 0.5328507108111936
0.3703125000000000 0.5328576342001529
0.3703906250000000 0.5328645568622205
0.3704687500000000 0.5328714802459318
0.3705468750000000 0.5328784029015433
0.3706250000000000 0.5328853262800196
0.3707031250000000 0.5328922489291575
0.3707812500000000 0.5328991723024099
0.3708593750000000 0.5329060949450578
0.3709375000000000 0.5329130183130971
0.3710156250000000 0.5329199409492398
0.3710937500000000 0.5329268643120763
0.3711718750000000 0.5329337869416974
0.3712500000000000 0.5329407102993424
0.3713281250000000 0.5329476329224260
0.3714062500000000 0.5329545562748913
0.3714843750000000 0.5329614788914198
0.3715625000000000 0.5329684022387151
0.3716406250000000 0.5329753248486740
0.3717187500000000 0.5329822481908126
0.3717968750000000 0.5329891707941843
0.3718750000000000 0.5329960941311751
0.3719531250000000 0.5330030167279447
0.3720312500000000 0.5330099400597984
0.3721093750000000 0.5330168626499495
0.3721875000000000 0.5330237859766774
0.3722656250000000 0.5330307085601950
0.3723437500000000 0.5330376318818076
0.3724218750000000 0.5330445544586747
0.3725000000000000 0.5330514777751840
0.3725781250000000 0.5330584003453842
0.3726562500000000 0.5330653236568001
0.3727343750000000 0.5330722462203178
0.3728125000000000 0.5330791695266511
0.3728906250000000 0.5330860920834712
0.3729687500000000 0.5330930153847325
0.3730468750000000 0.5330999379348389
0.3731250000000000 0.5331068612310387
0.3732031250000000 0.5331137837744148
0.3732812500000000 0.5331207070655646
0.3733593750000000 0.5331276296021947
0.3734375000000000 0.5331345528883051
0.3735156250000000 0.5331414754181729
0.3735937500000000 0.5331483986992550
0.3736718750000000 0.5331553212223441
0.3737500000000000 0.5331622444984091
0.3738281250000000 0.5331691670147048
0.3739062500000000 0.5331760902857621
0.3739843750000000 0.5331830127952473
0.3740625000000000 0.5331899360613088
0.3741406250000000 0.5331968585639684
0.3742187500000000 0.5332037818250442
0.3742968750000000 0.5332107043208613
0.3743750000000000 0.5332176275769636
0.3744531250000000 0.5332245500659223
0.3745312500000000 0.5332314733170609
0.3746093750000000 0.5332383957991449
0.3746875000000000 0.5332453190453320
0.3747656250000000 0.5332522415205244
0.3748437500000000 0.5332591647617710
0.3749218750000000 0.5332660872300562
0.3750000000000000 0.5332730104663732
0.3750781250000000 0.5332799329277341
0.3751562500000000 0.5332868561591332
0.3752343750000000 0.5332937786135540
0.3753125000000000 0.5333007018400459
0.3753906250000000 0.5333076242875106
0.3754687500000000 0.5333145475091059
0.3755468750000000 0.5333214699495972
0.3756250000000000 0.5333283931663084
0.3757031250000000 0.5333353155998101
0.3757812500000000 0.5333422388116471
0.3758593750000000 0.5333491612381442
0.3759375000000000 0.5333560844451177
0.3760156250000000 0.5333630068645935
0.3760937500000000 0.5333699300667160
0.3761718750000000 0.5333768524791529
0.3762500000000000 0.5333837756764359
0.3763281250000000 0.5333906980818175
0.3764062500000000 0.5333976212742720
0.3764843750000000 0.5334045436725824
0.3765625000000000 0.5334114668602196
0.3766406250000000 0.5334183892514419
0.3767187500000000 0.5334253124342725
0.3767968750000000 0.5334322348183907
0.3768750000000000 0.5334391579964272
0.3769531250000000 0.5334460803734242
0.3770312500000000 0.5334530035466779
0.3771093750000000 0.5334599259165368
0.3771875000000000 0.5334668490850177
0.3772656250000000 0.5334737714477233
0.3773437500000000 0.5334806946114441
0.3774218750000000 0.5334876169669792
0.3775000000000000 0.5334945401259514
0.3775781250000000 0.5335014624742976
0.3776562500000000 0.5335083856285331
0.3777343750000000 0.5335153079696743
0.3778125000000000 0.5335222311191860
0.3778906250000000 0.5335291534531047
0.3779687500000000 0.5335360765979025
0.3780468750000000 0.5335429989245829
0.3781250000000000 0.5335499220646789
0.3782031250000000 0.5335568443841039
0.3782812500000000 0.5335637675195104
0.3783593750000000 0.5335706898316623
0.3784375000000000 0.5335776129623906
0.3785156250000000 0.5335845352672529
0.3785937500000000 0.5335914583933155
0.3786718750000000 0.5335983806908705
0.3787500000000000 0.5336053038122796
0.3788281250000000 0.5336122261025102
0.3789062500000000 0.5336191492192772
0.3789843750000000 0.5336260715021668
0.3790625000000000 0.5336329946143039
0.3791406250000000 0.5336399168898349
0.3792187500000000 0.5336468399973539
0.3792968750000000 0.5336537622655092
0.3793750000000000 0.5336606853684218
0.3794531250000000 0.5336676076291844
0.3795312500000000 0.5336745307275037
0.3796093750000000 0.5336814529808550
0.3796875000000000 0.5336883760745940
0.3797656250000000 0.5336952983205171
0.3798437500000000 0.5337022214096870
0.3799218750000000 0.5337091436481640
0.3800000000000000 0.5337160667327776
0.3800781250000000 0.5337229889637916
0.3801562500000000 0.5337299120438616
0.3802343750000000 0.5337368342673940
0.3803125000000000 0.5337437573429322
0.3803906250000000 0.5337506795589667
0.3804687500000000 0.5337576026299846
0.3805468750000000 0.5337645248385036
0.3806250000000000 0.5337714479050152
0.3807031250000000 0.5337783701060003
0.3807812500000000 0.5337852931680170
0.3808593750000000 0.5337922153614511
0.3809375000000000 0.5337991384189855
0.3810156250000000 0.5338060606048505
0.3810937500000000 0.5338129836579161
0.3811718750000000 0.5338199058361945
0.3812500000000000 0.5338268288848033
0.3813281250000000 0.5338337510554764
0.3814062500000000 0.5338406740996406
0.3814843750000000 0.5338475962626923
0.3815625000000000 0.5338545193024256
0.3816406250000000 0.5338614414578363
0.3817187500000000 0.5338683644931509
0.3817968750000000 0.5338752866409030
0.3818750000000000 0.5338822096718128
0.3819531250000000 0.5338891318118862
0.3820312500000000 0.5338960548384043
0.3821093750000000 0.5339029769707836
0.3821875000000000 0.5339098999929217
0.3822656250000000 0.5339168221175877
0.3823437500000000 0.5339237451353587
0.3824218750000000 0.5339306672522943
0.3825000000000000 0.5339375902657123
0.3825781250000000 0.5339445123748982
0.3826562500000000 0.5339514353839748
0.3827343750000000 0.5339583574853922
0.3828125000000000 0.5339652804901425
0.3828906250000000 0.5339722025837740
0.3829687500000000 0.5339791255842096
0.3830468750000000 0.5339860476700372
0.3831250000000000 0.5339929706661715
0.3832031250000000 0.5339998927441759
0.3832812500000000 0.5340068157360224
0.3833593750000000 0.5340137378061859
0.3834375000000000 0.5340206607937572
0.3835156250000000 0.5340275828560614
0.3835937500000000 0.5340345058393715
0.3836718750000000 0.5340414278937967
0.3837500000000000 0.5340483508728588
0.3838281250000000 0.5340552729193881
0.3839062500000000 0.5340621958942158
0.3839843750000000 0.5340691179328295
0.3840625000000000 0.5340760409034361
0.3841406250000000 0.5340829629341149
0.3842187500000000 0.5340898859005138
0.3842968750000000 0.5340968079232405
0.3843750000000000 0.5341037308854454
0.3844531250000000 0.5341106529002003
0.3845312500000000 0.5341175758582252
0.3846093750000000 0.5341244978649889
0.3846875000000000 0.5341314208188472
0.3847656250000000 0.5341383428176025
0.3848437500000000 0.5341452657673067
0.3849218750000000 0.5341521877580340
0.3850000000000000 0.5341591107035996
0.3850781250000000 0.5341660326862790
0.3851562500000000 0.5341729556277189
0.3852343750000000 0.5341798776023320
0.3853125000000000 0.5341868005396607
0.3853906250000000 0.5341937225061890
0.3854687500000000 0.5342006454394200
0.3855468750000000 0.5342075673978425
0.3856250000000000 0.5342144903269904
0.3857031250000000 0.5342214122772901
0.3857812500000000 0.5342283352023671
0.3858593750000000 0.5342352571445242
0.3859375000000000 0.5342421800655454
0.3860156250000000 0.5342491019995412
0.3860937500000000 0.5342560249165208
0.3861718750000000 0.5342629468423347
0.3862500000000000 0.5342698697552860
0.3863281250000000 0.5342767916729010
0.3864062500000000 0.5342837145818372
0.3864843750000000 0.5342906364912335
0.3865625000000000 0.5342975593961696
0.3866406250000000 0.5343044812973273
0.3867187500000000 0.5343114041982776
0.3867968750000000 0.5343183260911769
0.3868750000000000 0.5343252489881559
0.3869531250000000 0.5343321708727775
0.3870312500000000 0.5343390937658004
0.3871093750000000 0.5343460156421237
0.3871875000000000 0.5343529385312036
0.3872656250000000 0.5343598603992110
0.3873437500000000 0.5343667832843615
0.3874218750000000 0.5343737051440342
0.3875000000000000 0.5343806280252695
0.3875781250000000 0.5343875498765860
0.3876562500000000 0.5343944727539215
0.3877343750000000 0.5344013945968650
0.3878125000000000 0.5344083174703133
0.3878906250000000 0.5344152393048622
0.3879687500000000 0.5344221621744386
0.3880468750000000 0.5344290840005744
0.3881250000000000 0.5344360068662923
0.3882031250000000 0.5344429286839967
0.3882812500000000 0.5344498515458713
0.3883593750000000 0.5344567733551212
0.3884375000000000 0.5344636962131679
0.3885156250000000 0.5344706180139468
0.3885937500000000 0.5344775408681776
0.3886718750000000 0.5344844626604646
0.3887500000000000 0.5344913855108957
0.3888281250000000 0.5344983072946713
0.3889062500000000 0.5345052301413170
0.3889843750000000 0.5345121519165610
0.3890625000000000 0.5345190747594358
0.3891406250000000 0.5345259965261294
0.3892187500000000 0.5345329193652471
0.3892968750000000 0.5345398411233702
0.3893750000000000 0.5345467639587468
0.3894531250000000 0.5345536857082788
0.3895312500000000 0.5345606085399280
0.3896093750000000 0.5345675302808495
0.3896875000000000 0.5345744531087859
0.3897656250000000 0.5345813748410787
0.3898437500000000 0.5345882976653167
0.3899218750000000 0.5345952193889589
0.3900000000000000 0.5346021422095130
0.3900781250000000 0.5346090639244858
0.3901562500000000 0.5346159867413720
0.3902343750000000 0.5346229084476550
0.3903125000000000 0.5346298312608864
0.3903906250000000 0.5346367529584595
0.3904687500000000 0.5346436757680529
0.3905468750000000 0.5346505974568957
0.3906250000000000 0.5346575202628645
0.3907031250000000 0.5346644419429580
0.3907812500000000 0.5346713647453176
0.3908593750000000 0.5346782864166419
0.3909375000000000 0.5346852092154044
0.3910156250000000 0.5346921308779409
0.3910937500000000 0.5346990536731228
0.3911718750000000 0.5347059753268503
0.3912500000000000 0.5347128981184662
0.3913281250000000 0.5347198197633645
0.3914062500000000 0.5347267425514294
0.3914843750000000 0.5347336641874801
0.3915625000000000 0.5347405869720063
0.3916406250000000 0.5347475085991896
0.3917187500000000 0.5347544313801954
0.3917968750000000 0.5347613529984883
0.3918750000000000 0.5347682757759870
0.3919531250000000 0.5347751973853728
0.3920312500000000 0.5347821201593772
0.3921093750000000 0.5347890417598354
0.3921875000000000 0.5347959645303625
0.3922656250000000 0.5348028861218725
0.3923437500000000 0.5348098088889353
0.3924218750000000 0.5348167304714784
0.3925000000000000 0.5348236532350920
0.3925781250000000 0.5348305748086484
0.3926562500000000 0.5348374975688280
0.3927343750000000 0.5348444191333753
0.3928125000000000 0.5348513418901362
0.3928906250000000 0.5348582634456573
0.3929687500000000 0.5348651861990120
0.3930468750000000 0.5348721077454870
0.3931250000000000 0.5348790304954513
0.3932031250000000 0.5348859520328593
0.3932812500000000 0.5348928747794477
0.3933593750000000 0.5348997963077691
0.3934375000000000 0.5349067190509962
0.3935156250000000 0.5349136405702114
0.3935937500000000 0.5349205633100921
0.3936718750000000 0.5349274848201808
0.3937500000000000 0.5349344075567299
0.3938281250000000 0.5349413290576726
0.3939062500000000 0.5349482517909037
0.3939843750000000 0.5349551732826818
0.3940625000000000 0.5349620960126094
0.3941406250000000 0.5349690174952022
0.3942187500000000 0.5349759402218409
0.3942968750000000 0.5349828616952295
0.3943750000000000 0.5349897844185927
0.3944531250000000 0.5349967058827588
0.3945312500000000 0.5350036286028608
0.3946093750000000 0.5350105500577839
0.3946875000000000 0.5350174727746396
0.3947656250000000 0.5350243942202995
0.3948437500000000 0.5350313169339230
0.3949218750000000 0.5350382383703015
0.3950000000000000 0.5350451610807081
0.3950781250000000 0.5350520825077835
0.3951562500000000 0.5350590052149874
0.3952343750000000 0.5350659266327412
0.3953125000000000 0.5350728493367559
0.3953906250000000 0.5350797707451685
0.3954687500000000 0.5350866934460098
0.3955468750000000 0.5350936148450616
0.3956250000000000 0.5351005375427417
0.3957031250000000 0.5351074589324143
0.3957812500000000 0.5351143816269484
0.3958593750000000 0.5351213030072218
0.3959375000000000 0.5351282256986237
0.3960156250000000 0.5351351470694790
0.3960937500000000 0.5351420697577625
0.3961718750000000 0.5351489911191805
0.3962500000000000 0.5351559138043596
0.3963281250000000 0.5351628351563211
0.3964062500000000 0.5351697578384105
0.3964843750000000 0.5351766791808946
0.3965625000000000 0.5351836018599088
0.3966406250000000 0.5351905231928986
0.3967187500000000 0.5351974458688489
0.3967968750000000 0.5352043671923247
0.3968750000000000 0.5352112898652280
0.3969531250000000 0.5352182111791702
0.3970312500000000 0.5352251338490387
0.3971093750000000 0.5352320551534284
0.3971875000000000 0.5352389778202755
0.3972656250000000 0.5352458991150949
0.3973437500000000 0.5352528217789351
0.3974218750000000 0.5352597430641639
0.3975000000000000 0.5352666657250105
0.3975781250000000 0.5352735870006308
0.3976562500000000 0.5352805096584974
0.3977343750000000 0.5352874309244909
0.3978125000000000 0.5352943535793905
0.3978906250000000 0.5353012748357376
0.3979687500000000 0.5353081974876841
0.3980468750000000 0.5353151187343659
0.3981250000000000 0.5353220413833737
0.3982031250000000 0.5353289626203718
0.3982812500000000 0.5353358852664531
0.3983593750000000 0.5353428064937504
0.3984375000000000 0.5353497291369178
0.3985156250000000 0.5353566503544938
0.3985937500000000 0.5353635729947630
0.3986718750000000 0.5353704942026004
0.3987500000000000 0.5353774168399822
0.3988281250000000 0.5353843380380624
0.3989062500000000 0.5353912606725697
0.3989843750000000 0.5353981818608763
0.3990625000000000 0.5354051044925222
0.3991406250000000 0.5354120256710362
0.3992187500000000 0.5354189482998329
0.3992968750000000 0.5354258694685354
0.3993750000000000 0.5354327920944983
0.3994531250000000 0.5354397132533714
0.3995312500000000 0.5354466358765118
0.3996093750000000 0.5354535570255377
0.3996875000000000 0.5354604796458673
0.3997656250000000 0.5354674007850286
0.3998437500000000 0.5354743234025618
0.3999218750000000 0.5354812445318403
0.4000000000000000 0.5354881671465875
0.4000781250000000 0.5354950882659674
0.4001562500000000 0.5355020108779419
0.4002343750000000 0.5355089319874039
0.4003125000000000 0.5355158545966179
0.4003906250000000 0.5355227756961454
0.4004687500000000 0.5355296983026105
0.4005468750000000 0.5355366193921852
0.4006250000000000 0.5355435419959151
0.4007031250000000 0.5355504630755197
0.4007812500000000 0.5355573856765263
0.4008593750000000 0.5355643067461434
0.4009375000000000 0.5355712293444376
0.4010156250000000 0.5355781504040513
0.4010937500000000 0.5355850729996451
0.4011718750000000 0.5355919940492377
0.4012500000000000 0.5355989166421438
0.4013281250000000 0.5356058376816980
0.4014062500000000 0.5356127602719268
0.4014843750000000 0.5356196813014265
0.4015625000000000 0.5356266038889903
0.4016406250000000 0.5356335249084182
0.4017187500000000 0.5356404474933290
0.4017968750000000 0.5356473685026680
0.4018750000000000 0.5356542910849369
0.4019531250000000 0.5356612120841703
0.4020312500000000 0.5356681346638089
0.4021093750000000 0.5356750556529212
0.4021875000000000 0.5356819782299403
0.4022656250000000 0.5356888992089140
0.4023437500000000 0.5356958217833253
0.4024218750000000 0.5357027427521445
0.4025000000000000 0.5357096653239578
0.4025781250000000 0.5357165862826075
0.4026562500000000 0.5357235088518344
0.4027343750000000 0.5357304298002983
0.4028125000000000 0.5357373523669486
0.4028906250000000 0.5357442733052106
0.4029687500000000 0.5357511958692946
0.4030468750000000 0.5357581167973403
0.4031250000000000 0.5357650393588688
0.4032031250000000 0.5357719602766803
0.4032812500000000 0.5357788828356649
0.4033593750000000 0.5357858037432278
0.4034375000000000 0.5357927262996773
0.4035156250000000 0.5357996471969769
0.4035937500000000 0.5358065697509014
0.4036718750000000 0.5358134906379224
0.4037500000000000 0.5358204131893315
0.4038281250000000 0.5358273340660583
0.4039062500000000 0.5358342566149623
0.4039843750000000 0.5358411774813810
0.4040625000000000 0.5358481000277900
0.4041406250000000 0.5358550208838838
0.4042187500000000 0.5358619434278067
0.4042968750000000 0.5358688642735624
0.4043750000000000 0.5358757868150090
0.4044531250000000 0.5358827076504110
0.4045312500000000 0.5358896301893915
0.4046093750000000 0.5358965510144255
0.4046875000000000 0.5359034735509483
0.4047656250000000 0.5359103943655997
0.4048437500000000 0.5359173168996745
0.4049218750000000 0.5359242377039288
0.4050000000000000 0.5359311602355639
0.4050781250000000 0.5359380810294084
0.4051562500000000 0.5359450035586127
0.4052343750000000 0.5359519243420315
0.4053125000000000 0.5359588468688153
0.4053906250000000 0.5359657676417950
0.4054687500000000 0.5359726901661654
0.4055468750000000 0.5359796109286925
0.4056250000000000 0.5359865334506587
0.4057031250000000 0.5359934542027194
0.4057812500000000 0.5360003767222895
0.4058593750000000 0.5360072974638700
0.4059375000000000 0.5360142199810521
0.4060156250000000 0.5360211407121394
0.4060937500000000 0.5360280632269415
0.4061718750000000 0.5360349839475232
0.4062500000000000 0.5360419064599530
0.4063281250000000 0.5360488271700147
0.4064062500000000 0.5360557496800802
0.4064843750000000 0.5360626703796108
0.4065625000000000 0.5360695928873196
0.4066406250000000 0.5360765135763043
0.4067187500000000 0.5360834360816633
0.4067968750000000 0.5360903567600916
0.4068750000000000 0.5360972792631084
0.4069531250000000 0.5361041999309664
0.4070312500000000 0.5361111224316485
0.4071093750000000 0.5361180430889239
0.4071875000000000 0.5361249655872783
0.4072656250000000 0.5361318862339591
0.4073437500000000 0.5361388087299931
0.4074218750000000 0.5361457293660676
0.4075000000000000 0.5361526518597868
0.4075781250000000 0.5361595724852429
0.4076562500000000 0.5361664949766547
0.4077343750000000 0.5361734155914798
0.4078125000000000 0.5361803380805907
0.4078906250000000 0.5361872586847748
0.4079687500000000 0.5361941811715905
0.4080468750000000 0.5362011017651211
0.4081250000000000 0.5362080242496490
0.4082031250000000 0.5362149448325141
0.4082812500000000 0.5362218673147594
0.4083593750000000 0.5362287878869495
0.4084375000000000 0.5362357103669173
0.4085156250000000 0.5362426309284211
0.4085937500000000 0.5362495534061160
0.4086718750000000 0.5362564739569242
0.4087500000000000 0.5362633964323533
0.4088281250000000 0.5362703169724524
0.4089062500000000 0.5362772394456224
0.4089843750000000 0.5362841599750019
0.4090625000000000 0.5362910824459167
0.4091406250000000 0.5362980029645684
0.4092187500000000 0.5363049254332322
0.4092968750000000 0.5363118459411447
0.4093750000000000 0.5363187684075629
0.4094531250000000 0.5363256889047266
0.4095312500000000 0.5363326113689040
0.4096093750000000 0.5363395318553089
0.4096875000000000 0.5363464543172499
0.4097656250000000 0.5363533747928872
0.4098437500000000 0.5363602972525957
0.4099218750000000 0.5363672177174553
0.4100000000000000 0.5363741401749352
0.4100781250000000 0.5363810606290085
0.4101562500000000 0.5363879830842641
0.4102343750000000 0.5363949035275413
0.4103125000000000 0.5364018259805763
0.4103906250000000 0.5364087464130489
0.4104687500000000 0.5364156688638675
0.4105468750000000 0.5364225892855267
0.4106250000000000 0.5364295117341314
0.4107031250000000 0.5364364321449673
0.4107812500000000 0.5364433545913636
0.4108593750000000 0.5364502749913678
0.4109375000000000 0.5364571974355574
0.4110156250000000 0.5364641178247229
0.4110937500000000 0.5364710402667090
0.4111718750000000 0.5364779606450262
0.4112500000000000 0.5364848830848113
0.4113281250000000 0.5364918034522740
0.4114062500000000 0.5364987258898605
0.4114843750000000 0.5365056462464595
0.4115625000000000 0.5365125686818514
0.4116406250000000 0.5365194890275795
0.4117187500000000 0.5365264114607771
0.4117968750000000 0.5365333317956276
0.4118750000000000 0.5365402542266335
0.4119531250000000 0.5365471745505985
0.4120312500000000 0.5365540969794155
0.4121093750000000 0.5365610172924876
0.4121875000000000 0.5365679397191173
0.4122656250000000 0.5365748600212894
0.4123437500000000 0.5365817824457326
0.4124218750000000 0.5365887027369994
0.4125000000000000 0.5365956251592578
0.4125781250000000 0.5366025454396119
0.4126562500000000 0.5366094678596861
0.4127343750000000 0.5366163881291218
0.4128125000000000 0.5366233105470134
0.4128906250000000 0.5366302308055239
0.4129687500000000 0.5366371532212336
0.4130468750000000 0.5366440734688129
0.4131250000000000 0.5366509958823421
0.4132031250000000 0.5366579161189837
0.4132812500000000 0.5366648385303323
0.4133593750000000 0.5366717587560318
0.4134375000000000 0.5366786811652008
0.4135156250000000 0.5366856013799510
0.4135937500000000 0.5366925237869402
0.4136718750000000 0.5366994439907374
0.4137500000000000 0.5367063663955458
0.4138281250000000 0.5367132865883846
0.4139062500000000 0.5367202089910134
0.4139843750000000 0.5367271291728878
0.4140625000000000 0.5367340515733366
0.4141406250000000 0.5367409717442418
0.4142187500000000 0.5367478941425109
0.4142968750000000 0.5367548143024421
0.4143750000000000 0.5367617366985299
0.4144531250000000 0.5367686568474828
0.4145312500000000 0.5367755792413889
0.4146093750000000 0.5367824993793585
0.4146875000000000 0.5367894217710828
0.4147656250000000 0.5367963418980652
0.4148437500000000 0.5368032642876049
0.4149218750000000 0.5368101844035973
0.4150000000000000 0.5368171067909518
0.4150781250000000 0.5368240268959491
0.4151562500000000 0.5368309492811160
0.4152343750000000 0.5368378693751161
0.4153125000000000 0.5368447917580936
0.4153906250000000 0.5368517118410933
0.4154687500000000 0.5368586342218790
0.4155468750000000 0.5368655542938738
0.4156250000000000 0.5368724766724683
0.4157031250000000 0.5368793967334545
0.4157812500000000 0.5368863191098538
0.4158593750000000 0.5368932391598292
0.4159375000000000 0.5369001615340311
0.4160156250000000 0.5369070815729936
0.4160937500000000 0.5369140039449950
0.4161718750000000 0.5369209239729410
0.4162500000000000 0.5369278463427395
0.4163281250000000 0.5369347663596680
0.4164062500000000 0.5369416887272611
0.4164843750000000 0.5369486087331680
0.4165625000000000 0.5369555310985519
0.4166406250000000 0.5369624510934364
0.4167187500000000 0.5369693734566087
0.4167968750000000 0.5369762934404683
0.4168750000000000 0.5369832158014248
0.4169531250000000 0.5369901357742578
0.4170312500000000 0.5369970581329959
0.4171093750000000 0.5370039780948002
0.4171875000000000 0.5370109004513159
0.4172656250000000 0.5370178204020903
0.4173437500000000 0.5370247427563800
0.4174218750000000 0.5370316626961237
0.4175000000000000 0.5370385850481830
0.4175781250000000 0.5370455049768939
0.4176562500000000 0.5370524273267180
0.4177343750000000 0.5370593472443963
0.4178125000000000 0.5370662695919812
0.4178906250000000 0.5370731894986257
0.4179687500000000 0.5370801118439671
0.4180468750000000 0.5370870317395774
0.4181250000000000 0.5370939540826704
0.4182031250000000 0.5371008739672454
0.4182812500000000 0.5371077963080855
0.4183593750000000 0.5371147161816244
0.4184375000000000 0.5371216385202071
0.4185156250000000 0.5371285583827097
0.4185937500000000 0.5371354807190299
0.4186718750000000 0.5371424005704969
0.4187500000000000 0.5371493229045481
0.4188281250000000 0.5371562427449792
0.4189062500000000 0.5371631650767571
0.4189843750000000 0.5371700849061538
0.4190625000000000 0.5371770072356513
0.4191406250000000 0.5371839270540123
0.4192187500000000 0.5371908493812257
0.4192968750000000 0.5371977691885519
0.4193750000000000 0.5372046915134746
0.4194531250000000 0.5372116113097660
0.4195312500000000 0.5372185336323920
0.4196093750000000 0.5372254534176505
0.4196875000000000 0.5372323757379737
0.4197656250000000 0.5372392955122003
0.4198437500000000 0.5372462178302143
0.4199218750000000 0.5372531375934086
0.4200000000000000 0.5372600599091082
0.4200781250000000 0.5372669796612725
0.4201562500000000 0.5372739019746501
0.4202343750000000 0.5372808217157851
0.4203125000000000 0.5372877440268330
0.4203906250000000 0.5372946637569423
0.4204687500000000 0.5373015860656543
0.4205468750000000 0.5373085057847387
0.4206250000000000 0.5373154280911066
0.4207031250000000 0.5373223477991671
0.4207812500000000 0.5373292701031863
0.4208593750000000 0.5373361898002250
0.4209375000000000 0.5373431121018872
0.4210156250000000 0.5373500317879067
0.4210937500000000 0.5373569540872041
0.4211718750000000 0.5373638737622055
0.4212500000000000 0.5373707960591315
0.4213281250000000 0.5373777157231179
0.4214062500000000 0.5373846380176645
0.4214843750000000 0.5373915576706375
0.4215625000000000 0.5373984799627974
0.4216406250000000 0.5374053996047600
0.4217187500000000 0.5374123218945240
0.4217968750000000 0.5374192415254797
0.4218750000000000 0.5374261638128405
0.4219531250000000 0.5374330834327912
0.4220312500000000 0.5374400057177413
0.4221093750000000 0.5374469253266896
0.4221875000000000 0.5374538476092204
0.4222656250000000 0.5374607672071704
0.4223437500000000 0.5374676894872729
0.4224218750000000 0.5374746090742273
0.4225000000000000 0.5374815313518927
0.4225781250000000 0.5374884509278555
0.4226562500000000 0.5374953732030757
0.4227343750000000 0.5375022927680490
0.4228125000000000 0.5375092150408165
0.4228906250000000 0.5375161345948039
0.4229687500000000 0.5375230568651093
0.4230468750000000 0.5375299764081145
0.4231250000000000 0.5375368986759480
0.4232031250000000 0.5375438182079747
0.4232812500000000 0.5375507404733295
0.4233593750000000 0.5375576599943813
0.4234375000000000 0.5375645822572453
0.4235156250000000 0.5375715017673275
0.4235937500000000 0.5375784240276931
0.4236718750000000 0.5375853435268081
0.4237500000000000 0.5375922657846658
0.4238281250000000 0.5375991852728186
0.4239062500000000 0.5376061075281586
0.4239843750000000 0.5376130270053535
0.4240625000000000 0.5376199492581665
0.4241406250000000 0.5376268687244073
0.4242187500000000 0.5376337909746839
0.4242968750000000 0.5376407104299752
0.4243750000000000 0.5376476326777053
0.4244531250000000 0.5376545521220514
0.4245312500000000 0.5376614743672258
0.4246093750000000 0.5376683938006313
0.4246875000000000 0.5376753160432400
0.4247656250000000 0.5376822354657094
0.4248437500000000 0.5376891577057418
0.4249218750000000 0.5376960771172802
0.4250000000000000 0.5377029993547278
0.4250781250000000 0.5377099187553384
0.4251562500000000 0.5377168409901906
0.4252343750000000 0.5377237603798796
0.4253125000000000 0.5377306826121258
0.4253906250000000 0.5377376019908979
0.4254687500000000 0.5377445242205274
0.4255468750000000 0.5377514435883881
0.4256250000000000 0.5377583658153920
0.4257031250000000 0.5377652851723447
0.4257812500000000 0.5377722073967131
0.4258593750000000 0.5377791267427626
0.4259375000000000 0.5377860489644851
0.4260156250000000 0.5377929682996380
0.4260937500000000 0.5377998905187029
0.4261718750000000 0.5378068098429630
0.4262500000000000 0.5378137320593618
0.4263281250000000 0.5378206513727343
0.4264062500000000 0.5378275735864548
0.4264843750000000 0.5378344928889458
0.4265625000000000 0.5378414150999796
0.4266406250000000 0.5378483343915922
0.4267187500000000 0.5378552565999278
0.4267968750000000 0.5378621758806691
0.4268750000000000 0.5378690980862952
0.4269531250000000 0.5378760173561711
0.4270312500000000 0.5378829395590776
0.4271093750000000 0.5378898588180923
0.4271875000000000 0.5378967810182689
0.4272656250000000 0.5379037002664269
0.4273437500000000 0.5379106224638637
0.4274218750000000 0.5379175417011713
0.4275000000000000 0.5379244638958560
0.4275781250000000 0.5379313831223180
0.4276562500000000 0.5379383053142418
0.4277343750000000 0.5379452245298650
0.4278125000000000 0.5379521467190147
0.4278906250000000 0.5379590659238040
0.4279687500000000 0.5379659881101705
0.4280468750000000 0.5379729073041318
0.4281250000000000 0.5379798294877033
0.4282031250000000 0.5379867486708415
0.4282812500000000 0.5379936708516080
0.4283593750000000 0.5380005900239283
0.4284375000000000 0.5380075122018796
0.4285156250000000 0.5380144313633876
0.4285937500000000 0.5380213535385123
0.4286718750000000 0.5380282726892130
0.4287500000000000 0.5380351948615011
0.4288281250000000 0.5380421140014003
0.4289062500000000 0.5380490361708399
0.4289843750000000 0.5380559552999430
0.4290625000000000 0.5380628774665250
0.4291406250000000 0.5380697965848374
0.4292187500000000 0.5380767187485500
0.4292968750000000 0.5380836378560764
0.4293750000000000 0.5380905600169106
0.4294531250000000 0.5380974791136570
0.4295312500000000 0.5381044012716001
0.4296093750000000 0.5381113203575715
0.4296875000000000 0.5381182425126144
0.4297656250000000 0.5381251615878159
0.4298437500000000 0.5381320837399476
0.4299218750000000 0.5381390028043846
0.4300000000000000 0.5381459249535953
0.4300781250000000 0.5381528440072724
0.4301562500000000 0.5381597661535509
0.4302343750000000 0.5381666851964739
0.4303125000000000 0.5381736073398102
0.4303906250000000 0.5381805263719833
0.4304687500000000 0.5381874485123684
0.4305468750000000 0.5381943675337970
0.4306250000000000 0.5382012896712186
0.4307031250000000 0.5382082086819074
0.4307812500000000 0.5382151308163564
0.4308593750000000 0.5382220498163106
0.4309375000000000 0.5382289719477773
0.4310156250000000 0.5382358909370012
0.4310937500000000 0.5382428130654747
0.4311718750000000 0.5382497320439741
0.4312500000000000 0.5382566541694436
0.4313281250000000 0.5382635731372218
0.4314062500000000 0.5382704952596807
0.4314843750000000 0.5382774142167420
0.4315625000000000 0.5382843363361780
0.4316406250000000 0.5382912552825277
0.4317187500000000 0.5382981773989313
0.4317968750000000 0.5383050963345744
0.4318750000000000 0.5383120184479355
0.4319531250000000 0.5383189373728758
0.4320312500000000 0.5383258594831858
0.4321093750000000 0.5383327783974267
0.4321875000000000 0.5383397005046763
0.4322656250000000 0.5383466194082233
0.4323437500000000 0.5383535415124024
0.4324218750000000 0.5383604604052572
0.4325000000000000 0.5383673825063592
0.4325781250000000 0.5383743013885265
0.4326562500000000 0.5383812234865387
0.4327343750000000 0.5383881423580229
0.4328125000000000 0.5383950644529391
0.4328906250000000 0.5384019833137427
0.4329687500000000 0.5384089054055535
0.4330468750000000 0.5384158242556804
0.4331250000000000 0.5384227463443776
0.4332031250000000 0.5384296651838303
0.4332812500000000 0.5384365872694050
0.4333593750000000 0.5384435060981880
0.4334375000000000 0.5384504281806303
0.4335156250000000 0.5384573469987465
0.4335937500000000 0.5384642690780499
0.4336718750000000 0.5384711878855022
0.4337500000000000 0.5384781099616567
0.4338281250000000 0.5384850287584479
0.4339062500000000 0.5384919508314481
0.4339843750000000 0.5384988696175790
0.4340625000000000 0.5385057916874164
0.4341406250000000 0.5385127104628910
0.4342187500000000 0.5385196325295573
0.4342968750000000 0.5385265512943770
0.4343750000000000 0.5385334733578665
0.4344531250000000 0.5385403921120328
0.4345312500000000 0.5385473141723364
0.4346093750000000 0.5385542329158519
0.4346875000000000 0.5385611549729636
0.4347656250000000 0.5385680737058305
0.4348437500000000 0.5385749957597435
0.4349218750000000 0.5385819144819621
0.4350000000000000 0.5385888365326686
0.4350781250000000 0.5385957552442412
0.4351562500000000 0.5386026772917364
0.4352343750000000 0.5386095959926630
0.4353125000000000 0.5386165180369400
0.4353906250000000 0.5386234367272218
0.4354687500000000 0.5386303587682740
0.4355468750000000 0.5386372774479120
0.4356250000000000 0.5386441994857347
0.4357031250000000 0.5386511181547288
0.4357812500000000 0.5386580401893160
0.4358593750000000 0.5386649588476661
0.4359375000000000 0.5386718808790122
0.4360156250000000 0.5386787995267178
0.4360937500000000 0.5386857215548198
0.4361718750000000 0.5386926401918803
0.4362500000000000 0.5386995622167314
0.4363281250000000 0.5387064808431468
0.4364062500000000 0.5387134028647429
0.4364843750000000 0.5387203214805135
0.4365625000000000 0.5387272434988495
0.4366406250000000 0.5387341621039727
0.4367187500000000 0.5387410841190462
0.4367968750000000 0.5387480027135216
0.4368750000000000 0.5387549247253264
0.4369531250000000 0.5387618433091520
0.4370312500000000 0.5387687653176859
0.4371093750000000 0.5387756838908602
0.4371875000000000 0.5387826058961194
0.4372656250000000 0.5387895244586400
0.4373437500000000 0.5387964464606227
0.4374218750000000 0.5388033650124867
0.4375000000000000 0.5388102870111889
0.4375781250000000 0.5388172055523941
0.4376562500000000 0.5388241275478145
0.4377343750000000 0.5388310460783571
0.4378125000000000 0.5388379680704937
0.4378906250000000 0.5388448865903702
0.4379687500000000 0.5388518085792204
0.4380468750000000 0.5388587270884282
0.4381250000000000 0.5388656490739901
0.4382031250000000 0.5388725675725259
0.4382812500000000 0.5388794895547994
0.4383593750000000 0.5388864080426563
0.4384375000000000 0.5388933300216403
0.4385156250000000 0.5389002484988143
0.4385937500000000 0.5389071704745099
0.4386718750000000 0.5389140889409969
0.4387500000000000 0.5389210109134014
0.4388281250000000 0.5389279293691966
0.4389062500000000 0.5389348513383106
0.4389843750000000 0.5389417697834082
0.4390625000000000 0.5389486917492318
0.4391406250000000 0.5389556101836249
0.4392187500000000 0.5389625321461607
0.4392968750000000 0.5389694505698434
0.4393750000000000 0.5389763725290920
0.4394531250000000 0.5389832909420571
0.4395312500000000 0.5389902128980204
0.4396093750000000 0.5389971313002606
0.4396875000000000 0.5390040532529410
0.4397656250000000 0.5390109716444477
0.4398437500000000 0.5390178935938476
0.4399218750000000 0.5390248119746146
0.4400000000000000 0.5390317339207369
0.4400781250000000 0.5390386522907545
0.4401562500000000 0.5390455742336013
0.4402343750000000 0.5390524925928631
0.4403125000000000 0.5390594145324382
0.4403906250000000 0.5390663328809335
0.4404687500000000 0.5390732548172414
0.4405468750000000 0.5390801731549612
0.4406250000000000 0.5390870950880055
0.4407031250000000 0.5390940134149391
0.4407812500000000 0.5391009353447261
0.4408593750000000 0.5391078536608641
0.4409375000000000 0.5391147755873978
0.4410156250000000 0.5391216938927289
0.4410937500000000 0.5391286158160155
0.4411718750000000 0.5391355341105279
0.4412500000000000 0.5391424560305731
0.4413281250000000 0.5391493743142566
0.4414062500000000 0.5391562962310682
0.4414843750000000 0.5391632145039091
0.4415625000000000 0.5391701364174936
0.4416406250000000 0.5391770546794790
0.4417187500000000 0.5391839765898435
0.4417968750000000 0.5391908948409633
0.4418750000000000 0.5391978167481152
0.4419531250000000 0.5392047349883528
0.4420312500000000 0.5392116568923021
0.4421093750000000 0.5392185751216448
0.4421875000000000 0.5392254970224003
0.4422656250000000 0.5392324152408310
0.4423437500000000 0.5392393371384038
0.4424218750000000 0.5392462553459083
0.4425000000000000 0.5392531772403072
0.4425781250000000 0.5392600954368715
0.4426562500000000 0.5392670173281064
0.4427343750000000 0.5392739355137131
0.4428125000000000 0.5392808574017961
0.4428906250000000 0.5392877755764270
0.4429687500000000 0.5392946974613698
0.4430468750000000 0.5393016156250109
0.4431250000000000 0.5393085375068245
0.4432031250000000 0.5393154556594568
0.4432812500000000 0.5393223775381544
0.4433593750000000 0.5393292956797601
0.4434375000000000 0.5393362175553541
0.4435156250000000 0.5393431356859144
0.4435937500000000 0.5393500575584182
0.4436718750000000 0.5393569756779142
0.4437500000000000 0.5393638975473430
0.4438281250000000 0.5393708156557545
0.4439062500000000 0.5393777375221228
0.4439843750000000 0.5393846556194299
0.4440625000000000 0.5393915774827517
0.4441406250000000 0.5393984955689330
0.4442187500000000 0.5394054174292263
0.4442968750000000 0.5394123355042600
0.4443750000000000 0.5394192573615405
0.4444531250000000 0.5394261754254055
0.4445312500000000 0.5394330972796898
0.4446093750000000 0.5394400153323617
0.4446875000000000 0.5394469371836687
0.4447656250000000 0.5394538552251253
0.4448437500000000 0.5394607770734735
0.4449218750000000 0.5394676951036883
0.4450000000000000 0.5394746169490972
0.4450781250000000 0.5394815349680474
0.4451562500000000 0.5394884568105361
0.4452343750000000 0.5394953748181964
0.4453125000000000 0.5395022966577859
0.4453906250000000 0.5395092146541288
0.4454687500000000 0.5395161364908387
0.4455468750000000 0.5395230544758400
0.4456250000000000 0.5395299763096927
0.4457031250000000 0.5395368942833245
0.4457812500000000 0.5395438161143402
0.4458593750000000 0.5395507340765753
0.4459375000000000 0.5395576559047788
0.4460156250000000 0.5395645738555872
0.4460937500000000 0.5395714956810010
0.4461718750000000 0.5395784136203551
0.4462500000000000 0.5395853354430044
0.4463281250000000 0.5395922533708727
0.4464062500000000 0.5395991751907828
0.4464843750000000 0.5396060931071354
0.4465625000000000 0.5396130149243306
0.4466406250000000 0.5396199328291365
0.4467187500000000 0.5396268546436441
0.4467968750000000 0.5396337725368696
0.4468750000000000 0.5396406943487170
0.4469531250000000 0.5396476122303318
0.4470312500000000 0.5396545340395449
0.4471093750000000 0.5396614519095148
0.4471875000000000 0.5396683737161235
0.4472656250000000 0.5396752915744136
0.4473437500000000 0.5396822133784468
0.4474218750000000 0.5396891312250238
0.4475000000000000 0.5396960530265105
0.4475781250000000 0.5397029708613376
0.4476562500000000 0.5397098926603093
0.4477343750000000 0.5397168104833504
0.4478125000000000 0.5397237322798384
0.4478906250000000 0.5397306500910574
0.4479687500000000 0.5397375718850931
0.4480468750000000 0.5397444896844508
0.4481250000000000 0.5397514114760680
0.4482031250000000 0.5397583292635261
0.4482812500000000 0.5397652510527586
0.4483593750000000 0.5397721688282772
0.4484375000000000 0.5397790906151594
0.4485156250000000 0.5397860083786991
0.4485937500000000 0.5397929301632663
0.4486718750000000 0.5397998479147852
0.4487500000000000 0.5398067696970746
0.4488281250000000 0.5398136874365307
0.4489062500000000 0.5398206092165773
0.4489843750000000 0.5398275269439297
0.4490625000000000 0.5398344487217717
0.4491406250000000 0.5398413664369759
0.4492187500000000 0.5398482882126516
0.4492968750000000 0.5398552059156637
0.4493750000000000 0.5398621276892120
0.4494531250000000 0.5398690453799876
0.4495312500000000 0.5398759671514504
0.4496093750000000 0.5398828848299408
0.4496875000000000 0.5398898065993585
0.4497656250000000 0.5398967242655204
0.4498437500000000 0.5399036460329335
0.4499218750000000 0.5399105636867170
0.4500000000000000 0.5399174854521698
0.4500781250000000 0.5399244030935267
0.4501562500000000 0.5399313248570627
0.4502343750000000 0.5399382424859444
0.4503125000000000 0.5399451642476076
0.4503906250000000 0.5399520818639625
0.4504687500000000 0.5399590036237994
0.4505468750000000 0.5399659212275775
0.4506250000000000 0.5399728429856328
0.4507031250000000 0.5399797605767810
0.4507812500000000 0.5399866823331030
0.4508593750000000 0.5399935999115695
0.4509375000000000 0.5400005216662057
0.4510156250000000 0.5400074392319364
0.4510937500000000 0.5400143609849356
0.4511718750000000 0.5400212785378746
0.4512500000000000 0.5400282002892886
0.4513281250000000 0.5400351178293795
0.4514062500000000 0.5400420395792589
0.4514843750000000 0.5400489571064457
0.4515625000000000 0.5400558788548413
0.4516406250000000 0.5400627963690662
0.4517187500000000 0.5400697181160330
0.4517968750000000 0.5400766356172370
0.4518750000000000 0.5400835573628264
0.4519531250000000 0.5400904748509509
0.4520312500000000 0.5400973965952178
0.4521093750000000 0.5401043140702023
0.4521875000000000 0.5401112358132041
0.4522656250000000 0.5401181532749848
0.4523437500000000 0.5401250750167778
0.4524218750000000 0.5401319924652941
0.4525000000000000 0.5401389142059352
0.4525781250000000 0.5401458316411235
0.4526562500000000 0.5401527533806715
0.4527343750000000 0.5401596708024670
0.4528125000000000 0.5401665925409816
0.4528906250000000 0.5401735099493191
0.4529687500000000 0.5401804316868614
0.4530468750000000 0.5401873490816730
0.4531250000000000 0.5401942708183058
0.4532031250000000 0.5402011881995237
0.4532812500000000 0.5402081099353099
0.4533593750000000 0.5402150273028655
0.4534375000000000 0.5402219490378686
0.4535156250000000 0.5402288663916921
0.4535937500000000 0.5402357881259771
0.4536718750000000 0.5402427054659982
0.4537500000000000 0.5402496271996312
0.4538281250000000 0.5402565445257768
0.4539062500000000 0.5402634662588240
0.4539843750000000 0.5402703835710240
0.4540625000000000 0.5402773053035539
0.4541406250000000 0.5402842226017321
0.4542187500000000 0.5402911443338138
0.4542968750000000 0.5402980616178962
0.4543750000000000 0.5403049833495998
0.4544531250000000 0.5403119006195087
0.4545312500000000 0.5403188223509079
0.4546093750000000 0.5403257396065656
0.4546875000000000 0.5403326613377318
0.4547656250000000 0.5403395785790607
0.4548437500000000 0.5403465003100670
0.4549218750000000 0.5403534175369884
0.4550000000000000 0.5403603392679094
0.4550781250000000 0.5403672564803412
0.4551562500000000 0.5403741782112538
0.4552343750000000 0.5403810954091151
0.4553125000000000 0.5403880171400967
0.4553906250000000 0.5403949343233015
0.4554687500000000 0.5404018560544310
0.4555468750000000 0.5404087732228965
0.4556250000000000 0.5404156949542541
0.4557031250000000 0.5404226121078943
0.4557812500000000 0.5404295338395601
0.4558593750000000 0.5404364509782890
0.4559375000000000 0.5404433727103445
0.4560156250000000 0.5404502898340738
0.4560937500000000 0.5404572115666020
0.4561718750000000 0.5404641286752427
0.4562500000000000 0.5404710504083282
0.4563281250000000 0.5404779675017909
0.4564062500000000 0.5404848892355195
0.4564843750000000 0.5404918063137113
0.4565625000000000 0.5404987280481699
0.4566406250000000 0.5405056451109983
0.4567187500000000 0.5405125668462750
0.4567968750000000 0.5405194838936461
0.4568750000000000 0.5405264056298303
0.4569531250000000 0.5405333226616496
0.4570312500000000 0.5405402443988306
0.4571093750000000 0.5405471614150005
0.4571875000000000 0.5405540831532717
0.4572656250000000 0.5405610001536955
0.4573437500000000 0.5405679218931474
0.4574218750000000 0.5405748388777259
0.4575000000000000 0.5405817606184559
0.4575781250000000 0.5405886775870883
0.4576562500000000 0.5405955993291899
0.4577343750000000 0.5406025162817746
0.4578125000000000 0.5406094380253462
0.4578906250000000 0.5406163549617804
0.4579687500000000 0.5406232767069193
0.4580468750000000 0.5406301936270981
0.4581250000000000 0.5406371153739049
0.4582031250000000 0.5406440322777240
0.4582812500000000 0.5406509540262984
0.4583593750000000 0.5406578709136490
0.4584375000000000 0.5406647926640951
0.4585156250000000 0.5406717095348696
0.4585937500000000 0.5406786312872899
0.4586718750000000 0.5406855481413794
0.4587500000000000 0.5406924698958775
0.4588281250000000 0.5406993867331717
0.4589062500000000 0.5407063084898550
0.4589843750000000 0.5407132253102414
0.4590625000000000 0.5407201470692165
0.4591406250000000 0.5407270638725803
0.4592187500000000 0.5407339856339578
0.4592968750000000 0.5407409024201852
0.4593750000000000 0.5407478241840735
0.4594531250000000 0.5407547409530482
0.4595312500000000 0.5407616627195606
0.4596093750000000 0.5407685794711631
0.4596875000000000 0.5407755012404127
0.4597656250000000 0.5407824179745256
0.4598437500000000 0.5407893397466257
0.4599218750000000 0.5407962564631283
0.4600000000000000 0.5408031782381957
0.4600781250000000 0.5408100949369646
0.4601562500000000 0.5408170167151171
0.4602343750000000 0.5408239333960301
0.4603125000000000 0.5408308551773857
0.4603906250000000 0.5408377718403182
0.4604687500000000 0.5408446936249968
0.4605468750000000 0.5408516102698216
0.4606250000000000 0.5408585320579454
0.4607031250000000 0.5408654486845359
0.4607812500000000 0.5408723704762270
0.4608593750000000 0.5408792870844543
0.4609375000000000 0.5408862088798375
0.4610156250000000 0.5408931254695697
0.4610937500000000 0.5409000472687718
0.4611718750000000 0.5409069638398778
0.4612500000000000 0.5409138856430261
0.4613281250000000 0.5409208021953720
0.4614062500000000 0.5409277240025941
0.4614843750000000 0.5409346405360450
0.4615625000000000 0.5409415623474719
0.4616406250000000 0.5409484788618922
0.4617187500000000 0.5409554006776566
0.4617968750000000 0.5409623171729075
0.4618750000000000 0.5409692389931415
0.4619531250000000 0.5409761554690834
0.4620312500000000 0.5409830772939221
0.4621093750000000 0.5409899937504150
0.4621875000000000 0.5409969155799944
0.4622656250000000 0.5410038320168957
0.4623437500000000 0.5410107538513549
0.4624218750000000 0.5410176702685195
0.4625000000000000 0.5410245921079968
0.4625781250000000 0.5410315085052801
0.4626562500000000 0.5410384303499174
0.4627343750000000 0.5410453467271719
0.4628125000000000 0.5410522685771106
0.4628906250000000 0.5410591849341887
0.4629687500000000 0.5410661067895719
0.4630468750000000 0.5410730231263228
0.4631250000000000 0.5410799449872976
0.4632031250000000 0.5410868613035711
0.4632812500000000 0.5410937831702832
0.4633593750000000 0.5411006994659247
0.4634375000000000 0.5411076213385242
0.4635156250000000 0.5411145376133789
0.4635937500000000 0.5411214594920150
0.4636718750000000 0.5411283757459269
0.4637500000000000 0.5411352976307519
0.4638281250000000 0.5411422138635629
0.4639062500000000 0.5411491357547287
0.4639843750000000 0.5411560519662811
0.4640625000000000 0.5411629738639427
0.4641406250000000 0.5411698900540745
0.4642187500000000 0.5411768119583892
0.4642968750000000 0.5411837281269377
0.4643750000000000 0.5411906500380622
0.4644531250000000 0.5411975661848646
0.4645312500000000 0.5412044881029577
0.4646093750000000 0.5412114042278492
0.4646875000000000 0.5412183261530719
0.4647656250000000 0.5412252422558844
0.4648437500000000 0.5412321641883995
0.4649218750000000 0.5412390802689653
0.4650000000000000 0.5412460022089364
0.4650781250000000 0.5412529182670852
0.4651562500000000 0.5412598402146763
0.4652343750000000 0.5412667562502371
0.4653125000000000 0.5412736782056171
0.4653906250000000 0.5412805942184166
0.4654687500000000 0.5412875161817532
0.4655468750000000 0.5412944321716164
0.4656250000000000 0.5413013541430792
0.4657031250000000 0.5413082701098295
0.4657812500000000 0.5413151920895916
0.4658593750000000 0.5413221080330523
0.4659375000000000 0.5413290300212856
0.4660156250000000 0.5413359459412753
0.4660937500000000 0.5413428679381567
0.4661718750000000 0.5413497838344951
0.4662500000000000 0.5413567058402005
0.4663281250000000 0.5413636217127042
0.4664062500000000 0.5413705437274116
0.4664843750000000 0.5413774595758977
0.4665625000000000 0.5413843815997853
0.4666406250000000 0.5413912974240687
0.4667187500000000 0.5413982194573174
0.4667968750000000 0.5414051352572115
0.4668750000000000 0.5414120573000047
0.4669531250000000 0.5414189730753178
0.4670312500000000 0.5414258951278409
0.4671093750000000 0.5414328108783832
0.4671875000000000 0.5414397329408221
0.4672656250000000 0.5414466486664020
0.4673437500000000 0.5414535707389426
0.4674218750000000 0.5414604864393681
0.4675000000000000 0.5414674085221995
0.4675781250000000 0.5414743241972734
0.4676562500000000 0.5414812462905876
0.4677343750000000 0.5414881619401137
0.4678125000000000 0.5414950840441024
0.4678906250000000 0.5415019996678819
0.4679687500000000 0.5415089217827386
0.4680468750000000 0.5415158373805725
0.4681250000000000 0.5415227595064920
0.4682031250000000 0.5415296750781787
0.4682812500000000 0.5415365972153595
0.4683593750000000 0.5415435127606946
0.4684375000000000 0.5415504349093337
0.4685156250000000 0.5415573504281135
0.4685937500000000 0.5415642725884128
0.4686718750000000 0.5415711880804300
0.4687500000000000 0.5415781102525897
0.4688281250000000 0.5415850257176380
0.4689062500000000 0.5415919479018620
0.4689843750000000 0.5415988633397300
0.4690625000000000 0.5416057855362243
0.4691406250000000 0.5416127009467020
0.4692187500000000 0.5416196231556718
0.4692968750000000 0.5416265385385455
0.4693750000000000 0.5416334607602002
0.4694531250000000 0.5416403761152553
0.4695312500000000 0.5416472983498042
0.4696093750000000 0.5416542136768266
0.4696875000000000 0.5416611359244807
0.4697656250000000 0.5416680512232507
0.4698437500000000 0.5416749734842248
0.4699218750000000 0.5416818887545224
0.4700000000000000 0.5416888110290313
0.4700781250000000 0.5416957262706364
0.4701562500000000 0.5417026485588951
0.4702343750000000 0.5417095637715845
0.4703125000000000 0.5417164860738132
0.4703906250000000 0.5417234012573628
0.4704687500000000 0.5417303235737809
0.4705468750000000 0.5417372387279632
0.4706250000000000 0.5417441610587921
0.4707031250000000 0.5417510761833813
0.4707812500000000 0.5417579985288433
0.4708593750000000 0.5417649136236103
0.4709375000000000 0.5417718359839293
0.4710156250000000 0.5417787510486430
0.4710937500000000 0.5417856734240473
0.4711718750000000 0.5417925884584728
0.4712500000000000 0.5417995108491912
0.4713281250000000 0.5418064258530960
0.4714062500000000 0.5418133482593566
0.4714843750000000 0.5418202632325040
0.4715625000000000 0.5418271856545399
0.4716406250000000 0.5418341005966916
0.4717187500000000 0.5418410230347356
0.4717968750000000 0.5418479379456519
0.4718750000000000 0.5418548603999404
0.4719531250000000 0.5418617752793788
0.4720312500000000 0.5418686977501480
0.4721093750000000 0.5418756125978670
0.4721875000000000 0.5418825350853548
0.4722656250000000 0.5418894499011090
0.4723437500000000 0.5418963724055575
0.4724218750000000 0.5419032871890992
0.4725000000000000 0.5419102097107488
0.4725781250000000 0.5419171244618308
0.4726562500000000 0.5419240470009269
0.4727343750000000 0.5419309617192990
0.4728125000000000 0.5419378842760861
0.4728906250000000 0.5419447989614953
0.4729687500000000 0.5419517215362216
0.4730468750000000 0.5419586361884156
0.4731250000000000 0.5419655587813302
0.4732031250000000 0.5419724734000517
0.4732812500000000 0.5419793960114065
0.4733593750000000 0.5419863105963982
0.4734375000000000 0.5419932332264465
0.4735156250000000 0.5420001477774485
0.4735937500000000 0.5420070704264450
0.4736718750000000 0.5420139849431970
0.4737500000000000 0.5420209076113982
0.4738281250000000 0.5420278220936361
0.4739062500000000 0.5420347447813023
0.4739843750000000 0.5420416592287609
0.4740625000000000 0.5420485819361514
0.4741406250000000 0.5420554963485649
0.4742187500000000 0.5420624190759408
0.4742968750000000 0.5420693334530406
0.4743750000000000 0.5420762562006677
0.4744531250000000 0.5420831705421828
0.4745312500000000 0.5420900933103263
0.4746093750000000 0.5420970076159843
0.4746875000000000 0.5421039304049137
0.4747656250000000 0.5421108446744390
0.4748437500000000 0.5421177674844233
0.4749218750000000 0.5421246817175416
0.4750000000000000 0.5421316045488517
0.4750781250000000 0.5421385187452848
0.4751562500000000 0.5421454415981961
0.4752343750000000 0.5421523557576621
0.4753125000000000 0.5421592786324502
0.4753906250000000 0.5421661927546663
0.4754687500000000 0.5421731156516099
0.4755468750000000 0.5421800297362936
0.4756250000000000 0.5421869526556713
0.4757031250000000 0.5421938667025363
0.4757812500000000 0.5422007896446281
0.4758593750000000 0.5422077036533879
0.4759375000000000 0.5422146266184782
0.4760156250000000 0.5422215405888411
0.4760937500000000 0.5422284635772160
0.4761718750000000 0.5422353775088914
0.4762500000000000 0.5422423005208382
0.4763281250000000 0.5422492144135306
0.4764062500000000 0.5422561374493391
0.4764843750000000 0.5422630513027535
0.4765625000000000 0.5422699743627148
0.4766406250000000 0.5422768881765544
0.4767187500000000 0.5422838112609604
0.4767968750000000 0.5422907250349258
0.4768750000000000 0.5422976481440718
0.4769531250000000 0.5423045618778617
0.4770312500000000 0.5423114850120458
0.4771093750000000 0.5423183987053548
0.4771875000000000 0.5423253218648759
0.4772656250000000 0.5423322355173991
0.4773437500000000 0.5423391587025593
0.4774218750000000 0.5423460723139897
0.4775000000000000 0.5423529955250916
0.4775781250000000 0.5423599090951187
0.4776562500000000 0.5423668323324673
0.4777343750000000 0.5423737458607798
0.4778125000000000 0.5423806691246816
0.4778906250000000 0.5423875826109679
0.4779687500000000 0.5423945059017322
0.4780468750000000 0.5424014193456753
0.4781250000000000 0.5424083426636118
0.4782031250000000 0.5424152560648958
0.4782812500000000 0.5424221794103198
0.4783593750000000 0.5424290927686235
0.4784375000000000 0.5424360161418482
0.4785156250000000 0.5424429294568516
0.4785937500000000 0.5424498528581948
0.4786718750000000 0.5424567661295739
0.4787500000000000 0.5424636895593529
0.4788281250000000 0.5424706027867848
0.4789062500000000 0.5424775262453214
0.4789843750000000 0.5424844394284762
0.4790625000000000 0.5424913629160921
0.4791406250000000 0.5424982760546436
0.4792187500000000 0.5425051995716624
0.4792968750000000 0.5425121126652791
0.4793750000000000 0.5425190362120295
0.4794531250000000 0.5425259492603776
0.4795312500000000 0.5425328728371867
0.4796093750000000 0.5425397858399317
0.4796875000000000 0.5425467094471297
0.4797656250000000 0.5425536224039360
0.4798437500000000 0.5425605460418543
0.4799218750000000 0.5425674589523836
0.4800000000000000 0.5425743826213573
0.4800781250000000 0.5425812954852679
0.4801562500000000 0.5425882191856329
0.4802343750000000 0.5425951320025830
0.4803125000000000 0.5426020557346776
0.4803906250000000 0.5426089685043222
0.4804687500000000 0.5426158922684848
0.4805468750000000 0.5426228049904805
0.4806250000000000 0.5426297287870517
0.4807031250000000 0.5426366414610501
0.4807812500000000 0.5426435652903745
0.4808593750000000 0.5426504779160245
0.4809375000000000 0.5426574017784472
0.4810156250000000 0.5426643143553982
0.4810937500000000 0.5426712382512668
0.4811718750000000 0.5426781507791641
0.4812500000000000 0.5426850747088278
0.4813281250000000 0.5426919871873178
0.4814062500000000 0.5426989111511253
0.4814843750000000 0.5427058235798503
0.4815625000000000 0.5427127475781568
0.4816406250000000 0.5427196599567562
0.4817187500000000 0.5427265839899154
0.4817968750000000 0.5427334963180300
0.4818750000000000 0.5427404203863981
0.4819531250000000 0.5427473326636646
0.4820312500000000 0.5427542567675996
0.4821093750000000 0.5427611689936545
0.4821875000000000 0.5427680931335159
0.4822656250000000 0.5427750053079929
0.4823437500000000 0.5427819294841417
0.4824218750000000 0.5427888416066732
0.4825000000000000 0.5427957658194732
0.4825781250000000 0.5428026778896904
0.4826562500000000 0.5428096021395058
0.4827343750000000 0.5428165141570375
0.4828125000000000 0.5428234384442345
0.4828906250000000 0.5428303504087082
0.4829687500000000 0.5428372747336552
0.4830468750000000 0.5428441866446949
0.4831250000000000 0.5428511110077635
0.4832031250000000 0.5428580228649925
0.4832812500000000 0.5428649472665547
0.4833593750000000 0.5428718590695955
0.4834375000000000 0.5428787835100231
0.4835156250000000 0.5428856952584969
0.4835937500000000 0.5428926197381660
0.4836718750000000 0.5428995314316906
0.4837500000000000 0.5429064559509774
0.4838281250000000 0.5429133675891706
0.4839062500000000 0.5429202921484532
0.4839843750000000 0.5429272037309285
0.4840625000000000 0.5429341283305896
0.4841406250000000 0.5429410398569613
0.4842187500000000 0.5429479644973809
0.4842968750000000 0.5429548759672606
0.4843750000000000 0.5429618006488229
0.4844531250000000 0.5429687120618225
0.4845312500000000 0.5429756367849106
0.4846093750000000 0.5429825481406371
0.4846875000000000 0.5429894729056411
0.4847656250000000 0.5429963842037008
0.4848437500000000 0.5430033090110078
0.4849218750000000 0.5430102202510072
0.4850000000000000 0.5430171451010065
0.4850781250000000 0.5430240562825501
0.4851562500000000 0.5430309811756326
0.4852343750000000 0.5430378922983222
0.4853125000000000 0.5430448172348821
0.4853906250000000 0.5430517282983180
0.4854687500000000 0.5430586532787505
0.4855468750000000 0.5430655642825323
0.4856250000000000 0.5430724893072312
0.4857031250000000 0.5430794002509572
0.4857812500000000 0.5430863253203214
0.4858593750000000 0.5430932362035880
0.4859375000000000 0.5431001613180160
0.4860156250000000 0.5431070721404172
0.4860937500000000 0.5431139973003107
0.4861718750000000 0.5431209080614405
0.4862500000000000 0.5431278332672000
0.4863281250000000 0.5431347439666492
0.4864062500000000 0.5431416692186797
0.4864843750000000 0.5431485798560391
0.4865625000000000 0.5431555051547453
0.4866406250000000 0.5431624157296037
0.4867187500000000 0.5431693410753915
0.4867968750000000 0.5431762515873361
0.4868750000000000 0.5431831769806144
0.4869531250000000 0.5431900874292308
0.4870312500000000 0.5431970128704092
0.4871093750000000 0.5432039232552811
0.4871875000000000 0.5432108487447705
0.4872656250000000 0.5432177590654810
0.4873437500000000 0.5432246846036951
0.4874218750000000 0.5432315948598246
0.4875000000000000 0.5432385204471762
0.4875781250000000 0.5432454306383059
0.4876562500000000 0.5432523562752102
0.4877343750000000 0.5432592664009190
0.4878125000000000 0.5432661920877924
0.4878906250000000 0.5432731021476566
0.4879687500000000 0.5432800278849185
0.4880468750000000 0.5432869378785139
0.4881250000000000 0.5432938636665828
0.4882031250000000 0.5433007735934842
0.4882812500000000 0.5433076994327809
0.4883593750000000 0.5433146092925613
0.4884375000000000 0.5433215351835083
0.4885156250000000 0.5433284449757400
0.4885937500000000 0.5433353709187592
0.4886718750000000 0.5433422806430139
0.4887500000000000 0.5433492066385304
0.4888281250000000 0.5433561162943755
0.4889062500000000 0.5433630423428164
0.4889843750000000 0.5433699519298198
0.4890625000000000 0.5433768780316122
0.4891406250000000 0.5433837875493414
0.4892187500000000 0.5433907137049134
0.4892968750000000 0.5433976231529326
0.4893750000000000 0.5434045493627148
0.4894531250000000 0.5434114587405893
0.4895312500000000 0.5434183850050130
0.4896093750000000 0.5434252943123032
0.4896875000000000 0.5434322206318011
0.4897656250000000 0.5434391298680709
0.4898437500000000 0.5434460562430753
0.4899218750000000 0.5434529654078842
0.4900000000000000 0.5434598918388311
0.4900781250000000 0.5434668009317365
0.4901562500000000 0.5434737274190635
0.4902343750000000 0.5434806364396250
0.4903125000000000 0.5434875629837670
0.4903906250000000 0.5434944719315417
0.4904687500000000 0.5435013985329371
0.4905468750000000 0.5435083074074801
0.4906250000000000 0.5435152340665687
0.4907031250000000 0.5435221428674354
0.4907812500000000 0.5435290695846570
0.4908593750000000 0.5435359783114010
0.4909375000000000 0.5435429050871984
0.4910156250000000 0.5435498137393704
0.4910937500000000 0.5435567405741875
0.4911718750000000 0.5435636491513383
0.4912500000000000 0.5435705760456179
0.4913281250000000 0.5435774845472986
0.4914062500000000 0.5435844115014857
0.4914843750000000 0.5435913199272455
0.4915625000000000 0.5435982469417863
0.4916406250000000 0.5436051552911730
0.4917187500000000 0.5436120823665147
0.4917968750000000 0.5436189906390738
0.4918750000000000 0.5436259177756664
0.4919531250000000 0.5436328259709441
0.4920312500000000 0.5436397531692345
0.4921093750000000 0.5436466612867763
0.4921875000000000 0.5436535885472170
0.4922656250000000 0.5436604965865660
0.4923437500000000 0.5436674239096067
0.4924218750000000 0.5436743318703061
0.4925000000000000 0.5436812592563994
0.4925781250000000 0.5436881671379908
0.4926562500000000 0.5436950945875907
0.4927343750000000 0.5437020023896144
0.4928125000000000 0.5437089299031743
0.4928906250000000 0.5437158376251715
0.4929687500000000 0.5437227652031462
0.4930468750000000 0.5437296728446549
0.4931250000000000 0.5437366004875022
0.4932031250000000 0.5437435080480599
0.4932812500000000 0.5437504357562355
0.4933593750000000 0.5437573432353802
0.4934375000000000 0.5437642710093414
0.4935156250000000 0.5437711784066105
0.4935937500000000 0.5437781062468168
0.4936718750000000 0.5437850135617444
0.4937500000000000 0.5437919414686536
0.4938281250000000 0.5437988487007760
0.4939062500000000 0.5438057766748482
0.4939843750000000 0.5438126838237003
0.4940625000000000 0.5438196118653967
0.4941406250000000 0.5438265189305104
0.4942187500000000 0.5438334470402931
0.4942968750000000 0.5438403540212007
0.4943750000000000 0.5438472821995323
0.4944531250000000 0.5438541890957657
0.4945312500000000 0.5438611173431088
0.4946093750000000 0.5438680241541995
0.4946875000000000 0.5438749524710181
0.4947656250000000 0.5438818591964959
0.4948437500000000 0.5438887875832551
0.4949218750000000 0.5438956942226501
0.4950000000000000 0.5439026226798147
0.4950781250000000 0.5439095292326550
0.4951562500000000 0.5439164577606914
0.4952343750000000 0.5439233642265060
0.4953125000000000 0.5439302928258801
0.4953906250000000 0.5439371992041978
0.4954687500000000 0.5439441278753764
0.4955468750000000 0.5439510341657228
0.4956250000000000 0.5439579629091741
0.4957031250000000 0.5439648691110762
0.4957812500000000 0.5439717979272686
0.4958593750000000 0.5439787040402526
0.4959375000000000 0.5439856329296542
0.4960156250000000 0.5439925389532477
0.4960937500000000 0.5439994679163267
0.4961718750000000 0.5440063738500526
0.4962500000000000 0.5440133028872801
0.4963281250000000 0.5440202087306634
0.4964062500000000 0.5440271378425091
0.4964843750000000 0.5440340435950746
0.4965625000000000 0.5440409727820091
0.4966406250000000 0.5440478784432802
0.4967187500000000 0.5440548077057742
0.4967968750000000 0.5440617132752741
0.4968750000000000 0.5440686426138005
0.4969531250000000 0.5440755480910520
0.4970312500000000 0.5440824775060805
0.4971093750000000 0.5440893828906073
0.4971875000000000 0.5440963123826107
0.4972656250000000 0.5441032176739344
0.4973437500000000 0.5441101472433847
0.4974218750000000 0.5441170524410278
0.4975000000000000 0.5441239820883988
0.4975781250000000 0.5441308871918814
0.4976562500000000 0.5441378169176457
0.4977343750000000 0.5441447219264913
0.4978125000000000 0.5441516517311209
0.4978906250000000 0.5441585566448497
0.4979687500000000 0.5441654865288205
0.4980468750000000 0.5441723913469523
0.4981250000000000 0.5441793213107361
0.4982031250000000 0.5441862260327933
0.4982812500000000 0.5441931560768648
0.4983593750000000 0.5442000607023683
0.4984375000000000 0.5442069908272006
0.4985156250000000 0.5442138953556704
0.4985937500000000 0.5442208255617380
0.4986718750000000 0.5442277299926941
0.4987500000000000 0.5442346602804706
0.4988281250000000 0.5442415646134340
0.4989062500000000 0.5442484949833958
0.4989843750000000 0.5442553992178853
0.4990625000000000 0.5442623296705045
0.4991406250000000 0.5442692338060416
0.4992187500000000 0.5442761643417939
0.4992968750000000 0.5442830683778983
0.4993750000000000 0.5442899989972591
0.4994531250000000 0.5442969029334487
0.4995312500000000 0.5443038336368915
0.4996093750000000 0.5443107374726892
0.4996875000000000 0.5443176682606885
0.4997656250000000 0.5443245719956135
0.4998437500000000 0.5443315028686426
0.4999218750000000 0.5443384065022162
0.5000000000000000 0.5443453374607495
0.5000781250000000 0.5443522409924910
0.5001562500000000 0.5443591720370037
0.5002343750000000 0.5443660754664340
0.5003125000000000 0.5443730065973993
0.5003906250000000 0.5443799099240393
0.5004687500000000 0.5443868411419307
0.5005468750000001 0.5443937443653017
0.5006250000000000 0.5444006756705917
0.5007031250000000 0.5444075787902154
0.5007812500000000 0.5444145101833779
0.5008593750000000 0.5444214131987750
0.5009375000000000 0.5444283446802838
0.5010156250000000 0.5444352475909751
0.5010937500000000 0.5444421791613029
0.5011718750000000 0.5444490819668116
0.5012500000000000 0.5444560136264295
0.5013281250000000 0.5444629163262780
0.5014062500000001 0.5444698480756581
0.5014843750000000 0.5444767506693702
0.5015625000000000 0.5444836825089842
0.5016406250000001 0.5444905849960813
0.5017187500000000 0.5444975169264005
0.5017968750000000 0.5445044193064073
0.5018750000000000 0.5445113513279030
0.5019531250000000 0.5445182536003423
0.5020312500000000 0.5445251857134843
0.5021093750000000 0.5445320878778819
0.5021875000000000 0.5445390200831399
0.5022656250000000 0.5445459221390208
0.5023437500000000 0.5445528544368622
0.5024218750000000 0.5445597563837525
0.5025000000000001 0.5445666887746485
0.5025781250000000 0.5445735906120736
0.5026562500000000 0.5445805230964902
0.5027343750000000 0.5445874248239768
0.5028125000000000 0.5445943574023835
0.5028906250000000 0.5446012590194600
0.5029687500000000 0.5446081916923200
0.5030468750000000 0.5446150931985163
0.5031250000000000 0.5446220259662981
0.5032031250000000 0.5446289273611402
0.5032812500000000 0.5446358602243085
0.5033593750000001 0.5446427615073263
0.5034375000000000 0.5446496944663466
0.5035156250000000 0.5446565956370711
0.5035937500000001 0.5446635286924058
0.5036718750000000 0.5446704297503692
0.5037500000000000 0.5446773629024809
0.5038281250000000 0.5446842638472144
0.5039062500000000 0.5446911970965659
0.5039843750000000 0.5446980979276020
0.5040625000000000 0.5447050312746554
0.5041406250000000 0.5447119319915285
0.5042187500000000 0.5447188654367429
0.5042968750000000 0.5447257660389869
0.5043750000000000 0.5447326995828226
0.5044531250000001 0.5447396000699731
0.5045312500000000 0.5447465337128876
0.5046093750000000 0.5447534340844826
0.5046875000000000 0.5447603678269335
0.5047656250000000 0.5447672680825083
0.5048437500000000 0.5447742019249545
0.5049218750000000 0.5447811020640481
0.5050000000000000 0.5447880360069425
0.5050781250000000 0.5447949360290955
0.5051562500000000 0.5448018700728928
0.5052343750000000 0.5448087699776465
0.5053125000000001 0.5448157041227984
0.5053906250000000 0.5448226039096957
0.5054687500000000 0.5448295381566557
0.5055468750000001 0.5448364378252375
0.5056250000000000 0.5448433721744571
0.5057031250000000 0.5448502717242681
0.5057812500000000 0.5448572061761956
0.5058593750000000 0.5448641056067816
0.5059375000000000 0.5448710401618679
0.5060156250000000 0.5448779394727740
0.5060937500000000 0.5448848741314641
0.5061718750000000 0.5448917733222405
0.5062500000000000 0.5448987080849802
0.5063281250000000 0.5449056071551754
0.5064062500000001 0.5449125420224108
0.5064843750000000 0.5449194409715744
0.5065625000000000 0.5449263759437486
0.5066406250000000 0.5449332747714337
0.5067187500000000 0.5449402098489873
0.5067968750000000 0.5449471085547484
0.5068750000000000 0.5449540437381210
0.5069531250000000 0.5449609423215116
0.5070312500000000 0.5449678776111424
0.5071093750000000 0.5449747760717212
0.5071875000000000 0.5449817114680474
0.5072656250000001 0.5449886098053712
0.5073437500000000 0.5449955453088283
0.5074218750000000 0.5450024435224572
0.5075000000000001 0.5450093791334792
0.5075781250000000 0.5450162772229737
0.5076562500000000 0.5450232129419939
0.5077343750000000 0.5450301109069174
0.5078125000000000 0.5450370467343659
0.5078906250000000 0.5450439445742833
0.5079687500000000 0.5450508805105895
0.5080468750000000 0.5450577782250658
0.5081250000000000 0.5450647142706569
0.5082031250000000 0.5450716118592613
0.5082812500000000 0.5450785480145628
0.5083593750000001 0.5450854454768651
0.5084375000000000 0.5450923817423026
0.5085156250000000 0.5450992790778723
0.5085937500000000 0.5451062154538663
0.5086718750000000 0.5451131126622786
0.5087500000000000 0.5451200491492493
0.5088281250000000 0.5451269462300796
0.5089062500000000 0.5451338828284445
0.5089843750000000 0.5451407797812704
0.5090625000000000 0.5451477164914469
0.5091406250000000 0.5451546133158465
0.5092187500000001 0.5451615501382485
0.5092968750000000 0.5451684468338031
0.5093750000000000 0.5451753837688447
0.5094531250000001 0.5451822803351366
0.5095312500000000 0.5451892173832271
0.5096093750000000 0.5451961138198420
0.5096875000000000 0.5452030509813905
0.5097656250000000 0.5452099472879145
0.5098437500000000 0.5452168845633271
0.5099218750000000 0.5452237807393512
0.5100000000000000 0.5452307181290311
0.5100781250000000 0.5452376141741458
0.5101562500000000 0.5452445516784967
0.5102343750000000 0.5452514475922948
0.5103125000000001 0.5452583852117147
0.5103906250000000 0.5452652809937949
0.5104687500000000 0.5452722187286813
0.5105468750000000 0.5452791143786402
0.5106250000000000 0.5452860522293884
0.5107031250000000 0.5452929477468259
0.5107812500000000 0.5452998857138305
0.5108593750000000 0.5453067810983494
0.5109375000000000 0.5453137191819998
0.5110156250000000 0.5453206144332053
0.5110937500000000 0.5453275526338894
0.5111718750000001 0.5453344477513894
0.5112500000000000 0.5453413860694935
0.5113281250000000 0.5453482810528980
0.5114062500000001 0.5453552194888064
0.5114843750000000 0.5453621143377264
0.5115625000000000 0.5453690528918193
0.5116406250000000 0.5453759476058710
0.5117187500000000 0.5453828862785264
0.5117968750000000 0.5453897808573263
0.5118750000000000 0.5453967196489202
0.5119531250000000 0.5454036140920886
0.5120312500000000 0.5454105530029957
0.5121093750000000 0.5454174473101555
0.5121875000000000 0.5454243863407435
0.5122656250000001 0.5454312805115200
0.5123437500000000 0.5454382196621591
0.5124218750000000 0.5454451136961793
0.5125000000000000 0.5454520529672350
0.5125781250000000 0.5454589468641284
0.5126562500000000 0.5454658862559639
0.5127343750000000 0.5454727800153649
0.5128125000000000 0.5454797195283391
0.5128906250000000 0.5454866131498839
0.5129687500000000 0.5454935527843537
0.5130468750000000 0.5455004462676811
0.5131250000000001 0.5455073860240008
0.5132031250000000 0.5455142793687525
0.5132812500000000 0.5455212192472740
0.5133593750000001 0.5455281124530941
0.5134375000000000 0.5455350524541659
0.5135156250000000 0.5455419455207018
0.5135937500000000 0.5455488856446691
0.5136718750000000 0.5455557785715719
0.5137500000000000 0.5455627188187779
0.5138281250000000 0.5455696116056993
0.5139062500000000 0.5455765519764828
0.5139843750000000 0.5455834446230818
0.5140625000000000 0.5455903851177794
0.5141406250000000 0.5455972776237152
0.5142187500000001 0.5456042182426595
0.5142968750000000 0.5456111106075926
0.5143750000000000 0.5456180513511167
0.5144531250000000 0.5456249435747141
0.5145312500000000 0.5456318844431436
0.5146093750000000 0.5456387765250731
0.5146875000000000 0.5456457175187334
0.5147656250000000 0.5456526094586671
0.5148437500000000 0.5456595505778777
0.5149218750000000 0.5456664423754919
0.5150000000000000 0.5456733836205707
0.5150781250000001 0.5456802752755426
0.5151562500000000 0.5456872166468041
0.5152343750000000 0.5456941081588176
0.5153125000000001 0.5457010496565727
0.5153906250000000 0.5457079410253106
0.5154687500000000 0.5457148826498679
0.5155468750000000 0.5457217738750195
0.5156250000000000 0.5457287156266825
0.5157031250000000 0.5457356067079395
0.5157812500000000 0.5457425485870092
0.5158593750000000 0.5457494395240672
0.5159375000000000 0.5457563815308416
0.5160156250000000 0.5457632723233994
0.5160937500000000 0.5457702144581702
0.5161718750000001 0.5457771051059317
0.5162500000000000 0.5457840473689922
0.5163281250000000 0.5457909378716607
0.5164062500000000 0.5457978802632962
0.5164843750000000 0.5458047706205821
0.5165625000000000 0.5458117131410762
0.5166406250000000 0.5458186033526935
0.5167187500000000 0.5458255460023244
0.5167968750000000 0.5458324360679904
0.5168750000000000 0.5458393788470337
0.5169531250000000 0.5458462687664679
0.5170312500000001 0.5458532116751986
0.5171093750000000 0.5458601014481244
0.5171875000000000 0.5458670444868101
0.5172656250000001 0.5458739341129550
0.5173437500000000 0.5458808772818615
0.5174218750000000 0.5458877667609567
0.5175000000000000 0.5458947100603437
0.5175781250000000 0.5459015993921246
0.5176562500000000 0.5459085428222507
0.5177343750000000 0.5459154320064573
0.5178125000000000 0.5459223755675754
0.5178906250000000 0.5459292646039493
0.5179687500000000 0.5459362082963103
0.5180468750000000 0.5459430971845987
0.5181250000000001 0.5459500410084460
0.5182031250000000 0.5459569297484005
0.5182812500000000 0.5459638737039777
0.5183593750000000 0.5459707622953511
0.5184375000000000 0.5459777063828960
0.5185156250000000 0.5459845948254494
0.5185937500000000 0.5459915390451950
0.5186718750000000 0.5459984273386889
0.5187500000000000 0.5460053716908648
0.5188281250000000 0.5460122598350683
0.5189062500000000 0.5460192043199000
0.5189843750000001 0.5460260923145830
0.5190625000000000 0.5460330369322917
0.5191406250000000 0.5460399247772302
0.5192187500000001 0.5460468695280337
0.5192968750000000 0.5460537572230051
0.5193750000000000 0.5460607021071175
0.5194531250000000 0.5460675896519069
0.5195312500000000 0.5460745346695354
0.5196093750000000 0.5460814220639301
0.5196875000000000 0.5460883672152794
0.5197656250000000 0.5460952544590709
0.5198437500000000 0.5461021997443433
0.5199218750000000 0.5461090868373284
0.5200000000000000 0.5461160322567177
0.5200781250000001 0.5461229191986970
0.5201562500000000 0.5461298647523966
0.5202343750000000 0.5461367515431738
0.5203125000000000 0.5461436972313715
0.5203906250000000 0.5461505838707560
0.5204687500000000 0.5461575296936338
0.5205468750000000 0.5461644161814403
0.5206250000000000 0.5461713621391773
0.5207031250000000 0.5461782484752236
0.5207812500000000 0.5461851945679927
0.5208593750000000 0.5461920807521020
0.5209375000000001 0.5461990269800743
0.5210156250000000 0.5462059130120724
0.5210937500000000 0.5462128593754122
0.5211718750000001 0.5462197452551312
0.5212500000000000 0.5462266917539993
0.5213281250000000 0.5462335774812761
0.5214062500000000 0.5462405241158297
0.5214843750000000 0.5462474096905042
0.5215625000000000 0.5462543564608923
0.5216406250000000 0.5462612418828107
0.5217187500000000 0.5462681887891813
0.5217968750000000 0.5462750740581936
0.5218750000000000 0.5462820211006885
0.5219531250000000 0.5462889062166500
0.5220312500000001 0.5462958533954064
0.5221093750000000 0.5463027383581740
0.5221875000000000 0.5463096856733259
0.5222656250000000 0.5463165704827662
0.5223437500000000 0.5463235179344407
0.5224218750000000 0.5463304025904205
0.5225000000000000 0.5463373501787424
0.5225781250000000 0.5463442346811359
0.5226562500000000 0.5463511824062233
0.5227343750000000 0.5463580667549077
0.5228125000000000 0.5463650146168736
0.5228906250000001 0.5463718988117350
0.5229687500000000 0.5463788468106865
0.5230468750000000 0.5463857308516131
0.5231250000000001 0.5463926789876552
0.5232031250000000 0.5463995628745384
0.5232812500000000 0.5464065111477705
0.5233593750000000 0.5464133948805090
0.5234375000000000 0.5464203432910243
0.5235156250000000 0.5464272268695218
0.5235937500000000 0.5464341754174099
0.5236718750000000 0.5464410588415726
0.5237500000000000 0.5464480075269179
0.5238281250000000 0.5464548907966594
0.5239062500000000 0.5464618396195408
0.5239843750000001 0.5464687227347793
0.5240625000000000 0.5464756716952709
0.5241406250000000 0.5464825546559289
0.5242187500000000 0.5464895037540987
0.5242968750000000 0.5464963865601062
0.5243750000000000 0.5465033357960183
0.5244531250000000 0.5465102184473052
0.5245312500000000 0.5465171678210202
0.5246093750000000 0.5465240503175266
0.5246875000000000 0.5465309998290975
0.5247656250000000 0.5465378821707647
0.5248437500000001 0.5465448318202398
0.5249218750000000 0.5465517140070192
0.5250000000000000 0.5465586637944412
0.5250781250000001 0.5465655458262854
0.5251562500000000 0.5465724957516923
0.5252343750000000 0.5465793776285607
0.5253125000000000 0.5465863276919863
0.5253906250000000 0.5465932094138420
0.5254687500000000 0.5466001596153126
0.5255468750000000 0.5466070411821268
0.5256250000000000 0.5466139915216659
0.5257031250000000 0.5466208729334129
0.5257812500000000 0.5466278234110356
0.5258593750000000 0.5466347046676961
0.5259375000000001 0.5466416552834154
0.5260156250000000 0.5466485363849745
0.5260937500000000 0.5466554871387965
0.5261718750000000 0.5466623680852442
0.5262500000000000 0.5466693189771699
0.5263281250000000 0.5466761997685033
0.5264062500000000 0.5466831507985296
0.5264843750000000 0.5466900314347484
0.5265625000000000 0.5466969826028631
0.5266406250000000 0.5467038630839771
0.5267187500000000 0.5467108143901671
0.5267968750000001 0.5467176947161861
0.5268750000000000 0.5467246461604298
0.5269531250000000 0.5467315263313741
0.5270312500000001 0.5467384779136453
0.5271093750000000 0.5467453579295362
0.5271875000000000 0.5467523096498034
0.5272656250000000 0.5467591895106709
0.5273437500000000 0.5467661413688970
0.5274218750000000 0.5467730210747753
0.5275000000000000 0.5467799730709172
0.5275781250000000 0.5467868526218460
0.5276562500000000 0.5467938047558563
0.5277343750000000 0.5468006841518811
0.5278125000000000 0.5468076364237050
0.5278906250000001 0.5468145156648774
0.5279687500000000 0.5468214680744561
0.5280468750000000 0.5468283471608331
0.5281250000000000 0.5468352997081002
0.5282031250000000 0.5468421786397435
0.5282812500000000 0.5468491313246300
0.5283593750000000 0.5468560101016074
0.5284375000000000 0.5468629629240361
0.5285156250000000 0.5468698415464220
0.5285937500000000 0.5468767945063120
0.5286718750000000 0.5468836729741832
0.5287500000000001 0.5468906260714478
0.5288281250000000 0.5468975043848895
0.5289062500000000 0.5469044576194355
0.5289843750000001 0.5469113357785387
0.5290625000000000 0.5469182891502655
0.5291406250000000 0.5469251671551278
0.5292187500000000 0.5469321206639307
0.5292968750000000 0.5469389985146529
0.5293750000000000 0.5469459521604235
0.5294531250000000 0.5469528298571134
0.5295312500000000 0.5469597836397335
0.5296093750000000 0.5469666611825043
0.5296875000000000 0.5469736151018538
0.5297656250000000 0.5469804924908253
0.5298437500000001 0.5469874465467759
0.5299218750000000 0.5469943237820722
0.5300000000000000 0.5470012779744903
0.5300781250000000 0.5470081550562419
0.5301562500000000 0.5470151093849899
0.5302343750000000 0.5470219863133337
0.5303125000000000 0.5470289407782645
0.5303906250000000 0.5470358175533441
0.5304687500000000 0.5470427721543074
0.5305468750000000 0.5470496487762696
0.5306250000000000 0.5470566035131098
0.5307031250000001 0.5470634799821077
0.5307812500000000 0.5470704348546631
0.5308593750000000 0.5470773111708565
0.5309375000000001 0.5470842661789579
0.5310156250000000 0.5470911423425139
0.5310937500000000 0.5470980974859875
0.5311718750000000 0.5471049734970755
0.5312500000000000 0.5471119287757412
0.5313281250000000 0.5471188046345412
0.5314062500000000 0.5471257600482127
0.5314843750000000 0.5471326357549054
0.5315625000000000 0.5471395913033921
0.5316406250000000 0.5471464668581680
0.5317187500000000 0.5471534225412713
0.5317968750000001 0.5471602979443249
0.5318750000000000 0.5471672537618421
0.5319531250000000 0.5471741290133749
0.5320312500000000 0.5471810849650963
0.5321093750000000 0.5471879600653143
0.5321875000000000 0.5471949161510241
0.5322656250000000 0.5472017911001408
0.5323437500000000 0.5472087473196177
0.5324218750000000 0.5472156221178517
0.5325000000000000 0.5472225784708692
0.5325781250000000 0.5472294531184448
0.5326562500000001 0.5472364096047696
0.5327343750000000 0.5472432841019168
0.5328125000000000 0.5472502407213096
0.5328906250000001 0.5472571150682664
0.5329687500000000 0.5472640718204820
0.5330468750000000 0.5472709460174902
0.5331250000000000 0.5472779029022770
0.5332031250000000 0.5472847769495849
0.5332812500000000 0.5472917339666880
0.5333593750000000 0.5472986078645494
0.5334375000000000 0.5473055650137049
0.5335156250000000 0.5473124387623790
0.5335937500000000 0.5473193960433196
0.5336718750000000 0.5473262696430732
0.5337500000000001 0.5473332270555232
0.5338281250000000 0.5473401005066287
0.5339062500000000 0.5473470580503080
0.5339843750000001 0.5473539313530436
0.5340625000000000 0.5473608890276643
0.5341406250000000 0.5473677621823151
0.5342187500000000 0.5473747199875845
0.5342968750000000 0.5473815929944396
0.5343750000000000 0.5473885509300602
0.5344531250000000 0.5473954237894143
0.5345312500000000 0.5474023818550828
0.5346093750000001 0.5474092545672385
0.5346875000000000 0.5474162127626429
0.5347656250000000 0.5474230853279084
0.5348437500000001 0.5474300436527326
0.5349218750000000 0.5474369160714220
0.5350000000000000 0.5474438745253443
0.5350781250000000 0.5474507467977764
0.5351562500000000 0.5474577053804660
0.5352343750000000 0.5474645775069686
0.5353125000000000 0.5474715362180931
0.5353906250000000 0.5474784081989973
0.5354687500000000 0.5474853670382157
0.5355468750000000 0.5474922388738587
0.5356250000000000 0.5474991978408242
0.5357031250000001 0.5475060695315509
0.5357812500000000 0.5475130286259114
0.5358593750000000 0.5475199001720715
0.5359375000000001 0.5475268593934686
0.5360156250000000 0.5475337307954166
0.5360937500000000 0.5475406901434868
0.5361718750000000 0.5475475614015840
0.5362500000000000 0.5475545208759585
0.5363281250000000 0.5475613919905726
0.5364062500000000 0.5475683515908735
0.5364843750000000 0.5475752225623789
0.5365625000000001 0.5475821822882249
0.5366406250000000 0.5475890531169988
0.5367187500000000 0.5475960129680028
0.5367968750000001 0.5476028836544327
0.5368750000000000 0.5476098436302004
0.5369531250000000 0.5476167141746759
0.5370312500000000 0.5476236742748067
0.5371093750000000 0.5476305446777263
0.5371875000000000 0.5476375049018158
0.5372656250000000 0.5476443751635808
0.5373437500000000 0.5476513355112178
0.5374218750000000 0.5476582056322379
0.5375000000000000 0.5476651661030042
0.5375781250000000 0.5476720360836934
0.5376562500000001 0.5476789966771677
0.5377343750000000 0.5476858665179459
0.5378125000000000 0.5476928272336983
0.5378906250000001 0.5476996969349924
0.5379687500000000 0.5477066577725888
0.5380468750000000 0.5477135273348306
0.5381250000000000 0.5477204882938291
0.5382031250000000 0.5477273577174578
0.5382812500000000 0.5477343187974117
0.5383593750000000 0.5477411880828701
0.5384375000000000 0.5477481492833294
0.5385156250000001 0.5477550184310670
0.5385937500000000 0.5477619797515705
0.5386718750000000 0.5477688487620447
0.5387500000000001 0.5477758102021293
0.5388281250000000 0.5477826790757999
0.5389062500000000 0.5477896406349962
0.5389843750000000 0.5477965093723323
0.5390625000000000 0.5478034710501634
0.5391406250000000 0.5478103396516362
0.5392187500000000 0.5478173014476213
0.5392968750000000 0.5478241699137104
0.5393750000000000 0.5478311318273632
0.5394531250000000 0.5478380001585524
0.5395312500000000 0.5478449621893795
0.5396093750000001 0.5478518303861586
0.5396875000000000 0.5478587925336618
0.5397656250000000 0.5478656605965264
0.5398437500000001 0.5478726228602019
0.5399218750000000 0.5478794907896541
0.5400000000000000 0.5478864531689915
0.5400781250000000 0.5478933209655381
0.5401562500000000 0.5479002834600217
0.5402343750000000 0.5479071511241769
0.5403125000000000 0.5479141137332846
0.5403906250000000 0.5479209812655659
0.5404687500000001 0.5479279439887729
0.5405468750000000 0.5479348113897038
0.5406250000000000 0.5479417742264748
0.5407031250000001 0.5479486414965861
0.5407812500000000 0.5479556044463865
0.5408593750000000 0.5479624715862117
0.5409375000000000 0.5479694346484968
0.5410156250000000 0.5479763016585769
0.5410937500000000 0.5479832648327972
0.5411718750000000 0.5479901317136803
0.5412500000000000 0.5479970949992808
0.5413281250000000 0.5480039617515170
0.5414062500000000 0.5480109251479381
0.5414843750000000 0.5480177917720852
0.5415625000000001 0.5480247552787620
0.5416406250000000 0.5480316217753822
0.5417187500000000 0.5480385853917429
0.5417968750000001 0.5480454517614058
0.5418750000000000 0.5480524154868730
0.5419531250000000 0.5480592817301514
0.5420312500000000 0.5480662455641444
0.5421093750000000 0.5480731116816181
0.5421875000000000 0.5480800756235480
0.5422656250000000 0.5480869416158011
0.5423437500000000 0.5480939056650763
0.5424218750000001 0.5481007715326985
0.5425000000000000 0.5481077356887211
0.5425781250000000 0.5481146014323076
0.5426562500000001 0.5481215656944733
0.5427343750000000 0.5481284313146249
0.5428125000000000 0.5481353956823264
0.5428906250000000 0.5481422611796486
0.5429687500000000 0.5481492256522696
0.5430468750000000 0.5481560910273737
0.5431250000000000 0.5481630556042971
0.5432031250000000 0.5481699208577990
0.5432812500000000 0.5481768855383997
0.5433593750000000 0.5481837506709202
0.5434375000000000 0.5481907154545697
0.5435156250000001 0.5481975804667362
0.5435937500000000 0.5482045453527974
0.5436718750000000 0.5482114102452423
0.5437500000000001 0.5482183752330770
0.5438281250000000 0.5482252400064367
0.5439062500000000 0.5482322050953978
0.5439843750000000 0.5482390697503152
0.5440625000000000 0.5482460349397535
0.5441406250000000 0.5482528994768758
0.5442187500000000 0.5482598647661360
0.5442968750000000 0.5482667291861147
0.5443750000000001 0.5482736945745366
0.5444531250000000 0.5482805588780288
0.5445312500000000 0.5482875243649479
0.5446093750000001 0.5482943885526151
0.5446875000000000 0.5483013541373607
0.5447656250000000 0.5483082182098710
0.5448437500000000 0.5483151838917678
0.5449218750000000 0.5483220478497919
0.5450000000000000 0.5483290136281612
0.5450781250000000 0.5483358774723771
0.5451562500000000 0.5483428433465328
0.5452343750000000 0.5483497070776214
0.5453125000000000 0.5483566730468737
0.5453906250000000 0.5483635366655224
0.5454687500000001 0.5483705027291776
0.5455468750000000 0.5483773662360770
0.5456250000000000 0.5483843323934353
0.5457031250000001 0.5483911957892814
0.5457812500000000 0.5483981620396396
0.5458593750000000 0.5484050253251326
0.5459375000000000 0.5484119916677814
0.5460156250000000 0.5484188548436274
0.5460937500000000 0.5484258212778549
0.5461718750000000 0.5484326843447628
0.5462500000000000 0.5484396508698501
0.5463281250000001 0.5484465138285350
0.5464062500000000 0.5484534804437602
0.5464843750000000 0.5484603432949414
0.5465625000000001 0.5484673099995776
0.5466406250000000 0.5484741727439777
0.5467187500000000 0.5484811395372938
0.5467968750000000 0.5484880021756411
0.5468750000000000 0.5484949690569005
0.5469531250000000 0.5485018315899288
0.5470312500000000 0.5485087985583907
0.5471093750000000 0.5485156609868362
0.5471875000000000 0.5485226280417574
0.5472656250000000 0.5485294903663617
0.5473437500000000 0.5485364575069922
0.5474218750000001 0.5485433197284998
0.5475000000000000 0.5485502869540850
0.5475781250000000 0.5485571490732479
0.5476562500000001 0.5485641163830318
0.5477343750000000 0.5485709784006031
0.5478125000000000 0.5485779457938225
0.5478906250000000 0.5485848077105615
0.5479687500000000 0.5485917751864506
0.5480468750000000 0.5485986370031194
0.5481250000000000 0.5486056045609077
0.5482031250000000 0.5486124662782726
0.5482812500000001 0.5486194339171878
0.5483593750000000 0.5486262955360179
0.5484375000000000 0.5486332632552819
0.5485156250000001 0.5486401247763536
0.5485937500000000 0.5486470925751811
0.5486718750000000 0.5486539539992740
0.5487500000000000 0.5486609218768799
0.5488281250000000 0.5486677832047759
0.5489062500000000 0.5486747511603698
0.5489843750000000 0.5486816123928564
0.5490625000000000 0.5486885804256438
0.5491406250000000 0.5486954415635116
0.5492187500000000 0.5487024096726941
0.5492968750000000 0.5487092707167357
0.5493750000000001 0.5487162389015139
0.5494531250000000 0.5487230998525279
0.5495312500000000 0.5487300681120949
0.5496093750000001 0.5487369289708832
0.5496875000000000 0.5487438973044295
0.5497656250000000 0.5487507580717977
0.5498437500000000 0.5487577264785112
0.5499218750000000 0.5487645871552680
0.5500000000000000 0.5487715556343318
0.5500781250000000 0.5487784162212902
0.5501562500000000 0.5487853847718842
0.5502343750000001 0.5487922452698601
0.5503125000000000 0.5487992138911614
0.5503906250000000 0.5488060743009752
0.5504687500000001 0.5488130429921552
0.5505468750000000 0.5488199033146295
0.5506250000000000 0.5488268720748580
0.5507031250000000 0.5488337323108208
0.5507812500000000 0.5488407011392651
0.5508593750000000 0.5488475612895446
0.5509375000000000 0.5488545301853653
0.5510156250000000 0.5488613902507973
0.5510937500000000 0.5488683592131546
0.5511718750000000 0.5488752191945733
0.5512500000000000 0.5488821882226261
0.5513281250000001 0.5488890481208710
0.5514062500000000 0.5488960172137696
0.5514843750000000 0.5489028770296849
0.5515625000000001 0.5489098461865808
0.5516406250000000 0.5489167059210103
0.5517187500000000 0.5489236751410504
0.5517968750000000 0.5489305347948442
0.5518750000000000 0.5489375040771731
0.5519531250000000 0.5489443636511829
0.5520312500000000 0.5489513329949406
0.5521093750000000 0.5489581924900221
0.5521875000000001 0.5489651618943462
0.5522656250000000 0.5489720213113565
0.5523437500000000 0.5489789907753831
0.5524218750000001 0.5489858501151824
0.5525000000000000 0.5489928196380446
0.5525781250000000 0.5489996789014955
0.5526562500000000 0.5490066484823225
0.5527343750000000 0.5490135076702932
0.5528125000000000 0.5490204773082111
0.5528906250000000 0.5490273364215683
0.5529687500000000 0.5490343061157029
0.5530468750000000 0.5490411651553190
0.5531250000000000 0.5490481349047915
0.5532031250000000 0.5490549938715394
0.5532812500000001 0.5490619636754697
0.5533593750000000 0.5490688225702262
0.5534375000000000 0.5490757924277305
0.5535156250000001 0.5490826512513737
0.5535937500000000 0.5490896211615667
0.5536718750000000 0.5490964799149791
0.5537500000000000 0.5491034498769727
0.5538281250000000 0.5491103085610367
0.5539062500000000 0.5491172785739405
0.5539843750000000 0.5491241371895430
0.5540625000000000 0.5491311072524646
0.5541406250000001 0.5491379658004929
0.5542187500000000 0.5491449359125373
0.5542968750000000 0.5491517943938820
0.5543750000000001 0.5491587645541519
0.5544531250000000 0.5491656229697057
0.5545312500000000 0.5491725931773024
0.5546093750000000 0.5491794515279601
0.5546875000000000 0.5491864217819818
0.5547656250000000 0.5491932800686391
0.5548437500000000 0.5492002503681842
0.5549218750000000 0.5492071085917393
0.5550000000000000 0.5492140789359015
0.5550781250000000 0.5492209370972554
0.5551562500000000 0.5492279074851288
0.5552343750000001 0.5492347655851826
0.5553125000000000 0.5492417360158596
0.5553906250000000 0.5492485940555171
0.5554687500000001 0.5492555645280853
0.5555468750000000 0.5492624225082529
0.5556250000000000 0.5492693930218019
0.5557031250000000 0.5492762509433856
0.5557812500000000 0.5492832214970027
0.5558593750000000 0.5492900793609100
0.5559375000000000 0.5492970499536798
0.5560156250000000 0.5493039077608231
0.5560937500000001 0.5493108783918276
0.5561718750000000 0.5493177361431182
0.5562500000000000 0.5493247068114402
0.5563281250000001 0.5493315645077906
0.5564062500000000 0.5493385352125104
0.5564843750000000 0.5493453928548354
0.5565625000000000 0.5493523635950338
0.5566406250000000 0.5493592211842478
0.5567187500000000 0.5493661919590014
0.5567968750000000 0.5493730494960235
0.5568750000000000 0.5493800203044095
0.5569531250000000 0.5493868777901564
0.5570312500000000 0.5493938486312507
0.5571093750000000 0.5494007060666410
0.5571875000000001 0.5494076769395192
0.5572656250000000 0.5494145343254733
0.5573437500000000 0.5494215052292086
0.5574218750000001 0.5494283625666483
0.5575000000000000 0.5494353335003131
0.5575781250000000 0.5494421907901601
0.5576562500000000 0.5494491617528261
0.5577343750000000 0.5494560189960037
0.5578125000000000 0.5494629899867423
0.5578906250000000 0.5494698471841734
0.5579687500000000 0.5494768182020562
0.5580468750000001 0.5494836753546655
0.5581250000000000 0.5494906463987606
0.5582031250000000 0.5494975035074735
0.5582812500000001 0.5495044745768499
0.5583593750000000 0.5495113316425909
0.5584375000000000 0.5495183027363186
0.5585156250000000 0.5495251597600139
0.5585937500000000 0.5495321308771601
0.5586718750000000 0.5495389878597374
0.5587500000000000 0.5495459589993689
0.5588281250000000 0.5495528159417556
0.5589062500000000 0.5495597871029404
0.5589843750000000 0.5495666440060623
0.5590625000000000 0.5495736151878675
0.5591406250000001 0.5495804720526525
0.5592187500000000 0.5495874432541453
0.5592968750000000 0.5495943000815201
0.5593750000000001 0.5496012713017665
0.5594531250000000 0.5496081280926609
0.5595312500000000 0.5496150993307282
0.5596093750000000 0.5496219560860688
0.5596875000000000 0.5496289273410214
0.5597656250000000 0.5496357840617363
0.5598437500000000 0.5496427553326437
0.5599218750000000 0.5496496120196597
0.5600000000000001 0.5496565833055871
0.5600781250000000 0.5496634399598332
0.5601562500000000 0.5496704112598477
0.5602343750000001 0.5496772678822512
0.5603125000000000 0.5496842391954192
0.5603906250000000 0.5496910957869058
0.5604687500000000 0.5496980671122961
0.5605468750000000 0.5497049236737948
0.5606250000000000 0.5497118950104736
0.5607031250000000 0.5497187515429087
0.5607812500000000 0.5497257228899455
0.5608593750000000 0.5497325793942442
0.5609375000000000 0.5497395507507075
0.5610156250000000 0.5497464072277943
0.5610937500000001 0.5497533785927525
0.5611718750000000 0.5497602350435530
0.5612500000000000 0.5497672064160765
0.5613281250000001 0.5497740628415151
0.5614062500000000 0.5497810342206743
0.5614843750000000 0.5497878906216744
0.5615625000000000 0.5497948620065397
0.5616406250000000 0.5498017183840241
0.5617187500000000 0.5498086897736687
0.5617968750000000 0.5498155461285584
0.5618750000000000 0.5498225175220551
0.5619531250000001 0.5498293738552713
0.5620312500000000 0.5498363452516949
0.5621093750000000 0.5498432015641570
0.5621875000000001 0.5498501729625814
0.5622656250000000 0.5498570292552094
0.5623437500000000 0.5498640006547106
0.5624218750000000 0.5498708569284221
0.5625000000000000 0.5498778283280780
0.5625781250000000 0.5498846845837876
0.5626562500000000 0.5498916559826766
0.5627343750000000 0.5498985122213014
0.5628125000000000 0.5499054836185033
0.5628906250000000 0.5499123398409567
0.5629687500000000 0.5499193112355532
0.5630468750000001 0.5499261674427454
0.5631250000000000 0.5499331388338210
0.5632031250000000 0.5499399950266634
0.5632812500000001 0.5499469664133007
0.5633593750000000 0.5499538225927040
0.5634375000000000 0.5499607939739889
0.5635156250000000 0.5499676501408605
0.5635937500000000 0.5499746215158798
0.5636718750000000 0.5499814776711254
0.5637500000000000 0.5499884490389694
0.5638281250000000 0.5499953051834928
0.5639062500000001 0.5500022765432528
0.5639843750000000 0.5500091326779563
0.5640625000000000 0.5500161040287253
0.5641406250000001 0.5500229601545091
0.5642187500000000 0.5500299314953827
0.5642968750000000 0.5500367876131450
0.5643750000000000 0.5500437589432200
0.5644531250000000 0.5500506150538569
0.5645312500000000 0.5500575863722309
0.5646093750000000 0.5500644424766372
0.5646875000000000 0.5500714137824139
0.5647656250000000 0.5500782698814827
0.5648437500000000 0.5500852411737620
0.5649218750000000 0.5500920972683822
0.5650000000000001 0.5500990685462722
0.5650781250000000 0.5501059246373315
0.5651562500000000 0.5501128958999388
0.5652343750000001 0.5501197519883226
0.5653125000000000 0.5501267232347590
0.5653906250000000 0.5501335793213495
0.5654687500000000 0.5501405505507265
0.5655468750000000 0.5501474066364039
0.5656250000000000 0.5501543778478383
0.5657031250000000 0.5501612339334812
0.5657812500000000 0.5501682051260899
0.5658593750000001 0.5501750612125724
0.5659375000000000 0.5501820323854769
0.5660156250000000 0.5501888884736713
0.5660937500000001 0.5501958596259950
0.5661718750000000 0.5502027157167702
0.5662500000000000 0.5502096868476399
0.5663281250000000 0.5502165429418623
0.5664062500000000 0.5502235140504073
0.5664843750000000 0.5502303701489409
0.5665625000000000 0.5502373412342934
0.5666406250000000 0.5502441973379993
0.5667187500000000 0.5502511683992932
0.5667968750000000 0.5502580245090288
0.5668750000000000 0.5502649955454033
0.5669531250000001 0.5502718516620231
0.5670312500000000 0.5502788226726211
0.5671093750000000 0.5502856787969739
0.5671875000000001 0.5502926497809402
0.5672656250000000 0.5502995059138756
0.5673437500000000 0.5503064768703582
0.5674218750000000 0.5503133330127195
0.5675000000000000 0.5503203039408702
0.5675781250000000 0.5503271600934989
0.5676562500000000 0.5503341309924726
0.5677343750000000 0.5503409871562063
0.5678125000000001 0.5503479580251609
0.5678906250000000 0.5503548142008347
0.5679687500000000 0.5503617850389327
0.5680468750000001 0.5503686412273755
0.5681250000000000 0.5503756120337833
0.5682031250000000 0.5503824682358214
0.5682812500000000 0.5503894390097090
0.5683593750000000 0.5503962952261665
0.5684375000000000 0.5504032659667052
0.5685156250000000 0.5504101221984011
0.5685937500000000 0.5504170929047705
0.5686718750000000 0.5504239491525185
0.5687500000000000 0.5504309198238990
0.5688281250000000 0.5504377760885111
0.5689062500000001 0.5504447467240878
0.5689843750000000 0.5504516030063719
0.5690625000000000 0.5504585736053330
0.5691406250000001 0.5504654299060912
0.5692187500000000 0.5504724004676321
0.5692968750000000 0.5504792567876630
0.5693750000000000 0.5504862273109804
0.5694531250000000 0.5504930836510786
0.5695312500000000 0.5505000541353771
0.5696093750000000 0.5505069104963303
0.5696875000000000 0.5505138809408137
0.5697656250000001 0.5505207373234114
0.5698437500000000 0.5505277077272892
0.5699218750000000 0.5505345641323124
0.5700000000000001 0.5505415344948020
0.5700781250000000 0.5505483909230269
0.5701562500000000 0.5505553612433461
0.5702343750000000 0.5505622176955453
0.5703125000000000 0.5505691879729206
0.5703906250000000 0.5505760444498603
0.5704687500000000 0.5505830146835203
0.5705468750000000 0.5505898711859645
0.5706250000000000 0.5505968413751423
0.5707031250000000 0.5506036979038493
0.5707812500000000 0.5506106680477839
0.5708593750000001 0.5506175246035061
0.5709375000000000 0.5506244947014410
0.5710156250000000 0.5506313512849280
0.5710937500000001 0.5506383213361107
0.5711718750000000 0.5506451779481053
0.5712500000000000 0.5506521479517906
0.5713281250000000 0.5506590045930313
0.5714062500000000 0.5506659745484777
0.5714843750000000 0.5506728312196969
0.5715625000000000 0.5506798011261681
0.5716406250000000 0.5506866578280940
0.5717187500000001 0.5506936276848582
0.5717968750000000 0.5507004844182152
0.5718750000000000 0.5507074542245456
0.5719531250000001 0.5507143109900500
0.5720312500000000 0.5507212807452287
0.5721093750000000 0.5507281375435914
0.5721875000000000 0.5507351072469031
0.5722656250000000 0.5507419640788320
0.5723437500000000 0.5507489337295661
0.5724218750000000 0.5507557905957612
0.5725000000000000 0.5507627601932132
0.5725781250000000 0.5507696170943727
0.5726562500000000 0.5507765866378445
0.5727343750000000 0.5507834435746570
0.5728125000000001 0.5507904130634553
0.5728906250000000 0.5507972700366048
0.5729687500000000 0.5508042394700448
0.5730468750000001 0.5508110964802080
0.5731250000000000 0.5508180658576076
0.5732031250000000 0.5508249229054586
0.5732812500000000 0.5508318922261424
0.5733593750000000 0.5508387493123481
0.5734375000000000 0.5508457185756463
0.5735156250000000 0.5508525757008668
0.5735937500000000 0.5508595449061167
0.5736718750000001 0.5508664020710077
0.5737500000000000 0.5508733712175510
0.5738281250000000 0.5508802284227603
0.5739062500000001 0.5508871975099460
0.5739843750000000 0.5508940547561160
0.5740625000000000 0.5509010237833004
0.5741406250000000 0.5509078810710659
0.5742187500000000 0.5509148500376102
0.5742968750000000 0.5509217073676039
0.5743750000000000 0.5509286762728736
0.5744531250000000 0.5509355336457172
0.5745312500000000 0.5509425024890884
0.5746093750000000 0.5509493599053996
0.5746875000000000 0.5509563286862521
0.5747656250000001 0.5509631861466407
0.5748437500000000 0.5509701548643620
0.5749218750000000 0.5509770123694330
0.5750000000000001 0.5509839810234159
0.5750781250000000 0.5509908385737665
0.5751562500000000 0.5509978071634106
0.5752343750000000 0.5510046647596325
0.5753125000000000 0.5510116332843450
0.5753906250000000 0.5510184909270213
0.5754687500000000 0.5510254593862164
0.5755468750000000 0.5510323170759239
0.5756250000000001 0.5510392854690230
0.5757031250000000 0.5510461432063328
0.5757812500000000 0.5510531115327616
0.5758593750000001 0.5510599693182364
0.5759375000000000 0.5510669375774300
0.5760156250000000 0.5510737954116268
0.5760937500000000 0.5510807636030263
0.5761718750000000 0.5510876214864964
0.5762500000000000 0.5510945896095489
0.5763281250000000 0.5511014475428343
0.5764062500000000 0.5511084155969942
0.5764843750000000 0.5511152735806311
0.5765625000000000 0.5511222415653630
0.5766406250000000 0.5511290995998767
0.5767187500000001 0.5511360675146509
0.5767968750000000 0.5511429256005639
0.5768750000000000 0.5511498934448564
0.5769531250000001 0.5511567515826817
0.5770312500000000 0.5511637193559770
0.5771093750000000 0.5511705775462215
0.5771875000000000 0.5511775452480127
0.5772656250000000 0.5511844034911734
0.5773437500000000 0.5511913711209583
0.5774218750000000 0.5511982294175288
0.5775000000000000 0.5512051969748152
0.5775781250000001 0.5512120553252770
0.5776562500000000 0.5512190228095792
0.5777343750000000 0.5512258812144091
0.5778125000000001 0.5512328486252499
0.5778906250000000 0.5512397070849160
0.5779687500000000 0.5512466744218246
0.5780468750000000 0.5512535329367879
0.5781250000000000 0.5512605001993017
0.5782031250000000 0.5512673587700146
0.5782812500000000 0.5512743259576796
0.5783593750000000 0.5512811845845877
0.5784375000000000 0.5512881516969570
0.5785156250000000 0.5512950103804956
0.5785937500000000 0.5513019774171318
0.5786718750000001 0.5513088361577309
0.5787500000000000 0.5513158031182016
0.5788281250000000 0.5513226619162823
0.5789062500000001 0.5513296288001654
0.5789843750000000 0.5513364876561413
0.5790625000000000 0.5513434544630215
0.5791406250000000 0.5513503133772970
0.5792187500000000 0.5513572801067678
0.5792968750000000 0.5513641390797398
0.5793750000000000 0.5513711057314036
0.5794531250000000 0.5513779647634608
0.5795312500000001 0.5513849313369266
0.5796093750000000 0.5513917904284492
0.5796875000000000 0.5513987569233366
0.5797656250000001 0.5514056160746945
0.5798437500000000 0.5514125824906315
0.5799218750000000 0.5514194417021884
0.5800000000000000 0.5514264080388095
0.5800781250000000 0.5514332673109198
0.5801562500000000 0.5514402335678686
0.5802343750000000 0.5514470929008793
0.5803125000000000 0.5514540590778090
0.5803906250000000 0.5514609184720560
0.5804687500000000 0.5514678845686274
0.5805468750000000 0.5514747440244413
0.5806250000000001 0.5514817100403240
0.5807031250000000 0.5514885695580243
0.5807812500000000 0.5514955354928970
0.5808593750000001 0.5515023950727959
0.5809375000000000 0.5515093609263441
0.5810156250000000 0.5515162205687454
0.5810937500000000 0.5515231863406655
0.5811718750000000 0.5515300460458615
0.5812500000000000 0.5515370117358591
0.5813281250000000 0.5515438715041356
0.5814062500000000 0.5515508371119247
0.5814843750000001 0.5515576969435557
0.5815625000000000 0.5515646624688595
0.5816406250000000 0.5515715223641149
0.5817187500000001 0.5515784878066636
0.5817968750000000 0.5515853477657997
0.5818750000000000 0.5515923131253346
0.5819531250000000 0.5515991731486014
0.5820312500000000 0.5516061384248734
0.5821093750000000 0.5516129985125093
0.5821875000000000 0.5516199637052774
0.5822656250000000 0.5516268238575126
0.5823437500000000 0.5516337889665459
0.5824218750000000 0.5516406491836013
0.5825000000000000 0.5516476142086779
0.5825781250000001 0.5516544744907663
0.5826562500000000 0.5516614394316710
0.5827343750000000 0.5516682997789952
0.5828125000000001 0.5516752646355264
0.5828906250000000 0.5516821250482794
0.5829687500000000 0.5516890898202429
0.5830468750000000 0.5516959502986079
0.5831250000000000 0.5517029149858171
0.5832031250000000 0.5517097755299692
0.5832812500000000 0.5517167401322510
0.5833593750000000 0.5517236007423544
0.5834375000000001 0.5517305652595415
0.5835156250000000 0.5517374259357523
0.5835937500000000 0.5517443903676894
0.5836718750000001 0.5517512511101519
0.5837500000000000 0.5517582154566918
0.5838281250000000 0.5517650762655436
0.5839062500000000 0.5517720405265507
0.5839843750000000 0.5517789014019155
0.5840625000000000 0.5517858655772621
0.5841406250000000 0.5517927265192586
0.5842187500000000 0.5517996906088277
0.5842968750000000 0.5518065516175608
0.5843750000000000 0.5518135156212461
0.5844531250000000 0.5518203766968126
0.5845312500000001 0.5518273406145162
0.5846093750000000 0.5518342017570023
0.5846875000000000 0.5518411655886367
0.5847656250000001 0.5518480267981201
0.5848437500000000 0.5518549905436089
0.5849218750000000 0.5518618518201547
0.5850000000000000 0.5518688154794290
0.5850781250000000 0.5518756768230952
0.5851562500000000 0.5518826403960997
0.5852343750000000 0.5518895018069319
0.5853125000000000 0.5518964652936177
0.5853906250000001 0.5519033267716528
0.5854687500000000 0.5519102901719850
0.5855468750000000 0.5519171517172476
0.5856250000000001 0.5519241150311976
0.5857031250000000 0.5519309766437062
0.5857812500000000 0.5519379398712577
0.5858593750000000 0.5519448015510162
0.5859375000000000 0.5519517646921634
0.5860156250000000 0.5519586264391683
0.5860937500000000 0.5519655894939141
0.5861718750000000 0.5519724513081506
0.5862500000000000 0.5519794142765100
0.5863281250000000 0.5519862761579533
0.5864062500000000 0.5519932390399506
0.5864843750000001 0.5520001009885646
0.5865625000000000 0.5520070637842354
0.5866406250000000 0.5520139257999724
0.5867187500000001 0.5520208885093634
0.5867968750000000 0.5520277505921669
0.5868750000000000 0.5520347132153353
0.5869531250000000 0.5520415753651376
0.5870312500000000 0.5520485379021486
0.5871093750000000 0.5520554001188733
0.5871875000000000 0.5520623625698041
0.5872656250000000 0.5520692248533628
0.5873437500000001 0.5520761872183022
0.5874218750000000 0.5520830495685944
0.5875000000000000 0.5520900118476415
0.5875781250000001 0.5520968742645578
0.5876562500000000 0.5521038364578226
0.5877343750000000 0.5521106989412405
0.5878125000000000 0.5521176610488437
0.5878906250000000 0.5521245235986337
0.5879687500000000 0.5521314856207054
0.5880468750000000 0.5521383482367245
0.5881250000000000 0.5521453101734077
0.5882031250000000 0.5521521728555024
0.5882812500000000 0.5521591347069497
0.5883593750000000 0.5521659974549565
0.5884375000000001 0.5521729592213319
0.5885156250000000 0.5521798220350752
0.5885937500000000 0.5521867837165533
0.5886718750000001 0.5521936465958465
0.5887500000000000 0.5522006081926142
0.5888281250000000 0.5522074711372608
0.5889062500000000 0.5522144326495132
0.5889843750000000 0.5522212956593061
0.5890625000000000 0.5522282570872519
0.5891406250000000 0.5522351201619706
0.5892187500000000 0.5522420815058295
0.5892968750000001 0.5522489446452431
0.5893750000000000 0.5522559059052456
0.5894531250000000 0.5522627691091134
0.5895312500000001 0.5522697302854995
0.5896093750000000 0.5522765935535693
0.5896875000000000 0.5522835546465924
0.5897656250000000 0.5522904179785986
0.5898437500000000 0.5522973789885235
0.5899218750000000 0.5523042423841923
0.5900000000000000 0.5523112033112932
0.5900781250000000 0.5523180667703366
0.5901562500000000 0.5523250276149010
0.5902343750000000 0.5523318911370209
0.5903125000000000 0.5523388518993465
0.5903906250000001 0.5523457154842341
0.5904687500000000 0.5523526761646312
0.5905468750000000 0.5523595398119648
0.5906250000000001 0.5523665004107529
0.5907031250000000 0.5523733641202015
0.5907812500000000 0.5523803246377136
0.5908593750000000 0.5523871884089322
0.5909375000000000 0.5523941488455115
0.5910156250000000 0.5524010126781467
0.5910937500000000 0.5524079730341475
0.5911718750000000 0.5524148369278321
0.5912500000000001 0.5524217972036221
0.5913281250000000 0.5524286611579776
0.5914062500000000 0.5524356213539354
0.5914843750000001 0.5524424853685712
0.5915625000000000 0.5524494454850862
0.5916406250000000 0.5524563095596030
0.5917187500000000 0.5524632695970760
0.5917968750000000 0.5524701337310589
0.5918750000000000 0.5524770936899042
0.5919531250000000 0.5524839578829281
0.5920312500000000 0.5524909177635717
0.5921093750000000 0.5524977820151997
0.5921875000000000 0.5525047418180773
0.5922656250000000 0.5525116061278619
0.5923437500000001 0.5525185658534228
0.5924218750000000 0.5525254302209028
0.5925000000000000 0.5525323898696071
0.5925781250000001 0.5525392542943112
0.5926562500000000 0.5525462138666305
0.5927343750000000 0.5525530783480743
0.5928125000000000 0.5525600378444945
0.5928906250000000 0.5525669023821820
0.5929687500000000 0.5525738618031980
0.5930468750000000 0.5525807263966208
0.5931250000000000 0.5525876857427416
0.5932031250000001 0.5525945503913801
0.5932812500000000 0.5526015096631262
0.5933593750000000 0.5526083743664486
0.5934375000000001 0.5526153335643509
0.5935156250000000 0.5526221983218138
0.5935937500000000 0.5526291574464163
0.5936718750000000 0.5526360222574642
0.5937500000000000 0.5526429813093229
0.5938281250000000 0.5526498461733875
0.5939062500000000 0.5526568051530714
0.5939843750000000 0.5526636700695731
0.5940625000000000 0.5526706289776616
0.5941406250000000 0.5526774939460087
0.5942187500000000 0.5526844527830935
0.5942968750000001 0.5526913178026821
0.5943750000000000 0.5526982765693678
0.5944531250000000 0.5527051416395818
0.5945312500000001 0.5527121003364840
0.5946093750000000 0.5527189654566965
0.5946875000000000 0.5527259240844449
0.5947656250000000 0.5527327892540129
0.5948437500000000 0.5527397478132489
0.5949218750000000 0.5527466130315205
0.5950000000000000 0.5527535715228963
0.5950781250000000 0.5527604367892057
0.5951562500000001 0.5527673952133891
0.5952343750000000 0.5527742605270587
0.5953125000000000 0.5527812188847266
0.5953906250000001 0.5527880842450662
0.5954687500000000 0.5527950425369083
0.5955468750000000 0.5528019079432177
0.5956250000000000 0.5528088661699363
0.5957031250000000 0.5528157316214992
0.5957812500000000 0.5528226897838103
0.5958593750000000 0.5528295552799002
0.5959375000000000 0.5528365133785305
0.5960156250000000 0.5528433789184093
0.5960937500000000 0.5528503369540974
0.5961718750000000 0.5528572025370129
0.5962500000000001 0.5528641605105128
0.5963281250000000 0.5528710261356995
0.5964062500000000 0.5528779840477758
0.5964843750000001 0.5528848497144577
0.5965625000000000 0.5528918075658872
0.5966406250000000 0.5528986732732756
0.5967187500000000 0.5529056310648472
0.5967968750000000 0.5529124968121397
0.5968750000000000 0.5529194545446576
0.5969531250000000 0.5529263203310399
0.5970312500000000 0.5529332780053183
0.5971093750000001 0.5529401438299629
0.5971875000000000 0.5529471014468290
0.5972656250000000 0.5529539673088973
0.5973437500000001 0.5529609248691915
0.5974218750000000 0.5529677907678309
0.5975000000000000 0.5529747482724048
0.5975781250000000 0.5529816142067507
0.5976562500000000 0.5529885716564711
0.5977343750000000 0.5529954376256466
0.5978125000000000 0.5530023950213903
0.5978906250000000 0.5530092610245042
0.5979687500000000 0.5530162183671637
0.5980468750000000 0.5530230844033128
0.5981250000000000 0.5530300416937907
0.5982031250000001 0.5530369077620597
0.5982812500000000 0.5530438650012724
0.5983593750000000 0.5530507311007329
0.5984375000000001 0.5530576882896103
0.5985156250000000 0.5530645544193212
0.5985937500000000 0.5530715115588034
0.5986718750000000 0.5530783777178111
0.5987500000000000 0.5530853348088540
0.5988281250000000 0.5530922009961915
0.5989062500000000 0.5530991580397620
0.5989843750000000 0.5531060242544485
0.5990625000000001 0.5531129812515282
0.5991406250000000 0.5531198474925707
0.5992187500000000 0.5531268044441529
0.5992968750000001 0.5531336707105482
0.5993750000000000 0.5531406276176372
0.5994531250000000 0.5531474939083664
0.5995312500000000 0.5531544507719816
0.5996093750000000 0.5531613170860135
0.5996875000000000 0.5531682739071858
0.5997656250000000 0.5531751402434776
0.5998437500000000 0.5531820970232518
0.5999218750000000 0.5531889633807462
0.6000000000000000 0.5531959201201808
0.6000781250000000 0.5532027864978060
0.6001562500000001 0.5532097431979736
0.6002343750000000 0.5532166095946466
0.6003125000000000 0.5532235662566289
0.6003906250000001 0.5532304326712553
0.6004687500000000 0.5532373892961490
0.6005468750000000 0.5532442557276189
0.6006250000000000 0.5532512123165350
0.6007031250000000 0.5532580787637252
0.6007812500000000 0.5532650353177865
0.6008593750000000 0.5532719017795643
0.6009375000000000 0.5532788582999046
0.6010156250000001 0.5532857247751214
0.6010937500000000 0.5532926812628907
0.6011718750000000 0.5532995477503839
0.6012500000000001 0.5533065042067448
0.6013281250000000 0.5533133707053414
0.6014062500000000 0.5533203271314688
0.6014843750000000 0.5533271936399801
0.6015625000000000 0.5533341500370620
0.6016406250000000 0.5533410165542874
0.6017187500000000 0.5533479729235263
0.6017968750000000 0.5533548394482530
0.6018750000000000 0.5533617957908626
0.6019531250000000 0.5533686623218625
0.6020312500000000 0.5533756186390711
0.6021093750000001 0.5533824851751044
0.6021875000000000 0.5533894414681534
0.6022656250000000 0.5533963080079667
0.6023437500000001 0.5534032642781094
0.6024218750000000 0.5534101308204357
0.6025000000000000 0.5534170870689402
0.6025781250000000 0.5534239536125000
0.6026562500000000 0.5534309098406479
0.6027343750000000 0.5534377763841472
0.6028125000000000 0.5534447325932319
0.6028906250000000 0.5534515991353639
0.6029687500000001 0.5534585553266927
0.6030468750000000 0.5534654218661400
0.6031250000000000 0.5534723780410324
0.6032031250000001 0.5534792445764611
0.6032812500000000 0.5534862007362517
0.6033593750000000 0.5534930672663153
0.6034375000000000 0.5535000234123512
0.6035156250000000 0.5535068899356906
0.6035937500000000 0.5535138460693317
0.6036718750000000 0.5535207125845731
0.6037500000000000 0.5535276687071941
0.6038281250000000 0.5535345352129519
0.6039062500000000 0.5535414913259398
0.6039843750000000 0.5535483578208147
0.6040625000000001 0.5535553139255688
0.6041406250000000 0.5535621804081472
0.6042187500000000 0.5535691365060837
0.6042968750000001 0.5535760029749395
0.6043750000000000 0.5535829590674836
0.6044531250000000 0.5535898255211764
0.6045312500000000 0.5535967816097699
0.6046093750000000 0.5536036480468470
0.6046875000000000 0.5536106041329443
0.6047656250000000 0.5536174705519387
0.6048437500000000 0.5536244266370067
0.6049218750000001 0.5536312930364397
0.6050000000000000 0.5536382491219588
0.6050781250000000 0.5536451155003356
0.6051562500000001 0.5536520715878015
0.6052343750000000 0.5536589379436153
0.6053125000000000 0.5536658940345357
0.6053906250000000 0.5536727603662657
0.6054687500000000 0.5536797164621623
0.6055468750000000 0.5536865827682749
0.6056250000000000 0.5536935388706820
0.6057031250000000 0.5537004051496295
0.6057812500000000 0.5537073612600953
0.6058593750000000 0.5537142275103186
0.6059375000000000 0.5537211836304050
0.6060156250000001 0.5537280498503276
0.6060937500000000 0.5537350059816102
0.6061718750000000 0.5537418721696452
0.6062500000000001 0.5537488283137132
0.6063281250000000 0.5537556944682575
0.6064062500000000 0.5537626506267149
0.6064843750000000 0.5537695167461544
0.6065625000000000 0.5537764729206150
0.6066406250000000 0.5537833390033209
0.6067187500000000 0.5537902951954159
0.6067968750000000 0.5537971612397457
0.6068750000000001 0.5538041174511180
0.6069531250000000 0.5538109834554164
0.6070312500000000 0.5538179396877227
0.6071093750000001 0.5538248056503197
0.6071875000000000 0.5538317619052298
0.6072656250000000 0.5538386278244430
0.6073437500000000 0.5538455841036417
0.6074218750000000 0.5538524499777742
0.6075000000000000 0.5538594062829594
0.6075781250000000 0.5538662721103006
0.6076562500000000 0.5538732284431834
0.6077343750000000 0.5538800942220099
0.6078125000000000 0.5538870505843141
0.6078906250000000 0.5538939163128888
0.6079687500000001 0.5539008727063540
0.6080468750000000 0.5539077383829246
0.6081250000000000 0.5539146948093034
0.6082031250000001 0.5539215604321056
0.6082812500000000 0.5539285168931625
0.6083593750000000 0.5539353824604188
0.6084375000000000 0.5539423389579340
0.6085156250000000 0.5539492044678508
0.6085937500000000 0.5539561610036178
0.6086718750000000 0.5539630264543904
0.6087500000000000 0.5539699830302146
0.6088281250000001 0.5539768484200244
0.6089062500000000 0.5539838050377273
0.6089843750000000 0.5539906703647405
0.6090625000000001 0.5539976270261546
0.6091406250000000 0.5540044922885250
0.6092187500000000 0.5540114489954993
0.6092968750000000 0.5540183141913654
0.6093750000000000 0.5540252709457623
0.6094531250000000 0.5540321360732491
0.6095312500000000 0.5540390928769440
0.6096093750000000 0.5540459579341646
0.6096875000000000 0.5540529147890461
0.6097656250000000 0.5540597797740979
0.6098437500000000 0.5540667366820686
0.6099218750000001 0.5540736015930383
0.6100000000000000 0.5540805585560138
0.6100781250000000 0.5540874233909697
0.6101562500000001 0.5540943804108827
0.6102343750000000 0.5541012451678824
0.6103125000000000 0.5541082022466746
0.6103906250000000 0.5541150669237633
0.6104687500000000 0.5541220240633929
0.6105468750000000 0.5541288886585982
0.6106250000000000 0.5541358458610384
0.6107031250000000 0.5541427103723759
0.6107812500000001 0.5541496676396113
0.6108593750000000 0.5541565320650826
0.6109375000000000 0.5541634893991121
0.6110156250000001 0.5541703537367079
0.6110937500000000 0.5541773111395433
0.6111718750000000 0.5541841753872360
0.6112500000000000 0.5541911328609055
0.6113281250000000 0.5541979970166567
0.6114062500000000 0.5542049545631987
0.6114843750000000 0.5542118186249558
0.6115625000000000 0.5542187762464263
0.6116406250000000 0.5542256402121218
0.6117187500000000 0.5542325979105878
0.6117968750000000 0.5542394617781417
0.6118750000000001 0.5542464195556833
0.6119531250000000 0.5542532833230015
0.6120312500000000 0.5542602411817161
0.6121093750000001 0.5542671048466895
0.6121875000000000 0.5542740627886872
0.6122656250000000 0.5542809263491935
0.6123437500000000 0.5542878843765955
0.6124218750000000 0.5542947478305001
0.6125000000000000 0.5543017059454446
0.6125781250000000 0.5543085692905967
0.6126562500000000 0.5543155274952343
0.6127343750000001 0.5543223907294704
0.6128125000000000 0.5543293490259656
0.6128906250000000 0.5543362121471090
0.6129687500000001 0.5543431705376404
0.6130468750000000 0.5543500335434997
0.6131250000000000 0.5543569920302593
0.6132031250000000 0.5543638549186295
0.6132812500000000 0.5543708135038230
0.6133593750000000 0.5543776762724847
0.6134375000000000 0.5543846349583340
0.6135156250000000 0.5543914976050549
0.6135937500000000 0.5543984563937919
0.6136718750000000 0.5544053189163256
0.6137500000000000 0.5544122778101975
0.6138281250000001 0.5544191402062859
0.6139062500000000 0.5544260992075539
0.6139843750000000 0.5544329614749197
0.6140625000000001 0.5544399205858612
0.6141406250000000 0.5544467827222181
0.6142187500000000 0.5544537419451195
0.6142968750000000 0.5544606039481659
0.6143750000000000 0.5544675632853322
0.6144531250000000 0.5544744251527518
0.6145312500000000 0.5544813846064977
0.6146093750000000 0.5544882463359618
0.6146875000000001 0.5544952059086188
0.6147656250000000 0.5545020674977839
0.6148437500000000 0.5545090271916965
0.6149218750000001 0.5545158886382052
0.6150000000000000 0.5545228484557319
0.6150781250000000 0.5545297097572137
0.6151562500000000 0.5545366697007248
0.6152343750000000 0.5545435308547960
0.6153125000000000 0.5545504909266777
0.6153906250000000 0.5545573519309391
0.6154687500000000 0.5545643121335921
0.6155468750000000 0.5545711729856309
0.6156250000000000 0.5545781333214680
0.6157031250000000 0.5545849940188574
0.6157812500000001 0.5545919544903070
0.6158593750000000 0.5545988150306072
0.6159375000000000 0.5546057756401100
0.6160156250000001 0.5546126360208673
0.6160937500000000 0.5546195967708782
0.6161718750000000 0.5546264569896243
0.6162500000000000 0.5546334178826128
0.6163281250000000 0.5546402779368675
0.6164062500000000 0.5546472389753145
0.6164843750000000 0.5546540988625815
0.6165625000000000 0.5546610600489852
0.6166406250000001 0.5546679197667554
0.6167187500000000 0.5546748811036250
0.6167968750000000 0.5546817406493759
0.6168750000000001 0.5546887021392357
0.6169531250000000 0.5546955615104300
0.6170312500000000 0.5547025231558178
0.6171093750000000 0.5547093823499060
0.6171875000000000 0.5547163441533726
0.6172656250000000 0.5547232031677904
0.6173437500000000 0.5547301651319009
0.6174218750000000 0.5547370239640695
0.6175000000000000 0.5547439860914049
0.6175781250000000 0.5547508447387330
0.6176562500000000 0.5547578070318847
0.6177343750000001 0.5547646654917671
0.6178125000000000 0.5547716279533408
0.6178906250000000 0.5547784862231580
0.6179687500000001 0.5547854488557751
0.6180468750000000 0.5547923069328938
0.6181250000000000 0.5547992697391895
0.6182031250000000 0.5548061276209626
0.6182812500000000 0.5548130906035835
0.6183593750000000 0.5548199482873505
0.6184375000000000 0.5548269114489586
0.6185156250000000 0.5548337689320446
0.6185937500000001 0.5548407322753175
0.6186718750000000 0.5548475895550337
0.6187500000000000 0.5548545530826580
0.6188281250000001 0.5548614101563039
0.6189062500000000 0.5548683738709848
0.6189843750000000 0.5548752307358423
0.6190625000000000 0.5548821946402965
0.6191406250000000 0.5548890512936366
0.6192187500000000 0.5548960153905944
0.6192968750000000 0.5549028718296758
0.6193750000000000 0.5549098361218795
0.6194531250000000 0.5549166923439447
0.6195312500000000 0.5549236568341546
0.6196093750000000 0.5549305128364315
0.6196875000000001 0.5549374775274186
0.6197656250000000 0.5549443333071246
0.6198437500000000 0.5549512982016733
0.6199218750000001 0.5549581537560093
0.6200000000000000 0.5549651188569200
0.6200781250000000 0.5549719741830741
0.6201562500000000 0.5549789394931587
0.6202343750000000 0.5549857945883064
0.6203125000000000 0.5549927601103919
0.6203906250000000 0.5549996149716933
0.6204687500000000 0.5550065807086195
0.6205468750000001 0.5550134353332232
0.6206250000000000 0.5550204012878424
0.6207031250000000 0.5550272556728819
0.6207812500000001 0.5550342218480625
0.6208593750000000 0.5550410759906577
0.6209375000000000 0.5550480423892796
0.6210156250000000 0.5550548962865373
0.6210937500000000 0.5550618629114960
0.6211718750000000 0.5550687165605089
0.6212500000000000 0.5550756834147117
0.6213281250000000 0.5550825368125589
0.6214062500000000 0.5550895038989280
0.6214843750000000 0.5550963570426752
0.6215625000000000 0.5551033243641457
0.6216406250000001 0.5551101772508457
0.6217187500000000 0.5551171448103648
0.6217968750000000 0.5551239974370569
0.6218750000000001 0.5551309652375888
0.6219531250000000 0.5551378176012964
0.6220312500000000 0.5551447856458167
0.6221093750000000 0.5551516377435510
0.6221875000000000 0.5551586060350502
0.6222656250000000 0.5551654578638106
0.6223437500000000 0.5551724264052893
0.6224218750000000 0.5551792779620595
0.6225000000000001 0.5551862467565354
0.6225781250000000 0.5551930980382875
0.6226562500000000 0.5552000670887889
0.6227343750000001 0.5552069180924810
0.6228125000000000 0.5552138874020517
0.6228906250000000 0.5552207381246277
0.6229687500000000 0.5552277076963238
0.6230468750000000 0.5552345581347142
0.6231250000000000 0.5552415279716072
0.6232031250000000 0.5552483781227290
0.6232812500000000 0.5552553482279022
0.6233593750000000 0.5552621980886604
0.6234375000000000 0.5552691684652079
0.6235156250000000 0.5552760180324930
0.6235937500000001 0.5552829886835284
0.6236718750000000 0.5552898379542172
0.6237500000000000 0.5552968088828619
0.6238281250000001 0.5553036578538182
0.6239062500000000 0.5553106290632110
0.6239843750000000 0.5553174777312848
0.6240625000000000 0.5553244492245749
0.6241406250000000 0.5553312975866045
0.6242187500000000 0.5553382693669549
0.6242968750000000 0.5553451174197649
0.6243750000000000 0.5553520894903526
0.6244531250000001 0.5553589372307532
0.6245312500000000 0.5553659095947685
0.6246093750000000 0.5553727570195559
0.6246875000000001 0.5553797296802037
0.6247656250000000 0.5553865767861621
0.6248437500000000 0.5553935497466569
0.6249218750000000 0.5554003965305595
0.6250000000000000 0.5554073697941310
0.6250781250000000 0.5554142162527352
0.6251562500000000 0.5554211898226256
0.6252343750000000 0.5554280359526758
0.6253125000000000 0.5554350098321423
0.6253906250000000 0.5554418556303706
0.6254687500000000 0.5554488298226807
0.6255468750000001 0.5554556752858062
0.6256250000000000 0.5554626497942425
0.6257031250000000 0.5554694949189710
0.6257812500000001 0.5554764697468276
0.6258593750000000 0.5554833145298521
0.6259375000000000 0.5554902896804378
0.6260156250000000 0.5554971341184364
0.6260937500000000 0.5555041095950727
0.6261718750000000 0.5555109536847124
0.6262500000000000 0.5555179294907332
0.6263281250000000 0.5555247732286677
0.6264062500000001 0.5555317493674206
0.6264843750000000 0.5555385927502893
0.6265625000000000 0.5555455692251338
0.6266406250000001 0.5555524122495663
0.6267187500000000 0.5555593890638753
0.6267968750000000 0.5555662317264857
0.6268750000000000 0.5555732088836439
0.6269531250000000 0.5555800511810349
0.6270312500000000 0.5555870286844429
0.6271093750000000 0.5555938706132011
0.6271875000000000 0.5556008484662697
0.6272656250000000 0.5556076900229734
0.6273437500000000 0.5556146682291273
0.6274218750000000 0.5556215094103388
0.6275000000000001 0.5556284879730137
0.6275781250000000 0.5556353287752862
0.6276562500000000 0.5556423076979315
0.6277343750000001 0.5556491481178024
0.6278125000000000 0.5556561274038809
0.6278906250000000 0.5556629674378750
0.6279687500000000 0.5556699470908621
0.6280468750000000 0.5556767867354917
0.6281250000000000 0.5556837667588742
0.6282031250000000 0.5556906060106414
0.6282812500000000 0.5556975864079202
0.6283593750000001 0.5557044252633108
0.6284375000000000 0.5557114060379993
0.6285156250000000 0.5557182444934878
0.6285937500000001 0.5557252256491112
0.6286718750000000 0.5557320637011618
0.6287500000000000 0.5557390452412578
0.6288281250000000 0.5557458828863189
0.6289062500000000 0.5557528648144376
0.6289843750000000 0.5557597020489476
0.6290625000000000 0.5557666843686523
0.6291406250000000 0.5557735211890369
0.6292187500000000 0.5557805039039029
0.6292968750000000 0.5557873403065731
0.6293750000000000 0.5557943234201873
0.6294531250000001 0.5558011594015458
0.6295312500000000 0.5558081429175076
0.6296093750000000 0.5558149784739422
0.6296875000000001 0.5558219623958632
0.6297656250000000 0.5558287975237497
0.6298437500000000 0.5558357818552553
0.6299218750000000 0.5558426165509579
0.6300000000000000 0.5558496012956835
0.6300781250000000 0.5558564355555534
0.6301562500000000 0.5558634207171476
0.6302343750000000 0.5558702545375250
0.6303125000000001 0.5558772401196487
0.6303906250000000 0.5558840734968612
0.6304687500000000 0.5558910595031863
0.6305468750000001 0.5558978924335491
0.6306250000000000 0.5559048788677603
0.6307031250000000 0.5559117113475774
0.6307812500000000 0.5559186982133719
0.6308593750000000 0.5559255302389345
0.6309375000000000 0.5559325175400204
0.6310156250000000 0.5559393491076075
0.6310937500000000 0.5559463368477057
0.6311718750000000 0.5559531679535857
0.6312500000000000 0.5559601561364292
0.6313281250000000 0.5559669867768564
0.6314062500000001 0.5559739754061894
0.6314843750000000 0.5559808055774096
0.6315625000000000 0.5559877946569866
0.6316406250000001 0.5559946243552313
0.6317187500000000 0.5560016138888216
0.6317968750000000 0.5560084431103118
0.6318750000000000 0.5560154331016937
0.6319531250000000 0.5560222618426377
0.6320312500000000 0.5560292522956024
0.6321093750000000 0.5560360805521979
0.6321875000000000 0.5560430714705483
0.6322656250000001 0.5560498992389818
0.6323437500000000 0.5560568906265316
0.6324218750000000 0.5560637179029776
0.6325000000000001 0.5560707097635506
0.6325781250000000 0.5560775365441722
0.6326562500000000 0.5560845288816069
0.6327343750000000 0.5560913551625549
0.6328125000000000 0.5560983479806993
0.6328906250000000 0.5561051737581149
0.6329687500000000 0.5561121670608284
0.6330468750000000 0.5561189923308394
0.6331250000000000 0.5561259861219928
0.6332031250000000 0.5561328108807178
0.6332812500000000 0.5561398051641936
0.6333593750000001 0.5561466294077388
0.6334375000000000 0.5561536241874281
0.6335156250000000 0.5561604479118909
0.6335937500000001 0.5561674431916988
0.6336718750000000 0.5561742663931619
0.6337500000000000 0.5561812621770031
0.6338281250000000 0.5561880848515410
0.6339062500000000 0.5561950811433422
0.6339843750000000 0.5562019032870174
0.6340625000000000 0.5562089000907157
0.6341406250000000 0.5562157216995774
0.6342187500000001 0.5562227190191210
0.6342968750000000 0.5562295400892132
0.6343750000000000 0.5562365379285602
0.6344531250000001 0.5562433584559118
0.6345312500000000 0.5562503568190309
0.6346093750000000 0.5562571767996624
0.6346875000000000 0.5562641756905327
0.6347656250000000 0.5562709951204535
0.6348437500000000 0.5562779945430668
0.6349218750000000 0.5562848134182728
0.6350000000000000 0.5562918133766301
0.6350781250000000 0.5562986316931117
0.6351562500000000 0.5563056321912238
0.6352343750000000 0.5563124499449579
0.6353125000000001 0.5563194509868465
0.6353906250000000 0.5563262681737986
0.6354687500000000 0.5563332697634985
0.6355468750000001 0.5563400863796255
0.6356250000000000 0.5563470885211772
0.6357031250000000 0.5563539045624261
0.6357812500000000 0.5563609072598832
0.6358593750000000 0.5563677227221894
0.6359375000000000 0.5563747259796157
0.6360156250000000 0.5563815408589057
0.6360937500000000 0.5563885446803726
0.6361718750000001 0.5563953589725632
0.6362500000000000 0.5564023633621541
0.6363281250000000 0.5564091770631510
0.6364062500000001 0.5564161820249582
0.6364843750000000 0.5564229951306586
0.6365625000000000 0.5564300006687853
0.6366406250000000 0.5564368131750734
0.6367187500000000 0.5564438192936343
0.6367968750000000 0.5564506311963880
0.6368750000000000 0.5564576378995032
0.6369531250000000 0.5564644491945893
0.6370312500000000 0.5564714564863913
0.6371093750000000 0.5564782671696679
0.6371875000000000 0.5564852750542976
0.6372656250000001 0.5564920851216120
0.6373437500000000 0.5564990936032209
0.6374218750000000 0.5565059030504116
0.6375000000000001 0.5565129121331599
0.6375781250000000 0.5565197209560566
0.6376562500000000 0.5565267306441133
0.6377343750000000 0.5565335388385352
0.6378125000000000 0.5565405491360802
0.6378906250000000 0.5565473566978383
0.6379687500000000 0.5565543676090587
0.6380468750000000 0.5565611745339546
0.6381250000000001 0.5565681860630477
0.6382031250000000 0.5565749923468738
0.6382812500000000 0.5565820044980471
0.6383593750000001 0.5565888101365856
0.6384375000000000 0.5565958229140535
0.6385156250000000 0.5566026279030792
0.6385937500000000 0.5566096413110672
0.6386718750000000 0.5566164456463452
0.6387500000000000 0.5566234596890848
0.6388281250000000 0.5566302633663723
0.6389062500000000 0.5566372780481060
0.6389843750000000 0.5566440810631514
0.6390625000000000 0.5566510963881294
0.6391406250000000 0.5566578987366723
0.6392187500000001 0.5566649147091516
0.6392968750000000 0.5566717163869240
0.6393750000000000 0.5566787330111725
0.6394531250000001 0.5566855340138975
0.6395312500000000 0.5566925512941892
0.6396093750000000 0.5566993516175819
0.6396875000000000 0.5567063695582010
0.6397656250000000 0.5567131691979670
0.6398437500000000 0.5567201878032062
0.6399218750000000 0.5567269867550446
0.6400000000000000 0.5567340060292022
0.6400781250000001 0.5567408042888033
0.6401562500000000 0.5567478242361871
0.6402343750000000 0.5567546217992330
0.6403125000000001 0.5567616424241594
0.6403906250000000 0.5567684392863247
0.6404687500000000 0.5567754605931162
0.6405468750000000 0.5567822567500679
0.6406250000000000 0.5567892787430563
0.6407031250000000 0.5567960741904540
0.6407812500000000 0.5568030968739777
0.6408593750000000 0.5568098916074729
0.6409375000000000 0.5568169149858775
0.6410156250000000 0.5568237090011136
0.6410937500000000 0.5568307330787549
0.6411718750000001 0.5568375263713685
0.6412500000000000 0.5568445511526049
0.6413281250000000 0.5568513437182271
0.6414062500000001 0.5568583692074275
0.6414843750000000 0.5568651610416806
0.6415625000000000 0.5568721872432199
0.6416406250000000 0.5568789783417194
0.6417187500000000 0.5568860052599786
0.6417968750000000 0.5568927956183338
0.6418750000000000 0.5568998232577018
0.6419531250000000 0.5569066128715144
0.6420312500000001 0.5569136412363876
0.6421093750000000 0.5569204301012520
0.6421875000000000 0.5569274591960337
0.6422656250000001 0.5569342473075376
0.6423437500000000 0.5569412771366358
0.6424218750000000 0.5569480644903619
0.6425000000000000 0.5569550950581922
0.6425781250000000 0.5569618816497162
0.6426562500000000 0.5569689129606999
0.6427343750000000 0.5569756987855907
0.6428125000000000 0.5569827308441569
0.6428906250000000 0.5569895158979777
0.6429687500000000 0.5569965487085592
0.6430468750000000 0.5570033329868670
0.6431250000000001 0.5570103665539045
0.6432031250000000 0.5570171500522509
0.6432812500000000 0.5570241843801894
0.6433593750000001 0.5570309670941181
0.6434375000000000 0.5570380021874110
0.6435156250000000 0.5570447841124636
0.6435937500000000 0.5570518199755671
0.6436718750000000 0.5570586011072747
0.6437500000000000 0.5570656377446536
0.6438281250000000 0.5570724180785460
0.6439062500000000 0.5570794554946678
0.6439843750000001 0.5570862350262665
0.6440625000000000 0.5570932732256060
0.6441406250000000 0.5571000519504292
0.6442187500000001 0.5571070909374664
0.6442968750000000 0.5571138688510253
0.6443750000000000 0.5571209086302423
0.6444531250000000 0.5571276857280455
0.6445312500000000 0.5571347263039329
0.6446093750000000 0.5571415025814835
0.6446875000000000 0.5571485439585339
0.6447656250000000 0.5571553194113291
0.6448437500000000 0.5571623615940424
0.6449218750000000 0.5571691362175745
0.6450000000000000 0.5571761792104541
0.6450781250000001 0.5571829530002120
0.6451562500000000 0.5571899968077654
0.6452343750000000 0.5571967697592327
0.6453125000000001 0.5572038143859731
0.6453906250000000 0.5572105864946290
0.6454687500000000 0.5572176319450726
0.6455468750000000 0.5572244032063932
0.6456250000000000 0.5572314494850599
0.6457031250000000 0.5572382198945171
0.6457812500000000 0.5572452670059317
0.6458593750000000 0.5572520365589936
0.6459375000000001 0.5572590845076840
0.6460156250000000 0.5572658531998133
0.6460937500000000 0.5572729019903119
0.6461718750000001 0.5572796698169702
0.6462500000000000 0.5572867194538124
0.6463281250000000 0.5572934864104543
0.6464062500000000 0.5573005368981806
0.6464843750000000 0.5573073029802604
0.6465625000000000 0.5573143543234126
0.6466406250000000 0.5573211195263797
0.6467187500000000 0.5573281717295036
0.6467968750000000 0.5573349360488048
0.6468750000000000 0.5573419891164497
0.6469531250000000 0.5573487525475287
0.6470312500000001 0.5573558064842460
0.6471093750000000 0.5573625690225440
0.6471875000000000 0.5573696238328880
0.6472656250000001 0.5573763854738433
0.6473437500000000 0.5573834411623710
0.6474218750000000 0.5573902019014191
0.6475000000000000 0.5573972584726909
0.6475781250000000 0.5574040183052646
0.6476562500000000 0.5574110757638429
0.6477343750000000 0.5574178346853733
0.6478125000000000 0.5574248930358213
0.6478906250000001 0.5574316510417371
0.6479687500000000 0.5574387102886217
0.6480468750000000 0.5574454673743503
0.6481250000000001 0.5574525275222387
0.6482031250000000 0.5574592836832057
0.6482812500000000 0.5574663447366673
0.6483593750000000 0.5574730999682953
0.6484375000000000 0.5574801619319030
0.6485156250000000 0.5574869162296151
0.6485937500000000 0.5574939791079406
0.6486718750000000 0.5575007324671553
0.6487500000000000 0.5575077962647735
0.6488281250000000 0.5575145486809109
0.6489062500000000 0.5575216134023986
0.6489843750000001 0.5575283648708756
0.6490625000000000 0.5575354305208080
0.6491406250000000 0.5575421810370432
0.6492187500000001 0.5575492476199979
0.6492968750000000 0.5575559971794067
0.6493750000000000 0.5575630646999621
0.6494531250000000 0.5575698132979601
0.6495312500000000 0.5575768817606961
0.6496093750000000 0.5575836293926969
0.6496875000000000 0.5575906988021928
0.6497656250000000 0.5575974454636107
0.6498437500000001 0.5576045158244461
0.6499218750000000 0.5576112615106970
0.6500000000000000 0.5576183328274515
0.6500781250000001 0.5576250775339477
0.6501562500000000 0.5576321498112020
0.6502343750000000 0.5576388935333599
0.6503125000000000 0.5576459667756917
0.6503906250000000 0.5576527095089250
0.6504687500000000 0.5576597837209140
0.6505468750000000 0.5576665254606390
0.6506250000000000 0.5576736006468636
0.6507031250000000 0.5576803413884948
0.6507812500000000 0.5576874175535351
0.6508593750000000 0.5576941572924884
0.6509375000000001 0.5577012344409196
0.6510156250000000 0.5577079731726139
0.6510937500000000 0.5577150513090114
0.6511718750000001 0.5577217890288656
0.6512500000000000 0.5577288681578061
0.6513281250000000 0.5577356048612373
0.6514062500000000 0.5577426849872945
0.6514843750000000 0.5577494206697255
0.6515625000000000 0.5577565017974708
0.6516406250000000 0.5577632364543249
0.6517187500000000 0.5577703185883285
0.6517968750000001 0.5577770522150289
0.6518750000000000 0.5577841353598610
0.6519531250000000 0.5577908679518342
0.6520312500000001 0.5577979521120600
0.6521093750000000 0.5578046836647346
0.6521875000000000 0.5578117688449201
0.6522656250000000 0.5578184993537265
0.6523437500000000 0.5578255855584322
0.6524218750000000 0.5578323150188045
0.6525000000000000 0.5578394022525907
0.6525781250000000 0.5578461306599642
0.6526562500000000 0.5578532189273886
0.6527343750000000 0.5578599462772007
0.6528125000000000 0.5578670355828168
0.6528906250000001 0.5578737618705100
0.6529687500000000 0.5578808522188690
0.6530468750000000 0.5578875774398877
0.6531250000000001 0.5578946688355375
0.6532031250000000 0.5579013929853288
0.6532812500000000 0.5579084854328152
0.6533593750000000 0.5579152085068303
0.6534375000000000 0.5579223020106929
0.6535156250000000 0.5579290240043869
0.6535937500000000 0.5579361185691636
0.6536718750000000 0.5579428394779955
0.6537500000000001 0.5579499351082192
0.6538281250000000 0.5579566549276511
0.6539062500000000 0.5579637516278517
0.6539843750000001 0.5579704703533518
0.6540625000000000 0.5579775681280534
0.6541406250000000 0.5579842857550914
0.6542187500000000 0.5579913846088157
0.6542968750000000 0.5579981011328690
0.6543750000000000 0.5580052010701297
0.6544531250000000 0.5580119164866782
0.6545312500000000 0.5580190175119883
0.6546093750000000 0.5580257318165180
0.6546875000000000 0.5580328339343821
0.6547656250000000 0.5580395471223829
0.6548437500000001 0.5580466503373026
0.6549218750000000 0.5580533624042729
0.6550000000000000 0.5580604667207412
0.6550781250000001 0.5580671776621813
0.6551562500000000 0.5580742830846886
0.6552343750000000 0.5580809928961067
0.6553125000000000 0.5580880994291366
0.6553906250000000 0.5580948081060443
0.6554687500000000 0.5581019157540769
0.6555468750000000 0.5581086232919940
0.6556250000000000 0.5581157320594992
0.6557031250000001 0.5581224384539517
0.6557812500000000 0.5581295483453942
0.6558593750000000 0.5581362535919147
0.6559375000000001 0.5581433646117535
0.6560156250000000 0.5581500687058791
0.6560937500000000 0.5581571808585686
0.6561718750000000 0.5581638837958444
0.6562500000000000 0.5581709970858280
0.6563281250000000 0.5581776988618072
0.6564062500000000 0.5581848132935237
0.6564843750000000 0.5581915139037650
0.6565625000000000 0.5581986294816449
0.6566406250000000 0.5582053289217161
0.6567187500000000 0.5582124456501822
0.6567968750000001 0.5582191439156591
0.6568750000000000 0.5582262617991267
0.6569531250000000 0.5582329588855904
0.6570312500000001 0.5582400779284672
0.6571093750000000 0.5582467738315087
0.6571875000000000 0.5582538940381944
0.6572656250000000 0.5582605887534124
0.6573437500000000 0.5582677101282977
0.6574218750000000 0.5582744036512993
0.6575000000000000 0.5582815261987675
0.6575781250000000 0.5582882185251686
0.6576562500000001 0.5582953422495918
0.6577343750000000 0.5583020333750183
0.6578125000000000 0.5583091582807621
0.6578906250000001 0.5583158482008471
0.6579687500000000 0.5583229742922663
0.6580468750000000 0.5583296630026532
0.6581250000000000 0.5583367902840951
0.6582031250000000 0.5583434777804352
0.6582812500000000 0.5583506062562370
0.6583593750000000 0.5583572925341929
0.6584375000000000 0.5583644222086811
0.6585156250000000 0.5583711072639259
0.6585937500000000 0.5583782381414161
0.6586718750000000 0.5583849219696304
0.6587500000000001 0.5583920540544324
0.6588281250000000 0.5583987366513088
0.6589062500000000 0.5584058699477171
0.6589843750000001 0.5584125513089587
0.6590625000000000 0.5584196858212606
0.6591406250000000 0.5584263659425794
0.6592187500000000 0.5584335016750495
0.6592968750000000 0.5584401805521712
0.6593750000000000 0.5584473175090744
0.6594531250000000 0.5584539951377328
0.6595312500000000 0.5584611333233217
0.6596093750000001 0.5584678096992656
0.6596875000000000 0.5584749491177814
0.6597656250000000 0.5584816242367667
0.6598437500000001 0.5584887648924407
0.6599218750000000 0.5584954387502387
0.6600000000000000 0.5585025806472876
0.6600781250000000 0.5585092532396809
0.6601562500000000 0.5585163963823097
0.6602343750000000 0.5585230677050921
0.6603125000000000 0.5585302120974962
0.6603906250000000 0.5585368821464750
0.6604687500000000 0.5585440277928340
0.6605468750000000 0.5585506965638267
0.6606250000000000 0.5585578434683117
0.6607031250000001 0.5585645109571508
0.6607812500000000 0.5585716591239145
0.6608593750000000 0.5585783253264460
0.6609375000000001 0.5585854747596325
0.6610156250000000 0.5585921396717135
0.6610937500000000 0.5585992903754509
0.6611718750000000 0.5586059539929544
0.6612500000000000 0.5586131059713576
0.6613281250000000 0.5586197682901696
0.6614062500000000 0.5586269215473413
0.6614843750000000 0.5586335825633586
0.6615625000000001 0.5586407371033862
0.6616406250000000 0.5586473968125251
0.6617187500000000 0.5586545526394816
0.6617968750000001 0.5586612110376690
0.6618750000000000 0.5586683681556114
0.6619531250000000 0.5586750252387909
0.6620312500000000 0.5586821836517659
0.6621093750000000 0.5586888394158929
0.6621875000000000 0.5586959991279286
0.6622656250000000 0.5587026535689770
0.6623437500000000 0.5587098145840880
0.6624218750000000 0.5587164676980440
0.6625000000000000 0.5587236300202294
0.6625781250000000 0.5587302818030963
0.6626562500000001 0.5587374454363390
0.6627343750000000 0.5587440958841361
0.6628125000000000 0.5587512608324033
0.6628906250000001 0.5587579099411641
0.6629687500000000 0.5587650762084078
0.6630468750000000 0.5587717239741837
0.6631250000000000 0.5587788915643380
0.6632031250000000 0.5587855379831961
0.6632812500000000 0.5587927069001815
0.6633593750000000 0.5587993519682036
0.6634375000000000 0.5588065222159220
0.6635156250000001 0.5588131659292099
0.6635937500000000 0.5588203375115468
0.6636718750000000 0.5588269798662168
0.6637500000000001 0.5588341527870387
0.6638281250000000 0.5588407937792268
0.6639062500000000 0.5588479680423857
0.6639843750000000 0.5588546076682429
0.6640625000000000 0.5588617832775716
0.6641406250000000 0.5588684215332685
0.6642187500000000 0.5588755984925813
0.6642968750000000 0.5588822353743049
0.6643750000000000 0.5588894136874007
0.6644531250000000 0.5588960491913567
0.6645312500000000 0.5589032288620134
0.6646093750000001 0.5589098629844278
0.6646875000000000 0.5589170440164059
0.6647656250000000 0.5589236767535181
0.6648437500000001 0.5589308591505612
0.6649218750000000 0.5589374904986349
0.6650000000000000 0.5589446742644650
0.6650781250000000 0.5589513042197806
0.6651562500000000 0.5589584893581003
0.6652343750000000 0.5589651179169578
0.6653125000000000 0.5589723044314530
0.6653906250000000 0.5589789315901705
0.6654687500000001 0.5589861194845058
0.6655468750000000 0.5589927452394247
0.6656250000000000 0.5589999345172437
0.6657031250000001 0.5590065588647215
0.6657812500000000 0.5590137495296504
0.6658593750000000 0.5590203724660678
0.6659375000000000 0.5590275645217090
0.6660156250000000 0.5590341860434656
0.6660937500000000 0.5590413794934050
0.6661718750000000 0.5590479995969200
0.6662500000000000 0.5590551944447208
0.6663281250000000 0.5590618131264351
0.6664062500000000 0.5590690093756394
0.6664843750000000 0.5590756266320164
0.6665625000000001 0.5590828242861449
0.6666406250000000 0.5590894401136679
0.6667187500000000 0.5590966391762205
0.6667968750000001 0.5591032535713941
0.6668750000000000 0.5591104540458494
0.6669531250000000 0.5591170670052016
0.6670312500000000 0.5591242688950144
0.6671093750000000 0.5591308804150933
0.6671875000000000 0.5591380837236982
0.6672656250000000 0.5591446938010756
0.6673437500000000 0.5591518985318845
0.6674218750000001 0.5591585071631535
0.6675000000000000 0.5591657133195543
0.6675781250000000 0.5591723205013318
0.6676562500000001 0.5591795280866907
0.6677343750000000 0.5591861338156170
0.6678125000000000 0.5591933428332785
0.6678906250000000 0.5591999471060148
0.6679687500000000 0.5592071575592970
0.6680468750000000 0.5592137603725285
0.6681250000000000 0.5592209722647293
0.6682031250000000 0.5592275736151675
0.6682812500000000 0.5592347869495585
0.6683593750000000 0.5592413868339361
0.6684375000000000 0.5592486016137667
0.6685156250000001 0.5592552000288387
0.6685937500000000 0.5592624162573339
0.6686718750000000 0.5592690131998838
0.6687500000000001 0.5592762308802431
0.6688281250000000 0.5592828263470772
0.6689062500000000 0.5592900454824755
0.6689843750000000 0.5592966394704242
0.6690625000000000 0.5593038600640127
0.6691406250000000 0.5593104525699334
0.6692187500000000 0.5593176746248364
0.6692968750000000 0.5593242656456094
0.6693750000000001 0.5593314891649279
0.6694531250000000 0.5593380786974586
0.6695312500000000 0.5593453036842686
0.6696093750000001 0.5593518917254903
0.6696875000000000 0.5593591181828391
0.6697656250000000 0.5593657047297096
0.6698437500000000 0.5593729326606200
0.6699218750000000 0.5593795177101244
0.6700000000000000 0.5593867471175928
0.6700781250000000 0.5593933306667411
0.6701562500000000 0.5594005615537386
0.6702343750000000 0.5594071435995669
0.6703125000000000 0.5594143759690381
0.6703906250000000 0.5594209565086102
0.6704687500000001 0.5594281903634697
0.6705468750000000 0.5594347693938787
0.6706250000000000 0.5594420047370159
0.6707031250000001 0.5594485822553797
0.6707812500000000 0.5594558190896559
0.6708593750000000 0.5594623950931192
0.6709375000000000 0.5594696334213705
0.6710156250000000 0.5594762079071077
0.6710937500000000 0.5594834477321393
0.6711718750000000 0.5594900206973515
0.6712500000000000 0.5594972620219419
0.6713281250000001 0.5595038334638598
0.6714062500000000 0.5595110762907599
0.6714843750000000 0.5595176462066399
0.6715625000000001 0.5595248905385714
0.6716406250000000 0.5595314589257001
0.6717187500000000 0.5595387047653562
0.6717968750000000 0.5595452716210496
0.6718750000000000 0.5595525189710940
0.6719531250000000 0.5595590842926963
0.6720312500000000 0.5595663331557644
0.6721093750000000 0.5595728969406484
0.6721875000000000 0.5595801473193459
0.6722656250000000 0.5595867095649159
0.6723437500000000 0.5595939614618184
0.6724218750000001 0.5596005221655068
0.6725000000000000 0.5596077755831605
0.6725781250000000 0.5596143347424313
0.6726562500000001 0.5596215896833506
0.6727343750000000 0.5596281472956964
0.6728125000000000 0.5596354037623698
0.6728906250000000 0.5596419598253127
0.6729687500000000 0.5596492178201942
0.6730468750000000 0.5596557723312894
0.6731250000000000 0.5596630318568029
0.6732031250000000 0.5596695848136357
0.6732812500000001 0.5596768458721757
0.6733593750000000 0.5596833972723607
0.6734375000000000 0.5596906598662894
0.6735156250000001 0.5596972097074751
0.6735937500000000 0.5597044738391229
0.6736718750000000 0.5597110221189875
0.6737500000000000 0.5597182877906548
0.6738281250000000 0.5597248345069081
0.6739062500000000 0.5597321017208624
0.6739843750000000 0.5597386468712479
0.6740625000000000 0.5597459156297243
0.6741406250000000 0.5597524592120163
0.6742187500000000 0.5597597295172172
0.6742968750000000 0.5597662715292228
0.6743750000000001 0.5597735433833190
0.6744531250000000 0.5597800838228786
0.6745312500000000 0.5597873572280090
0.6746093750000001 0.5597938960929933
0.6746875000000000 0.5598011710512633
0.6747656250000000 0.5598077083395782
0.6748437500000000 0.5598149848530597
0.6749218750000000 0.5598215205626427
0.6750000000000000 0.5598287986333750
0.6750781250000000 0.5598353327621993
0.6751562500000000 0.5598426123921861
0.6752343750000001 0.5598491449382578
0.6753125000000000 0.5598564261294712
0.6753906250000000 0.5598629570908279
0.6754687500000001 0.5598702398452069
0.6755468750000000 0.5598767692199235
0.6756250000000000 0.5598840535393688
0.6757031250000000 0.5598905813255538
0.6757812500000000 0.5598978672119352
0.6758593750000000 0.5599043934077295
0.6759375000000000 0.5599116808628830
0.6760156250000000 0.5599182054664635
0.6760937500000000 0.5599254944921868
0.6761718750000000 0.5599320175017664
0.6762500000000000 0.5599393080998242
0.6763281250000001 0.5599458295136495
0.6764062500000000 0.5599531216857724
0.6764843750000000 0.5599596415021255
0.6765625000000001 0.5599669352500054
0.6766406250000000 0.5599734534672053
0.6767187500000000 0.5599807487925018
0.6767968750000000 0.5599872654089004
0.6768750000000000 0.5599945623132356
0.6769531250000000 0.5600010773272236
0.6770312500000000 0.5600083758121845
0.6771093750000000 0.5600148892221870
0.6771875000000001 0.5600221892893227
0.6772656250000000 0.5600287010938018
0.6773437500000000 0.5600360027446262
0.6774218750000001 0.5600425129420816
0.6775000000000000 0.5600498161780713
0.6775781250000000 0.5600563247670372
0.6776562500000000 0.5600636295896325
0.6777343750000000 0.5600701365686824
0.6778125000000000 0.5600774429792872
0.6778906250000000 0.5600839483470292
0.6779687500000000 0.5600912563470084
0.6780468750000000 0.5600977601020902
0.6781250000000000 0.5601050696927722
0.6782031250000000 0.5601115718338783
0.6782812500000001 0.5601188830165540
0.6783593750000000 0.5601253835424058
0.6784375000000000 0.5601326963183291
0.6785156250000001 0.5601391952276862
0.6785937500000000 0.5601465095980718
0.6786718750000000 0.5601530068897325
0.6787500000000000 0.5601603228557567
0.6788281250000000 0.5601668185285577
0.6789062500000000 0.5601741360913587
0.6789843750000000 0.5601806301441756
0.6790625000000000 0.5601879493048531
0.6791406250000001 0.5601944417365986
0.6792187500000000 0.5602017624962136
0.6792968750000000 0.5602082533058408
0.6793750000000001 0.5602155756654154
0.6794531250000000 0.5602220648519147
0.6795312500000000 0.5602293888124322
0.6796093750000000 0.5602358763748349
0.6796875000000000 0.5602432019372388
0.6797656250000000 0.5602496878746149
0.6798437500000000 0.5602570150398081
0.6799218750000000 0.5602634993512680
0.6800000000000000 0.5602708281201161
0.6800781250000000 0.5602773108048085
0.6801562500000000 0.5602846411781364
0.6802343750000001 0.5602911222352495
0.6803125000000000 0.5602984542138418
0.6803906250000000 0.5603049336426065
0.6804687500000001 0.5603122672272074
0.6805468750000000 0.5603187450268926
0.6806250000000000 0.5603260802182057
0.6807031250000000 0.5603325563881214
0.6807812500000000 0.5603398931868108
0.6808593750000000 0.5603463677263086
0.6809375000000000 0.5603537061329967
0.6810156250000000 0.5603601790414680
0.6810937500000001 0.5603675190567369
0.6811718750000000 0.5603739903336139
0.6812500000000000 0.5603813319580030
0.6813281250000001 0.5603878016027616
0.6814062500000000 0.5603951448367702
0.6814843750000000 0.5604016128489248
0.6815625000000000 0.5604089576930111
0.6816406250000000 0.5604154240721186
0.6817187500000000 0.5604227705266995
0.6817968750000000 0.5604292352723572
0.6818750000000000 0.5604365833378079
0.6819531250000000 0.5604430464496558
0.6820312500000000 0.5604503961263088
0.6821093750000000 0.5604568576040306
0.6821875000000001 0.5604642088921754
0.6822656250000000 0.5604706687354941
0.6823437500000000 0.5604780216353814
0.6824218750000001 0.5604844798440639
0.6825000000000000 0.5604918343558991
0.6825781250000000 0.5604982909297530
0.6826562500000000 0.5605056470537008
0.6827343750000000 0.5605121019925781
0.6828125000000000 0.5605194597287585
0.6828906250000000 0.5605259130325545
0.6829687500000000 0.5605332723810457
0.6830468750000001 0.5605397240496962
0.6831250000000000 0.5605470850105353
0.6832031250000000 0.5605535350440207
0.6832812500000001 0.5605608976171975
0.6833593750000000 0.5605673460155413
0.6834375000000000 0.5605747102010066
0.6835156250000000 0.5605811569642765
0.6835937500000000 0.5605885227619336
0.6836718750000000 0.5605949678902393
0.6837500000000000 0.5606023352999516
0.6838281250000000 0.5606087787934466
0.6839062500000000 0.5606161478150331
0.6839843750000000 0.5606225896739140
0.6840625000000000 0.5606299603071492
0.6841406250000001 0.5606364005316571
0.6842187500000000 0.5606437727762714
0.6842968750000000 0.5606502113666928
0.6843750000000001 0.5606575852223721
0.6844531250000000 0.5606640221790363
0.6845312500000000 0.5606713976454236
0.6846093750000000 0.5606778329687044
0.6846875000000000 0.5606852100453967
0.6847656250000000 0.5606916437357118
0.6848437500000000 0.5606990224222633
0.6849218750000000 0.5607054544800766
0.6850000000000001 0.5607128347759958
0.6850781250000000 0.5607192652018134
0.6851562500000000 0.5607266471065653
0.6852343750000001 0.5607330759009396
0.6853125000000000 0.5607404594139428
0.6853906250000000 0.5607468865774720
0.6854687500000000 0.5607542716981001
0.6855468750000000 0.5607606972314249
0.6856250000000000 0.5607680839590088
0.6857031250000000 0.5607745078628171
0.6857812500000000 0.5607818961966402
0.6858593750000000 0.5607883184716638
0.6859375000000000 0.5607957084109644
0.6860156250000000 0.5608021290579820
0.6860937500000001 0.5608095206019547
0.6861718750000000 0.5608159396217893
0.6862500000000000 0.5608233327695806
0.6863281250000001 0.5608297501631000
0.6864062500000000 0.5608371449138143
0.6864843750000000 0.5608435606819333
0.6865625000000000 0.5608509570346262
0.6866406250000000 0.5608573711783045
0.6867187500000000 0.5608647691319874
0.6867968750000000 0.5608711816522317
0.6868750000000000 0.5608785812058683
0.6869531250000001 0.5608849921037307
0.6870312500000000 0.5608923932562407
0.6871093750000000 0.5608988025328194
0.6871875000000001 0.5609062052830747
0.6872656250000000 0.5609126129395142
0.6873437500000000 0.5609200172863418
0.6874218750000000 0.5609264233238327
0.6875000000000000 0.5609338292660123
0.6875781250000000 0.5609402336857913
0.6876562500000000 0.5609476412220558
0.6877343750000000 0.5609540440254085
0.6878125000000000 0.5609614531544449
0.6878906250000000 0.5609678543427000
0.6879687500000000 0.5609752650631495
0.6880468750000001 0.5609816646376836
0.6881250000000000 0.5609890769481394
0.6882031250000000 0.5609954749103768
0.6882812500000001 0.5610028888093858
0.6883593750000000 0.5610092851607975
0.6884375000000000 0.5610167006468583
0.6885156250000000 0.5610230953889629
0.6885937500000000 0.5610305124605279
0.6886718750000000 0.5610369055948891
0.6887500000000000 0.5610443242503659
0.6888281250000000 0.5610507157785946
0.6889062500000001 0.5610581360163420
0.6889843750000000 0.5610645259400961
0.6890625000000000 0.5610719477584249
0.6891406250000001 0.5610783360794123
0.6892187500000000 0.5610857594765885
0.6892968750000000 0.5610921461965587
0.6893750000000000 0.5610995711708001
0.6894531250000000 0.5611059562915560
0.6895312500000000 0.5611133828410307
0.6896093750000000 0.5611197663644195
0.6896875000000000 0.5611271944872498
0.6897656250000000 0.5611335764151675
0.6898437500000000 0.5611410061094289
0.6899218750000000 0.5611473864438176
0.6900000000000001 0.5611548177075374
0.6900781250000000 0.5611611964503866
0.6901562500000000 0.5611686292815468
0.6902343750000001 0.5611750064348940
0.6903125000000000 0.5611824408314241
0.6903906250000000 0.5611888163973558
0.6904687500000000 0.5611962523571420
0.6905468750000000 0.5612026263377924
0.6906250000000000 0.5612100638586691
0.6907031250000000 0.5612164362562186
0.6907812500000000 0.5612238753359764
0.6908593750000001 0.5612302461526530
0.6909375000000000 0.5612376867890334
0.6910156250000000 0.5612440560271146
0.6910937500000001 0.5612514982178094
0.6911718750000000 0.5612578658796212
0.6912500000000000 0.5612653096222752
0.6913281250000000 0.5612716757101900
0.6914062500000000 0.5612791210024001
0.6914843750000000 0.5612854855188385
0.6915625000000000 0.5612929323581548
0.6916406250000000 0.5612992953055846
0.6917187500000000 0.5613067436895089
0.6917968750000000 0.5613131050704474
0.6918750000000000 0.5613205549964319
0.6919531250000001 0.5613269148134448
0.6920312500000000 0.5613343662788928
0.6921093750000000 0.5613407245345934
0.6921875000000001 0.5613481775368636
0.6922656250000000 0.5613545342339125
0.6923437500000000 0.5613619887703118
0.6924218750000000 0.5613683439114197
0.6925000000000000 0.5613757999792082
0.6925781250000000 0.5613821535671334
0.6926562500000000 0.5613896111635228
0.6927343750000000 0.5613959632010707
0.6928125000000001 0.5614034223232248
0.6928906250000000 0.5614097728132492
0.6929687500000000 0.5614172334582848
0.6930468750000001 0.5614235824036886
0.6931250000000000 0.5614310445686715
0.6932031250000000 0.5614373919724066
0.6932812500000000 0.5614448556543558
0.6933593750000000 0.5614512015194209
0.6934375000000000 0.5614586667153062
0.6935156250000000 0.5614650110447481
0.6935937500000000 0.5614724777514930
0.6936718750000000 0.5614788205484085
0.6937500000000000 0.5614862887628866
0.6938281250000000 0.5614926300304189
0.6939062500000001 0.5615000997494555
0.6939843750000000 0.5615064394907973
0.6940625000000000 0.5615139107111705
0.6941406250000001 0.5615202489295619
0.6942187500000000 0.5615277216480016
0.6942968750000000 0.5615340583467310
0.6943750000000000 0.5615415325599180
0.6944531250000000 0.5615478677423232
0.6945312500000000 0.5615553434468880
0.6946093750000000 0.5615616771163543
0.6946875000000000 0.5615691543088840
0.6947656250000001 0.5615754864688448
0.6948437500000000 0.5615829651458735
0.6949218750000000 0.5615892957998119
0.6950000000000001 0.5615967759578276
0.6950781250000000 0.5616031051092735
0.6951562500000000 0.5616105867447153
0.6952343750000000 0.5616169143972466
0.6953125000000000 0.5616243975065076
0.6953906250000000 0.5616307236637507
0.6954687500000000 0.5616382082431735
0.6955468750000000 0.5616445329088029
0.6956250000000000 0.5616520189546808
0.6957031250000000 0.5616583421324221
0.6957812500000000 0.5616658296410028
0.6958593750000001 0.5616721513346252
0.6959375000000000 0.5616796403021076
0.6960156250000000 0.5616859605154304
0.6960937500000001 0.5616934509379646
0.6961718750000000 0.5616997696748565
0.6962500000000000 0.5617072615485447
0.6963281250000000 0.5617135788129193
0.6964062500000000 0.5617210721338178
0.6964843750000000 0.5617273879296381
0.6965625000000000 0.5617348826937529
0.6966406250000000 0.5617411970250308
0.6967187500000001 0.5617486932283212
0.6967968750000000 0.5617550060991153
0.6968750000000000 0.5617625037374910
0.6969531250000001 0.5617688151519088
0.6970312500000000 0.5617763142212341
0.6971093750000000 0.5617826241834284
0.6971875000000000 0.5617901246795188
0.6972656250000000 0.5617964331936933
0.6973437500000000 0.5618039351123159
0.6974218750000000 0.5618102421827211
0.6975000000000000 0.5618177455195962
0.6975781250000000 0.5618240511505282
0.6976562500000000 0.5618315559013284
0.6977343750000000 0.5618378600971325
0.6978125000000001 0.5618453662574833
0.6978906250000000 0.5618516690225530
0.6979687500000000 0.5618591765880324
0.6980468750000001 0.5618654779268059
0.6981250000000000 0.5618729868929431
0.6982031250000000 0.5618792868099095
0.6982812500000000 0.5618867971721874
0.6983593750000000 0.5618930956718811
0.6984375000000000 0.5619006074257350
0.6985156250000000 0.5619069045127387
0.6985937500000000 0.5619144176535569
0.6986718750000001 0.5619207133324982
0.6987500000000000 0.5619282278556217
0.6988281250000000 0.5619345221311784
0.6989062500000001 0.5619420380319013
0.6989843750000000 0.5619483309087960
0.6990625000000000 0.5619558481823664
0.6991406250000000 0.5619621396653680
0.6992187500000000 0.5619696583069864
0.6992968750000000 0.5619759484009130
0.6993750000000000 0.5619834684057330
0.6994531250000000 0.5619897571154465
0.6995312500000000 0.5619972784785754
0.6996093750000000 0.5620035658089862
0.6996875000000000 0.5620110885254855
0.6997656250000001 0.5620173744815500
0.6998437500000000 0.5620248985464331
0.6999218750000000 0.5620311831331545
0.7000000000000001 0.5620387085413883
0.7000781250000000 0.5620449917638165
0.7001562500000000 0.5620525185103220
0.7002343750000000 0.5620588003735534
0.7003125000000000 0.5620663284532067
0.7003906250000000 0.5620726089623809
0.7004687500000000 0.5620801383700122
0.7005468750000000 0.5620864175303167
0.7006250000000001 0.5620939482607094
0.7007031250000000 0.5621002260773778
0.7007812500000000 0.5621077581252684
0.7008593750000001 0.5621140346035812
0.7009375000000000 0.5621215679636613
0.7010156250000000 0.5621278431089437
0.7010937500000000 0.5621353777758588
0.7011718750000000 0.5621416515934804
0.7012500000000000 0.5621491875618320
0.7013281250000000 0.5621554600572092
0.7014062500000000 0.5621629973215515
0.7014843750000000 0.5621692685001460
0.7015625000000000 0.5621768070549898
0.7016406250000000 0.5621830769223075
0.7017187500000001 0.5621906167621183
0.7017968750000000 0.5621968853237098
0.7018750000000000 0.5622044264429068
0.7019531250000001 0.5622106937043699
0.7020312500000000 0.5622182360973278
0.7021093750000000 0.5622245020643030
0.7021875000000000 0.5622320457253526
0.7022656250000000 0.5622383104035261
0.7023437500000000 0.5622458553269530
0.7024218750000000 0.5622521187220545
0.7025000000000000 0.5622596649021003
0.7025781250000001 0.5622659270199047
0.7026562500000000 0.5622734744507665
0.7027343750000000 0.5622797352970922
0.7028125000000001 0.5622872839729247
0.7028906250000000 0.5622935435536338
0.7029687500000000 0.5623010934685441
0.7030468750000000 0.5623073517895443
0.7031250000000000 0.5623149029375980
0.7032031250000000 0.5623211600048406
0.7032812500000000 0.5623287123800589
0.7033593750000000 0.5623349681995364
0.7034375000000000 0.5623425217958979
0.7035156250000000 0.5623487763736498
0.7035937500000000 0.5623563311850870
0.7036718750000001 0.5623625845271941
0.7037500000000000 0.5623701405475997
0.7038281250000000 0.5623763926601866
0.7039062500000001 0.5623839498834077
0.7039843750000000 0.5623902007726405
0.7040625000000000 0.5623977591924836
0.7041406250000000 0.5624040088645723
0.7042187500000000 0.5624115684747995
0.7042968750000000 0.5624178169359956
0.7043750000000000 0.5624253777303290
0.7044531250000000 0.5624316249869278
0.7045312500000001 0.5624391869590435
0.7046093750000000 0.5624454330173834
0.7046875000000000 0.5624529961609162
0.7047656250000001 0.5624592410273760
0.7048437500000000 0.5624668053359200
0.7049218750000000 0.5624730490169207
0.7050000000000000 0.5624806144840286
0.7050781250000000 0.5624868569860334
0.7051562500000000 0.5624944236052134
0.7052343750000000 0.5625006649347267
0.7053125000000000 0.5625082326994495
0.7053906250000000 0.5625144728630164
0.7054687500000000 0.5625220417667089
0.7055468750000000 0.5625282807709168
0.7056250000000001 0.5625358508069652
0.7057031250000000 0.5625420886584422
0.7057812500000000 0.5625496598201927
0.7058593750000001 0.5625558965256060
0.7059375000000000 0.5625634688063632
0.7060156250000000 0.5625697043724232
0.7060937500000000 0.5625772777654516
0.7061718750000000 0.5625835121989072
0.7062500000000000 0.5625910866974315
0.7063281250000000 0.5625973200050720
0.7064062500000000 0.5626048956022757
0.7064843750000001 0.5626111277909328
0.7065625000000000 0.5626187044799589
0.7066406250000000 0.5626249355565017
0.7067187500000001 0.5626325133304548
0.7067968750000000 0.5626387433017924
0.7068750000000000 0.5626463221537384
0.7069531250000000 0.5626525510268193
0.7070312500000000 0.5626601309497831
0.7071093750000000 0.5626663587315950
0.7071875000000000 0.5626739397185637
0.7072656250000000 0.5626801664161325
0.7073437500000000 0.5626877484600545
0.7074218750000000 0.5626939740804451
0.7075000000000000 0.5627015571742300
0.7075781250000001 0.5627077817245465
0.7076562500000000 0.5627153658610645
0.7077343750000000 0.5627215893484492
0.7078125000000001 0.5627291745205345
0.7078906250000000 0.5627353969521658
0.7079687500000000 0.5627429831526120
0.7080468750000000 0.5627492045357092
0.7081250000000000 0.5627567917572747
0.7082031250000000 0.5627630120990929
0.7082812500000000 0.5627706003344958
0.7083593750000000 0.5627768196423275
0.7084375000000001 0.5627844088842514
0.7085156250000000 0.5627906271654266
0.7085937500000000 0.5627982174065171
0.7086718750000001 0.5628044346684020
0.7087500000000000 0.5628120259012688
0.7088281250000000 0.5628182421512667
0.7089062500000000 0.5628258343684808
0.7089843750000000 0.5628320496140315
0.7090625000000000 0.5628396428081294
0.7091406250000000 0.5628458570567091
0.7092187500000000 0.5628534512201908
0.7092968750000000 0.5628596644793104
0.7093750000000000 0.5628672596046411
0.7094531250000000 0.5628734718818479
0.7095312500000001 0.5628810679614544
0.7096093750000000 0.5628872792643317
0.7096875000000000 0.5628948762906102
0.7097656250000001 0.5629010866267746
0.7098437500000000 0.5629086845920824
0.7099218750000000 0.5629148939691866
0.7100000000000000 0.5629224928658492
0.7100781250000000 0.5629287012915797
0.7101562500000000 0.5629363011118862
0.7102343750000000 0.5629425085939644
0.7103125000000000 0.5629501093301693
0.7103906250000001 0.5629563158763515
0.7104687500000000 0.5629639175206773
0.7105468750000000 0.5629701231387533
0.7106250000000001 0.5629777256833856
0.7107031250000000 0.5629839303811780
0.7107812500000000 0.5629915338182727
0.7108593750000000 0.5629977376036371
0.7109375000000000 0.5630053419253146
0.7110156250000000 0.5630115448061401
0.7110937500000000 0.5630191500044892
0.7111718750000000 0.5630253519886995
0.7112500000000000 0.5630329580557746
0.7113281250000000 0.5630391591513226
0.7114062500000000 0.5630467660791474
0.7114843750000001 0.5630529662940206
0.7115625000000000 0.5630605740745857
0.7116406250000000 0.5630667734168029
0.7117187500000001 0.5630743820420677
0.7117968750000000 0.5630805805196790
0.7118750000000000 0.5630881899815723
0.7119531250000000 0.5630943876026591
0.7120312500000000 0.5631019978930766
0.7121093750000000 0.5631081946657511
0.7121875000000000 0.5631158057765594
0.7122656250000000 0.5631220017089664
0.7123437500000001 0.5631296136319994
0.7124218750000000 0.5631358087323116
0.7125000000000000 0.5631434214593749
0.7125781250000001 0.5631496157357974
0.7126562500000000 0.5631572292586636
0.7127343750000000 0.5631634227194321
0.7128125000000000 0.5631710370298459
0.7128906250000000 0.5631772296832233
0.7129687500000000 0.5631848447729016
0.7130468750000000 0.5631910366271801
0.7131250000000000 0.5631986524878085
0.7132031250000000 0.5632048435513112
0.7132812500000000 0.5632124601745472
0.7133593750000000 0.5632186504556235
0.7134375000000001 0.5632262678330959
0.7135156250000000 0.5632324573401268
0.7135937500000000 0.5632400754634356
0.7136718750000001 0.5632462642048269
0.7137500000000000 0.5632538830655456
0.7138281250000000 0.5632600710497326
0.7139062500000000 0.5632676906394055
0.7139843750000000 0.5632738778748526
0.7140625000000000 0.5632814981849957
0.7141406250000000 0.5632876846801925
0.7142187500000000 0.5632953057022968
0.7142968750000001 0.5633014914657597
0.7143750000000000 0.5633091131912886
0.7144531250000000 0.5633152982315622
0.7145312500000001 0.5633229206519524
0.7146093750000000 0.5633291049776054
0.7146875000000000 0.5633367280842686
0.7147656250000000 0.5633429117038977
0.7148437500000000 0.5633505354882189
0.7149218750000000 0.5633567184104448
0.7150000000000000 0.5633643428637829
0.7150781250000000 0.5633705250972528
0.7151562500000000 0.5633781502109430
0.7152343750000000 0.5633843317643299
0.7153125000000000 0.5633919575296796
0.7153906250000001 0.5633981384116801
0.7154687500000000 0.5634057648199764
0.7155468750000000 0.5634119450393092
0.7156250000000001 0.5634195720818124
0.7157031250000000 0.5634257516472251
0.7157812500000000 0.5634333793151713
0.7158593750000000 0.5634395582354317
0.7159375000000000 0.5634471865200343
0.7160156250000000 0.5634533648039346
0.7160937500000000 0.5634609936963845
0.7161718750000000 0.5634671713527394
0.7162500000000001 0.5634748008442034
0.7163281250000000 0.5634809778818508
0.7164062500000000 0.5634886079634742
0.7164843750000001 0.5634947843912744
0.7165625000000000 0.5635024150541791
0.7166406250000000 0.5635085908810160
0.7167187500000000 0.5635162221163000
0.7167968750000000 0.5635223973510782
0.7168750000000000 0.5635300291498221
0.7169531250000000 0.5635362038014659
0.7170312500000000 0.5635438361547279
0.7171093750000000 0.5635500102321835
0.7171875000000000 0.5635576431310001
0.7172656250000000 0.5635638166432360
0.7173437500000001 0.5635714500786223
0.7174218750000000 0.5635776230346266
0.7175000000000000 0.5635852569975790
0.7175781250000001 0.5635914294063595
0.7176562500000000 0.5635990638878523
0.7177343750000000 0.5636052357584379
0.7178125000000000 0.5636128707494283
0.7178906250000000 0.5636190420908651
0.7179687500000000 0.5636266775822899
0.7180468750000000 0.5636328484036456
0.7181250000000000 0.5636404843864221
0.7182031250000001 0.5636466546967805
0.7182812500000000 0.5636542911618100
0.7183593750000000 0.5636604609702741
0.7184375000000001 0.5636680979084366
0.7185156250000000 0.5636742672241295
0.7185937500000000 0.5636819046262881
0.7186718750000000 0.5636880734583475
0.7187500000000000 0.5636957113153498
0.7188281250000000 0.5637018796729326
0.7189062500000000 0.5637095179756074
0.7189843750000000 0.5637156858678846
0.7190625000000000 0.5637233246070444
0.7191406250000000 0.5637294920432078
0.7192187500000000 0.5637371312096483
0.7192968750000001 0.5637432981989018
0.7193750000000000 0.5637509377834029
0.7194531250000000 0.5637571043349717
0.7195312500000001 0.5637647443282964
0.7196093750000000 0.5637709104514163
0.7196875000000000 0.5637785508443135
0.7197656250000000 0.5637847165482368
0.7198437500000000 0.5637923573314414
0.7199218750000000 0.5637985226254358
0.7200000000000000 0.5638061637896654
0.7200781250000000 0.5638123286830129
0.7201562500000001 0.5638199702189729
0.7202343750000000 0.5638261347209708
0.7203125000000000 0.5638337766193509
0.7203906250000001 0.5638399407393085
0.7204687500000000 0.5638475829907857
0.7205468750000000 0.5638537467380271
0.7206250000000000 0.5638613893332652
0.7207031250000000 0.5638675527171271
0.7207812500000000 0.5638751956467760
0.7208593750000000 0.5638813586766074
0.7209375000000000 0.5638890019313075
0.7210156250000000 0.5638951646164693
0.7210937500000000 0.5639028081868447
0.7211718750000000 0.5639089705367111
0.7212500000000001 0.5639166144133777
0.7213281250000000 0.5639227764373336
0.7214062500000000 0.5639304206108943
0.7214843750000001 0.5639365823183355
0.7215625000000000 0.5639442267793813
0.7216406250000000 0.5639503881797157
0.7217187500000000 0.5639580329188290
0.7217968750000000 0.5639641940214745
0.7218750000000000 0.5639718390292254
0.7219531250000000 0.5639779998436076
0.7220312500000000 0.5639856451105593
0.7221093750000001 0.5639918056461186
0.7221875000000000 0.5639994511628184
0.7222656250000000 0.5640056114290017
0.7223437500000001 0.5640132571859936
0.7224218750000000 0.5640194171922570
0.7225000000000000 0.5640270631800740
0.7225781250000000 0.5640332229358823
0.7226562500000000 0.5640408691450498
0.7227343750000000 0.5640470286598748
0.7228125000000000 0.5640546750809082
0.7228906250000000 0.5640608343642335
0.7229687500000000 0.5640684809876416
0.7230468750000000 0.5640746400489545
0.7231250000000000 0.5640822868652393
0.7232031250000001 0.5640884457140355
0.7232812500000000 0.5640960927136923
0.7233593750000000 0.5641022513594741
0.7234375000000001 0.5641098985329898
0.7235156250000000 0.5641160569852667
0.7235937500000000 0.5641237043231233
0.7236718750000000 0.5641298625914111
0.7237500000000000 0.5641375100840833
0.7238281250000000 0.5641436681779022
0.7239062500000000 0.5641513158158614
0.7239843750000000 0.5641574737447385
0.7240625000000001 0.5641651215184469
0.7241406250000000 0.5641712792919150
0.7242187500000000 0.5641789271918334
0.7242968750000001 0.5641850848194279
0.7243750000000000 0.5641927328360121
0.7244531250000000 0.5641988903272716
0.7245312500000000 0.5642065384509747
0.7246093750000000 0.5642126958154441
0.7246875000000000 0.5642203440367121
0.7247656250000000 0.5642265012839398
0.7248437500000000 0.5642341495932173
0.7249218750000000 0.5642403067327544
0.7250000000000000 0.5642479551204826
0.7250781250000000 0.5642541121618827
0.7251562500000001 0.5642617606185004
0.7252343750000000 0.5642679175713193
0.7253125000000000 0.5642755660872643
0.7253906250000001 0.5642817229610587
0.7254687500000000 0.5642893715267654
0.7255468750000000 0.5642955283310959
0.7256250000000000 0.5643031769369978
0.7257031250000000 0.5643093336814256
0.7257812500000000 0.5643169823179549
0.7258593750000000 0.5643231390120419
0.7259375000000000 0.5643307876696292
0.7260156250000001 0.5643369443229380
0.7260937500000000 0.5643445929920162
0.7261718750000000 0.5643507496141088
0.7262500000000001 0.5643583982851070
0.7263281250000000 0.5643645548855464
0.7264062500000000 0.5643722035488976
0.7264843750000000 0.5643783601372456
0.7265625000000000 0.5643860087833826
0.7266406250000000 0.5643921653691992
0.7267187500000000 0.5643998139885540
0.7267968750000000 0.5644059705813997
0.7268750000000000 0.5644136191644100
0.7269531250000000 0.5644197757738401
0.7270312500000000 0.5644274243109415
0.7271093750000001 0.5644335809465140
0.7271875000000000 0.5644412294281456
0.7272656250000000 0.5644473860994133
0.7273437500000001 0.5644550345160161
0.7274218750000000 0.5644611912325301
0.7275000000000000 0.5644688395745491
0.7275781250000000 0.5644749963458562
0.7276562500000000 0.5644826446037414
0.7277343750000000 0.5644888014393838
0.7278125000000000 0.5644964496035859
0.7278906250000000 0.5645026065131054
0.7279687500000001 0.5645102545740809
0.7280468750000000 0.5645164115670112
0.7281250000000000 0.5645240595152211
0.7282031250000001 0.5645302166010933
0.7282812500000000 0.5645378644270036
0.7283593750000000 0.5645440216153422
0.7284375000000000 0.5645516693094241
0.7285156250000000 0.5645578266097498
0.7285937500000000 0.5645654741624789
0.7286718750000000 0.5645716315843068
0.7287500000000000 0.5645792789861646
0.7288281250000000 0.5645854365390045
0.7289062500000000 0.5645930837804799
0.7289843750000000 0.5645992414738314
0.7290625000000001 0.5646068885454201
0.7291406250000000 0.5646130463887791
0.7292187500000000 0.5646206932809837
0.7292968750000001 0.5646268512838367
0.7293750000000000 0.5646344979871667
0.7294531250000000 0.5646406561589953
0.7295312500000000 0.5646483026639690
0.7296093750000000 0.5646544610142445
0.7296875000000000 0.5646621073113853
0.7297656250000000 0.5646682658495740
0.7298437500000000 0.5646759119294178
0.7299218750000001 0.5646820706649711
0.7300000000000000 0.5646897165180608
0.7300781250000000 0.5646958754604271
0.7301562500000001 0.5647035210773150
0.7302343750000000 0.5647096802359308
0.7303125000000000 0.5647173256071774
0.7303906250000000 0.5647234849914701
0.7304687500000000 0.5647311301076487
0.7305468750000000 0.5647372897270334
0.7306250000000000 0.5647449345787264
0.7307031250000000 0.5647510944426107
0.7307812500000000 0.5647587390204106
0.7308593750000000 0.5647648991381888
0.7309375000000000 0.5647725434326999
0.7310156250000001 0.5647787038137557
0.7310937500000000 0.5647863478155936
0.7311718750000000 0.5647925084693010
0.7312500000000001 0.5648001521690902
0.7313281250000000 0.5648063131048107
0.7314062500000000 0.5648139564931935
0.7314843750000000 0.5648201177202733
0.7315625000000000 0.5648277607878989
0.7316406250000000 0.5648339223156754
0.7317187500000000 0.5648415650532096
0.7317968750000000 0.5648477268910044
0.7318750000000001 0.5648553692891247
0.7319531250000000 0.5648615314462484
0.7320312500000000 0.5648691734956450
0.7321093750000001 0.5648753359813927
0.7321875000000000 0.5648829776727711
0.7322656250000000 0.5648891404964241
0.7323437500000000 0.5648967818205052
0.7324218750000000 0.5649029449913302
0.7325000000000000 0.5649105859388455
0.7325781250000000 0.5649167494660962
0.7326562500000000 0.5649243900277973
0.7327343750000000 0.5649305539207082
0.7328125000000000 0.5649381940873578
0.7328906250000000 0.5649443583551528
0.7329687500000001 0.5649519981175318
0.7330468750000000 0.5649581627694156
0.7331250000000000 0.5649658021183184
0.7332031250000001 0.5649719671634822
0.7332812500000000 0.5649796060897204
0.7333593750000000 0.5649857715373381
0.7334375000000000 0.5649934100317426
0.7335156250000000 0.5649995758909686
0.7335937500000000 0.5650072139443825
0.7336718750000000 0.5650133802243589
0.7337500000000000 0.5650210178276461
0.7338281250000001 0.5650271845374930
0.7339062500000000 0.5650348216815342
0.7339843750000000 0.5650409888303563
0.7340625000000001 0.5650486255060508
0.7341406250000000 0.5650547931029346
0.7342187500000000 0.5650624293011985
0.7342968750000000 0.5650685973552098
0.7343750000000000 0.5650762330669806
0.7344531250000000 0.5650824015871676
0.7345312500000000 0.5650900368033992
0.7346093750000000 0.5650962057987915
0.7346875000000000 0.5651038405104593
0.7347656250000000 0.5651100099900667
0.7348437500000000 0.5651176441881630
0.7349218750000001 0.5651238141609753
0.7350000000000000 0.5651314478365154
0.7350781250000000 0.5651376183115018
0.7351562500000001 0.5651452514555187
0.7352343750000000 0.5651514224416295
0.7353125000000000 0.5651590550451793
0.7353906250000000 0.5651652265513413
0.7354687500000000 0.5651728586055003
0.7355468750000000 0.5651790306406211
0.7356250000000000 0.5651866621364854
0.7357031250000000 0.5651928347094507
0.7357812500000001 0.5652004656381399
0.7358593750000000 0.5652066387578145
0.7359375000000000 0.5652142691104681
0.7360156250000001 0.5652204427856935
0.7360937500000000 0.5652280725534761
0.7361718750000000 0.5652342467930704
0.7362500000000000 0.5652418759671676
0.7363281250000000 0.5652480507799278
0.7364062500000000 0.5652556793515492
0.7364843750000000 0.5652618547462475
0.7365625000000000 0.5652694827066249
0.7366406250000000 0.5652756586920124
0.7367187500000000 0.5652832860324005
0.7367968750000000 0.5652894626172034
0.7368750000000001 0.5652970893288819
0.7369531250000000 0.5653032665218024
0.7370312500000000 0.5653108925960758
0.7371093750000001 0.5653170704057908
0.7371875000000000 0.5653246958339864
0.7372656250000000 0.5653308742691497
0.7373437500000000 0.5653384990426210
0.7374218750000000 0.5653446781118606
0.7375000000000000 0.5653523022219864
0.7375781250000000 0.5653584819339041
0.7376562500000000 0.5653661053720886
0.7377343750000001 0.5653722857352623
0.7378125000000000 0.5653799084929328
0.7378906250000000 0.5653860895159152
0.7379687500000001 0.5653937115845274
0.7380468750000000 0.5653998932758428
0.7381250000000000 0.5654075146468789
0.7382031250000000 0.5654136970150262
0.7382812500000000 0.5654213176799944
0.7383593750000000 0.5654275007334455
0.7384375000000000 0.5654351206838806
0.7385156250000000 0.5654413044310802
0.7385937500000000 0.5654489236585460
0.7386718750000000 0.5654551081079113
0.7387500000000000 0.5654627266039970
0.7388281250000001 0.5654689117639179
0.7389062500000000 0.5654765295202412
0.7389843750000000 0.5654827153990803
0.7390625000000001 0.5654903324072862
0.7391406250000000 0.5654965190133779
0.7392187500000000 0.5655041352651418
0.7392968750000000 0.5655103226067900
0.7393750000000000 0.5655179380938132
0.7394531250000000 0.5655241261792956
0.7395312500000000 0.5655317408933107
0.7396093750000000 0.5655379297308740
0.7396875000000001 0.5655455436636420
0.7397656250000000 0.5655517332615043
0.7398437500000000 0.5655593464048158
0.7399218750000001 0.5655655367711651
0.7400000000000000 0.5655731491168404
0.7400781250000000 0.5655793402598355
0.7401562500000000 0.5655869517997237
0.7402343750000000 0.5655931437274935
0.7403125000000000 0.5656007544534765
0.7403906250000000 0.5656069471741177
0.7404687500000000 0.5656145570781055
0.7405468750000000 0.5656207505996874
0.7406250000000000 0.5656283596736217
0.7407031250000000 0.5656345540041795
0.7407812500000001 0.5656421622400347
0.7408593750000000 0.5656483573875722
0.7409375000000000 0.5656559647773526
0.7410156250000001 0.5656621607498429
0.7410937500000000 0.5656697672855859
0.7411718750000000 0.5656759640909702
0.7412500000000000 0.5656835697647431
0.7413281250000000 0.5656897674109327
0.7414062500000000 0.5656973722148347
0.7414843750000000 0.5657035707097066
0.7415625000000000 0.5657111746358701
0.7416406250000001 0.5657173739872692
0.7417187500000000 0.5657249770278607
0.7417968750000000 0.5657311772435972
0.7418750000000001 0.5657387793908162
0.7419531250000000 0.5657449804786694
0.7420312500000000 0.5657525817247462
0.7421093750000000 0.5657587836924610
0.7421875000000000 0.5657663840296618
0.7422656250000000 0.5657725868849496
0.7423437500000000 0.5657801863055728
0.7424218750000000 0.5657863900561130
0.7425000000000000 0.5657939885524906
0.7425781250000000 0.5658001932059266
0.7426562500000000 0.5658077907704253
0.7427343750000001 0.5658139963343674
0.7428125000000000 0.5658215929593884
0.7428906250000000 0.5658277994414109
0.7429687500000001 0.5658353951193912
0.7430468750000000 0.5658416025270344
0.7431250000000000 0.5658491972504446
0.7432031250000000 0.5658554055912138
0.7432812500000000 0.5658629993525591
0.7433593750000000 0.5658692086339240
0.7434375000000000 0.5658768014257468
0.7435156250000000 0.5658830116551434
0.7435937500000001 0.5658906034700200
0.7436718750000000 0.5658968146548454
0.7437500000000000 0.5659044054853881
0.7438281250000001 0.5659106176330067
0.7439062500000000 0.5659182074718649
0.7439843750000000 0.5659244205896024
0.7440625000000000 0.5659320094294611
0.7441406250000000 0.5659382235246089
0.7442187500000000 0.5659458113581890
0.7442968750000000 0.5659520264380009
0.7443750000000000 0.5659596132580607
0.7444531250000000 0.5659658293297527
0.7445312500000000 0.5659734151290893
0.7446093750000000 0.5659796321998414
0.7446875000000001 0.5659872169712855
0.7447656250000000 0.5659934350482403
0.7448437500000000 0.5660010187846620
0.7449218750000001 0.5660072378749246
0.7450000000000000 0.5660148205692308
0.7450781250000000 0.5660210406798708
0.7451562500000000 0.5660286223250057
0.7452343750000000 0.5660348434630522
0.7453125000000000 0.5660424240519994
0.7453906250000000 0.5660486462244433
0.7454687500000000 0.5660562257502233
0.7455468750000001 0.5660624489640198
0.7456250000000000 0.5660700274196907
0.7457031250000000 0.5660762516817541
0.7457812500000001 0.5660838290604155
0.7458593750000000 0.5660900543776225
0.7459375000000000 0.5660976306724105
0.7460156250000000 0.5661038570515977
0.7460937500000000 0.5661114322556886
0.7461718750000000 0.5661176597036547
0.7462500000000000 0.5661252338102624
0.7463281250000000 0.5661314623337670
0.7464062500000000 0.5661390353361458
0.7464843750000000 0.5661452649419094
0.7465625000000000 0.5661528368333519
0.7466406250000001 0.5661590675280543
0.7467187500000000 0.5661666383018961
0.7467968750000000 0.5661728700921763
0.7468750000000001 0.5661804397417899
0.7469531250000000 0.5661866726342496
0.7470312500000000 0.5661942411530470
0.7471093750000000 0.5662004751542477
0.7471875000000000 0.5662080425356812
0.7472656250000000 0.5662142776521440
0.7473437500000000 0.5662218438897079
0.7474218750000000 0.5662280801279107
0.7475000000000001 0.5662356452151397
0.7475781250000000 0.5662418825815220
0.7476562500000000 0.5662494465119916
0.7477343750000001 0.5662556850129506
0.7478125000000000 0.5662632477802768
0.7478906250000000 0.5662694874221711
0.7479687500000001 0.5662770490200094
0.7480468750000000 0.5662832898091552
0.7481250000000000 0.5662908502312042
0.7482031250000000 0.5662970921738761
0.7482812500000000 0.5663046514138755
0.7483593750000000 0.5663108945163072
0.7484375000000000 0.5663184525680381
0.7485156250000000 0.5663246968364212
0.7485937500000001 0.5663322536937058
0.7486718750000000 0.5663384991341909
0.7487500000000000 0.5663460547908936
0.7488281250000001 0.5663523014095877
0.7489062500000000 0.5663598558596163
0.7489843750000000 0.5663661036625853
0.7490625000000000 0.5663736568998891
0.7491406250000000 0.5663799058931569
0.7492187500000000 0.5663874579117257
0.7492968750000000 0.5663937081012735
0.7493750000000000 0.5664012588951408
0.7494531250000001 0.5664075102869081
0.7495312500000000 0.5664150598501509
0.7496093750000000 0.5664213124500340
0.7496875000000001 0.5664288607767686
0.7497656250000000 0.5664351145906217
0.7498437500000000 0.5664426616750117
0.7499218750000001 0.5664489167086446
0.7500000000000000 0.5664564625448945
0.7500781250000000 0.5664627188040735
0.7501562500000000 0.5664702633864309
0.7502343750000000 0.5664765208768827
0.7503125000000000 0.5664840641996366
0.7503906250000000 0.5664903229270424
0.7504687500000000 0.5664978649845278
0.7505468750000001 0.5665041249545257
0.7506250000000000 0.5665116657411203
0.7507031250000000 0.5665179269593033
0.7507812500000001 0.5665254664694269
0.7508593750000000 0.5665317289413481
0.7509375000000000 0.5665392671694657
0.7510156250000000 0.5665455309006301
0.7510937500000000 0.5665530678412517
0.7511718750000000 0.5665593328371226
0.7512500000000000 0.5665668684847993
0.7513281250000000 0.5665731347507973
0.7514062500000001 0.5665806691001256
0.7514843750000000 0.5665869366416256
0.7515625000000000 0.5665944696872455
0.7516406250000001 0.5666007385095785
0.7517187500000000 0.5666082702461751
0.7517968750000000 0.5666145403546277
0.7518750000000001 0.5666220707769308
0.7519531250000000 0.5666283421767451
0.7520312500000000 0.5666358712795260
0.7521093750000000 0.5666421439759006
0.7521875000000000 0.5666496717539804
0.7522656250000000 0.5666559457520670
0.7523437500000000 0.5666634722003072
0.7524218750000000 0.5666697475052156
0.7525000000000001 0.5666772726185235
0.7525781250000000 0.5666835492353173
0.7526562500000000 0.5666910730086440
0.7527343750000001 0.5666973509423429
0.7528125000000000 0.5667048733706870
0.7528906250000000 0.5667111526262640
0.7529687500000000 0.5667186737046661
0.7530468750000000 0.5667249542870519
0.7531250000000000 0.5667324740105992
0.7532031250000000 0.5667387559246776
0.7532812500000000 0.5667462742885024
0.7533593750000001 0.5667525575391116
0.7534375000000000 0.5667600745383918
0.7535156250000000 0.5667663591303258
0.7535937500000001 0.5667738747602817
0.7536718750000000 0.5667801606982901
0.7537500000000000 0.5667876749541920
0.7538281250000001 0.5667939622429758
0.7539062500000000 0.5668014751201359
0.7539843750000000 0.5668077637643547
0.7540625000000000 0.5668152752581315
0.7541406250000000 0.5668215652623961
0.7542187500000000 0.5668290753681946
0.7542968750000000 0.5668353667370731
0.7543750000000000 0.5668428754503411
0.7544531250000001 0.5668491681883550
0.7545312500000000 0.5668566755045880
0.7546093750000000 0.5668629696162122
0.7546875000000001 0.5668704755309519
0.7547656250000000 0.5668767710206154
0.7548437500000000 0.5668842755294494
0.7549218750000000 0.5668905724015372
0.7550000000000000 0.5668980755000969
0.7550781250000000 0.5669043737589462
0.7551562500000000 0.5669118754429112
0.7552343750000000 0.5669181750928137
0.7553125000000001 0.5669256753579096
0.7553906250000000 0.5669319764031105
0.7554687500000000 0.5669394752451066
0.7555468750000001 0.5669457776898073
0.7556250000000000 0.5669532751045190
0.7557031250000000 0.5669595789528756
0.7557812500000001 0.5669670749361652
0.7558593750000000 0.5669733801922849
0.7559375000000000 0.5669808747400600
0.7560156250000000 0.5669871814080046
0.7560937500000000 0.5669946745162219
0.7561718750000000 0.5670009826000073
0.7562500000000000 0.5670084742646664
0.7563281250000000 0.5670147837682623
0.7564062500000001 0.5670222739854119
0.7564843750000000 0.5670285849127417
0.7565625000000000 0.5670360736784718
0.7566406250000001 0.5670423860334147
0.7567187500000000 0.5670498733438656
0.7567968750000000 0.5670561871302521
0.7568750000000000 0.5670636729816079
0.7569531250000000 0.5670699882032247
0.7570312500000000 0.5670774725917178
0.7571093750000000 0.5670837892523024
0.7571875000000000 0.5670912721742100
0.7572656250000001 0.5670975902774563
0.7573437500000000 0.5671050717291028
0.7574218750000000 0.5671113912786564
0.7575000000000001 0.5671188712564122
0.7575781250000000 0.5671251922558732
0.7576562500000000 0.5671326707561543
0.7577343750000001 0.5671389932090772
0.7578125000000000 0.5671464702283473
0.7578906250000000 0.5671527941382384
0.7579687500000000 0.5671602696730068
0.7580468750000000 0.5671665950433282
0.7581250000000000 0.5671740690901507
0.7582031250000000 0.5671803959243169
0.7582812500000000 0.5671878684797940
0.7583593750000001 0.5671941967811752
0.7584375000000000 0.5672016678419546
0.7585156250000000 0.5672079976138726
0.7585937500000001 0.5672154671766496
0.7586718750000000 0.5672217984223795
0.7587500000000000 0.5672292664838943
0.7588281250000000 0.5672355992066680
0.7589062500000000 0.5672430657637071
0.7589843750000000 0.5672493999667072
0.7590625000000000 0.5672568650161036
0.7591406250000000 0.5672632007024677
0.7592187500000001 0.5672706642411018
0.7592968750000000 0.5672770014139195
0.7593750000000000 0.5672844634387160
0.7594531250000001 0.5672908021010339
0.7595312500000000 0.5672982626089664
0.7596093750000000 0.5673046027637823
0.7596875000000001 0.5673120617518667
0.7597656250000000 0.5673184034021326
0.7598437500000000 0.5673258608674345
0.7599218750000000 0.5673322040160579
0.7600000000000000 0.5673396599556878
0.7600781250000000 0.5673460046055268
0.7601562500000000 0.5673534590166402
0.7602343750000000 0.5673598051705119
0.7603125000000001 0.5673672580503102
0.7603906250000000 0.5673736057109823
0.7604687500000000 0.5673810570567156
0.7605468750000001 0.5673874062269080
0.7606250000000000 0.5673948560358715
0.7607031250000000 0.5674012067182613
0.7607812500000000 0.5674086549877944
0.7608593750000000 0.5674150071850123
0.7609375000000000 0.5674224539125012
0.7610156250000000 0.5674288076271300
0.7610937500000000 0.5674362528100085
0.7611718750000001 0.5674426080445879
0.7612500000000000 0.5674500516803327
0.7613281250000000 0.5674564084373551
0.7614062500000001 0.5674638505234892
0.7614843750000000 0.5674702088054018
0.7615625000000000 0.5674776493394964
0.7616406250000001 0.5674840091486998
0.7617187500000000 0.5674914481283700
0.7617968750000000 0.5674978094672186
0.7618750000000000 0.5675052468901266
0.7619531250000000 0.5675116097609305
0.7620312500000000 0.5675190456247818
0.7621093750000000 0.5675254100298059
0.7621875000000000 0.5675328443323518
0.7622656250000001 0.5675392102738152
0.7623437500000000 0.5675466430128544
0.7624218750000000 0.5675530104929283
0.7625000000000001 0.5675604416663049
0.7625781250000000 0.5675668106871189
0.7626562500000000 0.5675742402927194
0.7627343750000000 0.5675806108563556
0.7628125000000000 0.5675880388921142
0.7628906250000000 0.5675944110006100
0.7629687500000000 0.5676018374645054
0.7630468750000000 0.5676082111198535
0.7631250000000001 0.5676156360099097
0.7632031250000000 0.5676220112140566
0.7632812500000000 0.5676294345283427
0.7633593750000001 0.5676358112831901
0.7634375000000000 0.5676432330198210
0.7635156250000000 0.5676496113272251
0.7635937500000001 0.5676570314843608
0.7636718750000000 0.5676634113461336
0.7637500000000000 0.5676708299219776
0.7638281250000000 0.5676772113398864
0.7639062500000000 0.5676846283326864
0.7639843750000000 0.5676910113084550
0.7640625000000000 0.5676984267165039
0.7641406250000000 0.5677048112518093
0.7642187500000001 0.5677122250734473
0.7642968750000000 0.5677186111699221
0.7643750000000000 0.5677260234035313
0.7644531250000001 0.5677324110627645
0.7645312500000000 0.5677398217067711
0.7646093750000000 0.5677462109303071
0.7646875000000000 0.5677536199831834
0.7647656250000000 0.5677600107725218
0.7648437500000000 0.5677674182327840
0.7649218750000000 0.5677738105893805
0.7650000000000000 0.5677812164555872
0.7650781250000001 0.5677876103808535
0.7651562500000000 0.5677950146516103
0.7652343750000000 0.5678014101469142
0.7653125000000001 0.5678088128208669
0.7653906250000000 0.5678152098875332
0.7654687500000000 0.5678226109633742
0.7655468750000001 0.5678290096026825
0.7656250000000000 0.5678364090791472
0.7657031250000000 0.5678428092923334
0.7657812500000000 0.5678502071682001
0.7658593750000000 0.5678566089564571
0.7659375000000000 0.5678640052305504
0.7660156250000000 0.5678704085950266
0.7660937500000000 0.5678778032662116
0.7661718750000001 0.5678842082080134
0.7662500000000000 0.5678916012751991
0.7663281250000000 0.5678980077953898
0.7664062500000001 0.5679053992575296
0.7664843750000000 0.5679118073571254
0.7665625000000000 0.5679191972132176
0.7666406250000000 0.5679256068931956
0.7667187500000000 0.5679329951422771
0.7667968750000000 0.5679394064035698
0.7668750000000000 0.5679467930447242
0.7669531250000000 0.5679532058882224
0.7670312500000001 0.5679605909205725
0.7671093750000000 0.5679670053471239
0.7671875000000000 0.5679743887698382
0.7672656250000001 0.5679808047802478
0.7673437500000000 0.5679881865925361
0.7674218750000000 0.5679946041875646
0.7675000000000001 0.5680019843886815
0.7675781250000000 0.5680084035690481
0.7676562500000000 0.5680157821582869
0.7677343750000000 0.5680222029246716
0.7678125000000000 0.5680295799013687
0.7678906250000000 0.5680360022544064
0.7679687500000000 0.5680433776179409
0.7680468750000000 0.5680498015582257
0.7681250000000001 0.5680571753080179
0.7682031250000000 0.5680636008361007
0.7682812500000000 0.5680709729716142
0.7683593750000001 0.5680774000880063
0.7684375000000000 0.5680847706087441
0.7685156250000000 0.5680911993139137
0.7685937500000000 0.5680985682194224
0.7686718750000000 0.5681049985137961
0.7687500000000000 0.5681123658036636
0.7688281250000000 0.5681187976876255
0.7689062500000000 0.5681261633614803
0.7689843750000001 0.5681325968353769
0.7690625000000000 0.5681399608928879
0.7691406250000000 0.5681463959570214
0.7692187500000001 0.5681537583979004
0.7692968750000000 0.5681601950525340
0.7693750000000000 0.5681675558765317
0.7694531250000001 0.5681739941218859
0.7695312500000000 0.5681813533287948
0.7696093750000000 0.5681877931650524
0.7696875000000000 0.5681951507547043
0.7697656250000000 0.5682015921820056
0.7698437500000000 0.5682089481542738
0.7699218750000000 0.5682153911727181
0.7700000000000000 0.5682227455275175
0.7700781250000001 0.5682291901371642
0.7701562500000000 0.5682365428744485
0.7702343750000000 0.5682429890753179
0.7703125000000001 0.5682503401950803
0.7703906250000000 0.5682567879871523
0.7704687500000000 0.5682641374894257
0.7705468750000000 0.5682705868726416
0.7706250000000000 0.5682779347574992
0.7707031250000000 0.5682843857317592
0.7707812500000000 0.5682917319993134
0.7708593750000000 0.5682981845644776
0.7709375000000001 0.5683055292148825
0.7710156250000000 0.5683119833707732
0.7710937500000000 0.5683193264042180
0.7711718750000001 0.5683257821506185
0.7712500000000000 0.5683331235673348
0.7713281250000000 0.5683395809039866
0.7714062500000001 0.5683469207042439
0.7714843750000000 0.5683533796308550
0.7715625000000000 0.5683607178149592
0.7716406250000000 0.5683671783311948
0.7717187500000000 0.5683745148994935
0.7717968750000000 0.5683809770049818
0.7718750000000000 0.5683883119578598
0.7719531250000000 0.5683947756521888
0.7720312500000001 0.5684021089900702
0.7721093750000000 0.5684085742727929
0.7721875000000000 0.5684159059961370
0.7722656250000001 0.5684223728667670
0.7723437500000000 0.5684297029760731
0.7724218750000000 0.5684361714340858
0.7725000000000000 0.5684434999298913
0.7725781250000000 0.5684499699747247
0.7726562500000000 0.5684572968576023
0.7727343750000000 0.5684637684886574
0.7728125000000000 0.5684710937592208
0.7728906250000001 0.5684775669758596
0.7729687500000000 0.5684848906347577
0.7730468750000000 0.5684913654363059
0.7731250000000001 0.5684986874842243
0.7732031250000000 0.5685051638699720
0.7732812500000000 0.5685124843076337
0.7733593750000001 0.5685189622768317
0.7734375000000000 0.5685262811049979
0.7735156250000000 0.5685327606568615
0.7735937500000000 0.5685400778763267
0.7736718750000000 0.5685465590100365
0.7737500000000000 0.5685538746216346
0.7738281250000000 0.5685603573363310
0.7739062500000000 0.5685676713409313
0.7739843750000001 0.5685741556357220
0.7740625000000000 0.5685814680342287
0.7741406250000000 0.5685879539081842
0.7742187500000001 0.5685952647015383
0.7742968750000000 0.5686017521536946
0.7743750000000000 0.5686090613428720
0.7744531250000000 0.5686155503722270
0.7745312500000000 0.5686228579582396
0.7746093750000000 0.5686293485637595
0.7746875000000000 0.5686366545476527
0.7747656250000000 0.5686431467282662
0.7748437500000001 0.5686504511111236
0.7749218750000000 0.5686569448657235
0.7750000000000000 0.5686642476486624
0.7750781250000001 0.5686707429761086
0.7751562500000000 0.5686780441602789
0.7752343750000000 0.5686845410593961
0.7753125000000001 0.5686918406459859
0.7753906250000000 0.5686983391155638
0.7754687500000000 0.5687056371057929
0.7755468750000000 0.5687121371445869
0.7756250000000000 0.5687194335397104
0.7757031250000000 0.5687259351464424
0.7757812500000000 0.5687332299477498
0.7758593750000000 0.5687397331211067
0.7759375000000001 0.5687470263299212
0.7760156250000000 0.5687535310685573
0.7760937500000000 0.5687608226862340
0.7761718750000001 0.5687673289887694
0.7762500000000000 0.5687746190166995
0.7763281250000000 0.5687811268817212
0.7764062500000000 0.5687884153213266
0.7764843750000000 0.5687949247473897
0.7765625000000000 0.5688022116001265
0.7766406250000000 0.5688087225857518
0.7767187500000000 0.5688160078531082
0.7767968750000001 0.5688225203967845
0.7768750000000000 0.5688298040802814
0.7769531250000000 0.5688363181804652
0.7770312500000001 0.5688436002816568
0.7771093750000000 0.5688501159367713
0.7771875000000000 0.5688573964572432
0.7772656250000001 0.5688639136656798
0.7773437500000000 0.5688711926070507
0.7774218750000000 0.5688777113671698
0.7775000000000000 0.5688849887310881
0.7775781250000000 0.5688915090412155
0.7776562500000000 0.5688987848293652
0.7777343750000000 0.5689053066877985
0.7778125000000000 0.5689125809018909
0.7778906250000001 0.5689191043068942
0.7779687500000000 0.5689263769486747
0.7780468750000000 0.5689329018984821
0.7781250000000001 0.5689401729697249
0.7782031250000000 0.5689466994625392
0.7782812500000000 0.5689539689650508
0.7783593750000000 0.5689604969990438
0.7784375000000000 0.5689677649346622
0.7785156250000000 0.5689742945079751
0.7785937500000000 0.5689815608785656
0.7786718750000000 0.5689880919893109
0.7787500000000001 0.5689953567967717
0.7788281250000000 0.5690018894430292
0.7789062500000000 0.5690091526892870
0.7789843750000001 0.5690156868691090
0.7790625000000000 0.5690229485561217
0.7791406250000000 0.5690294842675285
0.7792187500000001 0.5690367443972836
0.7792968750000000 0.5690432816382667
0.7793750000000000 0.5690505402127811
0.7794531250000000 0.5690570789813028
0.7795312500000000 0.5690643360026212
0.7796093750000000 0.5690708762966160
0.7796875000000000 0.5690781317668121
0.7797656250000000 0.5690846735841846
0.7798437500000001 0.5690919275053630
0.7799218750000000 0.5690984708439879
0.7800000000000000 0.5691057232182805
0.7800781250000001 0.5691122680760056
0.7801562500000000 0.5691195189055728
0.7802343750000000 0.5691260652802163
0.7803125000000000 0.5691333145672470
0.7803906250000000 0.5691398624566010
0.7804687500000000 0.5691471102033098
0.7805468750000000 0.5691536596051379
0.7806250000000000 0.5691609058137707
0.7807031250000001 0.5691674567258065
0.7807812500000000 0.5691747013986355
0.7808593750000000 0.5691812538185879
0.7809375000000001 0.5691884969579115
0.7810156250000000 0.5691950508834603
0.7810937500000000 0.5692022924916061
0.7811718750000001 0.5692088479204053
0.7812500000000000 0.5692160879997261
0.7813281250000000 0.5692226449294023
0.7814062500000000 0.5692298834822780
0.7814843750000000 0.5692364419104320
0.7815625000000000 0.5692436789392689
0.7816406250000000 0.5692502388634741
0.7817187500000000 0.5692574743707056
0.7817968750000001 0.5692640357885098
0.7818750000000000 0.5692712697765927
0.7819531250000000 0.5692778326855187
0.7820312500000001 0.5692850651569391
0.7821093750000000 0.5692916295544819
0.7821875000000000 0.5692988605117504
0.7822656250000000 0.5693054263953796
0.7823437500000000 0.5693126558410325
0.7824218750000000 0.5693192232081922
0.7825000000000000 0.5693264511447906
0.7825781250000000 0.5693330199929030
0.7826562500000001 0.5693402464230323
0.7827343750000000 0.5693468167494907
0.7828125000000000 0.5693540416757625
0.7828906250000001 0.5693606134779385
0.7829687500000000 0.5693678369029868
0.7830468750000000 0.5693744101782260
0.7831250000000001 0.5693816321047110
0.7832031250000000 0.5693882068503354
0.7832812500000000 0.5693954272809403
0.7833593750000000 0.5694020034942476
0.7834375000000000 0.5694092224316821
0.7835156250000000 0.5694158001099442
0.7835937500000000 0.5694230175569392
0.7836718750000000 0.5694295966974071
0.7837500000000001 0.5694368126567179
0.7838281250000000 0.5694433932566186
0.7839062500000000 0.5694506077310236
0.7839843750000001 0.5694571897875595
0.7840625000000000 0.5694644027798618
0.7841406250000000 0.5694709862902120
0.7842187500000000 0.5694781978032357
0.7842968750000000 0.5694847827645599
0.7843750000000000 0.5694919928011518
0.7844531250000000 0.5694985792105833
0.7845312500000000 0.5695057877736135
0.7846093750000001 0.5695123756282662
0.7846875000000000 0.5695195827206256
0.7847656250000000 0.5695261720175887
0.7848437500000001 0.5695333776421934
0.7849218750000000 0.5695399683785368
0.7850000000000000 0.5695471725383190
0.7850781250000001 0.5695537647110902
0.7851562500000000 0.5695609674090093
0.7852343750000000 0.5695675610152329
0.7853125000000000 0.5695747622542678
0.7853906250000000 0.5695813572909469
0.7854687500000000 0.5695885570740979
0.7855468750000000 0.5695951535382169
0.7856250000000000 0.5696023518685031
0.7857031250000001 0.5696089497570238
0.7857812500000000 0.5696161466374884
0.7858593750000000 0.5696227459473534
0.7859375000000001 0.5696299413810560
0.7860156250000000 0.5696365421091868
0.7860937500000000 0.5696437360992114
0.7861718750000000 0.5696503382425073
0.7862500000000000 0.5696575307919564
0.7863281250000000 0.5696641343472996
0.7864062500000000 0.5696713254592961
0.7864843750000000 0.5696779304235462
0.7865625000000001 0.5696851201012327
0.7866406250000000 0.5696917264712316
0.7867187500000000 0.5696989147177692
0.7867968750000001 0.5697055224903401
0.7868750000000000 0.5697127093089090
0.7869531250000000 0.5697193184808544
0.7870312500000001 0.5697265038746550
0.7871093750000000 0.5697331144427590
0.7871875000000000 0.5697402984150103
0.7872656250000000 0.5697469103760380
0.7873437500000000 0.5697540929299760
0.7874218750000000 0.5697607062806768
0.7875000000000000 0.5697678874195572
0.7875781250000000 0.5697745021566577
0.7876562500000001 0.5697816818837546
0.7877343750000000 0.5697882980039676
0.7878125000000000 0.5697954763225714
0.7878906250000001 0.5698020938225886
0.7879687500000000 0.5698092707360097
0.7880468750000000 0.5698158896125058
0.7881250000000000 0.5698230651240719
0.7882031250000000 0.5698296853737062
0.7882812500000000 0.5698368594867598
0.7883593750000000 0.5698434811061724
0.7884375000000000 0.5698506538240754
0.7885156250000001 0.5698572768098900
0.7885937500000000 0.5698644481360206
0.7886718750000000 0.5698710724848437
0.7887500000000001 0.5698782424225983
0.7888281250000000 0.5698848681310191
0.7889062500000000 0.5698920366838083
0.7889843750000001 0.5698986637484016
0.7890625000000000 0.5699058309196543
0.7891406250000000 0.5699124593369763
0.7892187500000000 0.5699196251301356
0.7892968750000000 0.5699262548967283
0.7893750000000000 0.5699334193152547
0.7894531250000000 0.5699400504276440
0.7895312500000000 0.5699472134750124
0.7896093750000001 0.5699538459297095
0.7896875000000000 0.5699610076094100
0.7897656250000000 0.5699676414029095
0.7898437500000001 0.5699748017184495
0.7899218750000000 0.5699814368472303
0.7900000000000000 0.5699885958021291
0.7900781250000000 0.5699952322626574
0.7901562500000000 0.5700023898604537
0.7902343750000000 0.5700090276491782
0.7903125000000000 0.5700161838934199
0.7903906250000000 0.5700228230067783
0.7904687500000001 0.5700299779010305
0.7905468750000000 0.5700366183354444
0.7906250000000000 0.5700437718832860
0.7907031250000001 0.5700504136351616
0.7907812500000000 0.5700575658401865
0.7908593750000000 0.5700642089059176
0.7909375000000001 0.5700713597717322
0.7910156250000000 0.5700780041476989
0.7910937500000000 0.5700851536779241
0.7911718750000000 0.5700917993604917
0.7912500000000000 0.5700989475587610
0.7913281250000000 0.5701055945442831
0.7914062500000000 0.5701127414142437
0.7914843750000000 0.5701193896990611
0.7915625000000001 0.5701265352443711
0.7916406250000000 0.5701331848248107
0.7917187500000000 0.5701403290491447
0.7917968750000001 0.5701469799215194
0.7918750000000000 0.5701541228285625
0.7919531250000000 0.5701607749891768
0.7920312500000000 0.5701679165826257
0.7921093750000000 0.5701745700277674
0.7921875000000000 0.5701817103113331
0.7922656250000000 0.5701883650372794
0.7923437500000000 0.5701955040146834
0.7924218750000001 0.5702021600177020
0.7925000000000000 0.5702092976926765
0.7925781250000000 0.5702159549690203
0.7926562500000001 0.5702230913453118
0.7927343750000000 0.5702297498912240
0.7928125000000000 0.5702368849725882
0.7928906250000001 0.5702435447843002
0.7929687500000000 0.5702506785745040
0.7930468750000000 0.5702573396482358
0.7931250000000000 0.5702644721510596
0.7932031250000000 0.5702711344830207
0.7932812500000000 0.5702782657022520
0.7933593750000000 0.5702849292886419
0.7934375000000000 0.5702920592280816
0.7935156250000001 0.5702987240650874
0.7935937500000000 0.5703058527285462
0.7936718750000000 0.5703125188123472
0.7937500000000001 0.5703196462036435
0.7938281250000000 0.5703263135304074
0.7939062500000000 0.5703334396533726
0.7939843750000000 0.5703401082192588
0.7940625000000000 0.5703472330777317
0.7941406250000000 0.5703539028788882
0.7942187500000000 0.5703610264767195
0.7942968750000000 0.5703676975092845
0.7943750000000001 0.5703748198503336
0.7944531250000000 0.5703814921104376
0.7945312500000000 0.5703886131985723
0.7946093750000001 0.5703952866823350
0.7946875000000000 0.5704024065214331
0.7947656250000000 0.5704090812249673
0.7948437500000001 0.5704161998189143
0.7949218750000000 0.5704228757383226
0.7950000000000000 0.5704299930910123
0.7950781250000000 0.5704366702223896
0.7951562500000000 0.5704437863377270
0.7952343750000000 0.5704504646771583
0.7953125000000000 0.5704575795590541
0.7953906250000000 0.5704642591026178
0.7954687500000001 0.5704713727549917
0.7955468750000000 0.5704780534987578
0.7956250000000000 0.5704851659255373
0.7957031250000001 0.5704918478655675
0.7957812500000000 0.5704989590706879
0.7958593750000000 0.5705056422030366
0.7959375000000000 0.5705127521904413
0.7960156250000000 0.5705194365111550
0.7960937500000000 0.5705265452847936
0.7961718750000000 0.5705332307899125
0.7962500000000000 0.5705403383537409
0.7963281250000001 0.5705470250392993
0.7964062500000000 0.5705541313972827
0.7964843750000000 0.5705608192593048
0.7965625000000001 0.5705679244154137
0.7966406250000000 0.5705746134499190
0.7967187500000000 0.5705817174081309
0.7967968750000001 0.5705884076111326
0.7968750000000000 0.5705955103754320
0.7969531250000000 0.5706022017429355
0.7970312500000000 0.5706093033173132
0.7971093750000000 0.5706159958453179
0.7971875000000000 0.5706230962337693
0.7972656250000000 0.5706297899182722
0.7973437500000000 0.5706368891247973
0.7974218750000001 0.5706435839617865
0.7975000000000000 0.5706506819903947
0.7975781250000000 0.5706573779758525
0.7976562500000001 0.5706644748305566
0.7977343750000000 0.5706711719604602
0.7978125000000000 0.5706782676452797
0.7978906250000000 0.5706849659156014
0.7979687500000000 0.5706920604345591
0.7980468750000000 0.5706987598412658
0.7981250000000000 0.5707058531983914
0.7982031250000000 0.5707125537374451
0.7982812500000001 0.5707196459367725
0.7983593750000000 0.5707263476041309
0.7984375000000000 0.5707334386496968
0.7985156250000001 0.5707401414413139
0.7985937500000000 0.5707472313371619
0.7986718750000000 0.5707539352489849
0.7987500000000001 0.5707610239991615
0.7988281250000000 0.5707677290271354
0.7989062500000000 0.5707748166356925
0.7989843750000000 0.5707815227757563
0.7990625000000000 0.5707886092467497
0.7991406250000000 0.5707953164948407
0.7992187500000000 0.5708024018323280
0.7992968750000000 0.5708091101843784
0.7993750000000001 0.5708161943924225
0.7994531250000000 0.5708229038443625
0.7995312500000000 0.5708299869270289
0.7996093750000001 0.5708366974747833
0.7996875000000000 0.5708437794361413
0.7997656250000000 0.5708504910756343
0.7998437500000000 0.5708575719197561
0.7999218750000000 0.5708642846469058
0.8000000000000000 0.5708713643778680
0.8000781250000000 0.5708780781885907
0.8001562500000000 0.5708851568104698
0.8002343750000001 0.5708918717006805
0.8003125000000000 0.5708989492175585
0.8003906250000000 0.5709056651831673
0.8004687500000001 0.5709127415991277
0.8005468750000000 0.5709194586360429
0.8006250000000000 0.5709265339551723
0.8007031250000001 0.5709332520593010
0.8007812500000000 0.5709403262856866
0.8008593750000000 0.5709470454529332
0.8009375000000000 0.5709541185906646
0.8010156250000000 0.5709608388169325
0.8010937500000000 0.5709679108701008
0.8011718750000000 0.5709746321512905
0.8012500000000000 0.5709817031239890
0.8013281250000001 0.5709884254560004
0.8014062500000000 0.5709954953523239
0.8014843750000000 0.5710022187310538
0.8015625000000001 0.5710092875550996
0.8016406250000000 0.5710160119764464
0.8017187500000000 0.5710230797323101
0.8017968750000000 0.5710298051921673
0.8018750000000000 0.5710368718839485
0.8019531250000000 0.5710435983782112
0.8020312500000000 0.5710506640100110
0.8021093750000000 0.5710573915345712
0.8021875000000001 0.5710644561104880
0.8022656250000000 0.5710711846612396
0.8023437500000000 0.5710782481853754
0.8024218750000001 0.5710849777582111
0.8025000000000000 0.5710920402346654
0.8025781250000000 0.5710987708254774
0.8026562500000001 0.5711058322583530
0.8027343750000000 0.5711125638630317
0.8028125000000000 0.5711196242564310
0.8028906250000000 0.5711263568708690
0.8029687500000000 0.5711334162288922
0.8030468750000000 0.5711401498489813
0.8031250000000000 0.5711472081757309
0.8032031250000000 0.5711539427973622
0.8032812500000001 0.5711610000969403
0.8033593750000000 0.5711677357160049
0.8034375000000000 0.5711747919925121
0.8035156250000001 0.5711815286049038
0.8035937500000000 0.5711885838624418
0.8036718750000000 0.5711953214640525
0.8037500000000000 0.5712023757067197
0.8038281250000000 0.5712091142934445
0.8039062500000000 0.5712161675253400
0.8039843750000000 0.5712229070930742
0.8040625000000000 0.5712299593182967
0.8041406250000001 0.5712366998629353
0.8042187500000000 0.5712437510855811
0.8042968750000000 0.5712504926030206
0.8043750000000001 0.5712575428271860
0.8044531250000000 0.5712642853133268
0.8045312500000000 0.5712713345431040
0.8046093750000001 0.5712780779938457
0.8046875000000000 0.5712851262333282
0.8047656250000000 0.5712918706445719
0.8048437500000000 0.5712989178978514
0.8049218750000000 0.5713056632655005
0.8050000000000000 0.5713127095366652
0.8050781250000000 0.5713194558566246
0.8051562500000000 0.5713265011497620
0.8052343750000001 0.5713332484179406
0.8053125000000000 0.5713402927371355
0.8053906250000000 0.5713470409494403
0.8054687500000001 0.5713540842987770
0.8055468750000000 0.5713608334511197
0.8056250000000000 0.5713678758346784
0.8057031250000000 0.5713746259229733
0.8057812500000000 0.5713816673448315
0.8058593750000000 0.5713884183649962
0.8059375000000000 0.5713954588292296
0.8060156250000000 0.5714022107771822
0.8060937500000001 0.5714092502878638
0.8061718750000000 0.5714160031595261
0.8062500000000000 0.5714230417207260
0.8063281250000001 0.5714297955120233
0.8064062500000000 0.5714368331278086
0.8064843750000000 0.5714435878346685
0.8065625000000001 0.5714506245091034
0.8066406250000000 0.5714573801274565
0.8067187500000000 0.5714644158646019
0.8067968750000000 0.5714711723903825
0.8068750000000000 0.5714782071942944
0.8069531250000000 0.5714849646234423
0.8070312500000000 0.5714919984981754
0.8071093750000000 0.5714987568266290
0.8071875000000001 0.5715057897762340
0.8072656250000000 0.5715125489999393
0.8073437500000000 0.5715195810284628
0.8074218750000001 0.5715263411433689
0.8075000000000000 0.5715333722548532
0.8075781250000000 0.5715401332569116
0.8076562500000000 0.5715471634553971
0.8077343750000000 0.5715539253405634
0.8078125000000000 0.5715609546300838
0.8078906250000000 0.5715677173943203
0.8079687500000000 0.5715747457789060
0.8080468750000001 0.5715815094181775
0.8081250000000000 0.5715885369018550
0.8082031250000000 0.5715953014121303
0.8082812500000001 0.5716023279989220
0.8083593750000000 0.5716090933761739
0.8084375000000000 0.5716161190700979
0.8085156250000001 0.5716228853103046
0.8085937500000000 0.5716299101153729
0.8086718750000000 0.5716366772145182
0.8087500000000000 0.5716437011347394
0.8088281250000000 0.5716504690888102
0.8089062500000000 0.5716574921281866
0.8089843750000000 0.5716642609331762
0.8090625000000000 0.5716712830957074
0.8091406250000001 0.5716780527476125
0.8092187500000000 0.5716850740372905
0.8092968750000000 0.5716918445321141
0.8093750000000001 0.5716988649529289
0.8094531250000000 0.5717056362866787
0.8095312500000000 0.5717126558426113
0.8096093750000000 0.5717194280113006
0.8096875000000000 0.5717264467063292
0.8097656250000000 0.5717332197059772
0.8098437500000000 0.5717402375440729
0.8099218750000000 0.5717470113707043
0.8100000000000001 0.5717540283558328
0.8100781250000000 0.5717608030054768
0.8101562500000000 0.5717678191416005
0.8102343750000001 0.5717745946102922
0.8103125000000000 0.5717816099013651
0.8103906250000000 0.5717883861851463
0.8104687500000001 0.5717954006351176
0.8105468750000000 0.5718021777300359
0.8106250000000000 0.5718091913428487
0.8107031250000000 0.5718159692449570
0.8107812500000000 0.5718229820245484
0.8108593750000000 0.5718297607299062
0.8109375000000000 0.5718367726802056
0.8110156250000000 0.5718435521848793
0.8110937500000001 0.5718505633098135
0.8111718750000000 0.5718573436098735
0.8112500000000000 0.5718643539133595
0.8113281250000001 0.5718711350048858
0.8114062500000000 0.5718781444908343
0.8114843750000000 0.5718849263699113
0.8115625000000000 0.5718919350422281
0.8116406250000000 0.5718987177049483
0.8117187500000000 0.5719057255675311
0.8117968750000000 0.5719125090099935
0.8118750000000000 0.5719195160667332
0.8119531250000001 0.5719263002850419
0.8120312500000000 0.5719333065398233
0.8121093750000000 0.5719400915300921
0.8121875000000001 0.5719470969867934
0.8122656250000000 0.5719538827451393
0.8123437500000000 0.5719608874076322
0.8124218750000001 0.5719676739301814
0.8125000000000000 0.5719746778023295
0.8125781250000000 0.5719814650852149
0.8126562500000000 0.5719884681708759
0.8127343750000000 0.5719952562102368
0.8128125000000000 0.5720022585132588
0.8128906250000000 0.5720090473052443
0.8129687500000000 0.5720160488294690
0.8130468750000001 0.5720228383702347
0.8131250000000000 0.5720298391194963
0.8132031250000000 0.5720366294052058
0.8132812500000001 0.5720436293833304
0.8133593750000000 0.5720504204101522
0.8134375000000000 0.5720574196209600
0.8135156250000000 0.5720642113850730
0.8135937500000000 0.5720712098323759
0.8136718750000000 0.5720780023299658
0.8137500000000000 0.5720850000175667
0.8138281250000000 0.5720917932448261
0.8139062500000001 0.5720987901765213
0.8139843750000000 0.5721055841296522
0.8140625000000000 0.5721125803092304
0.8141406250000001 0.5721193749844414
0.8142187500000000 0.5721263704156831
0.8142968750000000 0.5721331658091904
0.8143750000000001 0.5721401604958667
0.8144531250000000 0.5721469566038978
0.8145312500000000 0.5721539505497724
0.8146093750000000 0.5721607473685608
0.8146875000000000 0.5721677405773892
0.8147656250000000 0.5721745381031758
0.8148437500000000 0.5721815305787058
0.8149218750000000 0.5721883288077407
0.8150000000000001 0.5721953205537105
0.8150781250000000 0.5722021194822545
0.8151562500000000 0.5722091105023941
0.8152343750000001 0.5722159101267124
0.8153125000000000 0.5722229004247442
0.8153906250000000 0.5722297007411136
0.8154687500000000 0.5722366903207512
0.8155468750000000 0.5722434913254550
0.8156250000000000 0.5722504801904020
0.8157031250000000 0.5722572818797347
0.8157812500000000 0.5722642700336882
0.8158593750000001 0.5722710724039506
0.8159375000000000 0.5722780598505971
0.8160156250000000 0.5722848628980997
0.8160937500000001 0.5722918496411176
0.8161718750000000 0.5722986533621797
0.8162500000000000 0.5723056394052387
0.8163281250000001 0.5723124437961897
0.8164062500000000 0.5723194291429485
0.8164843750000000 0.5723262342001262
0.8165625000000000 0.5723332188542372
0.8166406250000000 0.5723400245739874
0.8167187500000000 0.5723470085390929
0.8167968750000000 0.5723538149177722
0.8168750000000000 0.5723607981975041
0.8169531250000001 0.5723676052314766
0.8170312500000000 0.5723745878294604
0.8171093750000000 0.5723813955150999
0.8171875000000001 0.5723883774349493
0.8172656250000000 0.5723951857686392
0.8173437500000000 0.5724021670139595
0.8174218750000000 0.5724089759920934
0.8175000000000000 0.5724159565664811
0.8175781250000000 0.5724227661854602
0.8176562500000000 0.5724297460925002
0.8177343750000000 0.5724365563487375
0.8178125000000001 0.5724435355920074
0.8178906250000000 0.5724503464819247
0.8179687500000000 0.5724573250649896
0.8180468750000001 0.5724641365850182
0.8181250000000000 0.5724711145114362
0.8182031250000000 0.5724779266580163
0.8182812500000001 0.5724849039313360
0.8183593750000000 0.5724917167009174
0.8184375000000000 0.5724986933246772
0.8185156250000000 0.5725055067137196
0.8185937500000000 0.5725124826914479
0.8186718750000000 0.5725192966964220
0.8187500000000000 0.5725262720316362
0.8188281250000000 0.5725330866490218
0.8189062500000001 0.5725400613452305
0.8189843750000000 0.5725468765715181
0.8190625000000000 0.5725538506322192
0.8191406250000001 0.5725606664639085
0.8192187500000000 0.5725676398925915
0.8192968750000000 0.5725744563261914
0.8193750000000000 0.5725814291263350
0.8194531250000000 0.5725882461583661
0.8195312500000000 0.5725952183334367
0.8196093750000000 0.5726020359604295
0.8196875000000000 0.5726090075138872
0.8197656250000001 0.5726158257323808
0.8198437500000000 0.5726227966676731
0.8199218750000000 0.5726296154742181
0.8200000000000001 0.5726365857947822
0.8200781250000000 0.5726434051859400
0.8201562500000000 0.5726503748952040
0.8202343750000001 0.5726571948675442
0.8203125000000000 0.5726641639689263
0.8203906250000000 0.5726709845190310
0.8204687500000000 0.5726779530159362
0.8205468750000000 0.5726847741403974
0.8206250000000000 0.5726917420362222
0.8207031250000000 0.5726985637316431
0.8207812500000000 0.5727055310297731
0.8208593750000001 0.5727123532927656
0.8209375000000000 0.5727193199965748
0.8210156250000000 0.5727261428237637
0.8210937500000001 0.5727331089366190
0.8211718750000000 0.5727399323246349
0.8212500000000000 0.5727468978498910
0.8213281250000000 0.5727537217953791
0.8214062500000000 0.5727606867363804
0.8214843750000000 0.5727675112359942
0.8215625000000000 0.5727744755960735
0.8216406250000000 0.5727813006464797
0.8217187500000001 0.5727882644289596
0.8217968750000000 0.5727950900268325
0.8218750000000000 0.5728020532350253
0.8219531250000001 0.5728088793770535
0.8220312500000000 0.5728158420142598
0.8221093750000000 0.5728226686971413
0.8221875000000001 0.5728296307666493
0.8222656250000000 0.5728364579870917
0.8223437500000000 0.5728434194921832
0.8224218750000000 0.5728502472469061
0.8225000000000000 0.5728572081908496
0.8225781250000000 0.5728640364765826
0.8226562500000000 0.5728709968626343
0.8227343750000000 0.5728778256761189
0.8228125000000001 0.5728847855075279
0.8228906250000000 0.5728916148455151
0.8229687500000000 0.5728985741255166
0.8230468750000001 0.5729054039847692
0.8231250000000000 0.5729123627165879
0.8232031250000000 0.5729191930938803
0.8232812500000000 0.5729261512807294
0.8233593750000000 0.5729329821728472
0.8234375000000000 0.5729399398179305
0.8235156250000000 0.5729467712216678
0.8235937500000000 0.5729537283281761
0.8236718750000001 0.5729605602403435
0.8237500000000000 0.5729675168114569
0.8238281250000000 0.5729743492288698
0.8239062500000001 0.5729813052677600
0.8239843750000000 0.5729881381872468
0.8240625000000000 0.5729950936970715
0.8241406250000001 0.5730019271154745
0.8242187500000000 0.5730088820993809
0.8242968750000000 0.5730157160135501
0.8243750000000000 0.5730226704746748
0.8244531250000000 0.5730295048814735
0.8245312500000000 0.5730364588229407
0.8246093750000000 0.5730432937192431
0.8246875000000000 0.5730502471441676
0.8247656250000001 0.5730570825268573
0.8248437500000000 0.5730640354383414
0.8249218750000000 0.5730708713043161
0.8250000000000001 0.5730778237054516
0.8250781250000000 0.5730846600516183
0.8251562500000000 0.5730916119454841
0.8252343750000000 0.5730984487687619
0.8253125000000000 0.5731054001584269
0.8253906250000000 0.5731122374557470
0.8254687500000000 0.5731191883442693
0.8255468750000000 0.5731260261125705
0.8256250000000001 0.5731329765029964
0.8257031250000000 0.5731398147392335
0.8257812500000000 0.5731467646345966
0.8258593750000001 0.5731536033357342
0.8259375000000000 0.5731605527390582
0.8260156250000000 0.5731673919020713
0.8260937500000001 0.5731743408163693
0.8261718750000000 0.5731811804382428
0.8262500000000000 0.5731881288665154
0.8263281250000000 0.5731949689442508
0.8264062500000000 0.5732019168894849
0.8264843750000000 0.5732087574200917
0.8265625000000000 0.5732157048852662
0.8266406250000000 0.5732225458657652
0.8267187500000001 0.5732294928538456
0.8267968750000000 0.5732363342812689
0.8268750000000000 0.5732432807952118
0.8269531250000001 0.5732501226666031
0.8270312500000000 0.5732570687093509
0.8271093750000000 0.5732639110217685
0.8271875000000000 0.5732708565962518
0.8272656250000000 0.5732776993467610
0.8273437500000000 0.5732846444559013
0.8274218750000000 0.5732914876415804
0.8275000000000000 0.5732984322882868
0.8275781250000001 0.5733052759062280
0.8276562500000000 0.5733122200933959
0.8277343750000000 0.5733190641406997
0.8278125000000001 0.5733260078712162
0.8278906250000000 0.5733328523449965
0.8279687500000000 0.5733397956217356
0.8280468750000001 0.5733466405191163
0.8281250000000000 0.5733535833449410
0.8282031250000000 0.5733604286630593
0.8282812500000000 0.5733673710408194
0.8283593750000000 0.5733742167768229
0.8284375000000000 0.5733811587093590
0.8285156250000000 0.5733880048604079
0.8285937500000000 0.5733949463505473
0.8286718750000001 0.5734017929138115
0.8287500000000000 0.5734087339643711
0.8288281250000000 0.5734155809370353
0.8289062500000001 0.5734225215508187
0.8289843750000000 0.5734293689300752
0.8290625000000000 0.5734363091098768
0.8291406250000000 0.5734431568929325
0.8292187500000000 0.5734500966415339
0.8292968750000000 0.5734569448256044
0.8293750000000000 0.5734638841457759
0.8294531250000000 0.5734707327280928
0.8295312500000001 0.5734776716225910
0.8296093750000000 0.5734845206003945
0.8296875000000000 0.5734914590719672
0.8297656250000001 0.5734983084425094
0.8298437500000000 0.5735052464938910
0.8299218750000000 0.5735120962544348
0.8300000000000001 0.5735190338883512
0.8300781250000000 0.5735258840361716
0.8301562500000000 0.5735328212553336
0.8302343750000000 0.5735396717877194
0.8303125000000000 0.5735466085948258
0.8303906250000000 0.5735534595090754
0.8304687500000000 0.5735603959068162
0.8305468750000000 0.5735672472002395
0.8306250000000001 0.5735741831912912
0.8307031250000000 0.5735810348612116
0.8307812500000000 0.5735879704482394
0.8308593750000001 0.5735948224919891
0.8309375000000000 0.5736017576776469
0.8310156250000000 0.5736086100925727
0.8310937500000000 0.5736155448795016
0.8311718750000000 0.5736223976629591
0.8312500000000000 0.5736293320537921
0.8313281250000000 0.5736361852031497
0.8314062500000000 0.5736431192005041
0.8314843750000001 0.5736499727131423
0.8315625000000000 0.5736569063196263
0.8316406250000000 0.5736637601929362
0.8317187500000001 0.5736706934111447
0.8317968750000000 0.5736775476425302
0.8318750000000000 0.5736844804750479
0.8319531250000001 0.5736913350619239
0.8320312500000000 0.5736982675113239
0.8321093750000000 0.5737051224511164
0.8321875000000000 0.5737120545199581
0.8322656250000000 0.5737189098101052
0.8323437500000000 0.5737258415009399
0.8324218750000000 0.5737326971388920
0.8325000000000000 0.5737396284542559
0.8325781250000001 0.5737464844374734
0.8326562500000000 0.5737534153798927
0.8327343750000000 0.5737602717058495
0.8328125000000001 0.5737672022778392
0.8328906250000000 0.5737740589440189
0.8329687500000000 0.5737809891480826
0.8330468750000000 0.5737878461519808
0.8331250000000000 0.5737947759906090
0.8332031250000000 0.5738016333297340
0.8332812500000000 0.5738085628054075
0.8333593750000000 0.5738154204772772
0.8334375000000001 0.5738223495924651
0.8335156250000000 0.5738292075946111
0.8335937500000000 0.5738361363517686
0.8336718750000001 0.5738429946817316
0.8337500000000000 0.5738499230833058
0.8338281250000000 0.5738567817386402
0.8339062500000001 0.5738637097870640
0.8339843750000000 0.5738705687653362
0.8340625000000000 0.5738774964630319
0.8341406250000000 0.5738843557618158
0.8342187500000000 0.5738912831111954
0.8342968750000000 0.5738981427280805
0.8343750000000000 0.5739050697315426
0.8344531250000000 0.5739119296641275
0.8345312500000001 0.5739188563240618
0.8346093750000000 0.5739257165699573
0.8346875000000000 0.5739326428887384
0.8347656250000001 0.5739395034455673
0.8348437500000000 0.5739464294255617
0.8349218750000000 0.5739532902909581
0.8350000000000000 0.5739602159345182
0.8350781250000000 0.5739670771061275
0.8351562500000000 0.5739740024155967
0.8352343750000000 0.5739808638910748
0.8353125000000000 0.5739877888687837
0.8353906250000001 0.5739946506457979
0.8354687500000000 0.5740015752940661
0.8355468750000000 0.5740084373702978
0.8356250000000001 0.5740153616914321
0.8357031250000000 0.5740222240645713
0.8357812500000000 0.5740291480608707
0.8358593750000001 0.5740360107286181
0.8359375000000000 0.5740429344023666
0.8360156250000000 0.5740497973624380
0.8360937500000000 0.5740567207159090
0.8361718750000000 0.5740635839660277
0.8362500000000000 0.5740705070014858
0.8363281250000000 0.5740773705393879
0.8364062500000000 0.5740842932590834
0.8364843750000001 0.5740911570825168
0.8365625000000000 0.5740980794886908
0.8366406250000000 0.5741049435954133
0.8367187500000001 0.5741118656902929
0.8367968750000000 0.5741187300780769
0.8368750000000000 0.5741256518638800
0.8369531250000000 0.5741325165305059
0.8370312500000000 0.5741394380094379
0.8371093750000000 0.5741463029526988
0.8371875000000000 0.5741532241269555
0.8372656250000000 0.5741600893446546
0.8373437500000001 0.5741670102164201
0.8374218750000000 0.5741738757063717
0.8375000000000000 0.5741807962778185
0.8375781250000001 0.5741876620378490
0.8376562500000000 0.5741945823111401
0.8377343750000000 0.5742014483390856
0.8378125000000001 0.5742083683163701
0.8378906250000000 0.5742152346100809
0.8379687500000000 0.5742221542934973
0.8380468750000000 0.5742290208508318
0.8381250000000000 0.5742359402425101
0.8382031250000000 0.5742428070613393
0.8382812500000000 0.5742497261633948
0.8383593750000000 0.5742565932416003
0.8384375000000001 0.5742635120561410
0.8385156250000000 0.5742703793916140
0.8385937500000000 0.5742772979207341
0.8386718750000001 0.5742841655113794
0.8387500000000000 0.5742910837571625
0.8388281250000000 0.5742979516008947
0.8389062500000000 0.5743048695654148
0.8389843750000000 0.5743117376601597
0.8390625000000000 0.5743186553454788
0.8391406250000000 0.5743255236891713
0.8392187500000000 0.5743324410973399
0.8392968750000001 0.5743393096879308
0.8393750000000000 0.5743462268209876
0.8394531250000000 0.5743530956564339
0.8395312500000001 0.5743600125164098
0.8396093750000000 0.5743668815946806
0.8396875000000000 0.5743737981835936
0.8397656250000001 0.5743806675026700
0.8398437500000000 0.5743875838225270
0.8399218750000000 0.5743944533804003
0.8400000000000000 0.5744013694331979
0.8400781250000000 0.5744082392278704
0.8401562500000000 0.5744151550155930
0.8402343750000000 0.5744220250450772
0.8403125000000000 0.5744289405697028
0.8403906250000001 0.5744358108320210
0.8404687500000000 0.5744427260955121
0.8405468750000000 0.5744495965887001
0.8406250000000001 0.5744565115930100
0.8407031250000000 0.5744633823151118
0.8407812500000000 0.5744702970621844
0.8408593750000000 0.5744771680112576
0.8409375000000000 0.5744840825030216
0.8410156250000000 0.5744909536771330
0.8410937500000000 0.5744978679155123
0.8411718750000000 0.5745047393127382
0.8412500000000001 0.5745116532996415
0.8413281250000000 0.5745185249180709
0.8414062500000000 0.5745254386554000
0.8414843750000001 0.5745323104931295
0.8415625000000000 0.5745392239827724
0.8416406250000000 0.5745460960379122
0.8417187500000001 0.5745530092817487
0.8417968750000000 0.5745598815524189
0.8418750000000000 0.5745667945523165
0.8419531250000000 0.5745736670366465
0.8420312500000000 0.5745805797944639
0.8421093750000000 0.5745874524905947
0.8421875000000000 0.5745943650081775
0.8422656250000000 0.5746012379142612
0.8423437500000001 0.5746081501934459
0.8424218750000000 0.5746150233076445
0.8425000000000000 0.5746219353502576
0.8425781250000001 0.5746288086707432
0.8426562500000000 0.5746357204786000
0.8427343750000000 0.5746425940035549
0.8428125000000000 0.5746495055784616
0.8428906250000000 0.5746563793060785
0.8429687500000000 0.5746632906498302
0.8430468750000000 0.5746701645783124
0.8431250000000000 0.5746770756926938
0.8432031250000001 0.5746839498202547
0.8432812500000000 0.5746908607070398
0.8433593750000000 0.5746977350319047
0.8434375000000001 0.5747046456928564
0.8435156250000000 0.5747115202132586
0.8435937500000000 0.5747184306501322
0.8436718750000001 0.5747253053643171
0.8437500000000000 0.5747322155788553
0.8438281250000000 0.5747390904850763
0.8439062500000000 0.5747460004790124
0.8439843750000000 0.5747528755755368
0.8440625000000000 0.5747597853505931
0.8441406250000000 0.5747666606356953
0.8442187500000000 0.5747735701935850
0.8442968750000001 0.5747804456655495
0.8443750000000000 0.5747873550079761
0.8444531250000000 0.5747942306650992
0.8445312500000001 0.5748011397937547
0.8446093750000000 0.5748080156343401
0.8446875000000000 0.5748149245509085
0.8447656250000000 0.5748218005732745
0.8448437500000000 0.5748287092794258
0.8449218750000000 0.5748355854818955
0.8450000000000000 0.5748424939792955
0.8450781250000000 0.5748493703602056
0.8451562500000001 0.5748562786505050
0.8452343750000000 0.5748631552082000
0.8453125000000000 0.5748700632930427
0.8453906250000001 0.5748769400258776
0.8454687500000000 0.5748838479068967
0.8455468750000000 0.5748907248132376
0.8456250000000001 0.5748976324920556
0.8457031250000000 0.5749045095702767
0.8457812500000000 0.5749114170485070
0.8458593750000000 0.5749182942969937
0.8459375000000000 0.5749252015762393
0.8460156250000000 0.5749320789933867
0.8460937500000000 0.5749389860752410
0.8461718750000000 0.5749458636594537
0.8462500000000001 0.5749527705454996
0.8463281250000000 0.5749596482951922
0.8464062500000000 0.5749665549870050
0.8464843750000001 0.5749734329006005
0.8465625000000000 0.5749803393997435
0.8466406250000000 0.5749872174756776
0.8467187500000000 0.5749941237837045
0.8467968750000000 0.5750010020204199
0.8468750000000000 0.5750079081388767
0.8469531250000000 0.5750147865348261
0.8470312500000000 0.5750216924652470
0.8471093750000001 0.5750285710188940
0.8471875000000000 0.5750354767628054
0.8472656250000000 0.5750423554726211
0.8473437500000001 0.5750492610315403
0.8474218750000000 0.5750561398960062
0.8475000000000000 0.5750630452714380
0.8475781250000001 0.5750699242890458
0.8476562500000000 0.5750768294824899
0.8477343750000000 0.5750837086517396
0.8478125000000000 0.5750906136646813
0.8478906250000000 0.5750974929840844
0.8479687500000000 0.5751043978180032
0.8480468750000000 0.5751112772860772
0.8481250000000000 0.5751181819424426
0.8482031250000001 0.5751250615577184
0.8482812500000000 0.5751319660379877
0.8483593750000000 0.5751388457990031
0.8484375000000001 0.5751457501046283
0.8485156250000000 0.5751526300099301
0.8485937500000000 0.5751595341423517
0.8486718750000000 0.5751664141904973
0.8487500000000000 0.5751733181511471
0.8488281250000000 0.5751801983407023
0.8489062500000000 0.5751871021310033
0.8489843750000000 0.5751939824605435
0.8490625000000001 0.5752008860819072
0.8491406250000000 0.5752077665500176
0.8492187500000000 0.5752146700038491
0.8492968750000001 0.5752215506091223
0.8493750000000000 0.5752284538968170
0.8494531250000000 0.5752353346378555
0.8495312500000001 0.5752422377608003
0.8496093750000000 0.5752491186362154
0.8496875000000000 0.5752560215957857
0.8497656250000000 0.5752629026041989
0.8498437500000000 0.5752698054017640
0.8499218750000000 0.5752766865418040
0.8500000000000000 0.5752835891787222
0.8500781250000000 0.5752904704490288
0.8501562500000001 0.5752973729266490
0.8502343750000000 0.5753042543258710
0.8503125000000000 0.5753111566455336
0.8503906250000001 0.5753180381723257
0.8504687500000000 0.5753249403353653
0.8505468750000000 0.5753318219883934
0.8506250000000000 0.5753387239961311
0.8507031250000000 0.5753456057740701
0.8507812500000000 0.5753525076278213
0.8508593750000000 0.5753593895293531
0.8509375000000000 0.5753662912304237
0.8510156250000001 0.5753731732542415
0.8510937500000000 0.5753800748039284
0.8511718750000000 0.5753869569487314
0.8512500000000001 0.5753938583483221
0.8513281250000000 0.5754007406128211
0.8514062500000000 0.5754076418635945
0.8514843750000001 0.5754145242465076
0.8515625000000000 0.5754214253497351
0.8516406250000000 0.5754283078497886
0.8517187500000000 0.5754352088067320
0.8517968750000000 0.5754420914226608
0.8518750000000000 0.5754489922345738
0.8519531250000000 0.5754558749651233
0.8520312500000000 0.5754627756332497
0.8521093750000001 0.5754696584771704
0.8521875000000000 0.5754765590027493
0.8522656250000000 0.5754834419588024
0.8523437500000001 0.5754903423430597
0.8524218750000000 0.5754972254100154
0.8525000000000000 0.5755041256541706
0.8525781250000000 0.5755110088308072
0.8526562500000000 0.5755179089360712
0.8527343750000000 0.5755247922211741
0.8528125000000000 0.5755316921887509
0.8528906250000000 0.5755385755811151
0.8529687500000001 0.5755454754121975
0.8530468750000000 0.5755523589106253
0.8531250000000000 0.5755592586064011
0.8532031250000001 0.5755661422097035
0.8532812500000000 0.5755730417713492
0.8533593750000000 0.5755799254783465
0.8534375000000001 0.5755868249070331
0.8535156250000000 0.5755937087165511
0.8535937500000000 0.5756006080134392
0.8536718750000000 0.5756074919243152
0.8537500000000000 0.5756143910905578
0.8538281250000000 0.5756212751016363
0.8539062500000000 0.5756281741383775
0.8539843750000000 0.5756350582485111
0.8540625000000001 0.5756419571568882
0.8541406250000000 0.5756488413649351
0.8542187500000000 0.5756557401460780
0.8542968750000001 0.5756626244509081
0.8543750000000000 0.5756695231059373
0.8544531250000000 0.5756764075064252
0.8545312500000000 0.5756833060364529
0.8546093750000000 0.5756901905314843
0.8546875000000000 0.5756970889376166
0.8547656250000000 0.5757039735260840
0.8548437500000000 0.5757108718094159
0.8549218750000001 0.5757177564902185
0.8550000000000000 0.5757246546518393
0.8550781250000000 0.5757315394238869
0.8551562500000001 0.5757384374648785
0.8552343750000000 0.5757453223270843
0.8553125000000000 0.5757522202485202
0.8553906250000001 0.5757591051998100
0.8554687500000000 0.5757660030027553
0.8555468750000000 0.5757728880420590
0.8556250000000000 0.5757797857275722
0.8557031250000000 0.5757866708538294
0.8557812500000000 0.5757935684229601
0.8558593750000000 0.5758004536351176
0.8559375000000000 0.5758073510889083
0.8560156250000001 0.5758142363859209
0.8560937500000000 0.5758211337254059
0.8561718750000000 0.5758280191062367
0.8562500000000001 0.5758349163324423
0.8563281250000000 0.5758418017960600
0.8564062500000000 0.5758486989100066
0.8564843750000000 0.5758555844553908
0.8565625000000000 0.5758624814580888
0.8566406250000000 0.5758693670842222
0.8567187500000000 0.5758762639766773
0.8567968750000000 0.5758831496825537
0.8568750000000001 0.5758900464657639
0.8569531250000000 0.5758969322503803
0.8570312500000000 0.5759038289253343
0.8571093750000001 0.5759107147877005
0.8571875000000000 0.5759176113553801
0.8572656250000000 0.5759244972945103
0.8573437500000001 0.5759313937558894
0.8574218750000000 0.5759382797708074
0.8575000000000000 0.5759451761268535
0.8575781250000000 0.5759520622165873
0.8576562500000000 0.5759589584682603
0.8577343750000000 0.5759658446318461
0.8578125000000000 0.5759727407801001
0.8578906250000000 0.5759796270165826
0.8579687500000001 0.5759865230623616
0.8580468750000000 0.5759934093707916
0.8581250000000000 0.5760003053150349
0.8582031250000001 0.5760071916944705
0.8582812500000000 0.5760140875381091
0.8583593750000000 0.5760209739876160
0.8584375000000000 0.5760278697315742
0.8585156250000000 0.5760347562502247
0.8585937500000000 0.5760416518954192
0.8586718750000000 0.5760485384822931
0.8587500000000000 0.5760554340296340
0.8588281250000001 0.5760623206838181
0.8589062500000000 0.5760692161342080
0.8589843750000000 0.5760761028547959
0.8590625000000001 0.5760829982091312
0.8591406250000000 0.5760898849952225
0.8592187500000000 0.5760967802543926
0.8592968750000001 0.5761036671050959
0.8593750000000000 0.5761105622699815
0.8594531250000000 0.5761174491844112
0.8595312500000000 0.5761243442558890
0.8596093750000000 0.5761312312331659
0.8596875000000000 0.5761381262121029
0.8597656250000000 0.5761450132513571
0.8598437500000000 0.5761519081386139
0.8599218750000001 0.5761587952389788
0.8600000000000000 0.5761656900354116
0.8600781250000000 0.5761725771960305
0.8601562500000001 0.5761794719024855
0.8602343750000000 0.5761863591225057
0.8603125000000000 0.5761932537398262
0.8603906250000000 0.5762001410184029
0.8604687500000000 0.5762070355474214
0.8605468750000000 0.5762139228837179
0.8606250000000000 0.5762208173252630
0.8607031250000000 0.5762277047184466
0.8607812500000001 0.5762345990733393
0.8608593750000000 0.5762414865225866
0.8609375000000000 0.5762483807916408
0.8610156250000001 0.5762552682961321
0.8610937500000000 0.5762621624801568
0.8611718750000000 0.5762690500390811
0.8612500000000001 0.5762759441388768
0.8613281250000000 0.5762828317514305
0.8614062500000000 0.5762897257677929
0.8614843750000000 0.5762966134331738
0.8615625000000000 0.5763035073668923
0.8616406250000000 0.5763103950843096
0.8617187500000000 0.5763172889361665
0.8617968750000000 0.5763241767048345
0.8618750000000001 0.5763310704756038
0.8619531250000000 0.5763379582947419
0.8620312500000000 0.5763448519851957
0.8621093750000001 0.5763517398540319
0.8621875000000000 0.5763586334649303
0.8622656250000000 0.5763655213826983
0.8623437500000000 0.5763724149147994
0.8624218750000000 0.5763793028807368
0.8625000000000000 0.5763861963347922
0.8625781250000000 0.5763930843481451
0.8626562500000000 0.5763999777248979
0.8627343750000001 0.5764068657849182
0.8628125000000000 0.5764137590851078
0.8628906250000000 0.5764206471910538
0.8629687500000001 0.5764275404154106
0.8630468750000000 0.5764344285665463
0.8631250000000000 0.5764413217157980
0.8632031250000001 0.5764482099113918
0.8632812500000000 0.5764551029862581
0.8633593750000000 0.5764619912255877
0.8634375000000000 0.5764688842267816
0.8635156250000000 0.5764757725091287
0.8635937500000000 0.5764826654373593
0.8636718750000000 0.5764895537620114
0.8637500000000000 0.5764964466179805
0.8638281250000001 0.5765033349842322
0.8639062500000000 0.5765102277686354
0.8639843750000000 0.5765171161757870
0.8640625000000001 0.5765240088893141
0.8641406250000000 0.5765308973366711
0.8642187500000000 0.5765377899800075
0.8642968750000000 0.5765446784668810
0.8643750000000000 0.5765515710407038
0.8644531250000000 0.5765584595664129
0.8645312500000000 0.5765653520713949
0.8646093750000000 0.5765722406352614
0.8646875000000001 0.5765791330720716
0.8647656250000000 0.5765860216734241
0.8648437500000000 0.5765929140427216
0.8649218750000001 0.5765998026808962
0.8650000000000000 0.5766066949833363
0.8650781250000000 0.5766135836576732
0.8651562500000001 0.5766204758939065
0.8652343750000000 0.5766273646037513
0.8653125000000000 0.5766342567744214
0.8653906250000000 0.5766411455191265
0.8654687500000000 0.5766480376248727
0.8655468750000000 0.5766549264037955
0.8656250000000000 0.5766618184452471
0.8657031250000000 0.5766687072577535
0.8657812500000001 0.5766755992355392
0.8658593750000000 0.5766824880809941
0.8659375000000000 0.5766893799957374
0.8660156250000001 0.5766962688735159
0.8660937500000000 0.5767031607258321
0.8661718750000000 0.5767100496353128
0.8662500000000000 0.5767169414258134
0.8663281250000000 0.5767238303663831
0.8664062500000000 0.5767307220956703
0.8664843750000000 0.5767376110667201
0.8665625000000000 0.5767445027353960
0.8666406250000001 0.5767513917363198
0.8667187500000000 0.5767582833449790
0.8667968750000000 0.5767651723751793
0.8668750000000001 0.5767720639244103
0.8669531250000000 0.5767789529832914
0.8670312500000000 0.5767858444736810
0.8671093750000001 0.5767927335606553
0.8671875000000000 0.5767996249927796
0.8672656250000000 0.5768065141072645
0.8673437500000000 0.5768134054816978
0.8674218750000000 0.5768202946231150
0.8675000000000000 0.5768271859404255
0.8675781250000000 0.5768340751082027
0.8676562500000000 0.5768409663689541
0.8677343750000001 0.5768478555625232
0.8678125000000000 0.5768547467672727
0.8678906250000000 0.5768616359860719
0.8679687500000001 0.5768685271353726
0.8680468750000000 0.5768754163788442
0.8681250000000000 0.5768823074732443
0.8682031250000000 0.5768891967408353
0.8682812500000000 0.5768960877808788
0.8683593750000000 0.5769029770720411
0.8684375000000000 0.5769098680582651
0.8685156250000000 0.5769167573724584
0.8685937500000001 0.5769236483053946
0.8686718750000000 0.5769305376420800
0.8687500000000000 0.5769374285222583
0.8688281250000001 0.5769443178809037
0.8689062500000000 0.5769512087088454
0.8689843750000000 0.5769580980889242
0.8690625000000001 0.5769649888651475
0.8691406250000000 0.5769718782661368
0.8692187500000000 0.5769787689911562
0.8692968750000000 0.5769856584125365
0.8693750000000000 0.5769925490868600
0.8694531250000000 0.5769994385281194
0.8695312500000000 0.5770063291522510
0.8696093750000000 0.5770132186128812
0.8696875000000001 0.5770201091873187
0.8697656250000000 0.5770269986668163
0.8698437500000000 0.5770338891920558
0.8699218750000001 0.5770407786899202
0.8700000000000000 0.5770476691664496
0.8700781250000000 0.5770545586821902
0.8701562500000000 0.5770614491104938
0.8702343750000000 0.5770683386436187
0.8703125000000000 0.5770752290241772
0.8703906250000000 0.5770821185742022
0.8704687500000000 0.5770890089074920
0.8705468750000001 0.5770958984739365
0.8706250000000000 0.5771027887604275
0.8707031250000000 0.5771096783428173
0.8707812500000001 0.5771165685829747
0.8708593750000000 0.5771234581808380
0.8709375000000000 0.5771303483751260
0.8710156250000001 0.5771372379879953
0.8710937500000000 0.5771441281368704
0.8711718750000000 0.5771510177642849
0.8712500000000000 0.5771579078681984
0.8713281250000000 0.5771647975097000
0.8714062500000000 0.5771716875691024
0.8714843750000000 0.5771785772242370
0.8715625000000000 0.5771854672395731
0.8716406250000001 0.5771923569078915
0.8717187500000000 0.5771992468795994
0.8717968750000000 0.5772061365606584
0.8718750000000001 0.5772130264891733
0.8719531250000000 0.5772199161825319
0.8720312500000000 0.5772268060682867
0.8721093750000000 0.5772336957735081
0.8721875000000000 0.5772405856169285
0.8722656250000000 0.5772474753335831
0.8723437500000000 0.5772543651350904
0.8724218750000000 0.5772612548627502
0.8725000000000001 0.5772681446227635
0.8725781250000000 0.5772750343610044
0.8726562500000000 0.5772819240799391
0.8727343750000001 0.5772888138283425
0.8728125000000000 0.5772957035066070
0.8728906250000000 0.5773025932647585
0.8729687500000001 0.5773094829027585
0.8730468750000000 0.5773163726702476
0.8731250000000000 0.5773232622683846
0.8732031250000000 0.5773301520448052
0.8732812500000000 0.5773370416034767
0.8733593750000000 0.5773439313884251
0.8734375000000000 0.5773508209080256
0.8735156250000000 0.5773577107011040
0.8735937500000001 0.5773646001820221
0.8736718750000000 0.5773714899828352
0.8737500000000000 0.5773783794254561
0.8738281250000001 0.5773852692336151
0.8739062500000000 0.5773921586383205
0.8739843750000000 0.5773990484534386
0.8740625000000000 0.5774059378206051
0.8741406250000000 0.5774128276422994
0.8742187500000000 0.5774197169723011
0.8742968750000000 0.5774266068001931
0.8743750000000000 0.5774334960934004
0.8744531250000001 0.5774403859271154
0.8745312500000000 0.5774472751838934
0.8746093750000000 0.5774541650230594
0.8746875000000001 0.5774610542437704
0.8747656250000000 0.5774679440880219
0.8748437500000000 0.5774748332730237
0.8749218750000001 0.5774817231219964
0.8750000000000000 0.5774886122716434
0.8750781250000000 0.5774955021249786
0.8751562500000000 0.5775023912396215
0.8752343750000000 0.5775092810969632
0.8753125000000000 0.5775161701769489
0.8753906250000000 0.5775230600379445
0.8754687500000000 0.5775299490836163
0.8755468750000001 0.5775368389479183
0.8756250000000000 0.5775437279596146
0.8757031250000000 0.5775506178268779
0.8757812500000001 0.5775575068049362
0.8758593750000000 0.5775643966748193
0.8759375000000000 0.5775712856195712
0.8760156250000000 0.5775781754917365
0.8760937500000000 0.5775850644035111
0.8761718750000000 0.5775919542776256
0.8762500000000000 0.5775988431567470
0.8763281250000000 0.5776057330324801
0.8764062500000001 0.5776126218792698
0.8764843750000000 0.5776195117562952
0.8765625000000000 0.5776264005710707
0.8766406250000001 0.5776332904490662
0.8767187500000000 0.5776401792321413
0.8767968750000000 0.5776470691107867
0.8768750000000001 0.5776539578624733
0.8769531250000000 0.5776608477414522
0.8770312500000000 0.5776677364620576
0.8771093750000000 0.5776746263410557
0.8771875000000000 0.5776815150308841
0.8772656250000000 0.5776884049095944
0.8773437500000000 0.5776952935689468
0.8774218750000000 0.5777021834470609
0.8775000000000001 0.5777090720762343
0.8775781250000000 0.5777159619534513
0.8776562500000000 0.5777228505527384
0.8777343750000001 0.5777297404287591
0.8778125000000000 0.5777366289984529
0.8778906250000000 0.5777435188729798
0.8779687500000000 0.5777504074133667
0.8780468750000000 0.5777572972861066
0.8781250000000000 0.5777641857974712
0.8782031250000000 0.5777710756681363
0.8782812500000000 0.5777779641507579
0.8783593750000001 0.5777848540190613
0.8784375000000000 0.5777917424732195
0.8785156250000000 0.5777986323388776
0.8785937500000001 0.5778055207648466
0.8786718750000000 0.5778124106275787
0.8787500000000000 0.5778192990256289
0.8788281250000001 0.5778261888851599
0.8789062500000000 0.5778330772555599
0.8789843750000000 0.5778399671116154
0.8790625000000000 0.5778468554546297
0.8791406250000000 0.5778537453069399
0.8792187500000000 0.5778606336228309
0.8792968750000000 0.5778675234711281
0.8793750000000000 0.5778744117601539
0.8794531250000001 0.5778813016041733
0.8795312500000000 0.5778881898665909
0.8796093750000000 0.5778950797060716
0.8796875000000001 0.5779019679421321
0.8797656250000000 0.5779088577768161
0.8798437500000000 0.5779157459867713
0.8799218750000000 0.5779226358164017
0.8800000000000000 0.5779295240004976
0.8800781250000000 0.5779364138248233
0.8801562500000000 0.5779433019833038
0.8802343750000000 0.5779501918020744
0.8803125000000001 0.5779570799351810
0.8803906250000000 0.5779639697481508
0.8804687500000000 0.5779708578561195
0.8805468750000001 0.5779777476630451
0.8806250000000000 0.5779846357461123
0.8807031250000000 0.5779915255467525
0.8807812500000001 0.5779984136051506
0.8808593750000000 0.5780053033992686
0.8809375000000000 0.5780121914332264
0.8810156250000000 0.5780190812205860
0.8810937500000000 0.5780259692303301
0.8811718750000000 0.5780328590106997
0.8812500000000000 0.5780397469964540
0.8813281250000000 0.5780466367696033
0.8814062500000001 0.5780535247315896
0.8814843750000000 0.5780604144972930
0.8815625000000000 0.5780673024357279
0.8816406250000001 0.5780741921937608
0.8817187500000000 0.5780810801088624
0.8817968750000000 0.5780879698590028
0.8818750000000000 0.5780948577509820
0.8819531250000000 0.5781017474930119
0.8820312500000000 0.5781086353620797
0.8821093750000000 0.5781155250957831
0.8821875000000000 0.5781224129421472
0.8822656250000001 0.5781293026673110
0.8823437500000000 0.5781361904911756
0.8824218750000000 0.5781430802075889
0.8825000000000001 0.5781499680091566
0.8825781250000000 0.5781568577166122
0.8826562500000000 0.5781637454960830
0.8827343750000001 0.5781706351943744
0.8828125000000000 0.5781775229519437
0.8828906250000000 0.5781844126408695
0.8829687500000000 0.5781913003767336
0.8830468750000000 0.5781981900560914
0.8831250000000000 0.5782050777704428
0.8832031250000000 0.5782119674400353
0.8832812500000000 0.5782188551330620
0.8833593750000001 0.5782257447926951
0.8834375000000000 0.5782326324645849
0.8835156250000000 0.5782395221140648
0.8835937500000001 0.5782464097650020
0.8836718750000000 0.5782532994041382
0.8837500000000000 0.5782601870343052
0.8838281250000000 0.5782670766629102
0.8839062500000000 0.5782739642724858
0.8839843750000000 0.5782808538903748
0.8840625000000000 0.5782877414795361
0.8841406250000000 0.5782946310865255
0.8842187500000001 0.5783015186554475
0.8842968750000000 0.5783084082513569
0.8843750000000000 0.5783152958002122
0.8844531250000001 0.5783221853848634
0.8845312500000000 0.5783290729138211
0.8846093750000000 0.5783359624870381
0.8846875000000001 0.5783428499962665
0.8847656250000000 0.5783497395578757
0.8848437500000000 0.5783566270475403
0.8849218750000000 0.5783635165973704
0.8850000000000000 0.5783704040676343
0.8850781250000000 0.5783772936055160
0.8851562500000000 0.5783841810565397
0.8852343750000000 0.5783910705823059
0.8853125000000001 0.5783979580142498
0.8853906250000000 0.5784048475277356
0.8854687500000000 0.5784117349407536
0.8855468750000001 0.5784186244417987
0.8856250000000000 0.5784255118360455
0.8857031250000000 0.5784324013244876
0.8857812500000000 0.5784392887001166
0.8858593750000000 0.5784461781757981
0.8859375000000000 0.5784530655329591
0.8860156250000000 0.5784599549957237
0.8860937500000000 0.5784668423345632
0.8861718750000001 0.5784737317842586
0.8862500000000000 0.5784806191049220
0.8863281250000000 0.5784875085413962
0.8864062500000001 0.5784943958440276
0.8864843750000000 0.5785012852671305
0.8865625000000000 0.5785081725518718
0.8866406250000001 0.5785150619614560
0.8867187500000000 0.5785219492284460
0.8867968750000000 0.5785288386243660
0.8868750000000000 0.5785357258737412
0.8869531250000000 0.5785426152558544
0.8870312500000000 0.5785495024877521
0.8871093750000000 0.5785563918559153
0.8871875000000000 0.5785632790704673
0.8872656250000001 0.5785701684245432
0.8873437500000000 0.5785770556218812
0.8874218750000000 0.5785839449617314
0.8875000000000001 0.5785908321419845
0.8875781250000000 0.5785977214674737
0.8876562500000000 0.5786046086307688
0.8877343750000000 0.5786114979417649
0.8878125000000000 0.5786183850882272
0.8878906250000000 0.5786252743845971
0.8879687500000000 0.5786321615143504
0.8880468750000000 0.5786390507959661
0.8881250000000001 0.5786459379091300
0.8882031250000000 0.5786528271758651
0.8882812500000000 0.5786597142725600
0.8883593750000001 0.5786666035242877
0.8884375000000000 0.5786734906046316
0.8885156250000000 0.5786803798412277
0.8885937500000001 0.5786872669053357
0.8886718750000000 0.5786941561266784
0.8887500000000000 0.5787010431746649
0.8888281250000000 0.5787079323806347
0.8889062500000000 0.5787148194126119
0.8889843750000000 0.5787217086030892
0.8890625000000000 0.5787285956191672
0.8891406250000000 0.5787354847940370
0.8892187500000001 0.5787423717943245
0.8892968750000000 0.5787492609534702
0.8893750000000000 0.5787561479380740
0.8894531250000001 0.5787630370813844
0.8895312500000000 0.5787699240504098
0.8896093750000000 0.5787768131777719
0.8896875000000000 0.5787837001313233
0.8897656250000000 0.5787905892426272
0.8898437500000000 0.5787974761808050
0.8899218750000000 0.5788043652759449
0.8900000000000000 0.5788112521988469
0.8900781250000001 0.5788181412777172
0.8901562500000000 0.5788250281854433
0.8902343750000000 0.5788319172479385
0.8903125000000001 0.5788388041405846
0.8903906250000000 0.5788456931866020
0.8904687500000000 0.5788525800642633
0.8905468750000001 0.5788594690937023
0.8906250000000000 0.5788663559564712
0.8907031250000000 0.5788732449692324
0.8907812500000000 0.5788801318172015
0.8908593750000000 0.5788870208131859
0.8909375000000000 0.5788939076464442
0.8910156250000000 0.5789007966255574
0.8910937500000000 0.5789076834441930
0.8911718750000001 0.5789145724063401
0.8912500000000000 0.5789214592104394
0.8913281250000000 0.5789283481555273
0.8914062500000001 0.5789352349451761
0.8914843750000000 0.5789421238731123
0.8915625000000000 0.5789490106483949
0.8916406250000000 0.5789558995590893
0.8917187500000000 0.5789627863200878
0.8917968750000000 0.5789696752134520
0.8918750000000000 0.5789765619602468
0.8919531250000000 0.5789834508361944
0.8920312500000001 0.5789903375688636
0.8921093750000000 0.5789972264273090
0.8921875000000000 0.5790041131459314
0.8922656250000001 0.5790110019867911
0.8923437500000000 0.5790178886914417
0.8924218750000000 0.5790247775146329
0.8925000000000001 0.5790316642053858
0.8925781250000000 0.5790385530108283
0.8926562500000000 0.5790454396877577
0.8927343750000000 0.5790523284753707
0.8928125000000000 0.5790592151385483
0.8928906250000000 0.5790661039082535
0.8929687500000000 0.5790729905577504
0.8930468750000000 0.5790798793094720
0.8931250000000001 0.5790867659453557
0.8932031250000000 0.5790936546790173
0.8932812500000000 0.5791005413013564
0.8933593750000001 0.5791074300168847
0.8934375000000000 0.5791143166257452
0.8935156250000000 0.5791212053230660
0.8935937500000000 0.5791280919185129
0.8936718750000000 0.5791349805975575
0.8937500000000000 0.5791418671796538
0.8938281250000000 0.5791487558403504
0.8939062500000000 0.5791556424091584
0.8939843750000001 0.5791625310514391
0.8940625000000000 0.5791694176070193
0.8941406250000000 0.5791763062308171
0.8942187500000001 0.5791831927732289
0.8942968750000000 0.5791900813784775
0.8943750000000000 0.5791969679077800
0.8944531250000001 0.5792038564944136
0.8945312500000000 0.5792107430106639
0.8946093750000000 0.5792176315786201
0.8946875000000000 0.5792245180818730
0.8947656250000000 0.5792314066310893
0.8948437500000000 0.5792382931213997
0.8949218750000000 0.5792451816518155
0.8950000000000000 0.5792520681292367
0.8950781250000001 0.5792589566407910
0.8951562500000000 0.5792658431053757
0.8952343750000000 0.5792727315980106
0.8953125000000001 0.5792796180498083
0.8953906250000000 0.5792865065234664
0.8954687500000000 0.5792933929625292
0.8955468750000000 0.5793002814171531
0.8956250000000000 0.5793071678435279
0.8957031250000000 0.5793140562790631
0.8957812500000000 0.5793209426927987
0.8958593750000000 0.5793278311091907
0.8959375000000001 0.5793347175103305
0.8960156250000000 0.5793416059075297
0.8960937500000000 0.5793484922961195
0.8961718750000001 0.5793553806740726
0.8962500000000000 0.5793622670501560
0.8963281250000000 0.5793691554088126
0.8964062500000001 0.5793760417724325
0.8964843750000000 0.5793829301117436
0.8965625000000000 0.5793898164629430
0.8966406250000000 0.5793967047828592
0.8967187500000000 0.5794035911216772
0.8967968750000000 0.5794104794221515
0.8968750000000000 0.5794173657486291
0.8969531250000000 0.5794242540296156
0.8970312500000001 0.5794311403437904
0.8971093750000000 0.5794380286052435
0.8971875000000000 0.5794449149071527
0.8972656250000001 0.5794518031490293
0.8973437500000000 0.5794586894387094
0.8974218750000000 0.5794655776609667
0.8975000000000000 0.5794724639384535
0.8975781250000000 0.5794793521410481
0.8976562500000000 0.5794862384063756
0.8977343750000000 0.5794931265892667
0.8978125000000000 0.5795000128424687
0.8978906250000001 0.5795069010056175
0.8979687500000000 0.5795137872467253
0.8980468750000000 0.5795206753900923
0.8981250000000001 0.5795275616191382
0.8982031250000000 0.5795344497426838
0.8982812500000000 0.5795413359596987
0.8983593750000001 0.5795482240633879
0.8984375000000000 0.5795551102684008
0.8985156250000000 0.5795619983521957
0.8985937500000000 0.5795688845452349
0.8986718750000000 0.5795757726091014
0.8987500000000000 0.5795826587901937
0.8988281250000000 0.5795895468340976
0.8989062500000000 0.5795964330032707
0.8989843750000001 0.5796033210271784
0.8990625000000000 0.5796102071844581
0.8991406250000000 0.5796170951883358
0.8992187500000001 0.5796239813337478
0.8992968750000000 0.5796308693175657
0.8993750000000000 0.5796377554511317
0.8994531250000000 0.5796446434148582
0.8995312500000000 0.5796515295366036
0.8996093750000000 0.5796584174802087
0.8996875000000000 0.5796653035901539
0.8997656250000000 0.5796721915136097
0.8998437500000001 0.5796790776117772
0.8999218750000000 0.5796859655150542
0.9000000000000000 0.5796928516014636
0.9000781250000001 0.5796997394845351
0.9001562500000000 0.5797066255592077
0.9002343750000000 0.5797135134220486
0.9003125000000001 0.5797203994850002
0.9003906250000000 0.5797272873275843
0.9004687500000000 0.5797341733788353
0.9005468750000000 0.5797410612011367
0.9006250000000000 0.5797479472407032
0.9007031250000000 0.5797548350426982
0.9007812500000000 0.5797617210705979
0.9008593750000000 0.5797686088522636
0.9009375000000001 0.5797754948685124
0.9010156250000000 0.5797823826298250
0.9010937500000000 0.5797892686344369
0.9011718750000001 0.5797961563753761
0.9012500000000000 0.5798030423683656
0.9013281250000000 0.5798099300889101
0.9014062500000000 0.5798168160702911
0.9014843750000000 0.5798237037704200
0.9015625000000000 0.5798305897402048
0.9016406250000000 0.5798374774198989
0.9017187500000000 0.5798443633780996
0.9017968750000001 0.5798512510373389
0.9018750000000000 0.5798581369839684
0.9019531250000000 0.5798650246227356
0.9020312500000001 0.5798719105578027
0.9021093750000000 0.5798787981760798
0.9021875000000000 0.5798856840995965
0.9022656250000001 0.5798925716973654
0.9023437500000000 0.5798994576093410
0.9024218750000000 0.5799063451865865
0.9025000000000000 0.5799132310870283
0.9025781250000000 0.5799201186437354
0.9026562500000000 0.5799270045326518
0.9027343750000000 0.5799338920688064
0.9028125000000000 0.5799407779462032
0.9028906250000001 0.5799476654617897
0.9029687500000000 0.5799545513276761
0.9030468750000000 0.5799614388226823
0.9031250000000001 0.5799683246770616
0.9032031250000000 0.5799752121514743
0.9032812500000000 0.5799820979943539
0.9033593750000000 0.5799889854481601
0.9034375000000000 0.5799958712795437
0.9035156250000000 0.5800027587127323
0.9035937500000000 0.5800096445326257
0.9036718750000000 0.5800165319451839
0.9037500000000001 0.5800234177535896
0.9038281250000000 0.5800303051455089
0.9039062500000000 0.5800371909424294
0.9039843750000001 0.5800440783136996
0.9040625000000000 0.5800509640991381
0.9041406250000000 0.5800578514497500
0.9042187500000001 0.5800647372237070
0.9042968750000000 0.5800716245536526
0.9043750000000000 0.5800785103161301
0.9044531250000000 0.5800853976253991
0.9045312500000000 0.5800922833763981
0.9046093750000000 0.5800991706649844
0.9046875000000000 0.5801060564045065
0.9047656250000000 0.5801129436724000
0.9048437500000001 0.5801198294004446
0.9049218750000000 0.5801267166476420
0.9050000000000000 0.5801336023642054
0.9050781250000001 0.5801404895906999
0.9051562500000000 0.5801473752957834
0.9052343750000000 0.5801542625015684
0.9053125000000000 0.5801611481951696
0.9053906250000000 0.5801680353802405
0.9054687500000000 0.5801749210623570
0.9055468750000000 0.5801818082267097
0.9056250000000000 0.5801886938973375
0.9057031250000001 0.5801955810409684
0.9057812500000000 0.5802024667001041
0.9058593750000000 0.5802093538230086
0.9059375000000001 0.5802162394706503
0.9060156250000000 0.5802231265728253
0.9060937500000000 0.5802300122089674
0.9061718750000001 0.5802368992904100
0.9062500000000000 0.5802437849150482
0.9063281250000000 0.5802506719757569
0.9064062500000000 0.5802575575888850
0.9064843750000000 0.5802644446288580
0.9065625000000000 0.5802713302304718
0.9066406250000000 0.5802782172497064
0.9067187500000000 0.5802851028397994
0.9067968750000001 0.5802919898382962
0.9068750000000000 0.5802988754168603
0.9069531250000000 0.5803057623946188
0.9070312500000001 0.5803126479616493
0.9071093750000000 0.5803195349186683
0.9071875000000000 0.5803264204741576
0.9072656250000000 0.5803333074104378
0.9073437500000000 0.5803401929543764
0.9074218750000000 0.5803470798699186
0.9075000000000000 0.5803539654022997
0.9075781250000000 0.5803608522971068
0.9076562500000001 0.5803677378179199
0.9077343750000000 0.5803746246919926
0.9078125000000000 0.5803815102012303
0.9078906250000001 0.5803883970545695
0.9079687500000000 0.5803952825522224
0.9080468750000000 0.5804021693848314
0.9081250000000001 0.5804090548708892
0.9082031250000000 0.5804159416827704
0.9082812500000000 0.5804228271572224
0.9083593750000000 0.5804297139483804
0.9084375000000000 0.5804365994112159
0.9085156250000000 0.5804434861816525
0.9085937500000000 0.5804503716328626
0.9086718750000000 0.5804572583825822
0.9087500000000001 0.5804641438221528
0.9088281250000000 0.5804710305511599
0.9089062500000000 0.5804779159790822
0.9089843750000001 0.5804848026873806
0.9090625000000000 0.5804916881036402
0.9091406250000000 0.5804985747912368
0.9092187500000000 0.5805054601958215
0.9092968750000000 0.5805123468627187
0.9093750000000000 0.5805192322556191
0.9094531250000000 0.5805261189018236
0.9095312500000000 0.5805330042830242
0.9096093750000001 0.5805398909085406
0.9096875000000000 0.5805467762780302
0.9097656250000000 0.5805536628828648
0.9098437500000001 0.5805605482406290
0.9099218750000000 0.5805674348247899
0.9100000000000000 0.5805743201708133
0.9100781250000001 0.5805812067343065
0.9101562500000000 0.5805880920685761
0.9102343750000000 0.5805949786114085
0.9103125000000000 0.5806018639339103
0.9103906250000000 0.5806087504560890
0.9104687500000000 0.5806156357668072
0.9105468750000000 0.5806225222683420
0.9106250000000000 0.5806294075672614
0.9107031250000001 0.5806362940481576
0.9107812500000000 0.5806431793352632
0.9108593750000000 0.5806500657955305
0.9109375000000001 0.5806569510708084
0.9110156250000000 0.5806638375104544
0.9110937500000000 0.5806707227738858
0.9111718750000000 0.5806776091929199
0.9112500000000000 0.5806844944444917
0.9113281250000000 0.5806913808429205
0.9114062500000000 0.5806982660826154
0.9114843750000000 0.5807051524604505
0.9115625000000001 0.5807120376882522
0.9116406250000000 0.5807189240455021
0.9117187500000000 0.5807258092613926
0.9117968750000001 0.5807326955980678
0.9118750000000000 0.5807395808020311
0.9119531250000000 0.5807464671181404
0.9120312500000001 0.5807533523101582
0.9121093750000000 0.5807602386057129
0.9121875000000000 0.5807671237857694
0.9122656250000000 0.5807740100607786
0.9123437500000000 0.5807808952288556
0.9124218750000000 0.5807877814833297
0.9125000000000000 0.5807946666394087
0.9125781250000000 0.5808015528733590
0.9126562500000001 0.5808084380174230
0.9127343750000000 0.5808153242308596
0.9128125000000000 0.5808222093628908
0.9128906250000001 0.5808290955558248
0.9129687500000000 0.5808359806758032
0.9130468750000000 0.5808428668482467
0.9131250000000000 0.5808497519561546
0.9132031250000000 0.5808566381081186
0.9132812500000000 0.5808635232039373
0.9133593750000000 0.5808704093354333
0.9134375000000000 0.5808772944191435
0.9135156250000001 0.5808841805301829
0.9135937500000000 0.5808910656017651
0.9136718750000000 0.5808979516923625
0.9137500000000001 0.5809048367517968
0.9138281250000000 0.5809117228219616
0.9139062500000000 0.5809186078692287
0.9139843750000001 0.5809254939189756
0.9140625000000000 0.5809323789540556
0.9141406250000000 0.5809392649833964
0.9142187500000000 0.5809461500062696
0.9142968750000000 0.5809530360152172
0.9143750000000000 0.5809599210258622
0.9144531250000000 0.5809668070144292
0.9145312500000000 0.5809736920128283
0.9146093750000001 0.5809805779810273
0.9146875000000000 0.5809874629671590
0.9147656250000000 0.5809943489150025
0.9148437500000001 0.5810012338888474
0.9149218750000000 0.5810081198163483
0.9150000000000000 0.5810150047778851
0.9150781250000000 0.5810218906850589
0.9151562500000000 0.5810287756342659
0.9152343750000000 0.5810356615211258
0.9153125000000000 0.5810425464579819
0.9153906250000000 0.5810494323245416
0.9154687500000001 0.5810563172490263
0.9155468750000000 0.5810632030952991
0.9156250000000000 0.5810700880073920
0.9157031250000001 0.5810769738333914
0.9157812500000000 0.5810838587330704
0.9158593750000000 0.5810907445388112
0.9159375000000001 0.5810976294260561
0.9160156250000000 0.5811045152115519
0.9160937500000000 0.5811114000863399
0.9161718750000000 0.5811182858516046
0.9162500000000000 0.5811251707139152
0.9163281250000000 0.5811320564589634
0.9164062500000000 0.5811389413087752
0.9164843750000000 0.5811458270336208
0.9165625000000001 0.5811527118709118
0.9166406250000000 0.5811595975755691
0.9167187500000000 0.5811664824003177
0.9167968750000001 0.5811733680848022
0.9168750000000000 0.5811802528969853
0.9169531250000000 0.5811871385613125
0.9170312500000000 0.5811940233609084
0.9171093750000000 0.5812009090050918
0.9171875000000000 0.5812077937920780
0.9172656250000000 0.5812146794161340
0.9173437500000000 0.5812215641904882
0.9174218750000001 0.5812284497944311
0.9175000000000000 0.5812353345561317
0.9175781250000000 0.5812422201399755
0.9176562500000001 0.5812491048890012
0.9177343750000000 0.5812559904527607
0.9178125000000000 0.5812628751890879
0.9178906250000001 0.5812697607327796
0.9179687500000000 0.5812766454563860
0.9180468750000000 0.5812835309800238
0.9181250000000000 0.5812904156908878
0.9182031250000000 0.5812973011944875
0.9182812500000000 0.5813041858925850
0.9183593750000000 0.5813110713761624
0.9184375000000000 0.5813179560614714
0.9185156250000001 0.5813248415250419
0.9185937500000000 0.5813317261975401
0.9186718750000000 0.5813386116411180
0.9187500000000001 0.5813454963007821
0.9188281250000000 0.5813523817243845
0.9189062500000000 0.5813592663711910
0.9189843750000000 0.5813661517748336
0.9190625000000000 0.5813730364087599
0.9191406250000000 0.5813799217924570
0.9192187500000000 0.5813868064134815
0.9192968750000000 0.5813936917772486
0.9193750000000001 0.5814005763853484
0.9194531250000000 0.5814074617292007
0.9195312500000000 0.5814143463243532
0.9196093750000001 0.5814212316483053
0.9196875000000000 0.5814281162304873
0.9197656250000000 0.5814350015345565
0.9198437500000001 0.5814418861037448
0.9199218750000000 0.5814487713879467
0.9200000000000000 0.5814556559441181
0.9200781250000000 0.5814625412084672
0.9201562500000000 0.5814694257516001
0.9202343750000000 0.5814763109961126
0.9203125000000000 0.5814831955261828
0.9203906250000000 0.5814900807508752
0.9204687500000001 0.5814969652678595
0.9205468750000000 0.5815038504727461
0.9206250000000000 0.5815107349766230
0.9207031250000001 0.5815176201617202
0.9207812500000000 0.5815245046524653
0.9208593750000000 0.5815313898177891
0.9209375000000000 0.5815382742953793
0.9210156250000000 0.5815451594409443
0.9210937500000000 0.5815520439053578
0.9211718750000000 0.5815589290311814
0.9212500000000000 0.5815658134823941
0.9213281250000001 0.5815726985884903
0.9214062500000000 0.5815795830264796
0.9214843750000000 0.5815864681128647
0.9215625000000001 0.5815933525376084
0.9216406250000000 0.5816002376042971
0.9217187500000000 0.5816071220157735
0.9217968750000001 0.5816140070627808
0.9218750000000000 0.5816208914609649
0.9219531250000000 0.5816277764883089
0.9220312500000000 0.5816346608731775
0.9221093750000000 0.5816415458808721
0.9221875000000000 0.5816484302524032
0.9222656250000000 0.5816553152404643
0.9223437500000000 0.5816621995986353
0.9224218750000001 0.5816690845670786
0.9225000000000000 0.5816759689118672
0.9225781250000000 0.5816828538607062
0.9226562500000001 0.5816897381920896
0.9227343750000000 0.5816966231213412
0.9228125000000000 0.5817035074392964
0.9228906250000000 0.5817103923489755
0.9229687500000000 0.5817172766534801
0.9230468750000000 0.5817241615436028
0.9231250000000000 0.5817310458346336
0.9232031250000000 0.5817379307052133
0.9232812500000001 0.5817448149827491
0.9233593750000000 0.5817516998338024
0.9234375000000000 0.5817585840978200
0.9235156250000001 0.5817654689293622
0.9235937500000000 0.5817723531798380
0.9236718750000000 0.5817792379918837
0.9237500000000001 0.5817861222287956
0.9238281250000000 0.5817930070213617
0.9239062500000000 0.5817998912446868
0.9239843750000000 0.5818067760177875
0.9240625000000000 0.5818136602275034
0.9241406250000000 0.5818205449811542
0.9242187500000000 0.5818274291772385
0.9242968750000000 0.5818343139114543
0.9243750000000001 0.5818411980938851
0.9244531250000000 0.5818480828086803
0.9245312500000000 0.5818549669774344
0.9246093750000001 0.5818618516728253
0.9246875000000000 0.5818687358278815
0.9247656250000000 0.5818756205038808
0.9248437500000000 0.5818825046452167
0.9249218750000000 0.5818893893018411
0.9250000000000000 0.5818962734294337
0.9250781250000000 0.5819031580666975
0.9251562500000000 0.5819100421805253
0.9252343750000001 0.5819169267984428
0.9253125000000000 0.5819238108984855
0.9253906250000000 0.5819306954970693
0.9254687500000001 0.5819375795833044
0.9255468750000000 0.5819444641625708
0.9256250000000000 0.5819513482349767
0.9257031250000001 0.5819582327949397
0.9257812500000000 0.5819651168534938
0.9258593750000000 0.5819720013941683
0.9259375000000000 0.5819788854388489
0.9260156250000000 0.5819857699602489
0.9260937500000000 0.5819926539910344
0.9261718750000000 0.5819995384931745
0.9262500000000000 0.5820064225100432
0.9263281250000001 0.5820133069929379
0.9264062500000000 0.5820201909958689
0.9264843750000000 0.5820270754595308
0.9265625000000001 0.5820339594485018
0.9266406250000000 0.5820408438929466
0.9267187500000000 0.5820477278679372
0.9267968750000000 0.5820546122931779
0.9268750000000000 0.5820614962541667
0.9269531250000000 0.5820683806602174
0.9270312500000000 0.5820752646071831
0.9271093750000000 0.5820821489940563
0.9271875000000001 0.5820890329269788
0.9272656250000000 0.5820959172946896
0.9273437500000000 0.5821028012135468
0.9274218750000001 0.5821096855621086
0.9275000000000000 0.5821165694668798
0.9275781250000000 0.5821234537963051
0.9276562500000001 0.5821303376869704
0.9277343750000000 0.5821372219972727
0.9278125000000000 0.5821441058738113
0.9278906250000000 0.5821509901650039
0.9279687500000000 0.5821578740273944
0.9280468750000000 0.5821647582994921
0.9281250000000000 0.5821716421477136
0.9282031250000000 0.5821785264007278
0.9282812500000001 0.5821854102347618
0.9283593750000000 0.5821922944687046
0.9284375000000000 0.5821991782885307
0.9285156250000001 0.5822060625034168
0.9285937500000000 0.5822129463090132
0.9286718750000000 0.5822198305048540
0.9287500000000000 0.5822267142962014
0.9288281250000000 0.5822335984730108
0.9289062500000000 0.5822404822500896
0.9289843750000000 0.5822473664078793
0.9290625000000000 0.5822542501706698
0.9291406250000001 0.5822611343094514
0.9292187500000000 0.5822680180579339
0.9292968750000000 0.5822749021777205
0.9293750000000001 0.5822817859118751
0.9294531250000000 0.5822886700126801
0.9295312500000000 0.5822955537324856
0.9296093750000001 0.5823024378143203
0.9296875000000000 0.5823093215197593
0.9297656250000000 0.5823162055826363
0.9298437500000000 0.5823230892736873
0.9299218750000000 0.5823299733176190
0.9300000000000000 0.5823368569942636
0.9300781250000000 0.5823437410192611
0.9301562500000000 0.5823506246814811
0.9302343750000001 0.5823575086875554
0.9303125000000000 0.5823643923353310
0.9303906250000000 0.5823712763224950
0.9304687500000001 0.5823781599558067
0.9305468750000000 0.5823850439240715
0.9306250000000000 0.5823919275429015
0.9307031250000000 0.5823988114922789
0.9307812500000000 0.5824056950966068
0.9308593750000000 0.5824125790271077
0.9309375000000000 0.5824194626169162
0.9310156250000000 0.5824263465285529
0.9310937500000001 0.5824332301038226
0.9311718750000000 0.5824401139966040
0.9312500000000000 0.5824469975573193
0.9313281250000001 0.5824538814312559
0.9314062500000000 0.5824607649773962
0.9314843750000000 0.5824676488325015
0.9315625000000001 0.5824745323640480
0.9316406250000000 0.5824814162003318
0.9317187500000000 0.5824882997172671
0.9317968750000000 0.5824951835347403
0.9318750000000000 0.5825020670370468
0.9319531250000000 0.5825089508357189
0.9320312500000000 0.5825158343233778
0.9321093750000000 0.5825227181032617
0.9321875000000001 0.5825296015762547
0.9322656250000000 0.5825364853373591
0.9323437500000000 0.5825433687956695
0.9324218750000001 0.5825502525380045
0.9325000000000000 0.5825571359816154
0.9325781250000000 0.5825640197051905
0.9326562500000000 0.5825709031340844
0.9327343750000000 0.5825777868389098
0.9328125000000000 0.5825846702530694
0.9328906250000000 0.5825915539391553
0.9329687500000000 0.5825984373385631
0.9330468750000001 0.5826053210059188
0.9331250000000000 0.5826122043905585
0.9332031250000000 0.5826190880391925
0.9332812500000001 0.5826259714090474
0.9333593750000000 0.5826328550389699
0.9334375000000000 0.5826397383940223
0.9335156250000001 0.5826466220052442
0.9335937500000000 0.5826535053454772
0.9336718750000000 0.5826603889380061
0.9337500000000000 0.5826672722634033
0.9338281250000000 0.5826741558372496
0.9339062500000000 0.5826810391477950
0.9339843750000000 0.5826879227029671
0.9340625000000000 0.5826948059986431
0.9341406250000001 0.5827016895351494
0.9342187500000000 0.5827085728159429
0.9342968750000000 0.5827154563337910
0.9343750000000001 0.5827223395996828
0.9344531250000000 0.5827292230988839
0.9345312500000000 0.5827361063498592
0.9346093750000000 0.5827429898304205
0.9346875000000000 0.5827498730664635
0.9347656250000000 0.5827567565283929
0.9348437500000000 0.5827636397494887
0.9349218750000000 0.5827705231927942
0.9350000000000001 0.5827774063989268
0.9350781250000000 0.5827842898236170
0.9351562500000000 0.5827911730147717
0.9352343750000001 0.5827980564208534
0.9353125000000000 0.5828049395970133
0.9353906250000000 0.5828118229844969
0.9354687500000001 0.5828187061456469
0.9355468750000000 0.5828255895145388
0.9356250000000000 0.5828324726606636
0.9357031250000000 0.5828393560109725
0.9357812500000000 0.5828462391420576
0.9358593750000000 0.5828531224737897
0.9359375000000000 0.5828600055898205
0.9360156250000000 0.5828668889029842
0.9360937500000001 0.5828737720039457
0.9361718750000000 0.5828806552985463
0.9362500000000000 0.5828875383844238
0.9363281250000001 0.5828944216604712
0.9364062500000000 0.5829013047312503
0.9364843750000000 0.5829081879887499
0.9365625000000000 0.5829150710444169
0.9366406250000000 0.5829219542833746
0.9367187500000000 0.5829288373239145
0.9367968750000000 0.5829357205443388
0.9368750000000000 0.5829426035697380
0.9369531250000001 0.5829494867716352
0.9370312500000000 0.5829563697818783
0.9371093750000000 0.5829632529652548
0.9371875000000001 0.5829701359603296
0.9372656250000000 0.5829770191251922
0.9373437500000000 0.5829839021050830
0.9374218750000001 0.5829907852514381
0.9375000000000000 0.5829976682161322
0.9375781250000000 0.5830045513439858
0.9376562500000000 0.5830114342934700
0.9377343750000000 0.5830183174028281
0.9378125000000000 0.5830252003370888
0.9378906250000000 0.5830320834279563
0.9379687500000000 0.5830389663469798
0.9380468750000001 0.5830458494193633
0.9381250000000000 0.5830527323231381
0.9382031250000000 0.5830596153770424
0.9382812500000001 0.5830664982655547
0.9383593750000000 0.5830733813009867
0.9384375000000000 0.5830802641742229
0.9385156250000000 0.5830871471911874
0.9385937500000000 0.5830940300491344
0.9386718750000000 0.5831009130476371
0.9387500000000000 0.5831077958902829
0.9388281250000000 0.5831146788703283
0.9389062500000001 0.5831215616976601
0.9389843750000000 0.5831284446592553
0.9390625000000000 0.5831353274712595
0.9391406250000001 0.5831422104144072
0.9392187500000000 0.5831490932110741
0.9392968750000000 0.5831559761357795
0.9393750000000001 0.5831628589170946
0.9394531250000000 0.5831697418233637
0.9395312500000000 0.5831766245893146
0.9396093750000000 0.5831835074771515
0.9396875000000000 0.5831903902277286
0.9397656250000000 0.5831972730971368
0.9398437500000000 0.5832041558323265
0.9399218750000000 0.5832110386833103
0.9400000000000001 0.5832179214031015
0.9400781250000000 0.5832248042356665
0.9401562500000000 0.5832316869400477
0.9402343750000001 0.5832385697541960
0.9403125000000000 0.5832454524431554
0.9403906250000000 0.5832523352388942
0.9404687500000000 0.5832592179124196
0.9405468750000000 0.5832661006897494
0.9406250000000000 0.5832729833478313
0.9407031250000000 0.5832798661067583
0.9407812500000000 0.5832867487493841
0.9408593750000001 0.5832936314899104
0.9409375000000000 0.5833005141170704
0.9410156250000000 0.5833073968392001
0.9410937500000001 0.5833142794508815
0.9411718750000000 0.5833211621546192
0.9412500000000000 0.5833280447508111
0.9413281250000001 0.5833349274361590
0.9414062500000000 0.5833418100168527
0.9414843750000000 0.5833486926838136
0.9415625000000000 0.5833555752489973
0.9416406250000000 0.5833624578975751
0.9417187500000000 0.5833693404472376
0.9417968750000000 0.5833762230774370
0.9418750000000000 0.5833831056115676
0.9419531250000001 0.5833899882233892
0.9420312500000000 0.5833968707419787
0.9421093750000000 0.5834037533354265
0.9421875000000001 0.5834106358384638
0.9422656250000000 0.5834175184135391
0.9423437500000000 0.5834244009010155
0.9424218750000000 0.5834312834577229
0.9425000000000000 0.5834381659296262
0.9425781250000000 0.5834450484679676
0.9426562500000000 0.5834519309242893
0.9427343750000000 0.5834588134442671
0.9428125000000001 0.5834656958849949
0.9428906250000000 0.5834725783866124
0.9429687500000000 0.5834794608117407
0.9430468750000001 0.5834863432949970
0.9431250000000000 0.5834932257045139
0.9432031250000000 0.5835001081694128
0.9432812500000001 0.5835069905633111
0.9433593750000000 0.5835138730098530
0.9434375000000000 0.5835207553881220
0.9435156250000000 0.5835276378163101
0.9435937500000000 0.5835345201789400
0.9436718750000000 0.5835414025887761
0.9437500000000000 0.5835482849357584
0.9438281250000000 0.5835551673272436
0.9439062500000001 0.5835620496585705
0.9439843750000000 0.5835689320317051
0.9440625000000000 0.5835758143473665
0.9441406250000001 0.5835826967021531
0.9442187500000000 0.5835895790021405
0.9442968750000000 0.5835964613385797
0.9443750000000000 0.5836033436228851
0.9444531250000000 0.5836102259409788
0.9445312500000000 0.5836171082095917
0.9446093750000000 0.5836239905093413
0.9446875000000000 0.5836308727622533
0.9447656250000001 0.5836377550436606
0.9448437500000000 0.5836446372808640
0.9449218750000000 0.5836515195439294
0.9450000000000001 0.5836584017654152
0.9450781250000000 0.5836652840101381
0.9451562500000000 0.5836721662158998
0.9452343750000001 0.5836790484422822
0.9453125000000000 0.5836859306323091
0.9453906250000000 0.5836928128403515
0.9454687500000000 0.5836996950146379
0.9455468750000000 0.5837065772043407
0.9456250000000000 0.5837134593628769
0.9457031250000000 0.5837203415342399
0.9457812500000000 0.5837272236770188
0.9458593750000001 0.5837341058300444
0.9459375000000000 0.5837409879570575
0.9460156250000000 0.5837478700917444
0.9460937500000001 0.5837547522029847
0.9461718750000000 0.5837616343193323
0.9462500000000000 0.5837685164147931
0.9463281250000000 0.5837753985128025
0.9464062500000000 0.5837822805924753
0.9464843750000000 0.5837891626721463
0.9465625000000000 0.5837960447360230
0.9466406250000000 0.5838029267973559
0.9467187500000001 0.5838098088454299
0.9467968750000000 0.5838166908884247
0.9468750000000000 0.5838235729206878
0.9469531250000001 0.5838304549453438
0.9470312500000000 0.5838373369617899
0.9471093750000000 0.5838442189681061
0.9471875000000001 0.5838511009687289
0.9472656250000000 0.5838579829567035
0.9473437500000000 0.5838648649414969
0.9474218750000000 0.5838717469111313
0.9475000000000000 0.5838786288800868
0.9475781250000000 0.5838855108313793
0.9476562500000000 0.5838923927844906
0.9477343750000000 0.5838992747174405
0.9478125000000001 0.5839061566547002
0.9478906250000000 0.5839130385693075
0.9479687500000000 0.5839199204907097
0.9480468750000001 0.5839268023869734
0.9481250000000000 0.5839336842925109
0.9482031250000000 0.5839405661704291
0.9482812500000000 0.5839474480600965
0.9483593750000000 0.5839543299196679
0.9484375000000000 0.5839612117934587
0.9485156250000000 0.5839680936346829
0.9485937500000000 0.5839749754925914
0.9486718750000001 0.5839818573154658
0.9487500000000000 0.5839887391574854
0.9488281250000000 0.5839956209620096
0.9489062500000001 0.5840025027881336
0.9489843750000000 0.5840093845743061
0.9490625000000000 0.5840162663845293
0.9491406250000001 0.5840231481523485
0.9492187500000000 0.5840300299466636
0.9492968750000000 0.5840369116961271
0.9493750000000000 0.5840437934745309
0.9494531250000000 0.5840506752056377
0.9495312500000000 0.5840575569681228
0.9496093750000000 0.5840644386808711
0.9496875000000000 0.5840713204274319
0.9497656250000001 0.5840782021218195
0.9498437500000000 0.5840850838524506
0.9499218750000000 0.5840919655284761
0.9500000000000001 0.5840988472431712
0.9500781250000000 0.5841057289008317
0.9501562500000000 0.5841126105995874
0.9502343750000000 0.5841194922388809
0.9503125000000000 0.5841263739216898
0.9503906250000000 0.5841332555426151
0.9504687500000000 0.5841401372094724
0.9505468750000000 0.5841470188120260
0.9506250000000001 0.5841539004629271
0.9507031250000000 0.5841607820471082
0.9507812500000000 0.5841676636820473
0.9508593750000001 0.5841745452478516
0.9509375000000000 0.5841814268668257
0.9510156250000000 0.5841883084142501
0.9510937500000001 0.5841951900172527
0.9511718750000000 0.5842020715462961
0.9512500000000000 0.5842089531333222
0.9513281250000000 0.5842158346439812
0.9514062500000000 0.5842227162150275
0.9514843750000000 0.5842295977072993
0.9515625000000000 0.5842364792623589
0.9516406250000000 0.5842433607362419
0.9517187500000001 0.5842502422753116
0.9517968750000000 0.5842571237308013
0.9518750000000000 0.5842640052538756
0.9519531250000001 0.5842708866909702
0.9520312500000000 0.5842777681980460
0.9521093750000000 0.5842846496167409
0.9521875000000000 0.5842915311078128
0.9522656250000000 0.5842984125081055
0.9523437500000000 0.5843052939831705
0.9524218750000000 0.5843121753650572
0.9525000000000000 0.5843190568241101
0.9525781250000001 0.5843259381875885
0.9526562500000000 0.5843328196306252
0.9527343750000000 0.5843397009756917
0.9528125000000001 0.5843465824027083
0.9528906250000000 0.5843534637293584
0.9529687500000000 0.5843603451403507
0.9530468750000001 0.5843672264485812
0.9531250000000000 0.5843741078435458
0.9532031250000000 0.5843809891333537
0.9532812500000000 0.5843878705122854
0.9533593750000000 0.5843947517836675
0.9534375000000000 0.5844016331465637
0.9535156250000000 0.5844085143995146
0.9535937500000000 0.5844153957463716
0.9536718750000001 0.5844222769808886
0.9537500000000000 0.5844291583117023
0.9538281250000000 0.5844360395277809
0.9539062500000001 0.5844429208425479
0.9539843750000000 0.5844498020401839
0.9540625000000000 0.5844566833389014
0.9541406250000000 0.5844635645180905
0.9542187500000000 0.5844704458007545
0.9542968750000000 0.5844773269614930
0.9543750000000000 0.5844842082281002
0.9544531250000000 0.5844910893703841
0.9545312500000001 0.5844979706209312
0.9546093750000000 0.5845048517447560
0.9546875000000000 0.5845117329792400
0.9547656250000001 0.5845186140846007
0.9548437500000000 0.5845254953030178
0.9549218750000000 0.5845323763899116
0.9550000000000001 0.5845392575922596
0.9550781250000000 0.5845461386606804
0.9551562500000000 0.5845530198469557
0.9552343750000000 0.5845599008968995
0.9553125000000000 0.5845667820670997
0.9553906250000000 0.5845736630985611
0.9554687500000000 0.5845805442526834
0.9555468750000000 0.5845874252656584
0.9556250000000001 0.5845943064036988
0.9557031250000000 0.5846011873981835
0.9557812500000000 0.5846080685201401
0.9558593750000001 0.5846149494961285
0.9559375000000000 0.5846218306019985
0.9560156250000000 0.5846287115594857
0.9560937500000000 0.5846355926492677
0.9561718750000000 0.5846424735882483
0.9562500000000000 0.5846493546619381
0.9563281250000000 0.5846562355824084
0.9564062500000000 0.5846631166400040
0.9564843750000001 0.5846699975419570
0.9565625000000000 0.5846768785834575
0.9566406250000000 0.5846837594668893
0.9567187500000001 0.5846906404922907
0.9567968750000000 0.5846975213571957
0.9568750000000000 0.5847044023664958
0.9569531250000001 0.5847112832128694
0.9570312500000000 0.5847181642060646
0.9571093750000000 0.5847250450339020
0.9571875000000000 0.5847319260109923
0.9572656250000000 0.5847388068202870
0.9573437500000000 0.5847456877812696
0.9574218750000000 0.5847525685720157
0.9575000000000000 0.5847594495168884
0.9575781250000001 0.5847663302890812
0.9576562500000000 0.5847732112178421
0.9577343750000000 0.5847800919714744
0.9578125000000001 0.5847869728841233
0.9578906250000000 0.5847938536191906
0.9579687500000000 0.5848007345157238
0.9580468750000000 0.5848076152322199
0.9581250000000000 0.5848144961126368
0.9582031250000000 0.5848213768105561
0.9582812500000000 0.5848282576748535
0.9583593750000000 0.5848351383541903
0.9584375000000001 0.5848420192023672
0.9585156250000000 0.5848488998631161
0.9585937500000000 0.5848557806951704
0.9586718750000001 0.5848626613373250
0.9587500000000000 0.5848695421532562
0.9588281250000000 0.5848764227768102
0.9589062500000001 0.5848833035766149
0.9589843750000000 0.5848901841815640
0.9590625000000000 0.5848970649652405
0.9591406250000000 0.5849039455515778
0.9592187500000000 0.5849108263191268
0.9592968750000000 0.5849177068868434
0.9593750000000000 0.5849245876382648
0.9594531250000000 0.5849314681873546
0.9595312500000001 0.5849383489226468
0.9596093750000000 0.5849452294531042
0.9596875000000000 0.5849521101722645
0.9597656250000001 0.5849589906840843
0.9598437500000000 0.5849658713871113
0.9599218750000000 0.5849727518802871
0.9600000000000000 0.5849796325671812
0.9600781250000000 0.5849865130417036
0.9601562500000000 0.5849933937124641
0.9602343750000000 0.5850002741683273
0.9603125000000000 0.5850071548229541
0.9603906250000001 0.5850140352601522
0.9604687500000000 0.5850209158986421
0.9605468750000000 0.5850277963171679
0.9606250000000001 0.5850346769395215
0.9607031250000000 0.5850415573393690
0.9607812500000000 0.5850484379455841
0.9608593750000001 0.5850553183267471
0.9609375000000000 0.5850621989168239
0.9610156250000000 0.5850690792792932
0.9610937500000000 0.5850759598532315
0.9611718750000000 0.5850828401970023
0.9612500000000000 0.5850897207548003
0.9613281250000000 0.5850966010798647
0.9614062500000000 0.5851034816215237
0.9614843750000001 0.5851103619278739
0.9615625000000000 0.5851172424533919
0.9616406250000000 0.5851241227410211
0.9617187500000001 0.5851310032503988
0.9617968750000000 0.5851378835192996
0.9618750000000000 0.5851447640125365
0.9619531250000001 0.5851516442627024
0.9620312500000000 0.5851585247397978
0.9621093750000000 0.5851654049712204
0.9621875000000000 0.5851722854321753
0.9622656250000000 0.5851791656448455
0.9623437500000001 0.5851860460896607
0.9624218750000000 0.5851929262835728
0.9625000000000000 0.5851998067122464
0.9625781250000001 0.5852066868873922
0.9626562500000000 0.5852135672999244
0.9627343750000000 0.5852204474562982
0.9628125000000001 0.5852273278526878
0.9628906250000000 0.5852342079902805
0.9629687500000000 0.5852410883705299
0.9630468750000000 0.5852479684893336
0.9631250000000000 0.5852548488534423
0.9632031250000000 0.5852617289534489
0.9632812500000000 0.5852686093014174
0.9633593750000000 0.5852754893826195
0.9634375000000001 0.5852823697144467
0.9635156250000000 0.5852892497768371
0.9635937500000000 0.5852961300925237
0.9636718750000001 0.5853030101360942
0.9637500000000000 0.5853098904356411
0.9638281250000000 0.5853167704603844
0.9639062500000001 0.5853236507437906
0.9639843750000000 0.5853305307496971
0.9640625000000000 0.5853374110169649
0.9641406250000000 0.5853442910040273
0.9642187500000000 0.5853511712551556
0.9642968750000001 0.5853580512233667
0.9643750000000000 0.5853649314583573
0.9644531250000000 0.5853718114077067
0.9645312500000001 0.5853786916265603
0.9646093750000000 0.5853855715570415
0.9646875000000000 0.5853924517597576
0.9647656250000001 0.5853993316713620
0.9648437500000000 0.5854062118579419
0.9649218750000000 0.5854130917506608
0.9650000000000000 0.5854199719211071
0.9650781250000000 0.5854268517949305
0.9651562500000000 0.5854337319492413
0.9652343750000000 0.5854406118041635
0.9653125000000000 0.5854474919423416
0.9653906250000001 0.5854543717783514
0.9654687500000000 0.5854612519003971
0.9655468750000000 0.5854681317174878
0.9656250000000001 0.5854750118234023
0.9657031250000000 0.5854818916215637
0.9657812500000000 0.5854887717113477
0.9658593750000001 0.5854956514905727
0.9659375000000000 0.5855025315642286
0.9660156250000000 0.5855094113245063
0.9660937500000000 0.5855162913820345
0.9661718750000000 0.5855231711233571
0.9662500000000001 0.5855300511647591
0.9663281250000000 0.5855369308871187
0.9664062500000000 0.5855438109123947
0.9664843750000001 0.5855506906157799
0.9665625000000000 0.5855575706249337
0.9666406250000000 0.5855644503093371
0.9667187500000001 0.5855713303023681
0.9667968750000000 0.5855782099677803
0.9668750000000000 0.5855850899446914
0.9669531250000000 0.5855919695911024
0.9670312500000000 0.5855988495518938
0.9671093750000000 0.5856057291792965
0.9671875000000000 0.5856126091239703
0.9672656250000000 0.5856194887323543
0.9673437500000001 0.5856263686609113
0.9674218750000000 0.5856332482502671
0.9675000000000000 0.5856401281627096
0.9675781250000001 0.5856470077330290
0.9676562500000000 0.5856538876293591
0.9677343750000000 0.5856607671806315
0.9678125000000001 0.5856676470608514
0.9678906250000000 0.5856745265930658
0.9679687500000000 0.5856814064571781
0.9680468750000000 0.5856882859703255
0.9681250000000000 0.5856951658183319
0.9682031250000001 0.5857020453124046
0.9682812500000000 0.5857089251443047
0.9683593750000000 0.5857158046192920
0.9684375000000001 0.5857226844350913
0.9685156250000000 0.5857295638909834
0.9685937500000000 0.5857364436906803
0.9686718750000001 0.5857433231274680
0.9687500000000000 0.5857502029110674
0.9688281250000000 0.5857570823287396
0.9689062500000000 0.5857639620962433
0.9689843750000000 0.5857708414947903
0.9690625000000000 0.5857777212462018
0.9691406250000000 0.5857846006256130
0.9692187500000000 0.5857914803609331
0.9692968750000001 0.5857983597212000
0.9693750000000000 0.5858052394404309
0.9694531250000000 0.5858121187815432
0.9695312500000001 0.5858189984846877
0.9696093750000000 0.5858258778066336
0.9696875000000000 0.5858327574936949
0.9697656250000001 0.5858396367964662
0.9698437500000000 0.5858465164674466
0.9699218750000000 0.5858533957510319
0.9700000000000000 0.5858602754059342
0.9700781250000000 0.5858671546703226
0.9701562500000001 0.5858740343091494
0.9702343750000000 0.5858809135543309
0.9703125000000000 0.5858877931770855
0.9703906250000001 0.5858946724030508
0.9704687500000000 0.5859015520097330
0.9705468750000000 0.5859084312164733
0.9706250000000001 0.5859153108070874
0.9707031250000000 0.5859221899945890
0.9707812500000000 0.5859290695691395
0.9708593750000000 0.5859359487373915
0.9709375000000000 0.5859428282958813
0.9710156250000000 0.5859497074448743
0.9710937500000000 0.5859565869873060
0.9711718750000000 0.5859634661170295
0.9712500000000001 0.5859703456434050
0.9713281250000000 0.5859772247538474
0.9714062500000000 0.5859841042641716
0.9714843750000001 0.5859909833553227
0.9715625000000000 0.5859978628495972
0.9716406250000000 0.5860047419214458
0.9717187500000001 0.5860116213996757
0.9717968750000000 0.5860185004522104
0.9718750000000000 0.5860253799143980
0.9719531250000000 0.5860322589476079
0.9720312500000000 0.5860391383937569
0.9721093750000001 0.5860460174076306
0.9721875000000000 0.5860528968377444
0.9722656250000000 0.5860597758322720
0.9723437500000001 0.5860666552463542
0.9724218750000000 0.5860735342215225
0.9725000000000000 0.5860804136195763
0.9725781250000001 0.5860872925753767
0.9726562500000000 0.5860941719574058
0.9727343750000000 0.5861010508938244
0.9728125000000000 0.5861079302598335
0.9728906250000000 0.5861148091768591
0.9729687500000000 0.5861216885268523
0.9730468750000000 0.5861285674244745
0.9731250000000000 0.5861354467584525
0.9732031250000001 0.5861423256366611
0.9732812500000000 0.5861492049546294
0.9733593750000000 0.5861560838134114
0.9734375000000001 0.5861629631153742
0.9735156250000000 0.5861698419547176
0.9735937500000000 0.5861767212406787
0.9736718750000001 0.5861836000605724
0.9737500000000000 0.5861904793305355
0.9738281250000000 0.5861973581309690
0.9739062500000000 0.5862042373849383
0.9739843750000000 0.5862111161658968
0.9740625000000001 0.5862179954038781
0.9741406250000000 0.5862248741653511
0.9742187500000000 0.5862317533873478
0.9742968750000001 0.5862386321293224
0.9743750000000000 0.5862455113353385
0.9744531250000000 0.5862523900578045
0.9745312500000001 0.5862592692478442
0.9746093750000000 0.5862661479507877
0.9746875000000000 0.5862730271248567
0.9747656250000000 0.5862799058082661
0.9748437500000000 0.5862867849663677
0.9749218750000000 0.5862936636302314
0.9750000000000000 0.5863005427723700
0.9750781250000000 0.5863074214166748
0.9751562500000001 0.5863143005428559
0.9752343750000000 0.5863211791675906
0.9753125000000000 0.5863280582778176
0.9753906250000001 0.5863349368829690
0.9754687500000000 0.5863418159772484
0.9755468750000000 0.5863486945628044
0.9756250000000001 0.5863555736411388
0.9757031250000000 0.5863624522070866
0.9757812500000000 0.5863693312694831
0.9758593750000000 0.5863762098158108
0.9759375000000000 0.5863830888622726
0.9760156250000001 0.5863899673889664
0.9760937500000000 0.5863968464194987
0.9761718750000000 0.5864037249265488
0.9762500000000001 0.5864106039411554
0.9763281250000000 0.5864174824285474
0.9764062500000000 0.5864243614272340
0.9764843750000001 0.5864312398949558
0.9765625000000000 0.5864381188777275
0.9766406250000000 0.5864449973257664
0.9767187500000000 0.5864518762926284
0.9767968750000000 0.5864587547209698
0.9768750000000000 0.5864656336719276
0.9769531250000000 0.5864725120805604
0.9770312500000000 0.5864793910156193
0.9771093750000001 0.5864862694045302
0.9771875000000000 0.5864931483236940
0.9772656250000000 0.5865000266928700
0.9773437500000001 0.5865069055961455
0.9774218750000000 0.5865137839455737
0.9775000000000000 0.5865206628329656
0.9775781250000001 0.5865275411626317
0.9776562500000000 0.5865344200341467
0.9777343750000000 0.5865412983440381
0.9778125000000000 0.5865481771996811
0.9778906250000000 0.5865550554897837
0.9779687500000001 0.5865619343295606
0.9780468750000000 0.5865688125998616
0.9781250000000000 0.5865756914237786
0.9782031250000001 0.5865825696742645
0.9782812500000000 0.5865894484823264
0.9783593750000000 0.5865963267129837
0.9784375000000001 0.5866032055051968
0.9785156250000000 0.5866100837160125
0.9785937500000000 0.5866169624923815
0.9786718750000000 0.5866238406833417
0.9787500000000000 0.5866307194438737
0.9788281250000000 0.5866375976149651
0.9789062500000000 0.5866444763596648
0.9789843750000000 0.5866513545108747
0.9790625000000001 0.5866582332397472
0.9791406250000000 0.5866651113710618
0.9792187500000000 0.5866719900841135
0.9792968750000001 0.5866788681955193
0.9793750000000000 0.5866857468927573
0.9794531250000000 0.5866926249842389
0.9795312500000001 0.5866995036656693
0.9796093750000000 0.5867063817372130
0.9796875000000000 0.5867132604028419
0.9797656250000000 0.5867201384544348
0.9798437500000000 0.5867270171042679
0.9799218750000001 0.5867338951358958
0.9800000000000000 0.5867407737699392
0.9800781250000000 0.5867476517815876
0.9801562500000001 0.5867545303998490
0.9802343750000000 0.5867614083915026
0.9803125000000000 0.5867682869939888
0.9803906250000001 0.5867751649656350
0.9804687500000000 0.5867820435523510
0.9805468750000000 0.5867889215039745
0.9806250000000000 0.5867958000749275
0.9807031250000000 0.5868026780065150
0.9807812500000000 0.5868095565617109
0.9808593750000000 0.5868164344732480
0.9809375000000000 0.5868233130126939
0.9810156250000001 0.5868301909041662
0.9810937500000000 0.5868370694278686
0.9811718750000000 0.5868439472992608
0.9812500000000001 0.5868508258072278
0.9813281250000000 0.5868577036585249
0.9814062500000000 0.5868645821507618
0.9814843750000001 0.5868714599819513
0.9815625000000000 0.5868783384584656
0.9816406250000000 0.5868852162695311
0.9817187500000000 0.5868920947303297
0.9817968750000000 0.5868989725212579
0.9818750000000001 0.5869058509663466
0.9819531250000000 0.5869127287371223
0.9820312500000000 0.5869196071665085
0.9821093750000001 0.5869264849171172
0.9821875000000000 0.5869333633308083
0.9822656250000000 0.5869402410612357
0.9823437500000001 0.5869471194592375
0.9824218750000000 0.5869539971694685
0.9825000000000000 0.5869608755517897
0.9825781250000000 0.5869677532418085
0.9826562500000000 0.5869746316084564
0.9827343750000000 0.5869815092782484
0.9828125000000000 0.5869883876292293
0.9828906250000000 0.5869952652787799
0.9829687500000001 0.5870021436141010
0.9830468750000000 0.5870090212433956
0.9831250000000000 0.5870158995630649
0.9832031250000001 0.5870227771720868
0.9832812500000000 0.5870296554761122
0.9833593750000000 0.5870365330648455
0.9834375000000001 0.5870434113532347
0.9835156250000000 0.5870502889216673
0.9835937500000000 0.5870571671944258
0.9836718750000000 0.5870640447425396
0.9837500000000000 0.5870709229996766
0.9838281250000001 0.5870778005274583
0.9839062500000000 0.5870846787689812
0.9839843750000000 0.5870915562764127
0.9840625000000001 0.5870984345023301
0.9841406250000000 0.5871053119893985
0.9842187500000000 0.5871121901997165
0.9842968750000001 0.5871190676664048
0.9843750000000000 0.5871259458611330
0.9844531250000000 0.5871328233074256
0.9845312500000000 0.5871397014865699
0.9846093750000000 0.5871465789124517
0.9846875000000000 0.5871534570760210
0.9847656250000000 0.5871603344814766
0.9848437500000000 0.5871672126294787
0.9849218750000001 0.5871740900144922
0.9850000000000000 0.5871809681469352
0.9850781250000000 0.5871878455114904
0.9851562500000001 0.5871947236283823
0.9852343750000000 0.5872016009724638
0.9853125000000000 0.5872084790738118
0.9853906250000001 0.5872153563974041
0.9854687500000000 0.5872222344832170
0.9855468750000000 0.5872291117863044
0.9856250000000000 0.5872359898565893
0.9857031250000000 0.5872428671391559
0.9857812500000001 0.5872497451939221
0.9858593750000000 0.5872566224559512
0.9859375000000000 0.5872635004952059
0.9860156250000001 0.5872703777366824
0.9860937500000000 0.5872772557604351
0.9861718750000000 0.5872841329813419
0.9862500000000001 0.5872910109896003
0.9863281250000000 0.5872978881899217
0.9864062500000000 0.5873047661826954
0.9864843750000000 0.5873116433624134
0.9865625000000000 0.5873185213397114
0.9866406250000000 0.5873253984988100
0.9867187500000000 0.5873322764606403
0.9867968750000000 0.5873391535991045
0.9868750000000001 0.5873460315454744
0.9869531250000000 0.5873529086632877
0.9870312500000000 0.5873597865942066
0.9871093750000001 0.5873666636913526
0.9871875000000000 0.5873735416068286
0.9872656250000000 0.5873804186832908
0.9873437500000001 0.5873872965833336
0.9874218750000000 0.5873941736390944
0.9875000000000000 0.5874010515237122
0.9875781250000000 0.5874079285587559
0.9876562500000000 0.5874148064279588
0.9877343750000001 0.5874216834422687
0.9878125000000000 0.5874285612960637
0.9878906250000000 0.5874354382896225
0.9879687500000001 0.5874423161280199
0.9880468750000000 0.5874491931008117
0.9881250000000000 0.5874560709238190
0.9882031250000001 0.5874629478758276
0.9882812500000000 0.5874698256834545
0.9883593750000000 0.5874767026146620
0.9884375000000000 0.5874835804069184
0.9885156250000000 0.5874904573173073
0.9885937500000000 0.5874973350942013
0.9886718750000000 0.5875042119837572
0.9887500000000000 0.5875110897452974
0.9888281250000001 0.5875179666140020
0.9889062500000000 0.5875248443601974
0.9889843750000000 0.5875317212080344
0.9890625000000001 0.5875385989388948
0.9891406250000000 0.5875454757658470
0.9892187500000000 0.5875523534813811
0.9892968750000001 0.5875592302874306
0.9893750000000000 0.5875661079876483
0.9894531250000000 0.5875729847727797
0.9895312500000000 0.5875798624576904
0.9896093750000000 0.5875867392218844
0.9896875000000001 0.5875936168914974
0.9897656250000000 0.5876004936347370
0.9898437500000000 0.5876073712890628
0.9899218750000001 0.5876142480113311
0.9900000000000000 0.5876211256503787
0.9900781250000000 0.5876280023516576
0.9901562500000001 0.5876348799754371
0.9902343750000000 0.5876417566557093
0.9903125000000000 0.5876486342642293
0.9903906250000000 0.5876555109234785
0.9904687500000000 0.5876623885167495
0.9905468750000000 0.5876692651549575
0.9906250000000000 0.5876761427329875
0.9907031250000000 0.5876830193501383
0.9907812500000001 0.5876898969129384
0.9908593750000000 0.5876967735090110
0.9909375000000000 0.5877036510565922
0.9910156250000001 0.5877105276315719
0.9910937500000000 0.5877174051639408
0.9911718750000000 0.5877242817178095
0.9912500000000001 0.5877311592349785
0.9913281250000000 0.5877380357677177
0.9914062500000000 0.5877449132696957
0.9914843750000000 0.5877517897812892
0.9915625000000000 0.5877586672680851
0.9916406250000001 0.5877655437585140
0.9917187500000000 0.5877724212301398
0.9917968750000000 0.5877792976993867
0.9918750000000001 0.5877861751558499
0.9919531250000000 0.5877930516038979
0.9920312500000000 0.5877999290452088
0.9921093750000001 0.5878068054720410
0.9921875000000000 0.5878136828982097
0.9922656250000000 0.5878205593038046
0.9923437500000000 0.5878274367148428
0.9924218750000000 0.5878343130991843
0.9925000000000000 0.5878411904951004
0.9925781250000000 0.5878480668581684
0.9926562500000000 0.5878549442389728
0.9927343750000001 0.5878618205807494
0.9928125000000000 0.5878686979464501
0.9928906250000000 0.5878755742669159
0.9929687500000001 0.5878824516175202
0.9930468750000000 0.5878893279166518
0.9931250000000000 0.5878962052521652
0.9932031250000001 0.5879030815299379
0.9932812500000000 0.5879099588503582
0.9933593750000000 0.5879168351067384
0.9934375000000000 0.5879237124120570
0.9935156250000000 0.5879305886469977
0.9935937500000001 0.5879374659371822
0.9936718750000000 0.5879443421506062
0.9937500000000000 0.5879512194255880
0.9938281250000001 0.5879580956173662
0.9939062500000000 0.5879649728769966
0.9939843750000000 0.5879718490468930
0.9940625000000001 0.5879787262908758
0.9941406250000000 0.5879856024384396
0.9942187500000000 0.5879924796661862
0.9942968750000000 0.5879993557905598
0.9943750000000000 0.5880062330009067
0.9944531250000000 0.5880131091004296
0.9945312500000000 0.5880199862910919
0.9946093750000000 0.5880268623625374
0.9946875000000001 0.5880337395290373
0.9947656250000000 0.5880406155661115
0.9948437500000000 0.5880474926996860
0.9949218750000001 0.5880543686901013
0.9950000000000000 0.5880612457736049
0.9950781250000000 0.5880681216933563
0.9951562500000001 0.5880749986932572
0.9952343750000000 0.5880818744954237
0.9953125000000000 0.5880887513461518
0.9953906250000000 0.5880956269390107
0.9954687500000000 0.5881025035123487
0.9955468750000001 0.5881093787165833
0.9956250000000000 0.5881162547618259
0.9957031250000000 0.5881231292268377
0.9957812500000001 0.5881300042537794
0.9958593750000000 0.5881368772940759
0.9959375000000000 0.5881437503442183
0.9960156250000001 0.5881506206194855
0.9960937500000000 0.5881574898186791
0.9961718750000000 0.5881643547082146
0.9962500000000000 0.5881712163919076
0.9963281250000000 0.5881780707714392
0.9964062500000000 0.5881849177742491
0.9964843750000000 0.5881917516241630
0.9965625000000000 0.5881985699353635
0.9966406250000001 0.5882053636639315
0.9967187500000000 0.5882121258877256
0.9967968750000000 0.5882188411863351
0.9968750000000001 0.5882254937543776
0.9969531250000000 0.5882320557163910
0.9970312500000000 0.5882384938841692
0.9971093750000001 0.5882447560421294
0.9971875000000000 0.5882507750008733
0.9972656250000000 0.5882564509682521
0.9973437500000000 0.5882616502652404
0.9974218750000000 0.5882661801010066
0.9975000000000001 0.5882697768076615
0.9975781250000000 0.5882720658344325
0.9976562500000000 0.5882725294712459
0.9977343750000001 0.5882704380673150
0.9978125000000000 0.5882647777373442
0.9978906250000000 0.5882541256487975
0.9979687500000001 0.5882364999775607
0.9980468750000000 0.5882091269642250
0.9981250000000000 0.5881681408978991
0.9982031250000000 0.5881081437192142
0.9982812500000000 0.5880216197298713
0.9983593750000000 0.5878981052008257
0.9984375000000000 0.5877230754072376
0.9985156250000000 0.5874764099010565
0.9985937500000001 0.5871303591457279
0.9986718750000000 0.5866468442316222
0.9987500000000000 0.5859740207445137
0.9988281250000001 0.5850420317349315
0.9989062500000000 0.5837581473895460
0.9989843750000000 0.5820017889296286
0.9990625000000001 0.5796206860549604
0.9991406250000000 0.5764303293113427
0.9992187500000000 0.5722201454864699
0.9992968750000000 0.5667705501892965
0.9993750000000000 0.5598844299485148
0.9994531250000001 0.5514328810544554
0.9995312500000000 0.5414079535010216
0.9996093750000000 0.5299664619853552
0.9996875000000001 0.5174445553080846
0.9997656250000000 0.5043283635567882
0.9998437500000000 0.4911826512225943
0.9999218750000001 0.4785582499496184
1.0000000000000000 0.4669084361127619
1.0000781249999999 0.4565380698849188
1.0001562500000001 0.4475930765367228
1.0002343750000000 0.4400820898331906
1.0003124999999999 0.4339148290281774
1.0003906250000001 0.4289426925638877
1.0004687500000000 0.4249926756914623
1.0005468749999999 0.4218911962302999
1.0006250000000001 0.4194783861847644
1.0007031250000000 0.4176149220570343
1.0007812500000000 0.4161839536170518
1.0008593750000001 0.4150900866442085
1.0009375000000000 0.4142569892288984
1.0010156250000000 0.4136244433248326
1.0010937500000001 0.4131454745761597
1.0011718750000000 0.4127837118180329
1.0012500000000000 0.4125111844658656
1.0013281250000001 0.4123064575026179
1.0014062500000001 0.4121531819242555
1.0014843750000000 0.4120388978308894
1.0015624999999999 0.4119541496190802
1.0016406250000001 0.4118917498076508
1.0017187500000000 0.4118462632865132
1.0017968749999999 0.4118135610235487
1.0018750000000001 0.4117905307745024
1.0019531250000000 0.4117748051054295
1.0020312499999999 0.4117646067008183
1.0021093750000001 0.4117585786870479
1.0021875000000000 0.4117557086233237
1.0022656249999999 0.4117552180210020
1.0023437500000001 0.4117565319582672
1.0024218750000000 0.4117592025361367
1.0024999999999999 0.4117629048754844
1.0025781250000001 0.4117673798784771
1.0026562500000000 0.4117724455059052
1.0027343750000000 0.4117779504230487
1.0028125000000001 0.4117837941831070
1.0028906250000000 0.4117898869278230
1.0029687500000000 0.4117961748278080
1.0030468750000001 0.4118026030731017
1.0031250000000000 0.4118091444850293
1.0032031250000000 0.4118157642151907
1.0032812500000001 0.4118224503387515
1.0033593750000001 0.4118291793572725
1.0034375000000000 0.4118359480951345
1.0035156249999999 0.4118427394884303
1.0035937500000001 0.4118495553986002
1.0036718750000000 0.4118563823905110
1.0037499999999999 0.4118632252443218
1.0038281250000001 0.4118700725520030
1.0039062500000000 0.4118769308037404
1.0039843749999999 0.4118837897041503
1.0040625000000001 0.4118906567639196
1.0041406250000000 0.4118975222780702
1.0042187499999999 0.4119043943845637
1.0042968750000001 0.4119112636704390
1.0043750000000000 0.4119181386768179
1.0044531249999999 0.4119250101121302
1.0045312500000001 0.4119318867930586
1.0046093750000000 0.4119387594517193
1.0046875000000000 0.4119456371078425
1.0047656250000001 0.4119525104611482
1.0048437500000000 0.4119593886933391
1.0049218750000000 0.4119662624394139
1.0050000000000001 0.4119731410199166
1.0050781250000000 0.4119800149863607
1.0051562500000000 0.4119868937852398
1.0052343750000001 0.4119937678735614
1.0053125000000001 0.4120006468167193
1.0053906250000000 0.4120075209706153
1.0054687499999999 0.4120144000158290
1.0055468750000001 0.4120212742030799
1.0056250000000000 0.4120281533263198
1.0057031249999999 0.4120350275284546
1.0057812500000001 0.4120419067160777
1.0058593750000000 0.4120487809224747
1.0059374999999999 0.4120556601667651
1.0060156250000001 0.4120625343712831
1.0060937500000000 0.4120694136679111
1.0061718749999999 0.4120762878669674
1.0062500000000001 0.4120831672135327
1.0063281250000000 0.4120900414050067
1.0064062499999999 0.4120969208002112
1.0064843750000001 0.4121037949828166
1.0065625000000000 0.4121106744259919
1.0066406250000000 0.4121175485989186
1.0067187500000001 0.4121244280897539
1.0067968750000000 0.4121313022524659
1.0068750000000000 0.4121381817908544
1.0069531250000001 0.4121450559429716
1.0070312500000000 0.4121519355289227
1.0071093750000000 0.4121588096701542
1.0071875000000001 0.4121656893037431
1.0072656250000001 0.4121725634338514
1.0073437500000000 0.4121794431151890
1.0074218749999999 0.4121863172339658
1.0075000000000001 0.4121931969631850
1.0075781250000000 0.4122000710704397
1.0076562499999999 0.4122069508476828
1.0077343750000001 0.4122138249432372
1.0078125000000000 0.4122207047686529
1.0078906249999999 0.4122275788523341
1.0079687500000001 0.4122344587260737
1.0080468750000000 0.4122413327977142
1.0081249999999999 0.4122482127199292
1.0082031250000001 0.4122550867793653
1.0082812500000000 0.4122619667502075
1.0083593749999999 0.4122688407972770
1.0084375000000001 0.4122757208168961
1.0085156250000000 0.4122825948514411
1.0085937500000000 0.4122894749199862
1.0086718750000001 0.4122963489418492
1.0087500000000000 0.4123032290594683
1.0088281250000000 0.4123101030684940
1.0089062500000001 0.4123169832353324
1.0089843750000000 0.4123238572313685
1.0090625000000000 0.4123307374475699
1.0091406250000001 0.4123376114304650
1.0092187500000001 0.4123444916961719
1.0092968750000000 0.4123513656657780
1.0093749999999999 0.4123582459811293
1.0094531250000001 0.4123651199372994
1.0095312500000000 0.4123720003024330
1.0096093749999999 0.4123788742450233
1.0096875000000001 0.4123857546600745
1.0097656250000000 0.4123926285889426
1.0098437499999999 0.4123995090540443
1.0099218750000001 0.4124063829690507
1.0100000000000000 0.4124132634843343
1.0100781249999999 0.4124201373853407
1.0101562500000001 0.4124270179509347
1.0102343750000000 0.4124338918378063
1.0103124999999999 0.4124407724538365
1.0103906250000001 0.4124476463264410
1.0104687500000000 0.4124545269930312
1.0105468750000000 0.4124614008512380
1.0106250000000001 0.4124682815685092
1.0107031250000000 0.4124751554121915
1.0107812500000000 0.4124820361802616
1.0108593750000001 0.4124889100092938
1.0109375000000000 0.4124957908282793
1.0110156250000000 0.4125026646425398
1.0110937500000001 0.4125095455125528
1.0111718750000001 0.4125164193119221
1.0112500000000000 0.4125233002330737
1.0113281249999999 0.4125301740174347
1.0114062500000001 0.4125370549898320
1.0114843750000000 0.4125439287590715
1.0115624999999999 0.4125508097828188
1.0116406250000001 0.4125576835368254
1.0117187500000000 0.4125645646120245
1.0117968749999999 0.4125714383506912
1.0118750000000001 0.4125783194774401
1.0119531250000000 0.4125851932006621
1.0120312499999999 0.4125920743790560
1.0121093750000001 0.4125989480867316
1.0121875000000000 0.4126058293168635
1.0122656249999999 0.4126127030088937
1.0123437500000001 0.4126195842908528
1.0124218750000000 0.4126264579671420
1.0125000000000000 0.4126333393010144
1.0125781250000001 0.4126402129614710
1.0126562500000000 0.4126470943473387
1.0127343750000000 0.4126539679918738
1.0128125000000001 0.4126608494298172
1.0128906250000000 0.4126677230583450
1.0129687500000000 0.4126746045484390
1.0130468750000001 0.4126814781608781
1.0131250000000001 0.4126883597031957
1.0132031250000000 0.4126952332994672
1.0132812499999999 0.4127021148940774
1.0133593750000001 0.4127089884741062
1.0134375000000000 0.4127158701210750
1.0135156249999999 0.4127227436847891
1.0135937500000001 0.4127296253841782
1.0136718750000000 0.4127364989315095
1.0137499999999999 0.4127433806833778
1.0138281250000001 0.4127502542142619
1.0139062500000000 0.4127571360186645
1.0139843749999999 0.4127640095330404
1.0140625000000001 0.4127708913900288
1.0141406250000000 0.4127777648878386
1.0142187499999999 0.4127846467974606
1.0142968750000001 0.4127915202786510
1.0143750000000000 0.4127984022409505
1.0144531250000000 0.4128052757054713
1.0145312500000001 0.4128121577204888
1.0146093750000000 0.4128190311682937
1.0146875000000000 0.4128259132360671
1.0147656250000001 0.4128327866671117
1.0148437500000000 0.4128396687876741
1.0149218750000000 0.4128465422019197
1.0150000000000001 0.4128534243753014
1.0150781250000001 0.4128602977727123
1.0151562500000000 0.4128671799989392
1.0152343749999999 0.4128740533794826
1.0153125000000001 0.4128809356585780
1.0153906250000000 0.4128878090222248
1.0154687499999999 0.4128946913542079
1.0155468750000001 0.4129015647009333
1.0156250000000000 0.4129084470858201
1.0157031249999999 0.4129153204156013
1.0157812500000001 0.4129222028534050
1.0158593750000000 0.4129290761662234
1.0159374999999999 0.4129359586569531
1.0160156250000001 0.4129428319527924
1.0160937500000000 0.4129497144964556
1.0161718749999999 0.4129565877753029
1.0162500000000001 0.4129634703719027
1.0163281250000000 0.4129703436337487
1.0164062500000000 0.4129772262832852
1.0164843750000001 0.4129840995281227
1.0165625000000000 0.4129909822305942
1.0166406250000000 0.4129978554584194
1.0167187500000001 0.4130047382138204
1.0167968750000000 0.4130116114246317
1.0168750000000000 0.4130184942329548
1.0169531250000001 0.4130253674267540
1.0170312500000001 0.4130322502879885
1.0171093750000000 0.4130391234647786
1.0171874999999999 0.4130460063789125
1.0172656250000001 0.4130528795386996
1.0173437500000000 0.4130597625057176
1.0174218749999999 0.4130666356485104
1.0175000000000001 0.4130735186683955
1.0175781250000000 0.4130803917942042
1.0176562499999999 0.4130872748669372
1.0177343750000001 0.4130941479757742
1.0178125000000000 0.4131010311013339
1.0178906249999999 0.4131079041932142
1.0179687500000001 0.4131147873715766
1.0180468750000000 0.4131216604465169
1.0181249999999999 0.4131285436776567
1.0182031250000001 0.4131354167356759
1.0182812500000000 0.4131423000195654
1.0183593750000000 0.4131491730606849
1.0184375000000001 0.4131560563972931
1.0185156250000000 0.4131629294215369
1.0185937500000000 0.4131698128108319
1.0186718750000001 0.4131766858182256
1.0187500000000000 0.4131835692601719
1.0188281250000000 0.4131904422507441
1.0189062500000001 0.4131973257453053
1.0189843750000001 0.4132041987190870
1.0190625000000000 0.4132110822662216
1.0191406249999999 0.4132179552232473
1.0192187500000001 0.4132248388229117
1.0192968750000000 0.4132317117632197
1.0193749999999999 0.4132385954153666
1.0194531250000001 0.4132454683389977
1.0195312500000000 0.4132523520435756
1.0196093749999999 0.4132592249505762
1.0196875000000001 0.4132661087075294
1.0197656250000000 0.4132729815979500
1.0198437499999999 0.4132798654072173
1.0199218750000001 0.4132867382811136
1.0200000000000000 0.4132936221426292
1.0200781249999999 0.4133004950000627
1.0201562500000001 0.4133073789137536
1.0202343750000000 0.4133142517547925
1.0203125000000000 0.4133211357205799
1.0203906250000001 0.4133280085452993
1.0204687500000000 0.4133348925630962
1.0205468750000000 0.4133417653715794
1.0206250000000001 0.4133486494412908
1.0207031250000000 0.4133555222336289
1.0207812500000000 0.4133624063551514
1.0208593750000001 0.4133692791314445
1.0209375000000001 0.4133761633046659
1.0210156250000000 0.4133830360650244
1.0210937499999999 0.4133899202898211
1.0211718750000001 0.4133967930343653
1.0212500000000000 0.4134036773106039
1.0213281249999999 0.4134105500394654
1.0214062500000001 0.4134174343670010
1.0214843750000000 0.4134243070803230
1.0215624999999999 0.4134311914589990
1.0216406250000001 0.4134380641569351
1.0217187500000000 0.4134449485865840
1.0217968749999999 0.4134518212693016
1.0218750000000001 0.4134587057497418
1.0219531250000000 0.4134655784174204
1.0220312499999999 0.4134724629484590
1.0221093750000001 0.4134793356012900
1.0221875000000000 0.4134862201827206
1.0222656250000000 0.4134930928209101
1.0223437500000001 0.4134999774525128
1.0224218750000000 0.4135068500762779
1.0225000000000000 0.4135137347578220
1.0225781250000001 0.4135206073673929
1.0226562500000000 0.4135274920986340
1.0227343750000000 0.4135343646942533
1.0228125000000001 0.4135412494749351
1.0228906250000001 0.4135481220568576
1.0229687500000000 0.4135550068867117
1.0230468749999999 0.4135618794552028
1.0231250000000001 0.4135687643339508
1.0232031250000000 0.4135756368892876
1.0232812499999999 0.4135825218166396
1.0233593750000001 0.4135893943591082
1.0234375000000000 0.4135962793347658
1.0235156249999999 0.4136031518646619
1.0235937500000001 0.4136100368883177
1.0236718750000000 0.4136169094059451
1.0237499999999999 0.4136237944772827
1.0238281250000001 0.4136306669829530
1.0239062500000000 0.4136375521016519
1.0239843749999999 0.4136444245956810
1.0240625000000001 0.4136513097614133
1.0241406250000000 0.4136581822441244
1.0242187500000000 0.4136650674565577
1.0242968750000001 0.4136719399282760
1.0243750000000000 0.4136788251870762
1.0244531250000000 0.4136856976481307
1.0245312500000001 0.4136925829529595
1.0246093750000000 0.4136994554036807
1.0246875000000000 0.4137063407542003
1.0247656250000001 0.4137132131949186
1.0248437500000001 0.4137200985907908
1.0249218750000000 0.4137269710218354
1.0249999999999999 0.4137338564627238
1.0250781250000001 0.4137407288844240
1.0251562500000000 0.4137476143699930
1.0252343749999999 0.4137544867826748
1.0253125000000001 0.4137613723125920
1.0253906250000000 0.4137682447165781
1.0254687499999999 0.4137751302905148
1.0255468750000001 0.4137820026861245
1.0256250000000000 0.4137888883037559
1.0257031249999999 0.4137957606913046
1.0257812500000001 0.4138026463523103
1.0258593750000000 0.4138095187321072
1.0259374999999999 0.4138164044361728
1.0260156250000001 0.4138232768085219
1.0260937500000000 0.4138301625553387
1.0261718750000000 0.4138370349205395
1.0262500000000001 0.4138439207098025
1.0263281250000000 0.4138507930681481
1.0264062500000000 0.4138576788995600
1.0264843750000001 0.4138645512513383
1.0265625000000000 0.4138714371246059
1.0266406250000000 0.4138783094700991
1.0267187500000001 0.4138851953849348
1.0267968750000001 0.4138920677244201
1.0268750000000000 0.4138989536805426
1.0269531249999999 0.4139058260142916
1.0270312500000001 0.4139127120114234
1.0271093750000000 0.4139195843397034
1.0271874999999999 0.4139264703775717
1.0272656250000001 0.4139333427006462
1.0273437500000000 0.4139402287789812
1.0274218749999999 0.4139471010971102
1.0275000000000001 0.4139539872156468
1.0275781250000000 0.4139608595290865
1.0276562499999999 0.4139677456875618
1.0277343750000001 0.4139746179965655
1.0278125000000000 0.4139815041947191
1.0278906249999999 0.4139883764995395
1.0279687500000001 0.4139952627371128
1.0280468750000000 0.4140021350379996
1.0281250000000000 0.4140090213147350
1.0282031250000001 0.4140158936119384
1.0282812500000000 0.4140227799275781
1.0283593750000000 0.4140296522213477
1.0284375000000001 0.4140365385756349
1.0285156250000000 0.4140434108662199
1.0285937500000000 0.4140502972588972
1.0286718750000001 0.4140571695465478
1.0287500000000001 0.4140640559773569
1.0288281250000000 0.4140709282623248
1.0289062499999999 0.4140778147310056
1.0289843750000001 0.4140846870135443
1.0290625000000000 0.4140915735198341
1.0291406249999999 0.4140984458001988
1.0292187500000001 0.4141053323438347
1.0292968750000000 0.4141122046222821
1.0293749999999999 0.4141190912029977
1.0294531250000001 0.4141259634797881
1.0295312500000000 0.4141328500973145
1.0296093749999999 0.4141397223727102
1.0296875000000001 0.4141466090267757
1.0297656250000000 0.4141534813010428
1.0298437499999999 0.4141603679913720
1.0299218750000001 0.4141672402647800
1.0300000000000000 0.4141741269910940
1.0300781250000000 0.4141809992639149
1.0301562500000001 0.4141878860259328
1.0302343750000000 0.4141947582984424
1.0303125000000000 0.4142016450958790
1.0303906250000001 0.4142085173683556
1.0304687500000000 0.4142154042009237
1.0305468750000000 0.4142222764736486
1.0306250000000001 0.4142291633410576
1.0307031250000001 0.4142360356143158
1.0307812500000000 0.4142429225162710
1.0308593749999999 0.4142497947903506
1.0309375000000001 0.4142566817265549
1.0310156250000000 0.4142635540017474
1.0310937499999999 0.4142704409719005
1.0311718750000001 0.4142773132484996
1.0312500000000000 0.4142842002522980
1.0313281249999999 0.4142910725306010
1.0314062500000001 0.4142979595677394
1.0314843750000000 0.4143048318480451
1.0315624999999999 0.4143117189182158
1.0316406250000001 0.4143185912008250
1.0317187500000000 0.4143254783037175
1.0317968749999999 0.4143323505889350
1.0318750000000001 0.4143392377242369
1.0319531250000000 0.4143461100123682
1.0320312500000000 0.4143529971797644
1.0321093750000001 0.4143598694711181
1.0321875000000000 0.4143667566702921
1.0322656250000000 0.4143736289651776
1.0323437500000001 0.4143805161958107
1.0324218750000000 0.4143873884945402
1.0325000000000000 0.4143942757563128
1.0325781250000001 0.4144011480591991
1.0326562500000001 0.4144080353517893
1.0327343750000000 0.4144149076591473
1.0328124999999999 0.4144217949822318
1.0328906250000001 0.4144286672943777
1.0329687500000000 0.4144355546476324
1.0330468749999999 0.4144424269648833
1.0331250000000001 0.4144493143479830
1.0332031250000000 0.4144561866706570
1.0332812499999999 0.4144630740832747
1.0333593750000001 0.4144699464116920
1.0334375000000000 0.4144768338535006
1.0335156249999999 0.4144837061879809
1.0335937500000001 0.4144905936586511
1.0336718750000000 0.4144974659995164
1.0337499999999999 0.4145043534987197
1.0338281250000001 0.4145112258462909
1.0339062500000000 0.4145181133736977
1.0339843750000000 0.4145249857282980
1.0340625000000001 0.4145318732835769
1.0341406250000000 0.4145387456455294
1.0342187500000000 0.4145456332283501
1.0342968750000001 0.4145525055979786
1.0343750000000000 0.4145593932080086
1.0344531250000000 0.4145662655856382
1.0345312500000001 0.4145731532225450
1.0346093750000001 0.4145800256085007
1.0346875000000000 0.4145869132719507
1.0347656249999999 0.4145937856665581
1.0348437500000001 0.4146006733562194
1.0349218750000000 0.4146075457598036
1.0349999999999999 0.4146144334753416
1.0350781250000001 0.4146213058882299
1.0351562500000000 0.4146281936293109
1.0352343749999999 0.4146350660518291
1.0353125000000001 0.4146419538181186
1.0353906250000000 0.4146488262505940
1.0354687499999999 0.4146557140417570
1.0355468750000001 0.4146625864845174
1.0356250000000000 0.4146694743002186
1.0357031249999999 0.4146763467535916
1.0357812500000001 0.4146832345934955
1.0358593750000000 0.4146901070578093
1.0359375000000000 0.4146969949215800
1.0360156250000001 0.4147038673971622
1.0360937500000000 0.4147107552844648
1.0361718750000000 0.4147176277716433
1.0362500000000001 0.4147245156821413
1.0363281250000000 0.4147313881812457
1.0364062500000000 0.4147382761146027
1.0364843750000001 0.4147451486259610
1.0365625000000001 0.4147520365818412
1.0366406250000000 0.4147589091057817
1.0367187499999999 0.4147657970838490
1.0367968750000001 0.4147726696207005
1.0368750000000000 0.4147795576206185
1.0369531249999999 0.4147864301707097
1.0370312500000001 0.4147933181921420
1.0371093750000000 0.4148001907558019
1.0371874999999999 0.4148070787984121
1.0372656250000001 0.4148139513759689
1.0373437500000000 0.4148208394394207
1.0374218749999999 0.4148277120312040
1.0375000000000001 0.4148346001151610
1.0375781250000000 0.4148414727214988
1.0376562499999999 0.4148483608256249
1.0377343750000001 0.4148552334468459
1.0378125000000000 0.4148621215708049
1.0378906250000000 0.4148689942072377
1.0379687500000001 0.4148758823506937
1.0380468750000000 0.4148827550026667
1.0381250000000000 0.4148896431652836
1.0382031250000001 0.4148965158331248
1.0382812500000000 0.4149034040145675
1.0383593750000000 0.4149102766986043
1.0384375000000001 0.4149171648985374
1.0385156250000001 0.4149240375990977
1.0385937500000000 0.4149309258171857
1.0386718749999999 0.4149377985345973
1.0387500000000001 0.4149446867705059
1.0388281250000000 0.4149515595050957
1.0389062499999999 0.4149584477584901
1.0389843750000001 0.4149653205105838
1.0390625000000000 0.4149722087811308
1.0391406249999999 0.4149790815510554
1.0392187500000001 0.4149859698384208
1.0392968750000000 0.4149928426265013
1.0393749999999999 0.4149997309303524
1.0394531250000001 0.4150066037369149
1.0395312500000000 0.4150134920569183
1.0396093749999999 0.4150203648822881
1.0396875000000001 0.4150272532181110
1.0397656250000000 0.4150341260626129
1.0398437500000000 0.4150410144139235
1.0399218750000001 0.4150478872778817
1.0400000000000000 0.4150547756443478
1.0400781250000000 0.4150616485280868
1.0401562500000001 0.4150685369093776
1.0402343750000000 0.4150754098132197
1.0403125000000000 0.4150822982090042
1.0403906250000001 0.4150891711332737
1.0404687500000001 0.4150960595432210
1.0405468750000000 0.4151029324882408
1.0406249999999999 0.4151098209120200
1.0407031250000001 0.4151166938781127
1.0407812500000000 0.4151235823153945
1.0408593749999999 0.4151304553028828
1.0409375000000001 0.4151373437533362
1.0410156250000000 0.4151442167625424
1.0410937499999999 0.4151511052258379
1.0411718750000001 0.4151579782570841
1.0412500000000000 0.4151648667328931
1.0413281249999999 0.4151717397865003
1.0414062500000001 0.4151786282744923
1.0414843750000000 0.4151855013507836
1.0415624999999999 0.4151923898506298
1.0416406250000001 0.4151992629499265
1.0417187500000000 0.4152061514612972
1.0417968750000000 0.4152130245839214
1.0418750000000001 0.4152199131064861
1.0419531250000000 0.4152267862527613
1.0420312500000000 0.4152336747861895
1.0421093750000001 0.4152405479564378
1.0421875000000000 0.4152474365003997
1.0422656250000000 0.4152543096949446
1.0423437500000001 0.4152611982491083
1.0424218750000001 0.4152680714682743
1.0425000000000000 0.4152749600323082
1.0425781249999999 0.4152818332764191
1.0426562500000001 0.4152887218499908
1.0427343750000000 0.4152955951193729
1.0428124999999999 0.4153024837021482
1.0428906250000001 0.4153093569971274
1.0429687500000000 0.4153162455887722
1.0430468749999999 0.4153231189096765
1.0431250000000001 0.4153300075098549
1.0432031250000000 0.4153368808570130
1.0432812499999999 0.4153437694653878
1.0433593750000001 0.4153506428391299
1.0434375000000000 0.4153575314553630
1.0435156249999999 0.4153644048560204
1.0435937500000001 0.4153712934797724
1.0436718750000000 0.4153781669076778
1.0437500000000000 0.4153850555386066
1.0438281250000001 0.4153919289940959
1.0439062500000000 0.4153988176318580
1.0439843750000000 0.4154056911152676
1.0440625000000001 0.4154125797595180
1.0441406250000000 0.4154194532711858
1.0442187500000000 0.4154263419215779
1.0442968750000001 0.4154332154618447
1.0443750000000001 0.4154401041180292
1.0444531250000000 0.4154469776872373
1.0445312499999999 0.4154538663488634
1.0446093750000001 0.4154607399473577
1.0446875000000000 0.4154676286140719
1.0447656249999999 0.4154745022421988
1.0448437500000001 0.4154813909136455
1.0449218750000000 0.4154882645717544
1.0449999999999999 0.4154951532475766
1.0450781250000001 0.4155020269360180
1.0451562500000000 0.4155089156158556
1.0452343749999999 0.4155157893349833
1.0453125000000001 0.4155226780184743
1.0453906250000000 0.4155295517686437
1.0454687499999999 0.4155364404554243
1.0455468750000001 0.4155433142369928
1.0456250000000000 0.4155502029266965
1.0457031250000000 0.4155570767400239
1.0457812500000001 0.4155639654322825
1.0458593750000000 0.4155708392777309
1.0459375000000000 0.4155777279721743
1.0460156250000001 0.4155846018501063
1.0460937500000000 0.4155914905463631
1.0461718750000000 0.4155983644571442
1.0462500000000001 0.4156052531548410
1.0463281250000001 0.4156121270988370
1.0464062500000000 0.4156190157975996
1.0464843749999999 0.4156258897751777
1.0465625000000001 0.4156327784746310
1.0466406250000000 0.4156396524861600
1.0467187499999999 0.4156465411859269
1.0467968750000001 0.4156534152317764
1.0468750000000000 0.4156603039314795
1.0469531249999999 0.4156671780120197
1.0470312500000001 0.4156740667112814
1.0471093750000000 0.4156809408268820
1.0471874999999999 0.4156878295253249
1.0472656250000001 0.4156947036763560
1.0473437500000000 0.4157015923736027
1.0474218749999999 0.4157084665604342
1.0475000000000001 0.4157153552561076
1.0475781250000000 0.4157222294791083
1.0476562500000000 0.4157291181728321
1.0477343750000001 0.4157359924323710
1.0478125000000000 0.4157428811237693
1.0478906250000000 0.4157497554202129
1.0479687500000001 0.4157566441089135
1.0480468750000000 0.4157635184426260
1.0481250000000000 0.4157704071282572
1.0482031250000001 0.4157772814996021
1.0482812500000001 0.4157841701817941
1.0483593750000000 0.4157910445911320
1.0484374999999999 0.4157979332695191
1.0485156250000001 0.4158048077172068
1.0485937500000000 0.4158116963914252
1.0486718749999999 0.4158185708778168
1.0487500000000001 0.4158254595475068
1.0488281250000000 0.4158323340729539
1.0489062499999999 0.4158392227377587
1.0489843750000001 0.4158460973026070
1.0490625000000000 0.4158529859621750
1.0491406249999999 0.4158598605667676
1.0492187500000001 0.4158667492207507
1.0492968750000000 0.4158736238654254
1.0493749999999999 0.4158805125134808
1.0494531250000001 0.4158873871985702
1.0495312500000000 0.4158942758403600
1.0496093750000000 0.4159011505661923
1.0496875000000001 0.4159080392013842
1.0497656250000000 0.4159149139682813
1.0498437500000000 0.4159218025965475
1.0499218750000001 0.4159286774048265
1.0500000000000000 0.4159355660258469
1.0500781250000000 0.4159424408758174
1.0501562500000001 0.4159493294892771
1.0502343750000001 0.4159562043812431
1.0503125000000000 0.4159630929868338
1.0503906249999999 0.4159699679210929
1.0504687500000001 0.4159768565185136
1.0505468750000000 0.4159837314953568
1.0506249999999999 0.4159906200843113
1.0507031250000001 0.4159974951040227
1.0507812500000000 0.4160043836842233
1.0508593749999999 0.4160112587470807
1.0509375000000001 0.4160181473182455
1.0510156250000000 0.4160250224245187
1.0510937499999999 0.4160319109863746
1.0511718750000001 0.4160387861363267
1.0512500000000000 0.4160456746886053
1.0513281249999999 0.4160525498824926
1.0514062500000001 0.4160594384249347
1.0514843750000000 0.4160663136630062
1.0515625000000000 0.4160732021953586
1.0516406250000001 0.4160800774778562
1.0517187500000000 0.4160869659998734
1.0517968750000000 0.4160938413270310
1.0518750000000001 0.4161007298384750
1.0519531250000000 0.4161076052105200
1.0520312500000000 0.4161144937111589
1.0521093750000001 0.4161213691283118
1.0521875000000001 0.4161282576179222
1.0522656250000000 0.4161351330803957
1.0523437499999999 0.4161420215587603
1.0524218750000001 0.4161488970667604
1.0525000000000000 0.4161557855336688
1.0525781249999999 0.4161626610873959
1.0526562500000001 0.4161695495426441
1.0527343750000000 0.4161764251422903
1.0528124999999999 0.4161833135856816
1.0528906250000001 0.4161901892314341
1.0529687500000000 0.4161970776627771
1.0530468749999999 0.4162039533548152
1.0531250000000001 0.4162108417739268
1.0532031250000000 0.4162177175124235
1.0532812499999999 0.4162246059191258
1.0533593750000001 0.4162314817042487
1.0534375000000000 0.4162383700983697
1.0535156250000000 0.4162452459302802
1.0535937500000001 0.4162521343116543
1.0536718750000000 0.4162590101905077
1.0537500000000000 0.4162658985589745
1.0538281250000001 0.4162727744849208
1.0539062500000000 0.4162796628403260
1.0539843750000000 0.4162865388135092
1.0540625000000001 0.4162934271557034
1.0541406250000001 0.4163003031762628
1.0542187500000000 0.4163071915051026
1.0542968749999999 0.4163140675731714
1.0543750000000001 0.4163209558885183
1.0544531250000000 0.4163278320042256
1.0545312499999999 0.4163347203059455
1.0546093750000001 0.4163415964694147
1.0546875000000000 0.4163484847573795
1.0547656249999999 0.4163553609687289
1.0548437500000001 0.4163622492428148
1.0549218750000000 0.4163691255021589
1.0549999999999999 0.4163760137622462
1.0550781250000001 0.4163828900696949
1.0551562500000000 0.4163897783156684
1.0552343749999999 0.4163966546713268
1.0553125000000001 0.4164035429030764
1.0553906250000000 0.4164104193070453
1.0554687500000000 0.4164173075244647
1.0555468750000001 0.4164241839768404
1.0556250000000000 0.4164310721798280
1.0557031250000000 0.4164379486807032
1.0557812500000001 0.4164448368691610
1.0558593750000000 0.4164517134186240
1.0559375000000000 0.4164586015924578
1.0560156250000001 0.4164654781905930
1.0560937500000001 0.4164723663497130
1.0561718750000000 0.4164792429966011
1.0562499999999999 0.4164861311409215
1.0563281250000001 0.4164930078366382
1.0564062500000000 0.4164998959660779
1.0564843749999999 0.4165067727106959
1.0565625000000001 0.4165136608251761
1.0566406250000000 0.4165205376187638
1.0567187499999999 0.4165274257182110
1.0567968750000001 0.4165343025608338
1.0568750000000000 0.4165411906451761
1.0569531249999999 0.4165480675368954
1.0570312500000001 0.4165549556060673
1.0571093750000000 0.4165618325469397
1.0571874999999999 0.4165687206008777
1.0572656250000001 0.4165755975909579
1.0573437500000000 0.4165824856296022
1.0574218750000000 0.4165893626689397
1.0575000000000001 0.4165962506922355
1.0575781250000000 0.4166031277808765
1.0576562500000000 0.4166100157887716
1.0577343750000001 0.4166168929267582
1.0578125000000000 0.4166237809192052
1.0578906250000000 0.4166306581065756
1.0579687500000001 0.4166375460835312
1.0580468750000001 0.4166444233203202
1.0581250000000000 0.4166513112817429
1.0582031249999999 0.4166581885679819
1.0582812500000001 0.4166650765138358
1.0583593750000000 0.4166719538495515
1.0584374999999999 0.4166788417798036
1.0585156250000001 0.4166857191650195
1.0585937500000000 0.4166926070796414
1.0586718749999999 0.4166994845143768
1.0587500000000001 0.4167063724133429
1.0588281250000000 0.4167132498976139
1.0589062499999999 0.4167201377809037
1.0589843750000001 0.4167270153147210
1.0590625000000000 0.4167339031823177
1.0591406249999999 0.4167407807656890
1.0592187500000001 0.4167476686175793
1.0592968750000000 0.4167545462505087
1.0593750000000000 0.4167614340866834
1.0594531250000001 0.4167683117691701
1.0595312500000000 0.4167751995896241
1.0596093750000000 0.4167820773216642
1.0596875000000001 0.4167889651263964
1.0597656250000000 0.4167958429079816
1.0598437500000000 0.4168027306969949
1.0599218750000001 0.4168096085281130
1.0600000000000001 0.4168164963014137
1.0600781250000000 0.4168233741820482
1.0601562499999999 0.4168302619396473
1.0602343750000001 0.4168371398697784
1.0603125000000000 0.4168440276116906
1.0603906249999999 0.4168509055912944
1.0604687500000001 0.4168577933175383
1.0605468750000000 0.4168646713465857
1.0606249999999999 0.4168715590571849
1.0607031250000001 0.4168784371356443
1.0607812500000000 0.4168853248306242
1.0608593749999999 0.4168922029584590
1.0609375000000001 0.4168990906378520
1.0610156250000000 0.4169059688150220
1.0610937499999999 0.4169128564788623
1.0611718750000001 0.4169197347053230
1.0612500000000000 0.4169266223536494
1.0613281250000000 0.4169335006293531
1.0614062500000001 0.4169403882622081
1.0614843750000000 0.4169472665871020
1.0615625000000000 0.4169541542045332
1.0616406250000001 0.4169610325785610
1.0617187500000000 0.4169679201806187
1.0617968750000000 0.4169747986037208
1.0618750000000001 0.4169816861904594
1.0619531250000001 0.4169885646625718
1.0620312500000000 0.4169954522340498
1.0621093749999999 0.4170023307551047
1.0621875000000001 0.4170092183113841
1.0622656250000000 0.4170160968813103
1.0623437499999999 0.4170229844224572
1.0624218750000001 0.4170298630411790
1.0625000000000000 0.4170367505672629
1.0625781249999999 0.4170436292347021
1.0626562500000001 0.4170505167457965
1.0627343750000000 0.4170573954618695
1.0628124999999999 0.4170642829580511
1.0628906250000001 0.4170711617226732
1.0629687500000000 0.4170780492040224
1.0630468749999999 0.4170849280171032
1.0631250000000001 0.4170918154837039
1.0632031250000000 0.4170986943451502
1.0632812500000000 0.4171055817970900
1.0633593750000001 0.4171124607068060
1.0634375000000000 0.4171193481441750
1.0635156250000000 0.4171262271020608
1.0635937500000001 0.4171331145249529
1.0636718750000000 0.4171399935309053
1.0637500000000000 0.4171468809394182
1.0638281250000001 0.4171537599933315
1.0639062500000001 0.4171606473875649
1.0639843750000000 0.4171675264893301
1.0640624999999999 0.4171744138693871
1.0641406250000001 0.4171812930188923
1.0642187500000000 0.4171881803848782
1.0642968749999999 0.4171950595820087
1.0643750000000001 0.4172019469340332
1.0644531250000000 0.4172088261786713
1.0645312499999999 0.4172157135168451
1.0646093750000001 0.4172225928088711
1.0646875000000000 0.4172294801333086
1.0647656249999999 0.4172363594725992
1.0648437500000001 0.4172432467834168
1.0649218750000000 0.4172501261698473
1.0649999999999999 0.4172570134671636
1.0650781250000001 0.4172638929006069
1.0651562500000000 0.4172707801845431
1.0652343750000000 0.4172776596648696
1.0653125000000001 0.4172845469355483
1.0653906250000000 0.4172914264626266
1.0654687500000000 0.4172983137201731
1.0655468750000001 0.4173051932938697
1.0656250000000000 0.4173120805384112
1.0657031250000000 0.4173189601585910
1.0657812500000001 0.4173258473902557
1.0658593750000001 0.4173327270567814
1.0659375000000000 0.4173396142757004
1.0660156249999999 0.4173464939884337
1.0660937500000001 0.4173533811947382
1.0661718750000000 0.4173602609535388
1.0662499999999999 0.4173671481473627
1.0663281250000001 0.4173740279520898
1.0664062500000000 0.4173809151335669
1.0664843749999999 0.4173877949840786
1.0665625000000001 0.4173946821533436
1.0666406250000000 0.4174015620494962
1.0667187499999999 0.4174084492066869
1.0667968750000001 0.4174153291483358
1.0668750000000000 0.4174222162935887
1.0669531249999999 0.4174290962805889
1.0670312500000001 0.4174359834140427
1.0671093750000000 0.4174428634462482
1.0671875000000000 0.4174497505680422
1.0672656250000001 0.4174566306453054
1.0673437500000000 0.4174635177555791
1.0674218750000000 0.4174703978777536
1.0675000000000001 0.4174772849766470
1.0675781250000000 0.4174841651435848
1.0676562500000000 0.4174910522312384
1.0677343750000001 0.4174979324427920
1.0678125000000001 0.4175048195193454
1.0678906250000000 0.4175116997753673
1.0679687500000001 0.4175185868409614
1.0680468750000001 0.4175254671413030
1.0681250000000000 0.4175323541960794
1.0682031249999999 0.4175392345405923
1.0682812500000001 0.4175461215846907
1.0683593750000000 0.4175530019732276
1.0684374999999999 0.4175598890067893
1.0685156250000001 0.4175667694392013
1.0685937500000000 0.4175736564623668
1.0686718749999999 0.4175805369385067
1.0687500000000001 0.4175874239514159
1.0688281250000000 0.4175943044711360
1.0689062499999999 0.4176011914739292
1.0689843750000001 0.4176080720370825
1.0690625000000000 0.4176149590298990
1.0691406250000000 0.4176218396363383
1.0692187500000001 0.4176287266193179
1.0692968750000000 0.4176356072688969
1.0693750000000000 0.4176424942421788
1.0694531250000001 0.4176493749347507
1.0695312500000000 0.4176562618984730
1.0696093750000000 0.4176631426338925
1.0696875000000001 0.4176700295881937
1.0697656250000001 0.4176769103663154
1.0698437500000000 0.4176837973113334
1.0699218750000001 0.4176906781320122
1.0700000000000001 0.4176975650678839
1.0700781250000000 0.4177044459309752
1.0701562499999999 0.4177113328578387
1.0702343750000001 0.4177182137631980
1.0703125000000000 0.4177251006811891
1.0703906249999999 0.4177319816286728
1.0704687500000001 0.4177388685379283
1.0705468750000000 0.4177457495273926
1.0706249999999999 0.4177526364280486
1.0707031250000001 0.4177595174593502
1.0707812500000000 0.4177664043515421
1.0708593749999999 0.4177732854245384
1.0709375000000001 0.4177801723084018
1.0710156250000000 0.4177870534229497
1.0710937500000000 0.4177939402986201
1.0711718750000001 0.4178008214545770
1.0712500000000000 0.4178077083221899
1.0713281250000000 0.4178145895194127
1.0714062500000001 0.4178214763791035
1.0714843750000000 0.4178283576174498
1.0715625000000000 0.4178352444693538
1.0716406250000001 0.4178421257486802
1.0717187500000001 0.4178490125929335
1.0717968750000000 0.4178558939130974
1.0718750000000001 0.4178627807498350
1.0719531250000001 0.4178696621106930
1.0720312500000000 0.4178765489400515
1.0721093749999999 0.4178834303414601
1.0721875000000001 0.4178903171635756
1.0722656250000000 0.4178971986053909
1.0723437499999999 0.4179040854204001
1.0724218750000001 0.4179109669024774
1.0725000000000000 0.4179178537105184
1.0725781249999999 0.4179247352327130
1.0726562500000001 0.4179316220339230
1.0727343750000000 0.4179385035960884
1.0728124999999999 0.4179453903906076
1.0728906250000001 0.4179522719925970
1.0729687500000000 0.4179591587805641
1.0730468750000000 0.4179660404222306
1.0731250000000001 0.4179729272037868
1.0732031250000000 0.4179798088849818
1.0732812500000000 0.4179866956602677
1.0733593750000001 0.4179935773808425
1.0734375000000000 0.4180004641500012
1.0735156250000000 0.4180073459098045
1.0735937500000001 0.4180142326729796
1.0736718750000001 0.4180211144718601
1.0737500000000000 0.4180280012291967
1.0738281250000001 0.4180348830670017
1.0739062500000001 0.4180417698186453
1.0739843750000000 0.4180486516952204
1.0740624999999999 0.4180555384413192
1.0741406250000001 0.4180624203565091
1.0742187500000000 0.4180693070972111
1.0742968749999999 0.4180761890508597
1.0743750000000001 0.4180830757863152
1.0744531250000000 0.4180899577782632
1.0745312499999999 0.4180968445086241
1.0746093750000001 0.4181037265387123
1.0746875000000000 0.4181106132641316
1.0747656249999999 0.4181174953321996
1.0748437500000001 0.4181243820528314
1.0749218750000000 0.4181312641587151
1.0750000000000000 0.4181381508747166
1.0750781250000001 0.4181450330182522
1.0751562500000000 0.4181519197297803
1.0752343750000000 0.4181588019108026
1.0753125000000001 0.4181656886180165
1.0753906250000000 0.4181725708363572
1.0754687500000000 0.4181794575394182
1.0755468750000001 0.4181863397949094
1.0756250000000001 0.4181932264939790
1.0757031250000000 0.4182001087864503
1.0757812500000001 0.4182069954816922
1.0758593750000001 0.4182138778109717
1.0759375000000000 0.4182207645025512
1.0760156249999999 0.4182276468684663
1.0760937500000001 0.4182345335565494
1.0761718750000000 0.4182414159589252
1.0762499999999999 0.4182483026436802
1.0763281250000001 0.4182551850823411
1.0764062500000000 0.4182620717639364
1.0764843749999999 0.4182689542387057
1.0765625000000001 0.4182758409173125
1.0766406250000000 0.4182827234280113
1.0767187499999999 0.4182896101038002
1.0767968750000001 0.4182964926502495
1.0768750000000000 0.4183033793233940
1.0769531250000000 0.4183102619054132
1.0770312500000001 0.4183171485760860
1.0771093750000000 0.4183240311934943
1.0771875000000000 0.4183309178618706
1.0772656250000001 0.4183378005144849
1.0773437500000000 0.4183446871807396
1.0774218750000000 0.4183515698683775
1.0775000000000001 0.4183584565326867
1.0775781250000001 0.4183653392551641
1.0776562500000000 0.4183722259177048
1.0777343750000001 0.4183791086748374
1.0778125000000001 0.4183859953357866
1.0778906250000000 0.4183928781273900
1.0779687499999999 0.4183997647869254
1.0780468750000001 0.4184066476128145
1.0781250000000000 0.4184135342711132
1.0782031249999999 0.4184204171311026
1.0782812500000001 0.4184273037883438
1.0783593750000000 0.4184341866822479
1.0784374999999999 0.4184410733386096
1.0785156250000001 0.4184479562662421
1.0785937500000000 0.4184548429219032
1.0786718749999999 0.4184617258830785
1.0787500000000001 0.4184686125382173
1.0788281250000000 0.4184754955327498
1.0789062500000000 0.4184823821875443
1.0789843750000001 0.4184892652152490
1.0790625000000000 0.4184961518698767
1.0791406250000000 0.4185030349305690
1.0792187500000001 0.4185099215852073
1.0792968750000000 0.4185168046787021
1.0793750000000000 0.4185236913335281
1.0794531250000001 0.4185305744596423
1.0795312500000001 0.4185374611148316
1.0796093750000000 0.4185443442733817
1.0796875000000001 0.4185512309291107
1.0797656250000001 0.4185581141199135
1.0798437500000000 0.4185650007763573
1.0799218749999999 0.4185718839992311
1.0800000000000001 0.4185787706565636
1.0800781250000000 0.4185856539113276
1.0801562499999999 0.4185925405697212
1.0802343750000001 0.4185994238561968
1.0803125000000000 0.4186063105158233
1.0803906249999999 0.4186131938338307
1.0804687500000001 0.4186200804948608
1.0805468750000000 0.4186269638442237
1.0806249999999999 0.4186338505068271
1.0807031250000001 0.4186407338873689
1.0807812500000000 0.4186476205517129
1.0808593750000000 0.4186545039632595
1.0809375000000001 0.4186613906295115
1.0810156250000000 0.4186682740718894
1.0810937500000000 0.4186751607402137
1.0811718750000001 0.4186820442132512
1.0812500000000000 0.4186889308838126
1.0813281250000000 0.4186958143873390
1.0814062500000001 0.4187027010602988
1.0814843750000001 0.4187095845941460
1.0815625000000000 0.4187164712696654
1.0816406250000001 0.4187233548336655
1.0817187500000001 0.4187302415119040
1.0817968750000000 0.4187371251058916
1.0818749999999999 0.4187440117870063
1.0819531250000001 0.4187508954108176
1.0820312500000000 0.4187577820949640
1.0821093749999999 0.4187646657484369
1.0821875000000001 0.4187715524357696
1.0822656250000000 0.4187784361187430
1.0823437499999999 0.4187853228094138
1.0824218750000001 0.4187922065217302
1.0825000000000000 0.4187990932158891
1.0825781249999999 0.4188059769573911
1.0826562500000001 0.4188128636551878
1.0827343750000000 0.4188197474257201
1.0828125000000000 0.4188266341273005
1.0828906250000001 0.4188335179267109
1.0829687500000000 0.4188404046322201
1.0830468750000000 0.4188472884603562
1.0831250000000001 0.4188541751699380
1.0832031250000000 0.4188610590266507
1.0832812500000000 0.4188679457404462
1.0833593750000001 0.4188748296255874
1.0834375000000001 0.4188817163437353
1.0835156250000000 0.4188886002571601
1.0835937500000001 0.4188954869797989
1.0836718750000001 0.4189023709213626
1.0837500000000000 0.4189092576486275
1.0838281249999999 0.4189161416181880
1.0839062500000001 0.4189230283502137
1.0839843750000000 0.4189299123476304
1.0840624999999999 0.4189367990845493
1.0841406250000001 0.4189436831096832
1.0842187500000000 0.4189505698516254
1.0842968749999999 0.4189574539043402
1.0843750000000001 0.4189643406514347
1.0844531250000000 0.4189712247315945
1.0845312499999999 0.4189781114839686
1.0846093750000001 0.4189849955914405
1.0846875000000000 0.4189918823492185
1.0847656250000000 0.4189987664838716
1.0848437500000001 0.4190056532471774
1.0849218750000000 0.4190125374088807
1.0850000000000000 0.4190194241778362
1.0850781250000001 0.4190263083664620
1.0851562500000000 0.4190331951411874
1.0852343750000000 0.4190400793566088
1.0853125000000001 0.4190469661372227
1.0853906250000001 0.4190538503793148
1.0854687500000000 0.4190607371659335
1.0855468750000001 0.4190676214345739
1.0856250000000001 0.4190745082273126
1.0857031250000000 0.4190813925223785
1.0857812499999999 0.4190882793213512
1.0858593750000001 0.4190951636427233
1.0859375000000000 0.4191020504480418
1.0860156249999999 0.4191089347956010
1.0860937500000001 0.4191158216073762
1.0861718750000000 0.4191227059810050
1.0862499999999999 0.4191295927993464
1.0863281250000001 0.4191364771989297
1.0864062500000000 0.4191433640239449
1.0864843749999999 0.4191502484493678
1.0865625000000001 0.4191571352811626
1.0866406250000000 0.4191640197323132
1.0867187500000000 0.4191709065709926
1.0867968750000001 0.4191777910477582
1.0868750000000000 0.4191846778934268
1.0869531250000000 0.4191915623956977
1.0870312500000001 0.4191984492484561
1.0871093750000000 0.4192053337761245
1.0871875000000000 0.4192122206360737
1.0872656250000001 0.4192191051890323
1.0873437500000001 0.4192259920562716
1.0874218750000000 0.4192328766344141
1.0875000000000001 0.4192397635090413
1.0875781250000001 0.4192466481122634
1.0876562500000000 0.4192535349943755
1.0877343749999999 0.4192604196225735
1.0878125000000001 0.4192673065122664
1.0878906250000000 0.4192741911653375
1.0879687499999999 0.4192810780627059
1.0880468750000001 0.4192879627405496
1.0881250000000000 0.4192948496456858
1.0882031249999999 0.4193017343482026
1.0882812500000001 0.4193086212611988
1.0883593750000000 0.4193155059882895
1.0884374999999999 0.4193223929092371
1.0885156250000001 0.4193292776608040
1.0885937500000000 0.4193361645897927
1.0886718750000000 0.4193430493657391
1.0887500000000001 0.4193499363028574
1.0888281250000000 0.4193568211030889
1.0889062500000000 0.4193637080484240
1.0889843750000001 0.4193705928728455
1.0890625000000000 0.4193774798264849
1.0891406250000000 0.4193843646750030
1.0892187500000001 0.4193912516370322
1.0892968750000001 0.4193981365095542
1.0893750000000000 0.4194050234800575
1.0894531250000001 0.4194119083764927
1.0895312500000001 0.4194187953555537
1.0896093750000000 0.4194256802758117
1.0896874999999999 0.4194325672635125
1.0897656250000001 0.4194394522075046
1.0898437500000000 0.4194463392039271
1.0899218749999999 0.4194532241715642
1.0900000000000001 0.4194601111767889
1.0900781250000000 0.4194669961679841
1.0901562499999999 0.4194738831820906
1.0902343750000001 0.4194807681967574
1.0903125000000000 0.4194876552198242
1.0903906249999999 0.4194945402578772
1.0904687500000001 0.4195014272899828
1.0905468750000000 0.4195083123513363
1.0906250000000000 0.4195151993925579
1.0907031250000001 0.4195220844771290
1.0907812500000000 0.4195289715275419
1.0908593750000000 0.4195358566352478
1.0909375000000001 0.4195427436949278
1.0910156250000000 0.4195496288256855
1.0910937500000000 0.4195565158947070
1.0911718750000001 0.4195634010484358
1.0912500000000001 0.4195702881268730
1.0913281250000000 0.4195771733034921
1.0914062500000001 0.4195840603914172
1.0914843750000001 0.4195909455908473
1.0915625000000000 0.4195978326883326
1.0916406249999999 0.4196047179104940
1.0917187500000001 0.4196116050176110
1.0917968750000000 0.4196184902624260
1.0918749999999999 0.4196253773792457
1.0919531250000001 0.4196322626466363
1.0920312500000000 0.4196391497732279
1.0921093749999999 0.4196460350631180
1.0921875000000001 0.4196529221995511
1.0922656250000000 0.4196598075118645
1.0923437499999999 0.4196666946582069
1.0924218750000001 0.4196735799928686
1.0925000000000000 0.4196804671491882
1.0925781250000000 0.4196873525061230
1.0926562500000001 0.4196942396724875
1.0927343750000000 0.4197011250516215
1.0928125000000000 0.4197080122280972
1.0928906250000001 0.4197148976293575
1.0929687500000000 0.4197217848160089
1.0930468750000000 0.4197286702393230
1.0931250000000001 0.4197355574362165
1.0932031250000001 0.4197424428815117
1.0932812500000000 0.4197493300887116
1.0933593750000001 0.4197562155559173
1.0934375000000001 0.4197631027734862
1.0935156250000000 0.4197699882625323
1.0935937499999999 0.4197768754905334
1.0936718750000001 0.4197837610013494
1.0937500000000000 0.4197906482398459
1.0938281249999999 0.4197975337723627
1.0939062500000001 0.4198044210214157
1.0939843750000000 0.4198113065755644
1.0940624999999999 0.4198181938352358
1.0941406250000001 0.4198250794109475
1.0942187500000000 0.4198319666812981
1.0942968749999999 0.4198388522785060
1.0943750000000001 0.4198457395595950
1.0944531250000000 0.4198526251782325
1.0945312500000000 0.4198595124701194
1.0946093750000001 0.4198663981101201
1.0946875000000000 0.4198732854128638
1.0947656250000000 0.4198801710741616
1.0948437500000001 0.4198870583878209
1.0949218750000000 0.4198939440703505
1.0950000000000000 0.4199008313949822
1.0950781250000001 0.4199077170986794
1.0951562500000001 0.4199146044343415
1.0952343750000000 0.4199214901591424
1.0953125000000001 0.4199283775058901
1.0953906250000001 0.4199352632517312
1.0954687500000000 0.4199421506096216
1.0955468749999999 0.4199490363764397
1.0956250000000001 0.4199559237455278
1.0957031250000000 0.4199628095332605
1.0957812499999999 0.4199696969136020
1.0958593750000001 0.4199765827221871
1.0959375000000000 0.4199834701138357
1.0960156249999999 0.4199903559432122
1.0960937500000001 0.4199972433462221
1.0961718750000000 0.4200041291963293
1.0962499999999999 0.4200110166107537
1.0963281250000001 0.4200179024815311
1.0964062500000000 0.4200247899074230
1.0964843750000000 0.4200316757988105
1.0965625000000001 0.4200385632362222
1.0966406250000000 0.4200454491481614
1.0967187500000000 0.4200523365971438
1.0967968750000001 0.4200592225295762
1.0968750000000000 0.4200661099901809
1.0969531250000000 0.4200729959430481
1.0970312500000001 0.4200798834153257
1.0971093750000001 0.4200867693885700
1.0971875000000000 0.4200936568725704
1.0972656250000001 0.4201005428661355
1.0973437500000001 0.4201074303619082
1.0974218750000000 0.4201143163757370
1.0974999999999999 0.4201212038833313
1.0975781250000001 0.4201280899173679
1.0976562500000000 0.4201349774368321
1.0977343749999999 0.4201418634910216
1.0978125000000001 0.4201487510224035
1.0978906250000000 0.4201556370966903
1.0979687499999999 0.4201625246400378
1.0980468750000001 0.4201694107343678
1.0981250000000000 0.4201762982897279
1.0982031249999999 0.4201831844040469
1.0982812500000001 0.4201900719714656
1.0983593750000000 0.4201969581057207
1.0984375000000000 0.4202038456852440
1.0985156250000001 0.4202107318393827
1.0985937500000000 0.4202176194310555
1.0986718750000000 0.4202245056050251
1.0987500000000001 0.4202313932088929
1.0988281250000000 0.4202382794026417
1.0989062500000000 0.4202451670187483
1.0989843750000001 0.4202520532322254
1.0990625000000001 0.4202589408606144
1.0991406250000000 0.4202658270937692
1.0992187500000001 0.4202727147344839
1.0992968750000001 0.4202796009872665
1.0993750000000000 0.4202864886403494
1.0994531249999999 0.4202933749127096
1.0995312500000001 0.4203002625782030
1.0996093750000000 0.4203071488700926
1.0996874999999999 0.4203140365480376
1.0997656250000001 0.4203209228594078
1.0998437500000000 0.4203278105498460
1.0999218749999999 0.4203346968806487
1.1000000000000001 0.4203415845836200
1.1000781250000000 0.4203484709338083
1.1001562499999999 0.4203553586493529
1.1002343750000001 0.4203622450188795
1.1003125000000000 0.4203691327470367
1.1003906250000000 0.4203760191358556
1.1004687500000001 0.4203829068766645
1.1005468750000000 0.4203897932847299
1.1006250000000000 0.4203966810382281
1.1007031250000001 0.4204035674654952
1.1007812500000000 0.4204104552317207
1.1008593750000000 0.4204173416781447
1.1009375000000001 0.4204242294571347
1.1010156250000001 0.4204311159226717
1.1010937500000000 0.4204380037144627
1.1011718750000001 0.4204448901990687
1.1012500000000001 0.4204517780036965
1.1013281250000000 0.4204586645073298
1.1014062499999999 0.4204655523248295
1.1014843750000001 0.4204724388474469
1.1015625000000000 0.4204793266778543
1.1016406249999999 0.4204862132194138
1.1017187500000001 0.4204931010627629
1.1017968750000000 0.4204999876232239
1.1018749999999999 0.4205068754795476
1.1019531250000001 0.4205137620588702
1.1020312500000000 0.4205206499282016
1.1021093749999999 0.4205275365263456
1.1021875000000001 0.4205344244087172
1.1022656250000000 0.4205413110256436
1.1023437500000000 0.4205481989210867
1.1024218750000001 0.4205550855567566
1.1025000000000000 0.4205619734653032
1.1025781250000000 0.4205688601196785
1.1026562500000001 0.4205757480413584
1.1027343750000000 0.4205826347144019
1.1028125000000000 0.4205895226492455
1.1028906250000001 0.4205964093409201
1.1029687500000001 0.4206032972889574
1.1030468750000000 0.4206101839992263
1.1031250000000001 0.4206170719604857
1.1032031250000001 0.4206239586893137
1.1032812500000000 0.4206308466638236
1.1033593749999999 0.4206377334111748
1.1034375000000001 0.4206446213989633
1.1035156250000000 0.4206515081648038
1.1035937499999999 0.4206583961658977
1.1036718750000001 0.4206652829501931
1.1037500000000000 0.4206721709646187
1.1038281249999999 0.4206790577673365
1.1039062500000001 0.4206859457951196
1.1039843750000000 0.4206928326162259
1.1040624999999999 0.4206997206573924
1.1041406250000001 0.4207066074968561
1.1042187500000000 0.4207134955514298
1.1042968750000000 0.4207203824092188
1.1043750000000001 0.4207272704772246
1.1044531250000000 0.4207341573533076
1.1045312500000000 0.4207410454347693
1.1046093750000001 0.4207479323291161
1.1046875000000000 0.4207548204240558
1.1047656250000000 0.4207617073366370
1.1048437500000001 0.4207685954450774
1.1049218750000001 0.4207754823758640
1.1050000000000000 0.4207823704978265
1.1050781250000001 0.4207892574467892
1.1051562500000001 0.4207961455822953
1.1052343750000000 0.4208030325494072
1.1053124999999999 0.4208099206984764
1.1053906250000001 0.4208168076837100
1.1054687500000000 0.4208236958463626
1.1055468749999999 0.4208305828496909
1.1056250000000001 0.4208374710259465
1.1057031250000000 0.4208443580473435
1.1057812499999999 0.4208512462372207
1.1058593750000001 0.4208581332766605
1.1059375000000000 0.4208650214801773
1.1060156249999999 0.4208719085376353
1.1060937500000001 0.4208787967548095
1.1061718750000000 0.4208856838302613
1.1062500000000000 0.4208925720611092
1.1063281250000001 0.4208994591545310
1.1064062500000000 0.4209063473990696
1.1064843750000000 0.4209132345104379
1.1065625000000001 0.4209201227686832
1.1066406250000000 0.4209270098979752
1.1067187500000000 0.4209338981699420
1.1067968750000001 0.4209407853171360
1.1068750000000001 0.4209476736028389
1.1069531250000000 0.4209545607679136
1.1070312500000001 0.4209614490673668
1.1071093750000001 0.4209683362503005
1.1071875000000000 0.4209752245635180
1.1072656249999999 0.4209821117642905
1.1073437500000001 0.4209890000912850
1.1074218750000000 0.4209958873098766
1.1074999999999999 0.4210027756506607
1.1075781250000001 0.4210096628870518
1.1076562500000000 0.4210165512416374
1.1077343749999999 0.4210234384958091
1.1078125000000001 0.4210303268642081
1.1078906250000000 0.4210372141361420
1.1079687499999999 0.4210441025183649
1.1080468750000001 0.4210509898080435
1.1081250000000000 0.4210578782041006
1.1082031250000000 0.4210647655115068
1.1082812500000001 0.4210716539214077
1.1083593750000000 0.4210785412465248
1.1084375000000000 0.4210854296702796
1.1085156250000001 0.4210923170130909
1.1085937500000000 0.4210992054507074
1.1086718750000000 0.4211060928111978
1.1087500000000001 0.4211129812626850
1.1088281250000001 0.4211198686408393
1.1089062500000000 0.4211267571062048
1.1089843750000001 0.4211336445020078
1.1090625000000001 0.4211405329812591
1.1091406250000000 0.4211474203946969
1.1092187499999999 0.4211543088878410
1.1092968750000001 0.4211611963188992
1.1093750000000000 0.4211680848259425
1.1094531249999999 0.4211749722746086
1.1095312500000001 0.4211818607955569
1.1096093750000000 0.4211887482618177
1.1096874999999999 0.4211956367966759
1.1097656250000001 0.4212025242805197
1.1098437500000000 0.4212094128292934
1.1099218749999999 0.4212163003307077
1.1100000000000001 0.4212231888934012
1.1100781250000000 0.4212300764123753
1.1101562500000000 0.4212369649889922
1.1102343750000001 0.4212438525255139
1.1103125000000000 0.4212507411160592
1.1103906250000000 0.4212576286701188
1.1104687500000001 0.4212645172745946
1.1105468750000000 0.4212714048461817
1.1106250000000000 0.4212782934645909
1.1107031250000001 0.4212851810536968
1.1107812500000001 0.4212920696860415
1.1108593750000000 0.4212989572926555
1.1109375000000001 0.4213058459389384
1.1110156250000001 0.4213127335630529
1.1110937500000000 0.4213196222232750
1.1111718749999999 0.4213265098648806
1.1112500000000001 0.4213333985390432
1.1113281250000000 0.4213402861981322
1.1114062499999999 0.4213471748862359
1.1114843750000001 0.4213540625628009
1.1115625000000000 0.4213609512648462
1.1116406249999999 0.4213678389588796
1.1117187500000001 0.4213747276748663
1.1117968750000000 0.4213816153863614
1.1118749999999999 0.4213885041162890
1.1119531250000001 0.4213953918452397
1.1120312500000000 0.4214022805891072
1.1121093750000000 0.4214091683355070
1.1121875000000001 0.4214160570933139
1.1122656250000000 0.4214229448571569
1.1123437500000000 0.4214298336289011
1.1124218750000001 0.4214367214101823
1.1125000000000000 0.4214436101958621
1.1125781250000000 0.4214504979945763
1.1126562500000001 0.4214573867941893
1.1127343750000001 0.4214642746103318
1.1128125000000000 0.4214711634238759
1.1128906250000001 0.4214780512574416
1.1129687500000001 0.4214849400849142
1.1130468750000000 0.4214918279358996
1.1131249999999999 0.4214987167772971
1.1132031250000001 0.4215056046456978
1.1132812500000000 0.4215124935010171
1.1133593749999999 0.4215193813868302
1.1134375000000001 0.4215262702560673
1.1135156250000000 0.4215331581592892
1.1135937499999999 0.4215400470424409
1.1136718750000001 0.4215469349630682
1.1137500000000000 0.4215538238601293
1.1138281249999999 0.4215607117981601
1.1139062500000001 0.4215676007091264
1.1139843750000000 0.4215744886645581
1.1140625000000000 0.4215813775894250
1.1141406250000001 0.4215882655622551
1.1142187500000000 0.4215951545010169
1.1142968750000000 0.4216020424912444
1.1143750000000001 0.4216089314438956
1.1144531250000000 0.4216158194515193
1.1145312500000000 0.4216227084180538
1.1146093750000001 0.4216295964430719
1.1146875000000001 0.4216364854234838
1.1147656250000000 0.4216433734658959
1.1148437500000001 0.4216502624601795
1.1149218750000001 0.4216571505199841
1.1150000000000000 0.4216640395281325
1.1150781249999999 0.4216709276053297
1.1151562500000001 0.4216778166273364
1.1152343750000000 0.4216847047219254
1.1153124999999999 0.4216915937577838
1.1153906250000001 0.4216984818697652
1.1154687500000000 0.4217053709194667
1.1155468749999999 0.4217122590488409
1.1156250000000001 0.4217191481123796
1.1157031250000000 0.4217260362591462
1.1157812499999999 0.4217329253365135
1.1158593750000001 0.4217398135006737
1.1159375000000000 0.4217467025918628
1.1160156250000000 0.4217535907734172
1.1160937500000001 0.4217604798784190
1.1161718750000000 0.4217673680773689
1.1162500000000000 0.4217742571961758
1.1163281250000001 0.4217811454125224
1.1164062500000000 0.4217880345451253
1.1164843750000000 0.4217949227788702
1.1165625000000001 0.4218018119252609
1.1166406250000001 0.4218087001764058
1.1167187500000000 0.4218155893365755
1.1167968750000001 0.4218224776051216
1.1168750000000001 0.4218293667790618
1.1169531250000000 0.4218362550650115
1.1170312499999999 0.4218431442527126
1.1171093750000001 0.4218500325560677
1.1171875000000000 0.4218569217575208
1.1172656249999999 0.4218638100782831
1.1173437500000001 0.4218706992934793
1.1174218750000000 0.4218775876316508
1.1174999999999999 0.4218844768605808
1.1175781250000001 0.4218913652161649
1.1176562500000000 0.4218982544588185
1.1177343749999999 0.4219051428318173
1.1178125000000001 0.4219120320881843
1.1178906250000000 0.4219189204786011
1.1179687500000000 0.4219258097486727
1.1180468750000001 0.4219326981565093
1.1181250000000000 0.4219395874402755
1.1182031250000000 0.4219464758655350
1.1182812500000001 0.4219533651629858
1.1183593750000000 0.4219602536056712
1.1184375000000000 0.4219671429167967
1.1185156250000001 0.4219740313769108
1.1185937500000001 0.4219809207017007
1.1186718750000000 0.4219878091792468
1.1187500000000001 0.4219946985176909
1.1188281250000001 0.4220015870126722
1.1189062500000000 0.4220084763647609
1.1189843749999999 0.4220153648771798
1.1190625000000001 0.4220222542429027
1.1191406250000000 0.4220291427727628
1.1192187499999999 0.4220360321521090
1.1192968750000001 0.4220429206994143
1.1193750000000000 0.4220498100923737
1.1194531249999999 0.4220566986571266
1.1195312500000001 0.4220635880636892
1.1196093750000000 0.4220704766458936
1.1196874999999999 0.4220773660660482
1.1197656250000001 0.4220842546657070
1.1198437500000000 0.4220911440994445
1.1199218750000000 0.4220980327165607
1.1200000000000001 0.4221049221638699
1.1200781250000000 0.4221118107984476
1.1201562500000000 0.4221187002593185
1.1202343750000001 0.4221255889113605
1.1203125000000000 0.4221324783857822
1.1203906250000000 0.4221393670552920
1.1204687500000001 0.4221462565432550
1.1205468750000001 0.4221531452302354
1.1206250000000000 0.4221600347317291
1.1207031250000001 0.4221669234361834
1.1207812500000001 0.4221738129511982
1.1208593750000000 0.4221807016731289
1.1209374999999999 0.4221875912016543
1.1210156250000001 0.4221944799410650
1.1210937500000000 0.4222013694830913
1.1211718749999999 0.4222082582399848
1.1212500000000001 0.4222151477955022
1.1213281250000000 0.4222220365698805
1.1214062499999999 0.4222289261388791
1.1214843750000001 0.4222358149307459
1.1215625000000000 0.4222427045132156
1.1216406249999999 0.4222495933225734
1.1217187500000001 0.4222564829185047
1.1217968750000000 0.4222633717453559
1.1218750000000000 0.4222702613547395
1.1219531250000001 0.4222771501990863
1.1220312500000000 0.4222840398219130
1.1221093750000000 0.4222909286837573
1.1221875000000001 0.4222978183200179
1.1222656250000000 0.4223047071993625
1.1223437500000000 0.4223115968490481
1.1224218750000001 0.4223184857458941
1.1225000000000001 0.4223253754089955
1.1225781250000000 0.4223322643233454
1.1226562500000001 0.4223391539998538
1.1227343750000001 0.4223460429317094
1.1228125000000000 0.4223529326216158
1.1228906249999999 0.4223598215709780
1.1229687500000001 0.4223667112742746
1.1230468750000000 0.4223736002411451
1.1231249999999999 0.4223804899578238
1.1232031250000001 0.4223873789422031
1.1232812500000000 0.4223942686722557
1.1233593749999999 0.4224011576741450
1.1234375000000001 0.4224080474175640
1.1235156250000000 0.4224149364369639
1.1235937499999999 0.4224218261937412
1.1236718750000001 0.4224287152306521
1.1237500000000000 0.4224356050007807
1.1238281250000000 0.4224424940552029
1.1239062500000001 0.4224493838386751
1.1239843750000000 0.4224562729106092
1.1240625000000000 0.4224631627074184
1.1241406250000001 0.4224700517968640
1.1242187500000000 0.4224769416070028
1.1242968750000000 0.4224838307139597
1.1243750000000001 0.4224907205374218
1.1244531250000001 0.4224976096618893
1.1245312500000000 0.4225044994986685
1.1246093750000001 0.4225113886406457
1.1246875000000001 0.4225182784907360
1.1247656250000000 0.4225251676502216
1.1248437499999999 0.4225320575136170
1.1249218750000001 0.4225389466906107
1.1250000000000000 0.4225458365673055
1.1250781249999999 0.4225527257618047
1.1251562500000001 0.4225596156517931
1.1252343750000000 0.4225665048637972
1.1253124999999999 0.4225733947670747
1.1253906250000001 0.4225802839965810
1.1254687500000000 0.4225871739131417
1.1255468749999999 0.4225940631601487
1.1256250000000001 0.4226009530899886
1.1257031250000000 0.4226078423544931
1.1257812500000000 0.4226147322976076
1.1258593750000001 0.4226216215796073
1.1259375000000000 0.4226285115359923
1.1260156250000000 0.4226354008354843
1.1260937500000001 0.4226422908051354
1.1261718750000000 0.4226491801221169
1.1262500000000000 0.4226560701050303
1.1263281250000001 0.4226629594394974
1.1264062500000001 0.4226698494356700
1.1264843750000000 0.4226767387876196
1.1265625000000001 0.4226836287970475
1.1266406250000001 0.4226905181664758
1.1267187500000000 0.4226974081891558
1.1267968749999999 0.4227042975760589
1.1268750000000001 0.4227111876119886
1.1269531250000000 0.4227180770163622
1.1270312499999999 0.4227249670655385
1.1271093750000001 0.4227318564873778
1.1271875000000000 0.4227387465497988
1.1272656249999999 0.4227456359890994
1.1273437500000001 0.4227525260647626
1.1274218750000000 0.4227594155215192
1.1274999999999999 0.4227663056104227
1.1275781250000001 0.4227731950846305
1.1276562500000000 0.4227800851867729
1.1277343750000000 0.4227869746784260
1.1278125000000001 0.4227938647938054
1.1278906250000000 0.4228007543028985
1.1279687500000000 0.4228076444315139
1.1280468750000001 0.4228145339580413
1.1281250000000000 0.4228214240998913
1.1282031250000000 0.4228283136438469
1.1282812500000001 0.4228352037989305
1.1283593750000001 0.4228420933603088
1.1284375000000000 0.4228489835286250
1.1285156250000001 0.4228558731074193
1.1285937500000001 0.4228627632889680
1.1286718750000000 0.4228696528851712
1.1287499999999999 0.4228765430799521
1.1288281250000001 0.4228834326935575
1.1289062500000000 0.4228903229015707
1.1289843749999999 0.4228972125325717
1.1290625000000001 0.4229041027538168
1.1291406250000000 0.4229109924022066
1.1292187499999999 0.4229178826366835
1.1292968750000001 0.4229247723024541
1.1293750000000000 0.4229316625501637
1.1294531249999999 0.4229385522333085
1.1295312500000001 0.4229454424942508
1.1296093750000000 0.4229523321947621
1.1296875000000000 0.4229592224689375
1.1297656250000001 0.4229661121868077
1.1298437500000000 0.4229730024742173
1.1299218750000000 0.4229798922094381
1.1300000000000001 0.4229867825100830
1.1300781250000000 0.4229936722626469
1.1301562500000000 0.4230005625765274
1.1302343750000001 0.4230074523464268
1.1303125000000001 0.4230143426735444
1.1303906250000000 0.4230212324607703
1.1304687500000001 0.4230281228011267
1.1305468750000001 0.4230350126056712
1.1306250000000000 0.4230419029592667
1.1307031249999999 0.4230487927811214
1.1307812500000001 0.4230556831479583
1.1308593750000000 0.4230625729871147
1.1309374999999999 0.4230694633671943
1.1310156250000001 0.4230763532236441
1.1310937500000000 0.4230832436169676
1.1311718749999999 0.4230901334907020
1.1312500000000001 0.4230970238972714
1.1313281250000000 0.4231039137882814
1.1314062499999999 0.4231108042080994
1.1314843750000001 0.4231176941163754
1.1315625000000000 0.4231245845494435
1.1316406250000000 0.4231314744749775
1.1317187500000001 0.4231383649212971
1.1317968750000000 0.4231452548640803
1.1318750000000000 0.4231521453236537
1.1319531250000001 0.4231590352836765
1.1320312500000000 0.4231659257565062
1.1321093750000000 0.4231728157337591
1.1321875000000001 0.4231797062198473
1.1322656250000001 0.4231865962143220
1.1323437500000000 0.4231934867136699
1.1324218750000001 0.4232003767253574
1.1325000000000001 0.4232072672379680
1.1325781250000000 0.4232141572668583
1.1326562499999999 0.4232210477927340
1.1327343750000001 0.4232279378388177
1.1328125000000000 0.4232348283779611
1.1328906249999999 0.4232417184412290
1.1329687500000001 0.4232486089936418
1.1330468750000000 0.4232554990740852
1.1331249999999999 0.4232623896397696
1.1332031250000001 0.4232692797373790
1.1332812500000000 0.4232761703163376
1.1333593749999999 0.4232830604311035
1.1334375000000001 0.4232899510233388
1.1335156250000000 0.4232968411552517
1.1335937500000000 0.4233037317607659
1.1336718750000001 0.4233106219098168
1.1337500000000000 0.4233175125286122
1.1338281250000000 0.4233244026947918
1.1339062500000001 0.4233312933268712
1.1339843750000000 0.4233381835101697
1.1340625000000000 0.4233450741555347
1.1341406250000001 0.4233519643559439
1.1342187500000001 0.4233588550145965
1.1342968750000000 0.4233657452321070
1.1343750000000001 0.4233726359040495
1.1344531250000001 0.4233795261386520
1.1345312500000000 0.4233864168238872
1.1346093749999999 0.4233933070755717
1.1346875000000001 0.4234001977741026
1.1347656250000000 0.4234070880428595
1.1348437499999999 0.4234139787546878
1.1349218750000001 0.4234208690405086
1.1350000000000000 0.4234277597656364
1.1350781249999999 0.4234346500685121
1.1351562500000001 0.4234415408069413
1.1352343750000000 0.4234484311268631
1.1353124999999999 0.4234553218785959
1.1353906250000001 0.4234622122155537
1.1354687500000000 0.4234691029805928
1.1355468750000000 0.4234759933345784
1.1356250000000001 0.4234828841129251
1.1357031250000000 0.4234897744839290
1.1357812500000000 0.4234966652755858
1.1358593750000001 0.4235035556635996
1.1359375000000000 0.4235104464685681
1.1360156250000000 0.4235173368735828
1.1360937500000001 0.4235242276918650
1.1361718750000001 0.4235311181138713
1.1362500000000000 0.4235380089454691
1.1363281250000001 0.4235448993844592
1.1364062500000001 0.4235517902293739
1.1364843750000000 0.4235586806853384
1.1365624999999999 0.4235655715435720
1.1366406250000001 0.4235724620165029
1.1367187500000000 0.4235793528880566
1.1367968749999999 0.4235862433779453
1.1368750000000001 0.4235931342628212
1.1369531250000000 0.4236000247696588
1.1370312499999999 0.4236069156678582
1.1371093750000001 0.4236138061916360
1.1371875000000000 0.4236206971031607
1.1372656249999999 0.4236275876438710
1.1373437500000001 0.4236344785687218
1.1374218750000000 0.4236413691263563
1.1375000000000000 0.4236482600645345
1.1375781250000001 0.4236551506390848
1.1376562500000000 0.4236620415905916
1.1377343750000000 0.4236689321820501
1.1378125000000001 0.4236758231468862
1.1378906250000000 0.4236827137552454
1.1379687500000000 0.4236896047334120
1.1380468750000001 0.4236964953586628
1.1381250000000001 0.4237033863501609
1.1382031250000000 0.4237102769922965
1.1382812500000001 0.4237171679971267
1.1383593750000001 0.4237240586561388
1.1384375000000000 0.4237309496743022
1.1385156249999999 0.4237378403501831
1.1385937500000001 0.4237447313816806
1.1386718750000000 0.4237516220744227
1.1387499999999999 0.4237585131192539
1.1388281250000001 0.4237654038288506
1.1389062500000000 0.4237722948870166
1.1389843749999999 0.4237791856134605
1.1390625000000001 0.4237860766849603
1.1391406250000000 0.4237929674282443
1.1392187499999999 0.4237998585130788
1.1392968750000001 0.4238067492731957
1.1393750000000000 0.4238136403713654
1.1394531250000000 0.4238205311483083
1.1395312500000001 0.4238274222598125
1.1396093750000000 0.4238343130535740
1.1396875000000000 0.4238412041784135
1.1397656250000001 0.4238480949889870
1.1398437500000000 0.4238549861271613
1.1399218750000000 0.4238618769545400
1.1400000000000001 0.4238687681060487
1.1400781250000001 0.4238756589502266
1.1401562500000000 0.4238825501150691
1.1402343750000001 0.4238894409760389
1.1403125000000001 0.4238963321542151
1.1403906250000000 0.4239032230319710
1.1404687499999999 0.4239101142234799
1.1405468750000001 0.4239170051180154
1.1406250000000000 0.4239238963228565
1.1407031249999999 0.4239307872341657
1.1407812500000001 0.4239376784523382
1.1408593750000000 0.4239445693804145
1.1409374999999999 0.4239514606119179
1.1410156250000001 0.4239583515567549
1.1410937500000000 0.4239652428015882
1.1411718749999999 0.4239721337631810
1.1412500000000001 0.4239790250213427
1.1413281250000000 0.4239859159996847
1.1414062500000000 0.4239928072711739
1.1414843750000001 0.4239996982662600
1.1415625000000000 0.4240065895510750
1.1416406250000000 0.4240134805628996
1.1417187500000001 0.4240203718610390
1.1417968750000000 0.4240272628895969
1.1418750000000000 0.4240341542010590
1.1419531250000001 0.4240410452463449
1.1420312500000001 0.4240479365711285
1.1421093750000000 0.4240548276331365
1.1421875000000001 0.4240617189712397
1.1422656250000001 0.4240686100499652
1.1423437500000000 0.4240755014013861
1.1424218749999999 0.4240823924968237
1.1425000000000001 0.4240892838615608
1.1425781250000000 0.4240961749737051
1.1426562499999999 0.4241030663517568
1.1427343750000001 0.4241099574806034
1.1428125000000000 0.4241168488719664
1.1428906249999999 0.4241237400175111
1.1429687500000001 0.4241306314221834
1.1430468750000000 0.4241375225844211
1.1431249999999999 0.4241444140024005
1.1432031250000001 0.4241513051813269
1.1432812500000000 0.4241581966126114
1.1433593750000000 0.4241650878082214
1.1434375000000001 0.4241719792528083
1.1435156250000000 0.4241788704650979
1.1435937500000000 0.4241857619229847
1.1436718750000001 0.4241926531519495
1.1437500000000000 0.4241995446231334
1.1438281250000000 0.4242064358687695
1.1439062500000001 0.4242133273532477
1.1439843750000001 0.4242202186155505
1.1440625000000000 0.4242271101133206
1.1441406250000001 0.4242340013922858
1.1442187500000001 0.4242408929033455
1.1442968750000000 0.4242477841989690
1.1443749999999999 0.4242546757233146
1.1444531250000001 0.4242615670355926
1.1445312500000000 0.4242684585732214
1.1446093749999999 0.4242753499021502
1.1446875000000001 0.4242822414530587
1.1447656250000000 0.4242891327986348
1.1448437499999999 0.4242960243628205
1.1449218750000001 0.4243029157250398
1.1450000000000000 0.4243098073024985
1.1450781249999999 0.4243166986813572
1.1451562500000001 0.4243235902720870
1.1452343750000000 0.4243304816675814
1.1453125000000000 0.4243373732715785
1.1453906250000001 0.4243442646837051
1.1454687500000000 0.4243511563009656
1.1455468750000000 0.4243580477297212
1.1456250000000001 0.4243649393602426
1.1457031250000000 0.4243718308056228
1.1457812500000000 0.4243787224494013
1.1458593750000001 0.4243856139114038
1.1459375000000001 0.4243925055684354
1.1460156250000000 0.4243993970470558
1.1460937500000001 0.4244062887173382
1.1461718750000001 0.4244131802125734
1.1462500000000000 0.4244200718961028
1.1463281249999999 0.4244269634079486
1.1464062500000001 0.4244338551047219
1.1464843750000000 0.4244407466331749
1.1465624999999999 0.4244476383431888
1.1466406250000001 0.4244545298882457
1.1467187500000000 0.4244614216114961
1.1467968749999999 0.4244683131731540
1.1468750000000001 0.4244752049096377
1.1469531250000000 0.4244820964878931
1.1470312499999999 0.4244889882376061
1.1471093750000001 0.4244958798324558
1.1471875000000000 0.4245027715953945
1.1472656250000000 0.4245096632068350
1.1473437500000001 0.4245165549829967
1.1474218750000000 0.4245234466110239
1.1475000000000000 0.4245303384004051
1.1475781250000001 0.4245372300450158
1.1476562500000000 0.4245441218476130
1.1477343750000000 0.4245510135088039
1.1478125000000001 0.4245579053246136
1.1478906250000001 0.4245647970023811
1.1479687500000000 0.4245716888314000
1.1480468750000001 0.4245785805257403
1.1481250000000001 0.4245854723679652
1.1482031250000000 0.4245923640788748
1.1482812499999999 0.4245992559343021
1.1483593750000001 0.4246061476617781
1.1484375000000000 0.4246130395304046
1.1485156249999999 0.4246199312744426
1.1485937500000001 0.4246268231562655
1.1486718750000000 0.4246337149168612
1.1487499999999999 0.4246406068118780
1.1488281250000001 0.4246474985890276
1.1489062500000000 0.4246543904972351
1.1489843749999999 0.4246612822909345
1.1490625000000001 0.4246681742123299
1.1491406250000000 0.4246750660225753
1.1492187500000000 0.4246819579571559
1.1492968750000001 0.4246888497839429
1.1493750000000000 0.4246957417317064
1.1494531250000000 0.4247026335750302
1.1495312500000001 0.4247095255359739
1.1496093750000000 0.4247164173958301
1.1496875000000000 0.4247233093699516
1.1497656250000001 0.4247302012463366
1.1498437500000001 0.4247370932336337
1.1499218750000000 0.4247439851265417
1.1500000000000001 0.4247508771270123
1.1500781250000001 0.4247577690364390
1.1501562500000000 0.4247646610500816
1.1502343749999999 0.4247715529760209
1.1503125000000001 0.4247784450028341
1.1503906250000000 0.4247853369452814
1.1504687499999999 0.4247922289852633
1.1505468750000001 0.4247991209442127
1.1506250000000000 0.4248060129973615
1.1507031249999999 0.4248129049728088
1.1507812500000001 0.4248197970391229
1.1508593750000000 0.4248266890310618
1.1509374999999999 0.4248335811105409
1.1510156250000001 0.4248404731189652
1.1510937500000000 0.4248473652116080
1.1511718750000000 0.4248542572365118
1.1512500000000001 0.4248611493423181
1.1513281250000000 0.4248680413836948
1.1514062500000000 0.4248749335026636
1.1514843750000001 0.4248818255605072
1.1515625000000000 0.4248887176926385
1.1516406250000000 0.4248956097669419
1.1517187500000001 0.4249025019122363
1.1517968750000001 0.4249093940029919
1.1518750000000000 0.4249162861614492
1.1519531250000001 0.4249231782686502
1.1520312500000001 0.4249300704402710
1.1521093750000000 0.4249369625639101
1.1521874999999999 0.4249438547486946
1.1522656250000001 0.4249507468887647
1.1523437500000000 0.4249576390867146
1.1524218749999999 0.4249645312432063
1.1525000000000001 0.4249714234543228
1.1525781250000000 0.4249783156272283
1.1526562499999999 0.4249852078515126
1.1527343750000001 0.4249921000408239
1.1528125000000000 0.4249989922782782
1.1528906249999999 0.4250058844839861
1.1529687500000001 0.4250127767346121
1.1530468750000000 0.4250196689567073
1.1531250000000000 0.4250265612205080
1.1532031250000001 0.4250334534589814
1.1532812500000000 0.4250403457359589
1.1533593750000000 0.4250472379908003
1.1534375000000001 0.4250541302809580
1.1535156250000000 0.4250610225521578
1.1535937500000000 0.4250679148554992
1.1536718750000001 0.4250748071430469
1.1537500000000001 0.4250816994595752
1.1538281250000000 0.4250885917634600
1.1539062500000001 0.4250954840931798
1.1539843750000001 0.4251023764133904
1.1540625000000000 0.4251092687563056
1.1541406249999999 0.4251161610928313
1.1542187500000001 0.4251230534489464
1.1542968750000000 0.4251299458017753
1.1543749999999999 0.4251368381710954
1.1544531250000001 0.4251437305402159
1.1545312500000000 0.4251506229227463
1.1546093749999999 0.4251575153081457
1.1546875000000001 0.4251644077038920
1.1547656250000000 0.4251713001055574
1.1548437499999999 0.4251781925145257
1.1549218750000001 0.4251850849324443
1.1550000000000000 0.4251919773546410
1.1550781250000000 0.4251988697888001
1.1551562500000001 0.4252057622242312
1.1552343750000000 0.4252126546746164
1.1553125000000000 0.4252195471232895
1.1553906250000001 0.4252264395898868
1.1554687500000000 0.4252333320518097
1.1555468750000000 0.4252402245346043
1.1556250000000001 0.4252471170097845
1.1557031250000001 0.4252540095087622
1.1557812500000000 0.4252609019972077
1.1558593750000001 0.4252677945123525
1.1559375000000001 0.4252746870140727
1.1560156250000000 0.4252815795453690
1.1560937499999999 0.4252884720603723
1.1561718750000001 0.4252953646078045
1.1562500000000000 0.4253022571361006
1.1563281249999999 0.4253091496996517
1.1564062500000001 0.4253160422412501
1.1564843750000000 0.4253229348209042
1.1565624999999999 0.4253298273758149
1.1566406250000001 0.4253367199715542
1.1567187500000000 0.4253436125397879
1.1567968749999999 0.4253505051515951
1.1568750000000001 0.4253573977331626
1.1569531250000000 0.4253642903610194
1.1570312500000000 0.4253711829559326
1.1571093750000001 0.4253780755998208
1.1571875000000000 0.4253849682080907
1.1572656250000000 0.4253918608679919
1.1573437500000001 0.4253987534896308
1.1574218750000000 0.4254056461655256
1.1575000000000000 0.4254125388005459
1.1575781250000001 0.4254194314924150
1.1576562500000001 0.4254263241408295
1.1577343750000000 0.4254332168486528
1.1578125000000001 0.4254401095104753
1.1578906250000001 0.4254470022342324
1.1579687500000000 0.4254538949094759
1.1580468749999999 0.4254607876491464
1.1581250000000001 0.4254676803378251
1.1582031250000000 0.4254745730933883
1.1582812499999999 0.4254814657955158
1.1583593750000001 0.4254883585669506
1.1584375000000000 0.4254952512825429
1.1585156249999999 0.4255021440698260
1.1585937500000001 0.4255090367988979
1.1586718750000000 0.4255159296020080
1.1587499999999999 0.4255228223445753
1.1588281250000001 0.4255297151634898
1.1589062500000000 0.4255366079195679
1.1589843750000000 0.4255435007542640
1.1590625000000001 0.4255503935238690
1.1591406250000000 0.4255572863743235
1.1592187500000000 0.4255641791574725
1.1592968750000001 0.4255710720236616
1.1593750000000000 0.4255779648203712
1.1594531250000000 0.4255848577022712
1.1595312500000001 0.4255917505125587
1.1596093750000001 0.4255986434101453
1.1596875000000000 0.4256055362340276
1.1597656250000001 0.4256124291472771
1.1598437500000001 0.4256193219847728
1.1599218750000000 0.4256262149136597
1.1599999999999999 0.4256331077647861
1.1600781250000001 0.4256400007092855
1.1601562500000000 0.4256468935740620
1.1602343749999999 0.4256537865341481
1.1603125000000001 0.4256606794125931
1.1603906250000000 0.4256675723882398
1.1604687499999999 0.4256744652803731
1.1605468750000001 0.4256813582715543
1.1606250000000000 0.4256882511773952
1.1607031249999999 0.4256951441840851
1.1607812500000001 0.4257020371036526
1.1608593750000000 0.4257089301258241
1.1609375000000000 0.4257158230591387
1.1610156250000001 0.4257227160967647
1.1610937500000000 0.4257296090438473
1.1611718750000000 0.4257365020969005
1.1612500000000001 0.4257433950577708
1.1613281250000000 0.4257502881262243
1.1614062500000000 0.4257571811009030
1.1614843750000001 0.4257640741847290
1.1615625000000001 0.4257709671732371
1.1616406250000000 0.4257778602724075
1.1617187500000001 0.4257847532747669
1.1617968750000001 0.4257916463892533
1.1618750000000000 0.4257985394054851
1.1619531249999999 0.4258054325352592
1.1620312500000001 0.4258123255653852
1.1621093750000000 0.4258192187104183
1.1621874999999999 0.4258261117544607
1.1622656250000001 0.4258330049147236
1.1623437500000000 0.4258398979727046
1.1624218749999999 0.4258467911481688
1.1625000000000001 0.4258536842201101
1.1625781250000000 0.4258605774107463
1.1626562499999999 0.4258674704966705
1.1627343750000001 0.4258743637024499
1.1628125000000000 0.4258812568023792
1.1628906250000000 0.4258881500232724
1.1629687500000001 0.4258950431372293
1.1630468750000000 0.4259019363732068
1.1631250000000000 0.4259088295012144
1.1632031250000001 0.4259157227522465
1.1632812500000000 0.4259226158943272
1.1633593750000000 0.4259295091603845
1.1634375000000001 0.4259364023165614
1.1635156250000001 0.4259432955976142
1.1635937500000000 0.4259501887679101
1.1636718750000001 0.4259570820639278
1.1637500000000001 0.4259639752483668
1.1638281250000000 0.4259708685593196
1.1639062499999999 0.4259777617579242
1.1639843750000001 0.4259846550837822
1.1640625000000000 0.4259915482965759
1.1641406249999999 0.4259984416373092
1.1642187500000001 0.4260053348643154
1.1642968750000000 0.4260122282198928
1.1643749999999999 0.4260191214611350
1.1644531250000001 0.4260260148315273
1.1645312500000000 0.4260329080870290
1.1646093749999999 0.4260398014722053
1.1646875000000001 0.4260466947419898
1.1647656250000000 0.4260535881419207
1.1648437500000000 0.4260604814260109
1.1649218750000001 0.4260673748406660
1.1650000000000000 0.4260742681390854
1.1650781250000000 0.4260811615684348
1.1651562500000001 0.4260880548812065
1.1652343750000000 0.4260949483252203
1.1653125000000000 0.4261018416523674
1.1653906250000001 0.4261087351110153
1.1654687500000001 0.4261156284525614
1.1655468750000000 0.4261225219258137
1.1656250000000001 0.4261294152817812
1.1657031250000001 0.4261363087696086
1.1657812500000000 0.4261432021400204
1.1658593749999999 0.4261500956423929
1.1659375000000001 0.4261569890272722
1.1660156250000000 0.4261638825441603
1.1660937499999999 0.4261707759435295
1.1661718750000001 0.4261776694749044
1.1662500000000000 0.4261845628887854
1.1663281249999999 0.4261914564346171
1.1664062500000001 0.4261983498630332
1.1664843750000000 0.4262052434232935
1.1665624999999999 0.4262121368662661
1.1666406250000001 0.4262190304409251
1.1667187500000000 0.4262259238984771
1.1667968750000000 0.4262328174875069
1.1668750000000001 0.4262397109596593
1.1669531250000000 0.4262466045630312
1.1670312500000000 0.4262534980498061
1.1671093750000001 0.4262603916674914
1.1671875000000000 0.4262672851689101
1.1672656250000000 0.4262741788008812
1.1673437500000001 0.4262810723169649
1.1674218750000001 0.4262879659631935
1.1675000000000000 0.4262948594939632
1.1675781250000001 0.4263017531544219
1.1676562500000001 0.4263086466998983
1.1677343750000000 0.4263155403745597
1.1678124999999999 0.4263224339347633
1.1678906250000001 0.4263293276236006
1.1679687500000000 0.4263362211985511
1.1680468749999999 0.4263431149015376
1.1681250000000001 0.4263500084912549
1.1682031250000000 0.4263569022083641
1.1682812499999999 0.4263637958128679
1.1683593750000001 0.4263706895440736
1.1684375000000000 0.4263775831633828
1.1685156249999999 0.4263844769086596
1.1685937500000001 0.4263913705427933
1.1686718750000000 0.4263982643021149
1.1687500000000000 0.4264051579510917
1.1688281250000001 0.4264120517244337
1.1689062500000000 0.4264189453882718
1.1689843750000000 0.4264258391756085
1.1690625000000001 0.4264327328543261
1.1691406250000000 0.4264396266556341
1.1692187500000000 0.4264465203492475
1.1692968750000001 0.4264534141645024
1.1693750000000001 0.4264603078730295
1.1694531250000000 0.4264672017022075
1.1695312500000001 0.4264740954256656
1.1696093750000001 0.4264809892687433
1.1696875000000000 0.4264878830071478
1.1697656249999999 0.4264947768641019
1.1698437500000001 0.4265016706174697
1.1699218750000000 0.4265085644882783
1.1699999999999999 0.4265154582566242
1.1700781250000001 0.4265223521412647
1.1701562500000000 0.4265292459246043
1.1702343749999999 0.4265361398230554
1.1703125000000001 0.4265430336214031
1.1703906250000000 0.4265499275336433
1.1704687499999999 0.4265568213470135
1.1705468750000001 0.4265637152730226
1.1706250000000000 0.4265706091014284
1.1707031250000000 0.4265775030411858
1.1707812500000001 0.4265843968846419
1.1708593750000000 0.4265912908381261
1.1709375000000000 0.4265981846966455
1.1710156250000001 0.4266050786638385
1.1710937500000000 0.4266119725374329
1.1711718750000000 0.4266188665183154
1.1712500000000001 0.4266257604069972
1.1713281250000001 0.4266326544015505
1.1714062500000000 0.4266395483053314
1.1714843750000001 0.4266464423135370
1.1715625000000001 0.4266533362324283
1.1716406250000000 0.4266602302542691
1.1717187499999999 0.4266671241882813
1.1717968750000001 0.4266740182237396
1.1718750000000000 0.4266809121728827
1.1719531249999999 0.4266878062219419
1.1720312500000001 0.4266947001862265
1.1721093750000000 0.4267015942488699
1.1721874999999999 0.4267084882283044
1.1722656250000001 0.4267153823045173
1.1723437500000000 0.4267222762991109
1.1724218749999999 0.4267291703888770
1.1725000000000001 0.4267360643986375
1.1725781250000000 0.4267429585019428
1.1726562500000000 0.4267498525268787
1.1727343750000001 0.4267567466437079
1.1728125000000000 0.4267636406838263
1.1728906250000000 0.4267705348141660
1.1729687500000001 0.4267774288694744
1.1730468750000000 0.4267843230133108
1.1731250000000000 0.4267912170838152
1.1732031250000001 0.4267981112411355
1.1732812500000001 0.4268050053268417
1.1733593750000000 0.4268118994976339
1.1734375000000001 0.4268187935985474
1.1735156250000001 0.4268256877827988
1.1735937500000000 0.4268325818989249
1.1736718749999999 0.4268394760966250
1.1737500000000001 0.4268463702279676
1.1738281250000000 0.4268532644391043
1.1739062499999999 0.4268601585856679
1.1739843750000001 0.4268670528102322
1.1740625000000000 0.4268739469720191
1.1741406249999999 0.4268808412100007
1.1742187500000001 0.4268877353870149
1.1742968750000000 0.4268946296384031
1.1743749999999999 0.4269015238306470
1.1744531250000001 0.4269084180954341
1.1745312500000000 0.4269153123029096
1.1746093750000000 0.4269222065810866
1.1746875000000001 0.4269291008037953
1.1747656250000000 0.4269359950953538
1.1748437500000000 0.4269428893332973
1.1749218750000001 0.4269497836382294
1.1750000000000000 0.4269566778914080
1.1750781250000000 0.4269635722097073
1.1751562500000001 0.4269704664781210
1.1752343750000001 0.4269773608097808
1.1753125000000000 0.4269842550934292
1.1753906250000001 0.4269911494384425
1.1754687500000001 0.4269980437373260
1.1755468750000000 0.4270049380956877
1.1756249999999999 0.4270118324098036
1.1757031250000001 0.4270187267815083
1.1757812500000000 0.4270256211108558
1.1758593749999999 0.4270325154958983
1.1759375000000001 0.4270394098404752
1.1760156250000000 0.4270463042388516
1.1760937499999999 0.4270531985986550
1.1761718750000001 0.4270600930103609
1.1762500000000000 0.4270669873853886
1.1763281249999999 0.4270738818104206
1.1764062500000001 0.4270807762006681
1.1764843750000000 0.4270876706390235
1.1765625000000000 0.4270945650444876
1.1766406250000001 0.4271014594961630
1.1767187500000000 0.4271083539168401
1.1767968750000000 0.4271152483818331
1.1768750000000001 0.4271221428177178
1.1769531250000000 0.4271290372960267
1.1770312500000000 0.4271359317471146
1.1771093750000001 0.4271428262387379
1.1771875000000001 0.4271497207050234
1.1772656250000000 0.4271566152099595
1.1773437500000001 0.4271635096914367
1.1774218750000001 0.4271704042096858
1.1775000000000000 0.4271772987063486
1.1775781249999999 0.4271841932379092
1.1776562500000001 0.4271910877497515
1.1777343750000000 0.4271979822946241
1.1778124999999999 0.4272048768216387
1.1778906250000001 0.4272117713798236
1.1779687500000000 0.4272186659220034
1.1780468749999999 0.4272255604935012
1.1781250000000001 0.4272324550508380
1.1782031250000000 0.4272393496356504
1.1782812499999999 0.4272462442081364
1.1783593750000001 0.4272531388062645
1.1784375000000000 0.4272600333938913
1.1785156250000000 0.4272669280053370
1.1785937500000001 0.4272738226080965
1.1786718750000000 0.4272807172328613
1.1787500000000000 0.4272876118507442
1.1788281250000001 0.4272945064888309
1.1789062500000000 0.4273014011218284
1.1789843750000000 0.4273082957732391
1.1790625000000001 0.4273151904213413
1.1791406250000001 0.4273220850860793
1.1792187500000000 0.4273289797492769
1.1792968750000001 0.4273358744273457
1.1793750000000001 0.4273427691056278
1.1794531250000000 0.4273496637970307
1.1795312499999999 0.4273565584903873
1.1796093750000001 0.4273634531951280
1.1796875000000000 0.4273703479035488
1.1797656249999999 0.4273772426216315
1.1798437500000001 0.4273841373451048
1.1799218750000000 0.4273910320765344
1.1799999999999999 0.4273979268150492
1.1800781250000001 0.4274048215598298
1.1801562500000000 0.4274117163133750
1.1802343749999999 0.4274186110715111
1.1803125000000001 0.4274255058400750
1.1803906250000000 0.4274324006115719
1.1804687500000000 0.4274392953951430
1.1805468750000001 0.4274461901800057
1.1806250000000000 0.4274530849785717
1.1807031250000000 0.4274599797768058
1.1807812500000001 0.4274668745903545
1.1808593750000000 0.4274737694019659
1.1809375000000000 0.4274806642304845
1.1810156250000001 0.4274875590554784
1.1810937500000001 0.4274944538989549
1.1811718750000000 0.4275013487373376
1.1812500000000001 0.4275082435957588
1.1813281250000001 0.4275151384475370
1.1814062500000000 0.4275220333208895
1.1814843749999999 0.4275289281860696
1.1815625000000001 0.4275358230743405
1.1816406250000000 0.4275427179529286
1.1817187499999999 0.4275496128561044
1.1817968750000001 0.4275565077481077
1.1818750000000000 0.4275634026661755
1.1819531249999999 0.4275702975715999
1.1820312500000001 0.4275771925045459
1.1821093750000000 0.4275840874233992
1.1821874999999999 0.4275909823712090
1.1822656250000001 0.4275978773034984
1.1823437500000000 0.4276047722661582
1.1824218750000000 0.4276116672118912
1.1825000000000001 0.4276185621893873
1.1825781250000000 0.4276254571485708
1.1826562500000000 0.4276323521408893
1.1827343750000001 0.4276392471135306
1.1828125000000000 0.4276461421206568
1.1828906250000000 0.4276530371067638
1.1829687500000001 0.4276599321286837
1.1830468750000001 0.4276668271282640
1.1831250000000000 0.4276737221649632
1.1832031250000001 0.4276806171780241
1.1832812500000001 0.4276875122294884
1.1833593750000000 0.4276944072560380
1.1834374999999999 0.4277013023222526
1.1835156250000001 0.4277081973622988
1.1835937500000000 0.4277150924432491
1.1836718749999999 0.4277219874968000
1.1837500000000001 0.4277288825924710
1.1838281250000000 0.4277357776595345
1.1839062499999999 0.4277426727699124
1.1839843750000001 0.4277495678504958
1.1840625000000000 0.4277564629755661
1.1841406249999999 0.4277633580696772
1.1842187500000001 0.4277702532094251
1.1842968750000000 0.4277771483170725
1.1843750000000000 0.4277840434714824
1.1844531250000001 0.4277909385926745
1.1845312500000000 0.4277978337617326
1.1846093750000000 0.4278047288964767
1.1846875000000001 0.4278116240801678
1.1847656250000000 0.4278185192284726
1.1848437500000000 0.4278254144267817
1.1849218750000001 0.4278323095886553
1.1850000000000001 0.4278392048015675
1.1850781250000000 0.4278460999770182
1.1851562500000001 0.4278529952045187
1.1852343750000001 0.4278598903935544
1.1853125000000000 0.4278667856356291
1.1853906249999999 0.4278736808382572
1.1854687500000001 0.4278805760948909
1.1855468750000000 0.4278874713111204
1.1856249999999999 0.4278943665822985
1.1857031250000001 0.4279012618121368
1.1857812500000000 0.4279081570978444
1.1858593749999999 0.4279150523413000
1.1859375000000001 0.4279219476415222
1.1860156250000000 0.4279288428986037
1.1860937499999999 0.4279357382133256
1.1861718750000001 0.4279426334840404
1.1862500000000000 0.4279495288132474
1.1863281250000000 0.4279564240976034
1.1864062500000001 0.4279633194412818
1.1864843750000000 0.4279702147392867
1.1865625000000000 0.4279771100974212
1.1866406250000001 0.4279840054090828
1.1867187500000000 0.4279909007816595
1.1867968750000000 0.4279977961069859
1.1868750000000001 0.4280046914939895
1.1869531250000001 0.4280115868329887
1.1870312500000000 0.4280184822344057
1.1871093750000001 0.4280253775870842
1.1871875000000001 0.4280322730029004
1.1872656250000000 0.4280391683692665
1.1873437499999999 0.4280460637994674
1.1874218750000001 0.4280529591795283
1.1875000000000000 0.4280598546240998
1.1875781249999999 0.4280667500178629
1.1876562500000001 0.4280736454767914
1.1877343750000000 0.4280805408842639
1.1878124999999999 0.4280874363575355
1.1878906250000001 0.4280943317787244
1.1879687500000000 0.4281012272663251
1.1880468749999999 0.4281081227012377
1.1881250000000001 0.4281150182031536
1.1882031250000000 0.4281219136517970
1.1882812500000000 0.4281288091680147
1.1883593750000001 0.4281357046303959
1.1884375000000000 0.4281426001609018
1.1885156250000000 0.4281494956370272
1.1885937500000001 0.4281563911818080
1.1886718750000000 0.4281632866716851
1.1887500000000000 0.4281701822307269
1.1888281250000001 0.4281770777343616
1.1889062500000001 0.4281839733076515
1.1889843750000000 0.4281908688250511
1.1890625000000001 0.4281977644125759
1.1891406250000001 0.4282046599437463
1.1892187500000000 0.4282115555454924
1.1892968749999999 0.4282184510904410
1.1893750000000001 0.4282253467063954
1.1894531250000000 0.4282322422651278
1.1895312499999999 0.4282391378952781
1.1896093750000001 0.4282460334678002
1.1896875000000000 0.4282529291121335
1.1897656249999999 0.4282598246984520
1.1898437500000001 0.4282667203569556
1.1899218750000000 0.4282736159570760
1.1899999999999999 0.4282805116297372
1.1900781250000001 0.4282874072436654
1.1901562500000000 0.4282943029304717
1.1902343750000000 0.4283011985582140
1.1903125000000001 0.4283080942591531
1.1903906250000000 0.4283149899007148
1.1904687500000000 0.4283218856157741
1.1905468750000001 0.4283287812711609
1.1906250000000000 0.4283356770003282
1.1907031250000000 0.4283425726695460
1.1907812500000001 0.4283494684128095
1.1908593750000001 0.4283563640958629
1.1909375000000000 0.4283632598532107
1.1910156250000001 0.4283701555501055
1.1910937500000001 0.4283770513215250
1.1911718750000000 0.4283839470322667
1.1912499999999999 0.4283908428177471
1.1913281250000001 0.4283977385423395
1.1914062500000000 0.4284046343418687
1.1914843749999999 0.4284115300803182
1.1915625000000001 0.4284184258938842
1.1916406250000000 0.4284253216461952
1.1917187499999999 0.4284322174737868
1.1917968750000001 0.4284391132399640
1.1918750000000000 0.4284460090815700
1.1919531249999999 0.4284529048616180
1.1920312500000001 0.4284598007172270
1.1921093750000000 0.4284666965111508
1.1921875000000000 0.4284735923807514
1.1922656250000001 0.4284804881885553
1.1923437500000000 0.4284873840721367
1.1924218750000000 0.4284942798938250
1.1925000000000001 0.4285011757913755
1.1925781250000000 0.4285080716269530
1.1926562500000000 0.4285149675384623
1.1927343750000001 0.4285218633879326
1.1928125000000001 0.4285287593133899
1.1928906250000000 0.4285356551767572
1.1929687500000001 0.4285425511161522
1.1930468750000001 0.4285494469934203
1.1931250000000000 0.4285563429467418
1.1932031249999999 0.4285632388379153
1.1932812500000001 0.4285701348051524
1.1933593750000000 0.4285770307102355
1.1934374999999999 0.4285839266913775
1.1935156250000001 0.4285908226103740
1.1935937500000000 0.4285977186054103
1.1936718749999999 0.4286046145383242
1.1937500000000001 0.4286115105472448
1.1938281250000000 0.4286184064940794
1.1939062499999999 0.4286253025168737
1.1939843750000001 0.4286321984776330
1.1940625000000000 0.4286390945142908
1.1941406250000000 0.4286459904889780
1.1942187500000001 0.4286528865394896
1.1942968750000000 0.4286597825281082
1.1943750000000000 0.4286666785924628
1.1944531250000001 0.4286735745950173
1.1945312500000000 0.4286804706732039
1.1946093750000000 0.4286873666896976
1.1946875000000001 0.4286942627817072
1.1947656250000001 0.4287011588121433
1.1948437500000000 0.4287080549179655
1.1949218750000001 0.4287149509623469
1.1950000000000001 0.4287218470819723
1.1950781250000000 0.4287287431403026
1.1951562499999999 0.4287356392737203
1.1952343750000001 0.4287425353460038
1.1953125000000000 0.4287494314932041
1.1953906249999999 0.4287563275794429
1.1954687500000001 0.4287632237404163
1.1955468750000000 0.4287701198406145
1.1956249999999999 0.4287770160153503
1.1957031250000001 0.4287839121295107
1.1957812500000000 0.4287908083179998
1.1958593749999999 0.4287977044461259
1.1959375000000001 0.4288046006483580
1.1960156250000000 0.4288114967904527
1.1960937500000000 0.4288183930064184
1.1961718750000001 0.4288252891624848
1.1962500000000000 0.4288321853921743
1.1963281250000000 0.4288390815622156
1.1964062500000001 0.4288459778056191
1.1964843750000000 0.4288528739896387
1.1965625000000000 0.4288597702467460
1.1966406250000001 0.4288666664447468
1.1967187500000001 0.4288735627155486
1.1967968750000000 0.4288804589275341
1.1968750000000001 0.4288873552120204
1.1969531250000001 0.4288942514379933
1.1970312500000000 0.4289011477361546
1.1971093749999999 0.4289080439761180
1.1971875000000001 0.4289149402879448
1.1972656250000000 0.4289218365419015
1.1973437499999999 0.4289287328673839
1.1974218750000001 0.4289356291353375
1.1975000000000000 0.4289425254744657
1.1975781249999999 0.4289494217564189
1.1976562500000001 0.4289563181091833
1.1977343750000000 0.4289632144051396
1.1978124999999999 0.4289701107715303
1.1978906250000001 0.4289770070814929
1.1979687500000000 0.4289839034614999
1.1980468750000000 0.4289907997854715
1.1981250000000001 0.4289976961790860
1.1982031250000000 0.4290045925170697
1.1982812500000000 0.4290114889242814
1.1983593750000001 0.4290183852762806
1.1984375000000000 0.4290252816970797
1.1985156250000000 0.4290321780630970
1.1985937500000001 0.4290390744974745
1.1986718750000001 0.4290459708775131
1.1987500000000000 0.4290528673254586
1.1988281250000001 0.4290597637195221
1.1989062500000001 0.4290666601810252
1.1989843750000000 0.4290735565891177
1.1990624999999999 0.4290804530641683
1.1991406250000001 0.4290873494862929
1.1992187500000000 0.4290942459748810
1.1992968749999999 0.4291011424110409
1.1993750000000001 0.4291080389131572
1.1994531250000000 0.4291149353633557
1.1995312499999999 0.4291218318789893
1.1996093750000001 0.4291287283432300
1.1996875000000000 0.4291356248723717
1.1997656249999999 0.4291425213506582
1.1998437500000001 0.4291494178932970
1.1999218750000000 0.4291563143856326
1.2000000000000000 0.4291632109417592
1.2000781250000001 0.4291701074481469
1.2001562500000000 0.4291770040177516
1.2002343750000000 0.4291839005381949
1.2003125000000001 0.4291907971212669
1.2003906250000000 0.4291976936557698
1.2004687500000000 0.4292045902522993
1.2005468750000001 0.4292114868008650
1.2006250000000001 0.4292183834108415
1.2007031250000000 0.4292252799734743
1.2007812500000001 0.4292321765968876
1.2008593750000001 0.4292390731735903
1.2009375000000000 0.4292459698104302
1.2010156249999999 0.4292528664012072
1.2010937500000001 0.4292597630514632
1.2011718750000000 0.4292666596563182
1.2012499999999999 0.4292735563199803
1.2013281250000001 0.4292804529389165
1.2014062500000000 0.4292873496159739
1.2014843749999999 0.4292942462489959
1.2015625000000001 0.4293011429394377
1.2016406250000000 0.4293080395865493
1.2017187499999999 0.4293149362903659
1.2017968750000001 0.4293218329515704
1.2018750000000000 0.4293287296687512
1.2019531250000000 0.4293356263440528
1.2020312500000001 0.4293425230745868
1.2021093750000000 0.4293494197639895
1.2021875000000000 0.4293563165078671
1.2022656250000001 0.4293632132113741
1.2023437500000000 0.4293701099685837
1.2024218750000000 0.4293770066862007
1.2025000000000001 0.4293839034567317
1.2025781250000001 0.4293908001884613
1.2026562500000000 0.4293976969723042
1.2027343750000001 0.4294045937181505
1.2028125000000001 0.4294114905152940
1.2028906250000000 0.4294183872752610
1.2029687499999999 0.4294252840856946
1.2030468750000001 0.4294321808597870
1.2031250000000000 0.4294390776834998
1.2032031249999999 0.4294459744717211
1.2032812500000001 0.4294528713087031
1.2033593750000000 0.4294597681110572
1.2034374999999999 0.4294666649612975
1.2035156250000001 0.4294735617777882
1.2035937500000000 0.4294804586412763
1.2036718749999999 0.4294873554719086
1.2037500000000001 0.4294942523486335
1.2038281250000000 0.4295011491934105
1.2039062500000000 0.4295080460833618
1.2039843750000001 0.4295149429422884
1.2040625000000000 0.4295218398454553
1.2041406250000000 0.4295287367185350
1.2042187500000001 0.4295356336349069
1.2042968750000000 0.4295425305221439
1.2043750000000000 0.4295494274517102
1.2044531250000001 0.4295563243531086
1.2045312500000001 0.4295632212958589
1.2046093750000000 0.4295701182114225
1.2046875000000001 0.4295770151673460
1.2047656250000001 0.4295839120970789
1.2048437500000000 0.4295908090661648
1.2049218749999999 0.4295977060100716
1.2050000000000001 0.4296046029923095
1.2050781250000000 0.4296114999503938
1.2051562499999999 0.4296183969457726
1.2052343750000001 0.4296252939180382
1.2053125000000000 0.4296321909265485
1.2053906249999999 0.4296390879129992
1.2054687500000001 0.4296459849346299
1.2055468750000000 0.4296528819352700
1.2056249999999999 0.4296597789700106
1.2057031250000001 0.4296666759848434
1.2057812500000000 0.4296735730326839
1.2058593750000000 0.4296804700617136
1.2059375000000001 0.4296873671226436
1.2060156250000000 0.4296942641658736
1.2060937500000000 0.4297011612398826
1.2061718750000001 0.4297080582973163
1.2062500000000000 0.4297149553843947
1.2063281250000000 0.4297218524560358
1.2064062500000001 0.4297287495561731
1.2064843750000001 0.4297356466420252
1.2065625000000000 0.4297425437552119
1.2066406250000001 0.4297494408552784
1.2067187500000001 0.4297563379815040
1.2067968750000000 0.4297632350957884
1.2068749999999999 0.4297701322350426
1.2069531250000001 0.4297770293635479
1.2070312500000000 0.4297839265158224
1.2071093749999999 0.4297908236585517
1.2071875000000001 0.4297977208238349
1.2072656250000000 0.4298046179807922
1.2073437499999999 0.4298115151590755
1.2074218750000001 0.4298184123302627
1.2075000000000000 0.4298253095215367
1.2075781249999999 0.4298322067069574
1.2076562500000001 0.4298391039112127
1.2077343750000000 0.4298460011108687
1.2078125000000000 0.4298528983280958
1.2078906250000001 0.4298597955419909
1.2079687500000000 0.4298666927721804
1.2080468750000000 0.4298735900003167
1.2081250000000001 0.4298804872434596
1.2082031250000000 0.4298873844858401
1.2082812500000000 0.4298942817419269
1.2083593750000001 0.4299011789985542
1.2084375000000001 0.4299080762675763
1.2085156250000000 0.4299149735384520
1.2085937500000001 0.4299218708204008
1.2086718750000001 0.4299287681055276
1.2087500000000000 0.4299356654003940
1.2088281249999999 0.4299425626997736
1.2089062500000001 0.4299494600075492
1.2089843750000000 0.4299563573211840
1.2090624999999999 0.4299632546418603
1.2091406250000001 0.4299701519697516
1.2092187500000000 0.4299770493033206
1.2092968749999999 0.4299839466454702
1.2093750000000001 0.4299908439919241
1.2094531250000000 0.4299977413483336
1.2095312499999999 0.4300046387076634
1.2096093750000001 0.4300115360783339
1.2096875000000000 0.4300184334505326
1.2097656250000000 0.4300253308354656
1.2098437500000001 0.4300322282205251
1.2099218750000000 0.4300391256197218
1.2100000000000000 0.4300460230176348
1.2100781250000001 0.4300529204310955
1.2101562500000000 0.4300598178418549
1.2102343750000000 0.4300667152695805
1.2103125000000001 0.4300736126931781
1.2103906250000001 0.4300805101351699
1.2104687500000000 0.4300874075715994
1.2105468750000001 0.4300943050278573
1.2106250000000001 0.4301012024771111
1.2107031250000000 0.4301080999476364
1.2107812499999999 0.4301149974097077
1.2108593750000001 0.4301218948944995
1.2109375000000000 0.4301287923693823
1.2110156249999999 0.4301356898684409
1.2110937500000001 0.4301425873561282
1.2111718750000000 0.4301494848694534
1.2112499999999999 0.4301563823699394
1.2113281250000001 0.4301632798975306
1.2114062500000000 0.4301701774108094
1.2114843749999999 0.4301770749526658
1.2115625000000001 0.4301839724787314
1.2116406250000000 0.4301908700348526
1.2117187500000000 0.4301977675736988
1.2117968750000001 0.4302046651440848
1.2118750000000000 0.4302115626957054
1.2119531250000000 0.4302184602803549
1.2120312500000001 0.4302253578447448
1.2121093750000000 0.4302322554436563
1.2121875000000000 0.4302391530208109
1.2122656250000001 0.4302460506339829
1.2123437500000001 0.4302529482238969
1.2124218750000000 0.4302598458513276
1.2125000000000001 0.4302667434539958
1.2125781250000001 0.4302736410956840
1.2126562500000000 0.4302805387111020
1.2127343749999999 0.4302874363670456
1.2128125000000001 0.4302943339952088
1.2128906250000000 0.4303012316654055
1.2129687499999999 0.4303081293063096
1.2130468750000001 0.4303150269907579
1.2131250000000000 0.4303219246443974
1.2132031249999999 0.4303288223430951
1.2132812500000001 0.4303357200094665
1.2133593750000000 0.4303426177224106
1.2134374999999999 0.4303495154015104
1.2135156250000001 0.4303564131286986
1.2135937500000000 0.4303633108205225
1.2136718750000000 0.4303702085619520
1.2137500000000001 0.4303771062664960
1.2138281250000000 0.4303840040221641
1.2139062500000000 0.4303909017394254
1.2139843750000001 0.4303977995093280
1.2140625000000000 0.4304046972393035
1.2141406250000000 0.4304115950234380
1.2142187500000001 0.4304184927661237
1.2142968750000001 0.4304253905644869
1.2143750000000000 0.4304322883198796
1.2144531250000001 0.4304391861324677
1.2145312500000001 0.4304460839005657
1.2146093750000000 0.4304529817273742
1.2146874999999999 0.4304598795081750
1.2147656250000001 0.4304667773492001
1.2148437500000000 0.4304736751427000
1.2149218749999999 0.4304805729979385
1.2150000000000001 0.4304874708041354
1.2150781250000000 0.4304943686735828
1.2151562499999999 0.4305012664924745
1.2152343750000001 0.4305081643761260
1.2153125000000000 0.4305150622077111
1.2153906249999999 0.4305219601055623
1.2154687500000001 0.4305288579498384
1.2155468750000000 0.4305357558618845
1.2156250000000000 0.4305426537188496
1.2157031250000001 0.4305495516450866
1.2157812500000000 0.4305564495147386
1.2158593750000000 0.4305633474551612
1.2159375000000001 0.4305702453374994
1.2160156250000000 0.4305771432921022
1.2160937500000000 0.4305840411871252
1.2161718750000001 0.4305909391559029
1.2162500000000001 0.4305978370636094
1.2163281250000000 0.4306047350465569
1.2164062500000001 0.4306116329669453
1.2164843750000001 0.4306185309640576
1.2165625000000000 0.4306254288971272
1.2166406249999999 0.4306323269083981
1.2167187500000001 0.4306392248541478
1.2167968750000000 0.4306461228795721
1.2168749999999999 0.4306530208380013
1.2169531250000001 0.4306599188775728
1.2170312500000000 0.4306668168486811
1.2171093749999999 0.4306737149023934
1.2171875000000001 0.4306806128861805
1.2172656250000000 0.4306875109540284
1.2173437499999999 0.4306944089504933
1.2174218750000001 0.4307013070324701
1.2175000000000000 0.4307082050416123
1.2175781250000000 0.4307151031377124
1.2176562500000001 0.4307220011595321
1.2177343750000000 0.4307288992697491
1.2178125000000000 0.4307357973042459
1.2178906250000001 0.4307426954285725
1.2179687500000000 0.4307495934757467
1.2180468750000000 0.4307564916141776
1.2181250000000001 0.4307633896740288
1.2182031250000001 0.4307702878265562
1.2182812500000000 0.4307771858990850
1.2183593750000001 0.4307840840657028
1.2184375000000001 0.4307909821509094
1.2185156250000000 0.4307978803316107
1.2185937499999999 0.4308047784294953
1.2186718750000001 0.4308116766242735
1.2187500000000000 0.4308185747348362
1.2188281249999999 0.4308254729436840
1.2189062500000001 0.4308323710669260
1.2189843750000000 0.4308392692898362
1.2190624999999999 0.4308461674257581
1.2191406250000001 0.4308530656627231
1.2192187500000000 0.4308599638113257
1.2192968749999999 0.4308668620623388
1.2193750000000001 0.4308737602236221
1.2194531250000000 0.4308806584886758
1.2195312500000000 0.4308875566626417
1.2196093750000001 0.4308944549417287
1.2196875000000000 0.4309013531283776
1.2197656250000000 0.4309082514214903
1.2198437500000001 0.4309151496208228
1.2199218750000000 0.4309220479279544
1.2200000000000000 0.4309289461399716
1.2200781250000001 0.4309358444611142
1.2201562500000001 0.4309427426858170
1.2202343750000000 0.4309496410209633
1.2203125000000001 0.4309565392583530
1.2203906250000001 0.4309634376074948
1.2204687500000000 0.4309703358575727
1.2205468749999999 0.4309772342207027
1.2206250000000001 0.4309841324834701
1.2207031250000000 0.4309910308605802
1.2207812499999999 0.4309979291360382
1.2208593750000001 0.4310048275271207
1.2209375000000000 0.4310117258152711
1.2210156249999999 0.4310186242203177
1.2210937500000001 0.4310255225211617
1.2211718750000000 0.4310324209401651
1.2212499999999999 0.4310393192537039
1.2213281250000001 0.4310462176866560
1.2214062500000000 0.4310531160128909
1.2214843750000000 0.4310600144597838
1.2215625000000001 0.4310669127987166
1.2216406250000000 0.4310738112595426
1.2217187500000000 0.4310807096111742
1.2217968750000001 0.4310876080859252
1.2218750000000000 0.4310945064502577
1.2219531250000000 0.4311014049389250
1.2220312500000001 0.4311083033159602
1.2221093750000001 0.4311152018185365
1.2221875000000000 0.4311221002082748
1.2222656250000001 0.4311289987247524
1.2223437500000001 0.4311358971271961
1.2224218750000000 0.4311427956575657
1.2224999999999999 0.4311496940727172
1.2225781250000001 0.4311565926169710
1.2226562500000000 0.4311634910448310
1.2227343749999999 0.4311703896029611
1.2228125000000001 0.4311772880435318
1.2228906250000000 0.4311841866155304
1.2229687499999999 0.4311910850688125
1.2230468750000001 0.4311979836546711
1.2231250000000000 0.4312048821206674
1.2232031249999999 0.4312117807203779
1.2232812500000001 0.4312186791990890
1.2233593750000000 0.4312255778126431
1.2234375000000000 0.4312324763040716
1.2235156250000001 0.4312393749314611
1.2235937500000000 0.4312462734356087
1.2236718750000000 0.4312531720768252
1.2237500000000001 0.4312600705936935
1.2238281250000000 0.4312669692487291
1.2239062500000000 0.4312738677783197
1.2239843750000001 0.4312807664471657
1.2240625000000001 0.4312876649894807
1.2241406250000000 0.4312945636721295
1.2242187500000001 0.4313014622271697
1.2242968750000001 0.4313083609236131
1.2243750000000000 0.4313152594913810
1.2244531249999999 0.4313221582016100
1.2245312500000001 0.4313290567821076
1.2246093750000000 0.4313359555061149
1.2246874999999999 0.4313428540993430
1.2247656250000001 0.4313497528371200
1.2248437500000000 0.4313566514430811
1.2249218749999999 0.4313635501946191
1.2250000000000001 0.4313704488133153
1.2250781250000000 0.4313773475786061
1.2251562499999999 0.4313842462100387
1.2252343750000001 0.4313911449890745
1.2253125000000000 0.4313980436332455
1.2253906250000000 0.4314049424260173
1.2254687500000001 0.4314118410829285
1.2255468750000000 0.4314187398894286
1.2256250000000000 0.4314256385590815
1.2257031250000001 0.4314325373793020
1.2257812500000000 0.4314394360616978
1.2258593750000000 0.4314463348956308
1.2259375000000001 0.4314532335907718
1.2260156250000001 0.4314601324384082
1.2260937500000000 0.4314670311462961
1.2261718750000001 0.4314739300076277
1.2262500000000001 0.4314808287282648
1.2263281250000000 0.4314877276032839
1.2264062499999999 0.4314946263366710
1.2264843750000001 0.4315015252253694
1.2265625000000000 0.4315084239715081
1.2266406249999999 0.4315153228738778
1.2267187500000001 0.4315222216327702
1.2267968750000000 0.4315291205488028
1.2268749999999999 0.4315360193204504
1.2269531250000001 0.4315429182501379
1.2270312500000000 0.4315498170345429
1.2271093749999999 0.4315567159778767
1.2271875000000001 0.4315636147750402
1.2272656250000000 0.4315705137320124
1.2273437500000000 0.4315774125419365
1.2274218750000001 0.4315843115125386
1.2275000000000000 0.4315912103352256
1.2275781250000000 0.4315981093194496
1.2276562500000001 0.4316050081549000
1.2277343750000000 0.4316119071527384
1.2278125000000000 0.4316188060009538
1.2278906250000001 0.4316257050123983
1.2279687500000001 0.4316326038733810
1.2280468750000000 0.4316395028984232
1.2281250000000001 0.4316464017721739
1.2282031250000001 0.4316533008108066
1.2282812500000000 0.4316601996973271
1.2283593749999999 0.4316670987495420
1.2284375000000001 0.4316739976488340
1.2285156250000000 0.4316808967146227
1.2285937499999999 0.4316877956266880
1.2286718750000001 0.4316946947060424
1.2287500000000000 0.4317015936308825
1.2288281249999999 0.4317084927237949
1.2289062500000001 0.4317153916614112
1.2289843750000000 0.4317222907678733
1.2290624999999999 0.4317291897182676
1.2291406250000001 0.4317360888382716
1.2292187500000000 0.4317429878014454
1.2292968750000000 0.4317498869349826
1.2293750000000001 0.4317567859109376
1.2294531250000000 0.4317636850580012
1.2295312500000000 0.4317705840467382
1.2296093750000001 0.4317774832073199
1.2296875000000000 0.4317843822088407
1.2297656250000000 0.4317912813829325
1.2298437500000001 0.4317981803972384
1.2299218750000001 0.4318050795848323
1.2300000000000000 0.4318119786119253
1.2300781250000001 0.4318188778130131
1.2301562500000001 0.4318257768528942
1.2302343750000000 0.4318326760674689
1.2303124999999999 0.4318395751201392
1.2303906250000001 0.4318464743481926
1.2304687500000000 0.4318533734136538
1.2305468749999999 0.4318602726551778
1.2306250000000001 0.4318671717334314
1.2307031250000000 0.4318740709884186
1.2307812499999999 0.4318809700794657
1.2308593750000001 0.4318878693479079
1.2309375000000000 0.4318947684517502
1.2310156249999999 0.4319016677336397
1.2310937500000001 0.4319085668502781
1.2311718750000000 0.4319154661456072
1.2312500000000000 0.4319223652750435
1.2313281250000001 0.4319292645838040
1.2314062500000000 0.4319361637260399
1.2314843750000000 0.4319430630482242
1.2315625000000001 0.4319499622032603
1.2316406250000000 0.4319568615388605
1.2317187500000000 0.4319637607066987
1.2317968750000001 0.4319706600557074
1.2318750000000001 0.4319775592363488
1.2319531250000000 0.4319844585987580
1.2320312500000001 0.4319913577922034
1.2321093750000001 0.4319982571680056
1.2321875000000000 0.4320051563742563
1.2322656249999999 0.4320120557634440
1.2323437500000001 0.4320189549825020
1.2324218750000000 0.4320258543850671
1.2324999999999999 0.4320327536169328
1.2325781250000001 0.4320396530328678
1.2326562500000000 0.4320465522775433
1.2327343749999999 0.4320534517068400
1.2328125000000001 0.4320603509643263
1.2328906250000000 0.4320672504069771
1.2329687499999999 0.4320741496772754
1.2330468750000001 0.4320810491332732
1.2331250000000000 0.4320879484163849
1.2332031250000000 0.4320948478857215
1.2332812500000001 0.4321017471816471
1.2333593750000000 0.4321086466643153
1.2334375000000000 0.4321155459730563
1.2335156250000001 0.4321224454690490
1.2335937500000000 0.4321293447906065
1.2336718750000000 0.4321362442999153
1.2337500000000001 0.4321431436342906
1.2338281250000001 0.4321500431569080
1.2339062500000000 0.4321569425041025
1.2339843750000001 0.4321638420400206
1.2340625000000001 0.4321707414000357
1.2341406250000000 0.4321776409492466
1.2342187499999999 0.4321845403220836
1.2342968750000001 0.4321914398845801
1.2343750000000000 0.4321983392702398
1.2344531249999999 0.4322052388460143
1.2345312500000001 0.4322121382444979
1.2346093750000000 0.4322190378335431
1.2346874999999999 0.4322259372448513
1.2347656250000001 0.4322328368471595
1.2348437500000000 0.4322397362712937
1.2349218749999999 0.4322466358868575
1.2350000000000001 0.4322535353238188
1.2350781250000000 0.4322604349526307
1.2351562500000000 0.4322673344024197
1.2352343750000001 0.4322742340444727
1.2353125000000000 0.4322811335070907
1.2353906250000000 0.4322880331623762
1.2354687500000001 0.4322949326378253
1.2355468750000000 0.4323018323063358
1.2356250000000000 0.4323087317946163
1.2357031250000001 0.4323156314763450
1.2357812500000001 0.4323225309774576
1.2358593750000000 0.4323294306723969
1.2359375000000001 0.4323363301863434
1.2360156250000001 0.4323432298944853
1.2360937500000000 0.4323501294212664
1.2361718749999999 0.4323570291426041
1.2362500000000001 0.4323639286822207
1.2363281250000000 0.4323708284167461
1.2364062499999999 0.4323777279691994
1.2364843750000001 0.4323846277169060
1.2365625000000000 0.4323915272821967
1.2366406249999999 0.4323984270430763
1.2367187500000001 0.4324053266212060
1.2367968750000000 0.4324122263952511
1.2368749999999999 0.4324191259862202
1.2369531250000001 0.4324260257734241
1.2370312500000000 0.4324329253772333
1.2371093750000000 0.4324398251775888
1.2371875000000001 0.4324467247942395
1.2372656250000000 0.4324536246077383
1.2373437500000000 0.4324605242372316
1.2374218750000001 0.4324674240638663
1.2375000000000000 0.4324743237062039
1.2375781250000000 0.4324812235459672
1.2376562500000001 0.4324881232011491
1.2377343750000001 0.4324950230540335
1.2378125000000000 0.4325019227220618
1.2378906250000001 0.4325088225880596
1.2379687500000001 0.4325157222689343
1.2380468750000000 0.4325226221480392
1.2381249999999999 0.4325295218417607
1.2382031250000001 0.4325364217339649
1.2382812500000000 0.4325433214405354
1.2383593749999999 0.4325502213458315
1.2384375000000001 0.4325571210652507
1.2385156250000000 0.4325640209836314
1.2385937499999999 0.4325709207159011
1.2386718750000001 0.4325778206473591
1.2387500000000000 0.4325847203924799
1.2388281249999999 0.4325916203370078
1.2389062500000001 0.4325985200949808
1.2389843750000000 0.4326054200525712
1.2390625000000000 0.4326123198233969
1.2391406250000001 0.4326192197940429
1.2392187500000000 0.4326261195777221
1.2392968750000000 0.4326330195614165
1.2393750000000001 0.4326399193579504
1.2394531250000000 0.4326468193546857
1.2395312500000000 0.4326537191640747
1.2396093750000001 0.4326606191738437
1.2396875000000001 0.4326675189960891
1.2397656250000000 0.4326744190188843
1.2398437500000001 0.4326813188539872
1.2399218750000001 0.4326882188898009
1.2400000000000000 0.4326951187377623
1.2400781249999999 0.4327020187865875
1.2401562500000001 0.4327089186474078
1.2402343750000000 0.4327158187092374
1.2403124999999999 0.4327227185829179
1.2403906250000001 0.4327296186577447
1.2404687500000000 0.4327365185442859
1.2405468749999999 0.4327434186321024
1.2406250000000001 0.4327503185315052
1.2407031250000000 0.4327572186323039
1.2407812499999999 0.4327641185445699
1.2408593750000001 0.4327710186583440
1.2409375000000000 0.4327779185834729
1.2410156250000000 0.4327848187102148
1.2410937500000001 0.4327917186482080
1.2411718750000000 0.4327986187879106
1.2412500000000000 0.4328055187387696
1.2413281250000001 0.4328124188914257
1.2414062500000000 0.4328193188551500
1.2414843750000000 0.4328262190207523
1.2415625000000001 0.4328331189973439
1.2416406250000001 0.4328400191758852
1.2417187500000000 0.4328469191653442
1.2417968750000001 0.4328538193568173
1.2418750000000001 0.4328607193591453
1.2419531250000000 0.4328676195635425
1.2420312499999999 0.4328745195787395
1.2421093750000001 0.4328814197960544
1.2421875000000000 0.4328883198241213
1.2422656249999999 0.4328952200543462
1.2423437500000001 0.4329021200952846
1.2424218750000000 0.4329090203384121
1.2424999999999999 0.4329159203922224
1.2425781250000001 0.4329228206482454
1.2426562500000000 0.4329297207149282
1.2427343749999999 0.4329366209838400
1.2428125000000001 0.4329435210633963
1.2428906250000000 0.4329504213451893
1.2429687500000000 0.4329573214376192
1.2430468750000001 0.4329642217322868
1.2431250000000000 0.4329711218375915
1.2432031250000000 0.4329780221451258
1.2432812500000001 0.4329849222633066
1.2433593750000000 0.4329918225837009
1.2434375000000000 0.4329987227147579
1.2435156250000001 0.4330056230480047
1.2435937500000001 0.4330125231919394
1.2436718750000000 0.4330194235380315
1.2437500000000001 0.4330263236948444
1.2438281250000001 0.4330332240537741
1.2439062500000000 0.4330401242234667
1.2439843749999999 0.4330470245952265
1.2440625000000001 0.4330539247777994
1.2441406250000000 0.4330608251623833
1.2442187499999999 0.4330677253578369
1.2442968750000001 0.4330746257552365
1.2443750000000000 0.4330815259635719
1.2444531249999999 0.4330884263737808
1.2445312500000001 0.4330953265949989
1.2446093750000000 0.4331022270180094
1.2446874999999999 0.4331091272521111
1.2447656250000001 0.4331160276879159
1.2448437500000000 0.4331229279349020
1.2449218750000000 0.4331298283834941
1.2450000000000001 0.4331367286433657
1.2450781250000000 0.4331436291047375
1.2451562500000000 0.4331505293774952
1.2452343750000001 0.4331574298516399
1.2453125000000000 0.4331643301372846
1.2453906250000000 0.4331712306241945
1.2454687500000001 0.4331781309227272
1.2455468750000001 0.4331850314223953
1.2456250000000000 0.4331919317338168
1.2457031250000001 0.4331988322462360
1.2457812500000001 0.4332057325705469
1.2458593750000000 0.4332126330957098
1.2459374999999999 0.4332195334329111
1.2460156250000001 0.4332264339708108
1.2460937500000000 0.4332333343209034
1.2461718749999999 0.4332402348715323
1.2462500000000001 0.4332471352345164
1.2463281250000000 0.4332540357978679
1.2464062499999999 0.4332609361737452
1.2464843750000001 0.4332678367498117
1.2465625000000000 0.4332747371385823
1.2466406249999999 0.4332816377273569
1.2467187500000001 0.4332885381290216
1.2467968750000000 0.4332954387304969
1.2468750000000000 0.4333023391450569
1.2469531250000001 0.4333092397592258
1.2470312500000000 0.4333161401866820
1.2471093750000000 0.4333230408135372
1.2471875000000001 0.4333299412538901
1.2472656250000000 0.4333368418934239
1.2473437500000000 0.4333437423466754
1.2474218750000001 0.4333506429988806
1.2475000000000001 0.4333575434650310
1.2475781250000000 0.4333644441299001
1.2476562500000001 0.4333713446089507
1.2477343750000001 0.4333782452864768
1.2478125000000000 0.4333851457784282
1.2478906249999999 0.4333920464686036
1.2479687500000001 0.4333989469734570
1.2480468750000000 0.4334058476762748
1.2481249999999999 0.4334127481940308
1.2482031250000001 0.4334196489094837
1.2482812500000000 0.4334265494401430
1.2483593749999999 0.4334334501682239
1.2484375000000001 0.4334403507117877
1.2485156250000000 0.4334472514524891
1.2485937499999999 0.4334541520089583
1.2486718750000001 0.4334610527622733
1.2487500000000000 0.4334679533316480
1.2488281250000000 0.4334748540975692
1.2489062500000001 0.4334817546798513
1.2489843750000000 0.4334886554583714
1.2490625000000000 0.4334955560535610
1.2491406250000001 0.4335024568446731
1.2492187500000000 0.4335093574527715
1.2492968750000000 0.4335162582564678
1.2493750000000001 0.4335231588774762
1.2494531250000001 0.4335300596937490
1.2495312500000000 0.4335369603276683
1.2496093750000001 0.4335438611565111
1.2496875000000001 0.4335507618033417
1.2497656250000000 0.4335576626447474
1.2498437499999999 0.4335645633044899
1.2499218750000001 0.4335714641584512
1.2500000000000000 0.4335783648311070
1.2500781249999999 0.4335852656976163
1.2501562500000001 0.4335921663831862
1.2502343750000000 0.4335990672622367
1.2503124999999999 0.4336059679607215
1.2503906250000001 0.4336128688523055
1.2504687500000000 0.4336197695637061
1.2505468749999999 0.4336266704678168
1.2506250000000001 0.4336335711921340
1.2507031250000000 0.4336404721087639
1.2507812500000000 0.4336473728459991
1.2508593750000001 0.4336542737751402
1.2509375000000000 0.4336611745252947
1.2510156250000000 0.4336680754669401
1.2510937500000001 0.4336749762300141
1.2511718750000000 0.4336818771841567
1.2512500000000000 0.4336887779601512
1.2513281250000001 0.4336956789267841
1.2514062500000001 0.4337025797157001
1.2514843750000000 0.4337094806948158
1.2515625000000001 0.4337163814966536
1.2516406250000001 0.4337232824882449
1.2517187500000000 0.4337301833030063
1.2517968749999999 0.4337370843070653
1.2518750000000001 0.4337439851347508
1.2519531250000000 0.4337508861512718
1.2520312499999999 0.4337577869918818
1.2521093750000001 0.4337646880208562
1.2521875000000000 0.4337715888743922
1.2522656249999999 0.4337784899158134
1.2523437500000001 0.4337853907822761
1.2524218750000000 0.4337922918361364
1.2524999999999999 0.4337991927155269
1.2525781250000001 0.4338060937818193
1.2526562500000000 0.4338129946741381
1.2527343750000000 0.4338198957528556
1.2528125000000001 0.4338267966581039
1.2528906250000000 0.4338336977492391
1.2529687500000000 0.4338405986674173
1.2530468750000001 0.4338474997709629
1.2531250000000000 0.4338544007020727
1.2532031250000000 0.4338613018180216
1.2532812500000001 0.4338682027620628
1.2533593750000001 0.4338751038904080
1.2534375000000000 0.4338820048473822
1.2535156250000001 0.4338889059881162
1.2535937500000001 0.4338958069580238
1.2536718750000000 0.4339027081111399
1.2537499999999999 0.4339096090939819
1.2538281250000001 0.4339165102594725
1.2539062500000000 0.4339234112552492
1.2539843749999999 0.4339303124331079
1.2540625000000001 0.4339372134418207
1.2541406250000000 0.4339441146320394
1.2542187499999999 0.4339510156536889
1.2542968750000001 0.4339579168562610
1.2543750000000000 0.4339648178908482
1.2544531249999999 0.4339717191057662
1.2545312500000001 0.4339786201532917
1.2546093750000000 0.4339855213805487
1.2546875000000000 0.4339924224410133
1.2547656250000001 0.4339993236806026
1.2548437500000000 0.4340062247540069
1.2549218750000000 0.4340131260059212
1.2550000000000001 0.4340200270922656
1.2550781250000000 0.4340269283564980
1.2551562500000000 0.4340338294557836
1.2552343750000001 0.4340407307323269
1.2553125000000001 0.4340476318445540
1.2553906250000000 0.4340545331334016
1.2554687500000001 0.4340614342585711
1.2555468750000001 0.4340683355597157
1.2556250000000000 0.4340752366978279
1.2557031249999999 0.4340821380112628
1.2557812500000001 0.4340890391623186
1.2558593750000000 0.4340959404880365
1.2559374999999999 0.4341028416520370
1.2560156250000001 0.4341097429900305
1.2560937500000000 0.4341166441669767
1.2561718749999999 0.4341235455172384
1.2562500000000001 0.4341304467071302
1.2563281250000000 0.4341373480696548
1.2564062499999999 0.4341442492724925
1.2564843750000001 0.4341511506472723
1.2565625000000000 0.4341580518630572
1.2566406250000000 0.4341649532500850
1.2567187500000001 0.4341718544788167
1.2567968750000000 0.4341787558780861
1.2568750000000000 0.4341856571197661
1.2569531250000001 0.4341925585312704
1.2570312500000000 0.4341994597858986
1.2571093750000000 0.4342063612096306
1.2571875000000001 0.4342132624772073
1.2572656250000001 0.4342201639131604
1.2573437500000000 0.4342270651936864
1.2574218750000001 0.4342339666418542
1.2575000000000001 0.4342408679353300
1.2575781250000000 0.4342477693957049
1.2576562499999999 0.4342546707021311
1.2577343750000001 0.4342615721747065
1.2578125000000000 0.4342684734940835
1.2578906249999999 0.4342753749788530
1.2579687500000001 0.4342822763111806
1.2580468750000000 0.4342891778081377
1.2581249999999999 0.4342960791534165
1.2582031250000001 0.4343029806625548
1.2582812500000000 0.4343098820207847
1.2583593749999999 0.4343167835420971
1.2584375000000001 0.4343236849132787
1.2585156250000000 0.4343305864467593
1.2585937500000000 0.4343374878308926
1.2586718750000001 0.4343443893765340
1.2587500000000000 0.4343512907736197
1.2588281250000000 0.4343581923314160
1.2589062500000001 0.4343650937414535
1.2589843750000000 0.4343719953113985
1.2590625000000000 0.4343788967343885
1.2591406250000001 0.4343857983164748
1.2592187500000001 0.4343926997524178
1.2592968750000000 0.4343996013466393
1.2593750000000001 0.4344065027955347
1.2594531250000001 0.4344134044018853
1.2595312500000000 0.4344203058637334
1.2596093749999999 0.4344272074822069
1.2596875000000001 0.4344341089570073
1.2597656250000000 0.4344410105875971
1.2598437499999999 0.4344479120753499
1.2599218750000001 0.4344548137180506
1.2600000000000000 0.4344617152187556
1.2600781249999999 0.4344686168735601
1.2601562500000001 0.4344755183872172
1.2602343750000000 0.4344824200541197
1.2603124999999999 0.4344893215807290
1.2603906250000001 0.4344962232597235
1.2604687500000000 0.4345031247992847
1.2605468750000000 0.4345100264903647
1.2606250000000001 0.4345169280428772
1.2607031250000000 0.4345238297460373
1.2607812500000000 0.4345307313115012
1.2608593750000001 0.4345376330267346
1.2609375000000000 0.4345445346051494
1.2610156250000000 0.4345514363324509
1.2610937500000001 0.4345583379238162
1.2611718750000001 0.4345652396631798
1.2612500000000000 0.4345721412674949
1.2613281250000001 0.4345790430189146
1.2614062500000001 0.4345859446361788
1.2614843750000000 0.4345928463996490
1.2615624999999999 0.4345997480298627
1.2616406250000001 0.4346066498053773
1.2617187500000000 0.4346135514485389
1.2617968749999999 0.4346204532360931
1.2618750000000001 0.4346273548922026
1.2619531250000000 0.4346342566917896
1.2620312499999999 0.4346411583608461
1.2621093750000001 0.4346480601724612
1.2621875000000000 0.4346549618544639
1.2622656249999999 0.4346618636781006
1.2623437500000001 0.4346687653730492
1.2624218750000000 0.4346756672087027
1.2625000000000000 0.4346825689165957
1.2625781250000001 0.4346894707642605
1.2626562500000000 0.4346963724850980
1.2627343750000000 0.4347032743447679
1.2628125000000001 0.4347101760785487
1.2628906250000000 0.4347170779502190
1.2629687500000000 0.4347239796969415
1.2630468750000001 0.4347308815806070
1.2631250000000001 0.4347377833402705
1.2632031250000000 0.4347446852359259
1.2632812500000001 0.4347515870085294
1.2633593750000001 0.4347584889161694
1.2634375000000000 0.4347653907017112
1.2635156249999999 0.4347722926213310
1.2635937500000001 0.4347791944198104
1.2636718750000000 0.4347860963514050
1.2637499999999999 0.4347929981628205
1.2638281250000001 0.4347999001063846
1.2639062500000000 0.4348068019307348
1.2639843749999999 0.4348137038862636
1.2640625000000001 0.4348206057235474
1.2641406250000000 0.4348275076910363
1.2642187499999999 0.4348344095412516
1.2642968750000001 0.4348413115206954
1.2643750000000000 0.4348482133838414
1.2644531250000000 0.4348551153752356
1.2645312500000001 0.4348620172513102
1.2646093750000000 0.4348689192546500
1.2646875000000000 0.4348758211436521
1.2647656250000001 0.4348827231589327
1.2648437500000000 0.4348896250608601
1.2649218750000000 0.4348965270880775
1.2650000000000001 0.4349034290029285
1.2650781250000001 0.4349103310420780
1.2651562500000000 0.4349172329698509
1.2652343750000001 0.4349241350209280
1.2653125000000001 0.4349310369616206
1.2653906250000000 0.4349379390246208
1.2654687499999999 0.4349448409782319
1.2655468750000001 0.4349517430531507
1.2656250000000000 0.4349586450196776
1.2657031249999999 0.4349655471065111
1.2657812500000001 0.4349724490859522
1.2658593750000000 0.4349793511846964
1.2659374999999999 0.4349862531770488
1.2660156250000001 0.4349931552876995
1.2660937500000000 0.4350000572929615
1.2661718749999999 0.4350069594155148
1.2662500000000001 0.4350138614336841
1.2663281250000000 0.4350207635681356
1.2664062500000000 0.4350276655992093
1.2664843750000001 0.4350345677455561
1.2665625000000000 0.4350414697895316
1.2666406250000000 0.4350483719477696
1.2667187500000001 0.4350552740046449
1.2667968750000000 0.4350621761747701
1.2668750000000000 0.4350690782445428
1.2669531250000001 0.4350759804265514
1.2670312500000001 0.4350828825092182
1.2671093750000000 0.4350897847031073
1.2671875000000001 0.4350966867986655
1.2672656250000001 0.4351035890044307
1.2673437500000000 0.4351104911128784
1.2674218749999999 0.4351173933305165
1.2675000000000001 0.4351242954518502
1.2675781250000000 0.4351311976813586
1.2676562499999999 0.4351380998155747
1.2677343750000001 0.4351450020569496
1.2678125000000000 0.4351519042040457
1.2678906249999999 0.4351588064572837
1.2679687500000001 0.4351657086172571
1.2680468750000000 0.4351726108823552
1.2681249999999999 0.4351795130552019
1.2682031250000001 0.4351864153321578
1.2682812500000000 0.4351933175178745
1.2683593750000000 0.4352002198066844
1.2684375000000001 0.4352071220052682
1.2685156250000000 0.4352140243059294
1.2685937500000000 0.4352209265173771
1.2686718750000001 0.4352278288298868
1.2687500000000000 0.4352347310541940
1.2688281250000000 0.4352416333785498
1.2689062500000001 0.4352485356157138
1.2689843750000001 0.4352554379519125
1.2690625000000000 0.4352623402019296
1.2691406250000001 0.4352692425499684
1.2692187500000001 0.4352761448128347
1.2692968750000000 0.4352830471727118
1.2693749999999999 0.4352899494484234
1.2694531250000001 0.4352968518201361
1.2695312500000000 0.4353037541086893
1.2696093749999999 0.4353106564922349
1.2696875000000001 0.4353175587936255
1.2697656250000000 0.4353244611890024
1.2698437499999999 0.4353313635032264
1.2699218750000001 0.4353382659104323
1.2700000000000000 0.4353451682374853
1.2700781249999999 0.4353520706565178
1.2701562500000001 0.4353589729963960
1.2702343750000000 0.4353658754272534
1.2703125000000000 0.4353727777799527
1.2703906250000001 0.4353796802226322
1.2704687500000000 0.4353865825881483
1.2705468750000000 0.4353934850426483
1.2706250000000001 0.4354003874209769
1.2707031250000000 0.4354072898872965
1.2707812500000000 0.4354141922784325
1.2708593750000001 0.4354210947565682
1.2709375000000001 0.4354279971605084
1.2710156250000000 0.4354348996504593
1.2710937500000001 0.4354418020671980
1.2711718750000001 0.4354487045689632
1.2712500000000000 0.4354556069984956
1.2713281249999999 0.4354625095120724
1.2714062500000001 0.4354694119543947
1.2714843750000000 0.4354763144797826
1.2715624999999999 0.4354832169348888
1.2716406250000001 0.4354901194720857
1.2717187500000000 0.4354970219399718
1.2717968749999999 0.4355039244889771
1.2718750000000001 0.4355108269696373
1.2719531250000000 0.4355177295304491
1.2720312499999999 0.4355246320238791
1.2721093750000001 0.4355315345964972
1.2721875000000000 0.4355384371026914
1.2722656250000000 0.4355453396871133
1.2723437500000001 0.4355522422060667
1.2724218750000000 0.4355591448022930
1.2725000000000000 0.4355660473340000
1.2725781250000001 0.4355729499420281
1.2726562500000000 0.4355798524864844
1.2727343750000000 0.4355867551063141
1.2728125000000001 0.4355936576635134
1.2728906250000001 0.4356005602951438
1.2729687500000000 0.4356074628650813
1.2730468750000001 0.4356143655085114
1.2731250000000001 0.4356212680911813
1.2732031250000000 0.4356281707464105
1.2732812499999999 0.4356350733418078
1.2733593750000001 0.4356419760088347
1.2734375000000000 0.4356488786169538
1.2735156249999999 0.4356557812957783
1.2735937500000001 0.4356626839166129
1.2736718750000000 0.4356695866072351
1.2737499999999999 0.4356764892407795
1.2738281250000001 0.4356833919431983
1.2739062500000000 0.4356902945894472
1.2739843749999999 0.4356971973036620
1.2740625000000001 0.4357040999626087
1.2741406250000000 0.4357110026886206
1.2742187500000000 0.4357179053602593
1.2742968750000001 0.4357248080980666
1.2743750000000000 0.4357317107823914
1.2744531250000000 0.4357386135319948
1.2745312500000001 0.4357455162289999
1.2746093750000000 0.4357524189903986
1.2746875000000000 0.4357593217000775
1.2747656250000001 0.4357662244732721
1.2748437500000001 0.4357731271956182
1.2749218750000000 0.4357800299806085
1.2750000000000001 0.4357869327156161
1.2750781250000001 0.4357938355124022
1.2751562500000000 0.4358007382600647
1.2752343749999999 0.4358076410686466
1.2753125000000001 0.4358145438289577
1.2753906250000000 0.4358214466493354
1.2754687499999999 0.4358283494222892
1.2755468750000001 0.4358352522544626
1.2756250000000000 0.4358421550400525
1.2757031249999999 0.4358490578840220
1.2757812500000001 0.4358559606822413
1.2758593750000000 0.4358628635380076
1.2759374999999999 0.4358697663488497
1.2760156250000001 0.4358766692164125
1.2760937500000000 0.4358835720398708
1.2761718750000000 0.4358904749192312
1.2762500000000001 0.4358973777552990
1.2763281250000000 0.4359042806464573
1.2764062500000000 0.4359111834951280
1.2764843750000001 0.4359180863980839
1.2765625000000000 0.4359249892593516
1.2766406250000000 0.4359318921741061
1.2767187500000001 0.4359387950479628
1.2767968750000001 0.4359456979745167
1.2768750000000000 0.4359526008609567
1.2769531250000001 0.4359595037993092
1.2770312500000001 0.4359664066983255
1.2771093750000000 0.4359733096484784
1.2771874999999999 0.4359802125600642
1.2772656250000001 0.4359871155220175
1.2773437500000000 0.4359940184461656
1.2774218749999999 0.4360009214199205
1.2775000000000001 0.4360078243566243
1.2775781250000000 0.4360147273421810
1.2776562499999999 0.4360216302914330
1.2777343750000001 0.4360285332887927
1.2778125000000000 0.4360354362505870
1.2778906249999999 0.4360423392597500
1.2779687500000001 0.4360492422340785
1.2780468750000000 0.4360561452550463
1.2781250000000000 0.4360630482419020
1.2782031250000001 0.4360699512746752
1.2782812500000000 0.4360768542740515
1.2783593750000000 0.4360837573186301
1.2784375000000001 0.4360906603305202
1.2785156250000000 0.4360975633869062
1.2785937500000000 0.4361044664113020
1.2786718750000001 0.4361113694794955
1.2787500000000001 0.4361182725163910
1.2788281250000000 0.4361251755963931
1.2789062500000001 0.4361320786457809
1.2789843750000001 0.4361389817375921
1.2790625000000000 0.4361458847994654
1.2791406249999999 0.4361527879030870
1.2792187500000001 0.4361596909774375
1.2792968750000000 0.4361665940928711
1.2793749999999999 0.4361734971796918
1.2794531250000001 0.4361804003069379
1.2795312500000000 0.4361873034062226
1.2796093749999999 0.4361942065452816
1.2796875000000001 0.4362011096570222
1.2797656250000000 0.4362080128078959
1.2798437499999999 0.4362149159320858
1.2799218750000001 0.4362218190947748
1.2800000000000000 0.4362287222314066
1.2800781250000000 0.4362356254059114
1.2801562500000001 0.4362425285549781
1.2802343750000000 0.4362494317413003
1.2803125000000000 0.4362563349027942
1.2803906250000001 0.4362632381009351
1.2804687500000000 0.4362701412748491
1.2805468750000000 0.4362770444848090
1.2806250000000001 0.4362839476711360
1.2807031250000001 0.4362908508929167
1.2807812500000000 0.4362977540916491
1.2808593750000001 0.4363046573252510
1.2809375000000001 0.4363115605363826
1.2810156250000000 0.4363184637818062
1.2810937499999999 0.4363253670053291
1.2811718750000001 0.4363322702625763
1.2812500000000000 0.4363391734984834
1.2813281249999999 0.4363460767675550
1.2814062500000001 0.4363529800158386
1.2814843750000000 0.4363598832967356
1.2815624999999999 0.4363667865573891
1.2816406250000001 0.4363736898501127
1.2817187500000000 0.4363805931231283
1.2817968749999999 0.4363874964276792
1.2818750000000001 0.4363943997130499
1.2819531250000000 0.4364013030294293
1.2820312500000000 0.4364082063271486
1.2821093750000001 0.4364151096553570
1.2821875000000000 0.4364220129654170
1.2822656250000000 0.4364289163054557
1.2823437500000001 0.4364358196278497
1.2824218750000000 0.4364427229797192
1.2825000000000000 0.4364496263144398
1.2825781250000001 0.4364565296781420
1.2826562500000001 0.4364634330251821
1.2827343750000000 0.4364703364007166
1.2828125000000001 0.4364772397600697
1.2828906250000001 0.4364841431474379
1.2829687500000000 0.4364910465190964
1.2830468749999999 0.4364979499182992
1.2831250000000001 0.4365048533022565
1.2832031250000000 0.4365117567132941
1.2832812499999999 0.4365186601095433
1.2833593750000001 0.4365255635324167
1.2834375000000000 0.4365324669409508
1.2835156249999999 0.4365393703756608
1.2835937500000001 0.4365462737964731
1.2836718750000000 0.4365531772430198
1.2837499999999999 0.4365600806761035
1.2838281250000001 0.4365669841344881
1.2839062500000000 0.4365738875798363
1.2839843750000000 0.4365807910500593
1.2840625000000001 0.4365876945076645
1.2841406250000000 0.4365945979897267
1.2842187500000000 0.4366015014595833
1.2842968750000001 0.4366084049534844
1.2843750000000000 0.4366153084355854
1.2844531250000000 0.4366222119413258
1.2845312500000001 0.4366291154356650
1.2846093750000001 0.4366360189532454
1.2846875000000000 0.4366429224598158
1.2847656250000001 0.4366498259892369
1.2848437500000001 0.4366567295080317
1.2849218750000000 0.4366636330492941
1.2849999999999999 0.4366705365803066
1.2850781250000001 0.4366774401334098
1.2851562500000000 0.4366843436766344
1.2852343749999999 0.4366912472415788
1.2853125000000001 0.4366981507970083
1.2853906250000000 0.4367050543737946
1.2854687499999999 0.4367119579414232
1.2855468750000001 0.4367188615300509
1.2856250000000000 0.4367257651098723
1.2857031249999999 0.4367326687103417
1.2857812500000001 0.4367395723023495
1.2858593750000000 0.4367464759146608
1.2859375000000000 0.4367533795188479
1.2860156250000001 0.4367602831430012
1.2860937500000000 0.4367671867593628
1.2861718750000000 0.4367740903953579
1.2862500000000001 0.4367809940238872
1.2863281250000000 0.4367878976717238
1.2864062500000000 0.4367948013124150
1.2864843750000001 0.4368017049720931
1.2865625000000001 0.4368086086249398
1.2866406250000000 0.4368155122964592
1.2867187500000001 0.4368224159614559
1.2867968750000001 0.4368293196448161
1.2868750000000000 0.4368362233219572
1.2869531249999999 0.4368431270171578
1.2870312500000001 0.4368500307064372
1.2871093750000000 0.4368569344134777
1.2871874999999999 0.4368638381148900
1.2872656250000001 0.4368707418337700
1.2873437500000000 0.4368776455473088
1.2874218749999999 0.4368845492780282
1.2875000000000001 0.4368914530036884
1.2875781250000000 0.4368983567462458
1.2876562499999999 0.4369052604840226
1.2877343750000001 0.4369121642384171
1.2878125000000000 0.4369190679883040
1.2878906250000000 0.4369259717545357
1.2879687500000001 0.4369328755165280
1.2880468750000000 0.4369397792945955
1.2881250000000000 0.4369466830686872
1.2882031250000001 0.4369535868585901
1.2882812500000000 0.4369604906447765
1.2883593750000000 0.4369673944465134
1.2884375000000001 0.4369742982447893
1.2885156250000001 0.4369812020583588
1.2885937500000000 0.4369881058687195
1.2886718750000001 0.4369950096941203
1.2887500000000001 0.4370019135165608
1.2888281250000000 0.4370088173537923
1.2889062499999999 0.4370157211883068
1.2889843750000001 0.4370226250373676
1.2890625000000000 0.4370295288839522
1.2891406249999999 0.4370364327448409
1.2892187500000001 0.4370433366034900
1.2892968750000000 0.4370502404762053
1.2893749999999999 0.4370571443469149
1.2894531250000001 0.4370640482314543
1.2895312500000000 0.4370709521142205
1.2896093749999999 0.4370778560105827
1.2896875000000001 0.4370847599054002
1.2897656250000000 0.4370916638135840
1.2898437500000000 0.4370985677204481
1.2899218750000001 0.4371054716404514
1.2900000000000000 0.4371123755593578
1.2900781250000000 0.4371192794911793
1.2901562500000001 0.4371261834221238
1.2902343750000000 0.4371330873657608
1.2903125000000000 0.4371399913087399
1.2903906250000001 0.4371468952641902
1.2904687500000001 0.4371537992191991
1.2905468750000000 0.4371607031864618
1.2906250000000001 0.4371676071534960
1.2907031250000001 0.4371745111325686
1.2907812500000000 0.4371814151116246
1.2908593749999999 0.4371883191025042
1.2909375000000001 0.4371952230935784
1.2910156250000000 0.4372021270962632
1.2910937499999999 0.4372090310993517
1.2911718750000001 0.4372159351138384
1.2912500000000000 0.4372228391289380
1.2913281249999999 0.4372297431552247
1.2914062500000001 0.4372366471823304
1.2914843750000000 0.4372435512204155
1.2915624999999999 0.4372504552595244
1.2916406250000001 0.4372573593094042
1.2917187500000000 0.4372642633605128
1.2917968750000000 0.4372711674221845
1.2918750000000001 0.4372780714852900
1.2919531250000000 0.4372849755587509
1.2920312500000000 0.4372918796338493
1.2921093750000001 0.4372987837190966
1.2921875000000000 0.4373056878061851
1.2922656250000000 0.4373125919032156
1.2923437500000001 0.4373194960022907
1.2924218750000001 0.4373264001111023
1.2925000000000000 0.4373333042221607
1.2925781250000001 0.4373402083427490
1.2926562500000001 0.4373471124657886
1.2927343750000000 0.4373540165981512
1.2928124999999999 0.4373609207331683
1.2928906250000001 0.4373678248773012
1.2929687500000000 0.4373747290242939
1.2930468749999999 0.4373816331801938
1.2931250000000001 0.4373885373391589
1.2932031250000000 0.4373954415068223
1.2932812499999999 0.4374023456777574
1.2933593750000001 0.4374092498571807
1.2934375000000000 0.4374161540400830
1.2935156249999999 0.4374230582312628
1.2935937500000001 0.4374299624261299
1.2936718750000000 0.4374368666290627
1.2937500000000000 0.4374437708358919
1.2938281250000001 0.4374506750505739
1.2939062500000000 0.4374575792693624
1.2939843750000000 0.4374644834957901
1.2940625000000001 0.4374713877265360
1.2941406250000000 0.4374782919647051
1.2942187500000000 0.4374851962074063
1.2942968750000001 0.4374921004573129
1.2943750000000001 0.4374990047119675
1.2944531250000000 0.4375059089736069
1.2945312500000001 0.4375128132402129
1.2946093750000001 0.4375197175135812
1.2946875000000000 0.4375266217921368
1.2947656249999999 0.4375335260772296
1.2948437500000001 0.4375404303677326
1.2949218750000000 0.4375473346645465
1.2949999999999999 0.4375542389669947
1.2950781250000001 0.4375611432755248
1.2951562500000000 0.4375680475899166
1.2952343749999999 0.4375749519101585
1.2953125000000001 0.4375818562364922
1.2953906250000000 0.4375887605684415
1.2954687499999999 0.4375956649067159
1.2955468750000001 0.4376025692503679
1.2956250000000000 0.4376094736005809
1.2957031250000000 0.4376163779559314
1.2957812500000001 0.4376232823180815
1.2958593750000000 0.4376301866851255
1.2959375000000000 0.4376370910592116
1.2960156250000001 0.4376439954379438
1.2960937500000000 0.4376508998239650
1.2961718750000000 0.4376578042143812
1.2962500000000001 0.4376647086123354
1.2963281250000001 0.4376716130144302
1.2964062500000000 0.4376785174243171
1.2964843750000001 0.4376854218380855
1.2965625000000001 0.4376923262599032
1.2966406250000000 0.4376992306853408
1.2967187499999999 0.4377061351190883
1.2967968750000001 0.4377130395561898
1.2968750000000000 0.4377199440018661
1.2969531249999999 0.4377268484506264
1.2970312500000001 0.4377337529082301
1.2971093750000000 0.4377406573686440
1.2971874999999999 0.4377475618381749
1.2972656250000001 0.4377544663102370
1.2973437500000000 0.4377613707916937
1.2974218749999999 0.4377682752753987
1.2975000000000001 0.4377751797687807
1.2975781250000000 0.4377820842641236
1.2976562500000000 0.4377889887694296
1.2977343750000001 0.4377958932764052
1.2978125000000000 0.4378027977936345
1.2978906250000000 0.4378097023122368
1.2979687500000001 0.4378166068413895
1.2980468750000000 0.4378235113716127
1.2981250000000000 0.4378304159126881
1.2982031250000001 0.4378373204545269
1.2982812500000001 0.4378442250075241
1.2983593750000000 0.4378511295609731
1.2984375000000001 0.4378580341258915
1.2985156250000001 0.4378649386909449
1.2985937500000000 0.4378718432677844
1.2986718749999999 0.4378787478444366
1.2987500000000001 0.4378856524331963
1.2988281250000000 0.4378925570214415
1.2989062499999999 0.4378994616221214
1.2989843750000001 0.4379063662219538
1.2990625000000000 0.4379132708345532
1.2991406249999999 0.4379201754459673
1.2992187500000001 0.4379270800704859
1.2992968750000000 0.4379339846934757
1.2993749999999999 0.4379408893299131
1.2994531250000001 0.4379477939644728
1.2995312500000000 0.4379546986128294
1.2996093750000000 0.4379616032589526
1.2996875000000001 0.4379685079192279
1.2997656250000000 0.4379754125769087
1.2998437500000000 0.4379823172491030
1.2999218750000001 0.4379892219183356
1.3000000000000000 0.4379961266024475
1.3000781250000000 0.4380030312832267
1.3001562500000001 0.4380099359792561
1.3002343750000001 0.4380168406715756
1.3003125000000000 0.4380237453795232
1.3003906250000001 0.4380306500833765
1.3004687500000001 0.4380375548032416
1.3005468750000000 0.4380444595186234
1.3006249999999999 0.4380513642504058
1.3007031250000001 0.4380582689773096
1.3007812500000000 0.4380651737210097
1.3008593749999999 0.4380720784594292
1.3009375000000001 0.4380789832150472
1.3010156250000000 0.4380858879649761
1.3010937499999999 0.4380927927325114
1.3011718750000001 0.4380996974939443
1.3012500000000000 0.4381066022733972
1.3013281249999999 0.4381135070463274
1.3014062500000001 0.4381204118376979
1.3014843750000000 0.4381273166221195
1.3015625000000000 0.4381342214254075
1.3016406250000001 0.4381411262213138
1.3017187500000000 0.4381480310365199
1.3017968750000000 0.4381549358439051
1.3018750000000001 0.4381618406710290
1.3019531250000000 0.4381687454898869
1.3020312500000000 0.4381756503289285
1.3021093750000001 0.4381825551592533
1.3021875000000001 0.4381894600102119
1.3022656250000000 0.4381963648519973
1.3023437500000001 0.4382032697148739
1.3024218750000001 0.4382101745681138
1.3025000000000000 0.4382170794429082
1.3025781249999999 0.4382239843075962
1.3026562500000001 0.4382308891943081
1.3027343750000000 0.4382377940704382
1.3028124999999999 0.4382446989690682
1.3028906250000001 0.4382516038566340
1.3029687500000000 0.4382585087671814
1.3030468749999999 0.4382654136661776
1.3031250000000001 0.4382723185886427
1.3032031250000000 0.4382792234990621
1.3032812499999999 0.4382861284334451
1.3033593750000001 0.4382930333552823
1.3034375000000000 0.4382999383015833
1.3035156250000000 0.4383068432348313
1.3035937500000001 0.4383137481930499
1.3036718750000000 0.4383206531377032
1.3037500000000000 0.4383275581078400
1.3038281250000001 0.4383344630638927
1.3039062500000000 0.4383413680459471
1.3039843750000000 0.4383482730133925
1.3040625000000001 0.4383551780073648
1.3041406250000001 0.4383620829861967
1.3042187500000000 0.4383689879920871
1.3042968750000001 0.4383758929822996
1.3043750000000001 0.4383827980001079
1.3044531250000000 0.4383897030016954
1.3045312499999999 0.4383966080314212
1.3046093750000001 0.4384035130443773
1.3046875000000000 0.4384104180860206
1.3047656249999999 0.4384173231103390
1.3048437500000001 0.4384242281639000
1.3049218750000000 0.4384311331995755
1.3049999999999999 0.4384380382650533
1.3050781250000001 0.4384449433120794
1.3051562500000000 0.4384518483894745
1.3052343749999999 0.4384587534478454
1.3053125000000001 0.4384656585371570
1.3053906250000000 0.4384725636068669
1.3054687500000000 0.4384794687080957
1.3055468750000001 0.4384863737891382
1.3056250000000000 0.4384932789022833
1.3057031250000000 0.4385001839946533
1.3057812500000001 0.4385070891197142
1.3058593750000000 0.4385139942234056
1.3059375000000000 0.4385208993603824
1.3060156250000001 0.4385278044753895
1.3060937500000001 0.4385347096242814
1.3061718750000000 0.4385416147505982
1.3062500000000001 0.4385485199114053
1.3063281250000001 0.4385554250490263
1.3064062500000000 0.4385623302217478
1.3064843749999999 0.4385692353706672
1.3065625000000001 0.4385761405553028
1.3066406250000000 0.4385830457155151
1.3067187499999999 0.4385899509120644
1.3067968750000001 0.4385968560835637
1.3068750000000000 0.4386037612920267
1.3069531249999999 0.4386106664748073
1.3070312500000001 0.4386175716951825
1.3071093750000000 0.4386244768892393
1.3071874999999999 0.4386313821215266
1.3072656250000001 0.4386382873268543
1.3073437500000000 0.4386451925710521
1.3074218750000000 0.4386520977876455
1.3075000000000001 0.4386590030437535
1.3075781250000000 0.4386659082716071
1.3076562500000000 0.4386728135396244
1.3077343750000001 0.4386797187787334
1.3078125000000000 0.4386866240586587
1.3078906250000000 0.4386935293090171
1.3079687500000001 0.4387004346008507
1.3080468750000001 0.4387073398624531
1.3081250000000000 0.4387142451661936
1.3082031250000001 0.4387211504390344
1.3082812500000001 0.4387280557546822
1.3083593750000000 0.4387349610387569
1.3084374999999999 0.4387418663663086
1.3085156250000001 0.4387487716616126
1.3085937500000000 0.4387556770010679
1.3086718749999999 0.4387625823075962
1.3087500000000001 0.4387694876589542
1.3088281250000000 0.4387763929767011
1.3089062499999999 0.4387832983399607
1.3089843750000001 0.4387902036689221
1.3090625000000000 0.4387971090440812
1.3091406249999999 0.4388040143842529
1.3092187500000001 0.4388109197713096
1.3092968750000000 0.4388178251226866
1.3093750000000000 0.4388247305216404
1.3094531250000001 0.4388316358842176
1.3095312500000000 0.4388385412950672
1.3096093750000000 0.4388454466688401
1.3096875000000001 0.4388523520915840
1.3097656250000000 0.4388592574765474
1.3098437500000000 0.4388661629111837
1.3099218750000001 0.4388730683073343
1.3100000000000001 0.4388799737538613
1.3100781250000000 0.4388868791611940
1.3101562500000001 0.4388937846196107
1.3102343750000001 0.4389006900381204
1.3103125000000000 0.4389075955084248
1.3103906249999999 0.4389145009381080
1.3104687500000001 0.4389214064202978
1.3105468750000000 0.4389283118611503
1.3106249999999999 0.4389352173552236
1.3107031250000001 0.4389421228072413
1.3107812500000000 0.4389490283131966
1.3108593749999999 0.4389559337763749
1.3109375000000001 0.4389628392942098
1.3110156250000000 0.4389697447685456
1.3110937499999999 0.4389766502982576
1.3111718750000001 0.4389835557837463
1.3112500000000000 0.4389904613253339
1.3113281250000000 0.4389973668219723
1.3114062500000001 0.4390042723754318
1.3114843750000000 0.4390111778832158
1.3115625000000000 0.4390180834485465
1.3116406250000001 0.4390249889674720
1.3117187500000000 0.4390318945446708
1.3117968750000000 0.4390388000747343
1.3118750000000001 0.4390457056637992
1.3119531250000001 0.4390526112049968
1.3120312500000000 0.4390595168059249
1.3121093750000001 0.4390664223582535
1.3121875000000001 0.4390733279710424
1.3122656250000000 0.4390802335344984
1.3123437499999999 0.4390871391591452
1.3124218750000001 0.4390940447337253
1.3125000000000000 0.4391009503702269
1.3125781249999999 0.4391078559559283
1.3126562500000001 0.4391147616042819
1.3127343750000000 0.4391216672011010
1.3128124999999999 0.4391285728613041
1.3128906250000001 0.4391354784692378
1.3129687500000000 0.4391423841412868
1.3130468749999999 0.4391492897603323
1.3131250000000001 0.4391561954442242
1.3132031250000000 0.4391631010743786
1.3132812500000000 0.4391700067701104
1.3133593750000001 0.4391769124113707
1.3134375000000000 0.4391838181189385
1.3135156250000000 0.4391907237713024
1.3135937500000001 0.4391976294907035
1.3136718750000000 0.4392045351541681
1.3137500000000000 0.4392114408853980
1.3138281250000001 0.4392183465599606
1.3139062500000001 0.4392252523030171
1.3139843750000000 0.4392321579886749
1.3140625000000001 0.4392390637435542
1.3141406250000001 0.4392459694403045
1.3142187500000000 0.4392528752070023
1.3142968749999999 0.4392597809148441
1.3143750000000001 0.4392666866933566
1.3144531250000000 0.4392735924122864
1.3145312499999999 0.4392804982026102
1.3146093750000001 0.4392874039326262
1.3146875000000000 0.4392943097347572
1.3147656249999999 0.4393012154758573
1.3148437500000001 0.4393081212897915
1.3149218750000000 0.4393150270419734
1.3149999999999999 0.4393219328677072
1.3150781250000001 0.4393288386309687
1.3151562500000000 0.4393357444684978
1.3152343750000000 0.4393426502428371
1.3153125000000001 0.4393495560921573
1.3153906250000000 0.4393564618775729
1.3154687500000000 0.4393633677386790
1.3155468750000001 0.4393702735351698
1.3156250000000000 0.4393771794080574
1.3157031250000000 0.4393840852156214
1.3157812500000001 0.4393909911002864
1.3158593750000001 0.4393978969189221
1.3159375000000000 0.4394048028153599
1.3160156250000001 0.4394117086450654
1.3160937500000001 0.4394186145532713
1.3161718750000000 0.4394255203940460
1.3162499999999999 0.4394324263140150
1.3163281250000001 0.4394393321658571
1.3164062500000000 0.4394462380975849
1.3164843749999999 0.4394531439604933
1.3165625000000001 0.4394600499039741
1.3166406250000000 0.4394669557779483
1.3167187499999999 0.4394738617331776
1.3167968750000001 0.4394807676182161
1.3168750000000000 0.4394876735851884
1.3169531249999999 0.4394945794812902
1.3170312500000001 0.4395014854600007
1.3171093750000000 0.4395083913671652
1.3171875000000000 0.4395152973576087
1.3172656250000001 0.4395222032758345
1.3173437500000000 0.4395291092780063
1.3174218750000000 0.4395360152072926
1.3175000000000001 0.4395429212211859
1.3175781250000000 0.4395498271615335
1.3176562500000000 0.4395567331871432
1.3177343750000001 0.4395636391385508
1.3178125000000001 0.4395705451758715
1.3178906250000000 0.4395774511383385
1.3179687500000001 0.4395843571873644
1.3180468750000001 0.4395912631608905
1.3181250000000000 0.4395981692216160
1.3182031249999999 0.4396050752062015
1.3182812500000001 0.4396119812786198
1.3183593750000000 0.4396188872742647
1.3184374999999999 0.4396257933583705
1.3185156250000001 0.4396326993650740
1.3185937500000000 0.4396396054608617
1.3186718749999999 0.4396465114786240
1.3187500000000001 0.4396534175860868
1.3188281250000000 0.4396603236149083
1.3189062499999999 0.4396672297340399
1.3189843750000001 0.4396741357739208
1.3190625000000000 0.4396810419047149
1.3191406250000000 0.4396879479556560
1.3192187500000001 0.4396948540981062
1.3192968750000000 0.4397017601601070
1.3193750000000000 0.4397086663142073
1.3194531250000001 0.4397155723872684
1.3195312500000000 0.4397224785530117
1.3196093750000000 0.4397293846371340
1.3196875000000001 0.4397362908145139
1.3197656250000001 0.4397431969096980
1.3198437500000000 0.4397501030987073
1.3199218750000001 0.4397570092049542
1.3200000000000001 0.4397639154055863
1.3200781250000000 0.4397708215228964
1.3201562499999999 0.4397777277351445
1.3202343750000001 0.4397846338635190
1.3203125000000000 0.4397915400873757
1.3203906249999999 0.4397984462268156
1.3204687500000001 0.4398053524622740
1.3205468750000000 0.4398122586127806
1.3206249999999999 0.4398191648598332
1.3207031250000001 0.4398260710214075
1.3207812500000000 0.4398329772800472
1.3208593749999999 0.4398398834526906
1.3209375000000001 0.4398467897229097
1.3210156250000000 0.4398536959066239
1.3210937500000000 0.4398606021884153
1.3211718750000001 0.4398675083832012
1.3212500000000000 0.4398744146765569
1.3213281250000000 0.4398813208824166
1.3214062500000001 0.4398882271873296
1.3214843750000000 0.4398951334042637
1.3215625000000000 0.4399020397207264
1.3216406250000001 0.4399089459487370
1.3217187500000001 0.4399158522767415
1.3217968750000000 0.4399227585158303
1.3218750000000001 0.4399296648553685
1.3219531250000001 0.4399365711055378
1.3220312500000000 0.4399434774566018
1.3221093749999999 0.4399503837178533
1.3221875000000001 0.4399572900804345
1.3222656250000000 0.4399641963527712
1.3223437499999999 0.4399711027268617
1.3224218750000001 0.4399780090102849
1.3225000000000000 0.4399849153958763
1.3225781249999999 0.4399918216903884
1.3226562500000001 0.4399987280874729
1.3227343750000000 0.4400056343930763
1.3228124999999999 0.4400125408016447
1.3228906250000001 0.4400194471183416
1.3229687500000000 0.4400263535383860
1.3230468750000000 0.4400332598661800
1.3231250000000001 0.4400401662976908
1.3232031250000000 0.4400470726365837
1.3232812500000000 0.4400539790795527
1.3233593750000001 0.4400608854295476
1.3234375000000000 0.4400677918839658
1.3235156250000000 0.4400746982450658
1.3235937500000001 0.4400816047109241
1.3236718750000001 0.4400885110831317
1.3237500000000000 0.4400954175604218
1.3238281250000001 0.4401023239437395
1.3239062500000001 0.4401092304324520
1.3239843750000000 0.4401161368268836
1.3240624999999999 0.4401230433270092
1.3241406250000001 0.4401299497325574
1.3242187500000000 0.4401368562440873
1.3242968749999999 0.4401437626607558
1.3243750000000001 0.4401506691836801
1.3244531250000000 0.4401575756114718
1.3245312499999999 0.4401644821457814
1.3246093750000001 0.4401713885847001
1.3246875000000000 0.4401782951303853
1.3247656249999999 0.4401852015804344
1.3248437500000001 0.4401921081374858
1.3249218750000000 0.4401990145986689
1.3250000000000000 0.4402059211670761
1.3250781250000001 0.4402128276393973
1.3251562500000000 0.4402197342191514
1.3252343750000000 0.4402266407026137
1.3253125000000001 0.4402335472937050
1.3253906250000000 0.4402404537883123
1.3254687500000000 0.4402473603907303
1.3255468750000001 0.4402542668964871
1.3256250000000001 0.4402611735102218
1.3257031250000000 0.4402680800271324
1.3257812500000001 0.4402749866521732
1.3258593750000001 0.4402818931802413
1.3259375000000000 0.4402887998165785
1.3260156249999999 0.4402957063558088
1.3260937500000001 0.4403026130034318
1.3261718750000000 0.4403095195538285
1.3262499999999999 0.4403164262127265
1.3263281250000001 0.4403233327742944
1.3264062500000000 0.4403302394444573
1.3264843749999999 0.4403371460172000
1.3265625000000001 0.4403440526986177
1.3266406250000000 0.4403509592825404
1.3267187499999999 0.4403578659752017
1.3267968750000001 0.4403647725703091
1.3268750000000000 0.4403716792742030
1.3269531250000000 0.4403785858805001
1.3270312500000001 0.4403854925956156
1.3271093750000000 0.4403923992131075
1.3271875000000000 0.4403993059394339
1.3272656250000001 0.4404062125681246
1.3273437500000000 0.4404131193056512
1.3274218750000000 0.4404200259455469
1.3275000000000001 0.4404269326942615
1.3275781250000001 0.4404338393453668
1.3276562500000000 0.4404407461052595
1.3277343750000001 0.4404476527675797
1.3278125000000001 0.4404545595386386
1.3278906250000000 0.4404614662121787
1.3279687499999999 0.4404683729943926
1.3280468750000001 0.4404752796791583
1.3281250000000000 0.4404821864725156
1.3282031249999999 0.4404890931685119
1.3282812500000001 0.4404959999730017
1.3283593750000000 0.4405029066802347
1.3284374999999999 0.4405098134958441
1.3285156250000001 0.4405167202143199
1.3285937500000000 0.4405236270410373
1.3286718749999999 0.4405305337707617
1.3287500000000001 0.4405374406085754
1.3288281250000000 0.4405443473495543
1.3289062500000000 0.4405512541984522
1.3289843750000001 0.4405581609506912
1.3290625000000000 0.4405650678106616
1.3291406250000000 0.4405719745741672
1.3292187500000001 0.4405788814451973
1.3292968750000000 0.4405857882199757
1.3293750000000000 0.4405926951020537
1.3294531250000001 0.4405996018881108
1.3295312500000001 0.4406065087812245
1.3296093750000000 0.4406134155785664
1.3296875000000001 0.4406203224827039
1.3297656250000001 0.4406272292913374
1.3298437500000000 0.4406341362064853
1.3299218749999999 0.4406410430264169
1.3300000000000001 0.4406479499525630
1.3300781250000000 0.4406548567837992
1.3301562499999999 0.4406617637209316
1.3302343750000001 0.4406686705634784
1.3303125000000000 0.4406755775115838
1.3303906249999999 0.4406824843654490
1.3304687500000001 0.4406893913245145
1.3305468750000000 0.4406962981897041
1.3306249999999999 0.4407032051597172
1.3307031250000001 0.4407101120362383
1.3307812500000000 0.4407170190171857
1.3308593750000000 0.4407239259050454
1.3309375000000001 0.4407308328969148
1.3310156250000000 0.4407377397961197
1.3310937500000000 0.4407446467988972
1.3311718750000001 0.4407515537094553
1.3312500000000000 0.4407584607231281
1.3313281250000000 0.4407653676450459
1.3314062500000001 0.4407722746696007
1.3314843750000001 0.4407791816028859
1.3315625000000000 0.4407860886383090
1.3316406250000001 0.4407929955829692
1.3317187500000001 0.4407999026292470
1.3317968750000000 0.4408068095852899
1.3318749999999999 0.4408137166424088
1.3319531250000001 0.4408206236098420
1.3320312500000000 0.4408275306777885
1.3321093749999999 0.4408344376566189
1.3321875000000001 0.4408413447353797
1.3322656250000000 0.4408482517256156
1.3323437499999999 0.4408551588151771
1.3324218750000001 0.4408620658168255
1.3325000000000000 0.4408689729171737
1.3325781249999999 0.4408758799302431
1.3326562500000001 0.4408827870413641
1.3327343750000000 0.4408896940658617
1.3328125000000000 0.4408966011877423
1.3328906250000001 0.4409035082236765
1.3329687500000000 0.4409104153563018
1.3330468750000000 0.4409173224036805
1.3331250000000001 0.4409242295470371
1.3332031250000000 0.4409311366058682
1.3332812500000000 0.4409380437599417
1.3333593750000001 0.4409449508302340
1.3334375000000001 0.4409518579950097
1.3335156250000000 0.4409587650767715
1.3335937500000001 0.4409656722522353
1.3336718750000001 0.4409725793454744
1.3337500000000000 0.4409794865316126
1.3338281249999999 0.4409863936363371
1.3339062500000001 0.4409933008331351
1.3339843750000000 0.4410002079493539
1.3340624999999999 0.4410071151567970
1.3341406250000001 0.4410140222845185
1.3342187500000000 0.4410209295025924
1.3342968749999999 0.4410278366418249
1.3343750000000001 0.4410347438705151
1.3344531250000000 0.4410416510212675
1.3345312499999999 0.4410485582605590
1.3346093750000001 0.4410554654228402
1.3346875000000000 0.4410623726727185
1.3347656250000000 0.4410692798465367
1.3348437500000001 0.4410761871069872
1.3349218750000000 0.4410830942923513
1.3350000000000000 0.4410900015633597
1.3350781250000001 0.4410969087602785
1.3351562500000000 0.4411038160418288
1.3352343750000000 0.4411107232503115
1.3353125000000001 0.4411176305423899
1.3353906250000001 0.4411245377624449
1.3354687500000000 0.4411314450650359
1.3355468750000001 0.4411383522966721
1.3356250000000001 0.4411452596097614
1.3357031250000000 0.4411521668529887
1.3357812499999999 0.4411590741765598
1.3358593750000001 0.4411659814313867
1.3359375000000000 0.4411728887654263
1.3360156249999999 0.4411797960318615
1.3360937500000001 0.4411867033763534
1.3361718750000000 0.4411936106544065
1.3362499999999999 0.4412005180093365
1.3363281250000001 0.4412074252990162
1.3364062500000000 0.4412143326643684
1.3364843749999999 0.4412212399656840
1.3365625000000001 0.4412281473414440
1.3366406250000000 0.4412350546544046
1.3367187500000000 0.4412419620405568
1.3367968750000001 0.4412488693651718
1.3368750000000000 0.4412557767617010
1.3369531250000000 0.4412626840979794
1.3370312500000001 0.4412695915048706
1.3371093750000000 0.4412764988528222
1.3371875000000000 0.4412834062700595
1.3372656250000001 0.4412903136296930
1.3373437500000001 0.4412972210572624
1.3374218750000000 0.4413041284285867
1.3375000000000001 0.4413110358664725
1.3375781250000001 0.4413179432494970
1.3376562500000000 0.4413248506976838
1.3377343749999999 0.4413317580924184
1.3378125000000001 0.4413386655508907
1.3378906250000000 0.4413455729573446
1.3379687499999999 0.4413524804260874
1.3380468750000001 0.4413593878442693
1.3381250000000000 0.4413662953232675
1.3382031249999999 0.4413732027531869
1.3382812500000001 0.4413801102424254
1.3383593750000000 0.4413870176840916
1.3384374999999999 0.4413939251835547
1.3385156250000001 0.4414008326369768
1.3385937500000000 0.4414077401466498
1.3386718750000000 0.4414146476118375
1.3387500000000001 0.4414215551317044
1.3388281250000000 0.4414284626086668
1.3389062500000000 0.4414353701387128
1.3389843750000001 0.4414422776274591
1.3390625000000000 0.4414491851676691
1.3391406250000000 0.4414560926682084
1.3392187500000001 0.4414630002185670
1.3392968750000001 0.4414699077309092
1.3393750000000000 0.4414768152914013
1.3394531250000001 0.4414837228155545
1.3395312500000001 0.4414906303861649
1.3396093750000000 0.4414975379221392
1.3396874999999999 0.4415044455028530
1.3397656250000001 0.4415113530506568
1.3398437500000000 0.4415182606414588
1.3399218749999999 0.4415251682011014
1.3400000000000001 0.4415320758019770
1.3400781250000000 0.4415389833734670
1.3401562499999999 0.4415458909844011
1.3402343750000001 0.4415527985677480
1.3403125000000000 0.4415597061887255
1.3403906249999999 0.4415666137839381
1.3404687500000001 0.4415735214149446
1.3405468750000000 0.4415804290220311
1.3406250000000000 0.4415873366630514
1.3407031250000001 0.4415942442820219
1.3407812500000000 0.4416011519330408
1.3408593750000000 0.4416080595639034
1.3409375000000001 0.4416149672249070
1.3410156250000000 0.4416218748676702
1.3410937500000000 0.4416287825386436
1.3411718750000001 0.4416356901933161
1.3412500000000001 0.4416425978742446
1.3413281250000000 0.4416495055408348
1.3414062500000001 0.4416564132317051
1.3414843750000001 0.4416633209102211
1.3415625000000000 0.4416702286110180
1.3416406249999999 0.4416771363014684
1.3417187500000001 0.4416840440121774
1.3417968750000000 0.4416909517145712
1.3418749999999999 0.4416978594351781
1.3419531250000001 0.4417047671495231
1.3420312500000000 0.4417116748800139
1.3421093749999999 0.4417185826063177
1.3421875000000001 0.4417254903466787
1.3422656250000000 0.4417323980849500
1.3423437499999999 0.4417393058351673
1.3424218750000001 0.4417462135854135
1.3425000000000000 0.4417531213454726
1.3425781250000000 0.4417600291077021
1.3426562500000001 0.4417669368775897
1.3427343750000000 0.4417738446518099
1.3428125000000000 0.4417807524315119
1.3428906250000001 0.4417876602177307
1.3429687500000000 0.4417945680072344
1.3430468750000000 0.4418014758054588
1.3431250000000001 0.4418083836047504
1.3432031250000001 0.4418152914149877
1.3432812500000000 0.4418221992240540
1.3433593750000001 0.4418291070463120
1.3434375000000001 0.4418360148651396
1.3435156250000000 0.4418429226994253
1.3435937499999999 0.4418498305280018
1.3436718750000001 0.4418567383743219
1.3437500000000000 0.4418636462126339
1.3438281249999999 0.4418705540709951
1.3439062500000001 0.4418774619190305
1.3439843750000000 0.4418843697894396
1.3440624999999999 0.4418912776471857
1.3441406250000001 0.4418981855296490
1.3442187500000000 0.4419050933970937
1.3442968749999999 0.4419120012916172
1.3443750000000001 0.4419189091687478
1.3444531250000000 0.4419258170753386
1.3445312500000000 0.4419327249621430
1.3446093750000001 0.4419396328808071
1.3446875000000000 0.4419465407772731
1.3447656250000000 0.4419534487080160
1.3448437500000001 0.4419603566141328
1.3449218750000000 0.4419672645569598
1.3450000000000000 0.4419741724727155
1.3450781250000001 0.4419810804276326
1.3451562500000001 0.4419879883530154
1.3452343750000000 0.4419948963200280
1.3453125000000001 0.4420018042550273
1.3453906250000001 0.4420087122341403
1.3454687500000000 0.4420156201787447
1.3455468749999999 0.4420225281699630
1.3456250000000001 0.4420294361241621
1.3457031250000000 0.4420363441274909
1.3457812499999999 0.4420432520912735
1.3458593750000001 0.4420501601067169
1.3459375000000000 0.4420570680800731
1.3460156249999999 0.4420639761076358
1.3460937500000001 0.4420708840905547
1.3461718750000000 0.4420777921302410
1.3462499999999999 0.4420847001227132
1.3463281250000001 0.4420916081745268
1.3464062500000000 0.4420985161765423
1.3464843750000000 0.4421054242404873
1.3465625000000001 0.4421123322520359
1.3466406250000000 0.4421192403281160
1.3467187500000000 0.4421261483491883
1.3467968750000001 0.4421330564374069
1.3468750000000000 0.4421399644679946
1.3469531250000000 0.4421468725683541
1.3470312500000001 0.4421537806084475
1.3471093750000001 0.4421606887209513
1.3471875000000000 0.4421675967705425
1.3472656250000001 0.4421745048951933
1.3473437500000001 0.4421814129542729
1.3474218750000000 0.4421883210910731
1.3474999999999999 0.4421952291596330
1.3475781250000001 0.4422021373085852
1.3476562500000000 0.4422090453866173
1.3477343749999999 0.4422159535477228
1.3478125000000001 0.4422228616352201
1.3478906250000000 0.4422297698084803
1.3479687499999999 0.4422366779054351
1.3480468750000001 0.4422435860908518
1.3481250000000000 0.4422504941972567
1.3482031249999999 0.4422574023948314
1.3482812500000001 0.4422643105106789
1.3483593750000000 0.4422712187204123
1.3484375000000000 0.4422781268456966
1.3485156250000001 0.4422850350675893
1.3485937500000000 0.4422919432023029
1.3486718750000000 0.4422988514363556
1.3487500000000001 0.4423057595804928
1.3488281250000000 0.4423126678267056
1.3489062500000000 0.4423195759802603
1.3489843750000001 0.4423264842386330
1.3490625000000001 0.4423333924015994
1.3491406250000000 0.4423403006721322
1.3492187500000001 0.4423472088445047
1.3492968750000001 0.4423541171271960
1.3493750000000000 0.4423610253089699
1.3494531249999999 0.4423679336038197
1.3495312500000001 0.4423748417949898
1.3496093750000000 0.4423817501019963
1.3496874999999999 0.4423886583025580
1.3497656250000001 0.4423955666217204
1.3498437500000000 0.4424024748316687
1.3499218749999999 0.4424093831629852
1.3500000000000001 0.4424162913823171
1.3500781250000000 0.4424231997257848
1.3501562499999999 0.4424301079544968
1.3502343750000001 0.4424370163101134
1.3503125000000000 0.4424439245482014
1.3503906250000000 0.4424508329159652
1.3504687500000001 0.4424577411634259
1.3505468750000000 0.4424646495433333
1.3506250000000000 0.4424715578001640
1.3507031250000001 0.4424784661922125
1.3507812500000000 0.4424853744584100
1.3508593750000000 0.4424922828625959
1.3509375000000001 0.4424991911381587
1.3510156250000001 0.4425060995544779
1.3510937500000000 0.4425130078394039
1.3511718750000001 0.4425199162678523
1.3512500000000001 0.4425268245621398
1.3513281250000000 0.4425337330027130
1.3514062499999999 0.4425406413063608
1.3514843750000001 0.4425475497590543
1.3515625000000000 0.4425544580720606
1.3516406249999999 0.4425613665368697
1.3517187500000001 0.4425682748592338
1.3517968750000000 0.4425751833361531
1.3518749999999999 0.4425820916678753
1.3519531250000001 0.4425890001568986
1.3520312500000000 0.4425959084979777
1.3521093749999999 0.4426028169991003
1.3521875000000001 0.4426097253495368
1.3522656250000000 0.4426166338627513
1.3523437500000000 0.4426235422225464
1.3524218750000001 0.4426304507478462
1.3525000000000000 0.4426373591170002
1.3525781250000000 0.4426442676543793
1.3526562500000001 0.4426511760328928
1.3527343750000000 0.4426580845823439
1.3528125000000000 0.4426649929702181
1.3528906250000001 0.4426719015317347
1.3529687500000001 0.4426788099289706
1.3530468750000000 0.4426857185025441
1.3531250000000001 0.4426926269091448
1.3532031250000001 0.4426995354947675
1.3532812500000000 0.4427064439107347
1.3533593749999999 0.4427133525083981
1.3534375000000001 0.4427202609337347
1.3535156250000000 0.4427271695434299
1.3535937499999999 0.4427340779781384
1.3536718750000001 0.4427409865998567
1.3537500000000000 0.4427478950439408
1.3538281249999999 0.4427548036776728
1.3539062500000001 0.4427617121311356
1.3539843750000000 0.4427686207768722
1.3540624999999999 0.4427755292397174
1.3541406250000001 0.4427824378974485
1.3542187500000000 0.4427893463696804
1.3542968750000000 0.4427962550393956
1.3543750000000001 0.4428031635210181
1.3544531250000000 0.4428100722027081
1.3545312500000000 0.4428169806937255
1.3546093750000001 0.4428238893873788
1.3546875000000000 0.4428307978877969
1.3547656250000000 0.4428377065934024
1.3548437500000001 0.4428446151032263
1.3549218750000001 0.4428515238207724
1.3550000000000000 0.4428584323400082
1.3550781250000001 0.4428653410694831
1.3551562500000001 0.4428722495981363
1.3552343750000000 0.4428791583395286
1.3553124999999999 0.4428860668776046
1.3553906250000001 0.4428929756309024
1.3554687500000000 0.4428998841784085
1.3555468749999999 0.4429067929435987
1.3556250000000001 0.4429137015005410
1.3557031250000000 0.4429206102776112
1.3557812499999999 0.4429275188439974
1.3558593750000001 0.4429344276329339
1.3559375000000000 0.4429413362087711
1.3560156249999999 0.4429482450095610
1.3560937500000001 0.4429551535948570
1.3561718750000000 0.4429620624074864
1.3562500000000000 0.4429689710022481
1.3563281250000001 0.4429758798267037
1.3564062500000000 0.4429827884309405
1.3564843750000000 0.4429896972672075
1.3565625000000001 0.4429966058809263
1.3566406250000000 0.4430035147289911
1.3567187500000000 0.4430104233522015
1.3567968750000001 0.4430173322120483
1.3568750000000001 0.4430242408447601
1.3569531250000000 0.4430311497163739
1.3570312500000001 0.4430380583585954
1.3571093750000001 0.4430449672419609
1.3571875000000000 0.4430518758937020
1.3572656249999999 0.4430587847888043
1.3573437500000001 0.4430656934500742
1.3574218750000000 0.4430726023568971
1.3574999999999999 0.4430795110277067
1.3575781250000001 0.4430864199462337
1.3576562500000000 0.4430933286265926
1.3577343749999999 0.4431002375568081
1.3578125000000001 0.4431071462467272
1.3578906250000000 0.4431140551886144
1.3579687499999999 0.4431209638881041
1.3580468750000001 0.4431278728416463
1.3581250000000000 0.4431347815507176
1.3582031250000000 0.4431416905158978
1.3582812500000001 0.4431485992345623
1.3583593750000000 0.4431555082113633
1.3584375000000000 0.4431624169396315
1.3585156250000001 0.4431693259280363
1.3585937500000000 0.4431762346659203
1.3586718750000000 0.4431831436659113
1.3587500000000001 0.4431900524134226
1.3588281250000001 0.4431969614249811
1.3589062500000000 0.4432038701821326
1.3589843750000001 0.4432107792052411
1.3590625000000001 0.4432176879720442
1.3591406250000000 0.4432245970066842
1.3592187499999999 0.4432315057831525
1.3592968750000001 0.4432384148293054
1.3593750000000000 0.4432453236154506
1.3594531249999999 0.4432522326730980
1.3595312500000001 0.4432591414689334
1.3596093750000000 0.4432660505380562
1.3596874999999999 0.4432729593435948
1.3597656250000001 0.4432798684241738
1.3598437500000000 0.4432867772394290
1.3599218749999999 0.4432936863314452
1.3600000000000001 0.4433005951564304
1.3600781250000000 0.4433075042598641
1.3601562500000000 0.4433144130945929
1.3602343750000001 0.4433213222094247
1.3603125000000000 0.4433282310539111
1.3603906250000000 0.4433351401801210
1.3604687500000001 0.4433420490343782
1.3605468750000000 0.4433489581719471
1.3606250000000000 0.4433558670359899
1.3607031250000001 0.4433627761848964
1.3607812500000001 0.4433696850587389
1.3608593750000000 0.4433765942189638
1.3609375000000001 0.4433835031026205
1.3610156250000001 0.4433904122741428
1.3610937500000000 0.4433973211676285
1.3611718749999999 0.4434042303504275
1.3612500000000001 0.4434111392537570
1.3613281250000000 0.4434180484478120
1.3614062499999999 0.4434249573610005
1.3614843750000001 0.4434318665662903
1.3615625000000000 0.4434387754893520
1.3616406249999999 0.4434456847058559
1.3617187500000001 0.4434525936388070
1.3617968750000000 0.4434595028665047
1.3618749999999999 0.4434664118093591
1.3619531250000001 0.4434733210482287
1.3620312500000000 0.4434802300010022
1.3621093750000000 0.4434871392510231
1.3621875000000001 0.4434940482137311
1.3622656250000000 0.4435009574748808
1.3623437500000000 0.4435078664475398
1.3624218750000001 0.4435147757197977
1.3625000000000000 0.4435216847024220
1.3625781250000000 0.4435285939857659
1.3626562500000001 0.4435355029783722
1.3627343750000001 0.4435424122727811
1.3628125000000000 0.4435493212753842
1.3628906250000001 0.4435562305808362
1.3629687500000001 0.4435631395934528
1.3630468750000000 0.4435700489099260
1.3631249999999999 0.4435769579325712
1.3632031250000001 0.4435838672600447
1.3632812500000000 0.4435907762927345
1.3633593749999999 0.4435976856311853
1.3634375000000001 0.4436045946739363
1.3635156250000000 0.4436115040233428
1.3635937499999999 0.4436184130761708
1.3636718750000001 0.4436253224365107
1.3637500000000000 0.4436322314994326
1.3638281249999999 0.4436391408706838
1.3639062500000001 0.4436460499437150
1.3639843750000000 0.4436529593258561
1.3640625000000000 0.4436598684090128
1.3641406250000001 0.4436667778020212
1.3642187500000000 0.4436736868953199
1.3642968750000000 0.4436805962991734
1.3643750000000001 0.4436875054026303
1.3644531250000000 0.4436944148173069
1.3645312500000000 0.4437013239309382
1.3646093750000001 0.4437082333564157
1.3646875000000001 0.4437151424802375
1.3647656250000000 0.4437220519164939
1.3648437500000001 0.4437289610505230
1.3649218750000001 0.4437358704975363
1.3650000000000000 0.4437427796417879
1.3650781249999999 0.4437496890995359
1.3651562500000001 0.4437565982540272
1.3652343750000000 0.4437635077224875
1.3653124999999999 0.4437704168872339
1.3653906250000001 0.4437773263663851
1.3654687500000000 0.4437842355414033
1.3655468749999999 0.4437911450312228
1.3656250000000001 0.4437980542165288
1.3657031250000000 0.4438049637169946
1.3657812499999999 0.4438118729126051
1.3658593750000001 0.4438187824236948
1.3659375000000000 0.4438256916296257
1.3660156250000000 0.4438326011513175
1.3660937500000001 0.4438395103675848
1.3661718750000000 0.4438464198998570
1.3662500000000000 0.4438533291264766
1.3663281250000001 0.4438602386693071
1.3664062500000000 0.4438671479062953
1.3664843750000000 0.4438740574596626
1.3665625000000001 0.4438809667070346
1.3666406250000001 0.4438878762709168
1.3667187500000000 0.4438947855286891
1.3667968750000001 0.4439016951030643
1.3668750000000001 0.4439086043712524
1.3669531250000000 0.4439155139560994
1.3670312499999999 0.4439224232347189
1.3671093750000001 0.4439293328300161
1.3671875000000000 0.4439362421190823
1.3672656249999999 0.4439431517248085
1.3673437500000001 0.4439500610243375
1.3674218750000000 0.4439569706404712
1.3674999999999999 0.4439638799504773
1.3675781250000001 0.4439707895769975
1.3676562500000000 0.4439776988974972
1.3677343749999999 0.4439846085343824
1.3678125000000001 0.4439915178653903
1.3678906250000000 0.4439984275126199
1.3679687500000000 0.4440053368541510
1.3680468750000001 0.4440122465117038
1.3681250000000000 0.4440191558637733
1.3682031250000000 0.4440260655316285
1.3682812500000001 0.4440329748942512
1.3683593750000000 0.4440398845723887
1.3684375000000000 0.4440467939455789
1.3685156250000001 0.4440537036339779
1.3685937500000001 0.4440606130177508
1.3686718750000000 0.4440675227163906
1.3687500000000001 0.4440744321107599
1.3688281250000001 0.4440813418196208
1.3689062500000000 0.4440882512246012
1.3689843749999999 0.4440951609436632
1.3690625000000001 0.4441020703592680
1.3691406250000000 0.4441089800885115
1.3692187499999999 0.4441158895147554
1.3692968750000001 0.4441227992541603
1.3693750000000000 0.4441297086910566
1.3694531249999999 0.4441366184406033
1.3695312500000001 0.4441435278881659
1.3696093750000000 0.4441504376478349
1.3696874999999999 0.4441573471060773
1.3697656250000001 0.4441642568758497
1.3698437500000000 0.4441711663447854
1.3699218750000000 0.4441780761246413
1.3700000000000001 0.4441849856042835
1.3700781250000000 0.4441918953942048
1.3701562500000000 0.4441988048845660
1.3702343750000001 0.4442057146845334
1.3703125000000000 0.4442126241856266
1.3703906250000000 0.4442195339956220
1.3704687500000001 0.4442264435074597
1.3705468750000001 0.4442333533274647
1.3706250000000000 0.4442402628500594
1.3707031250000001 0.4442471726800552
1.3707812500000001 0.4442540822134194
1.3708593750000000 0.4442609920533886
1.3709374999999999 0.4442679015975346
1.3710156250000001 0.4442748114474586
1.3710937500000000 0.4442817210023977
1.3711718749999999 0.4442886308622594
1.3712500000000001 0.4442955404280037
1.3713281250000000 0.4443024502977858
1.3714062499999999 0.4443093598743463
1.3714843750000001 0.4443162697540312
1.3715625000000000 0.4443231793414191
1.3716406249999999 0.4443300892309909
1.3717187500000001 0.4443369988292172
1.3717968750000000 0.4443439087286581
1.3718750000000000 0.4443508183377339
1.3719531250000001 0.4443577282470276
1.3720312500000000 0.4443646378669635
1.3721093750000000 0.4443715477860939
1.3721875000000001 0.4443784574168996
1.3722656250000000 0.4443853673458505
1.3723437500000000 0.4443922769875365
1.3724218750000001 0.4443991869262923
1.3725000000000001 0.4444060965788683
1.3725781250000000 0.4444130065274134
1.3726562500000001 0.4444199161908891
1.3727343750000001 0.4444268261492078
1.3728125000000000 0.4444337358235927
1.3728906249999999 0.4444406457916700
1.3729687500000001 0.4444475554769738
1.3730468750000000 0.4444544654547939
1.3731249999999999 0.4444613751510255
1.3732031250000001 0.4444682851385744
1.3732812500000000 0.4444751948457419
1.3733593749999999 0.4444821048430056
1.3734375000000001 0.4444890145611178
1.3735156250000000 0.4444959245680811
1.3735937499999999 0.4445028342971467
1.3736718750000001 0.4445097443137961
1.3737500000000000 0.4445166540538222
1.3738281250000000 0.4445235640801444
1.3739062500000001 0.4445304738311394
1.3739843750000000 0.4445373838671206
1.3740625000000000 0.4445442936290909
1.3741406250000001 0.4445512036747185
1.3742187500000000 0.4445581134476723
1.3742968750000000 0.4445650235029322
1.3743750000000001 0.4445719332868766
1.3744531250000001 0.4445788433517566
1.3745312500000000 0.4445857531466977
1.3746093750000001 0.4445926632211861
1.3746875000000001 0.4445995730271304
1.3747656250000000 0.4446064831112142
1.3748437499999999 0.4446133929281683
1.3749218750000001 0.4446203030218362
1.3750000000000000 0.4446272128498053
1.3750781249999999 0.4446341229530454
1.3751562500000001 0.4446410327920356
1.3752343750000000 0.4446479429048367
1.3753124999999999 0.4446548527548533
1.3753906250000001 0.4446617628772038
1.3754687500000000 0.4446686727382523
1.3755468749999999 0.4446755828701416
1.3756250000000001 0.4446824927422265
1.3757031250000000 0.4446894028836436
1.3757812500000000 0.4446963127667705
1.3758593750000001 0.4447032229177051
1.3759375000000000 0.4447101328118775
1.3760156250000000 0.4447170429723201
1.3760937500000001 0.4447239528775422
1.3761718750000000 0.4447308630474823
1.3762500000000000 0.4447377729637577
1.3763281250000001 0.4447446831431872
1.3764062500000001 0.4447515930705190
1.3764843750000000 0.4447585032594277
1.3765625000000001 0.4447654131978196
1.3766406250000001 0.4447723233961987
1.3767187500000000 0.4447792333456539
1.3767968749999999 0.4447861435534946
1.3768750000000001 0.4447930535140154
1.3769531250000000 0.4447999637313103
1.3770312499999999 0.4448068737028983
1.3771093750000001 0.4448137839296387
1.3771875000000000 0.4448206939122967
1.3772656249999999 0.4448276041484754
1.3773437500000001 0.4448345141422049
1.3774218750000000 0.4448414243878135
1.3774999999999999 0.4448483343926171
1.3775781250000001 0.4448552446476478
1.3776562500000000 0.4448621546635268
1.3777343750000000 0.4448690649279729
1.3778125000000001 0.4448759749549276
1.3778906250000000 0.4448828852287832
1.3779687500000000 0.4448897952668142
1.3780468750000001 0.4448967055500729
1.3781250000000000 0.4449036155991802
1.3782031250000000 0.4449105258918360
1.3782812500000001 0.4449174359520199
1.3783593750000001 0.4449243462540668
1.3784375000000000 0.4449312563253275
1.3785156250000001 0.4449381666367601
1.3785937500000001 0.4449450767190969
1.3786718750000000 0.4449519870399099
1.3787499999999999 0.4449588971333218
1.3788281250000001 0.4449658074635103
1.3789062500000000 0.4449727175679965
1.3789843749999999 0.4449796279075561
1.3790625000000001 0.4449865380231146
1.3791406250000000 0.4449934483720414
1.3792187499999999 0.4450003584986709
1.3792968750000001 0.4450072688569605
1.3793750000000000 0.4450141789946589
1.3794531249999999 0.4450210893623076
1.3795312500000001 0.4450279995110725
1.3796093750000000 0.4450349098880767
1.3796875000000000 0.4450418200479068
1.3797656250000001 0.4450487304342625
1.3798437500000000 0.4450556406051546
1.3799218750000000 0.4450625510008597
1.3800000000000001 0.4450694611828100
1.3800781250000000 0.4450763715878619
1.3801562500000000 0.4450832817808678
1.3802343750000001 0.4450901921952639
1.3803125000000001 0.4450971023993211
1.3803906250000000 0.4451040128230602
1.3804687500000001 0.4451109230381649
1.3805468750000001 0.4451178334712441
1.3806250000000000 0.4451247436973925
1.3807031249999999 0.4451316541398112
1.3807812500000001 0.4451385643769981
1.3808593750000000 0.4451454748287550
1.3809374999999999 0.4451523850769755
1.3810156250000001 0.4451592955380704
1.3810937500000000 0.4451662057973191
1.3811718749999999 0.4451731162677512
1.3812500000000001 0.4451800265380226
1.3813281250000000 0.4451869370177922
1.3814062499999999 0.4451938472990807
1.3814843750000001 0.4452007577881870
1.3815625000000000 0.4452076680804867
1.3816406250000000 0.4452145785789307
1.3817187500000001 0.4452214888822351
1.3817968750000000 0.4452283993900171
1.3818750000000000 0.4452353097043193
1.3819531250000001 0.4452422202214414
1.3820312500000000 0.4452491305467338
1.3821093750000000 0.4452560410731966
1.3821875000000001 0.4452629514094731
1.3822656250000001 0.4452698619452779
1.3823437500000000 0.4452767722925303
1.3824218750000001 0.4452836828376796
1.3825000000000001 0.4452905931959000
1.3825781250000000 0.4452975037503955
1.3826562499999999 0.4453044141195763
1.3827343750000001 0.4453113246834203
1.3828125000000000 0.4453182350635524
1.3828906249999999 0.4453251456367487
1.3829687500000001 0.4453320560278232
1.3830468750000000 0.4453389666103749
1.3831249999999999 0.4453458770123821
1.3832031250000001 0.4453527876042927
1.3832812500000000 0.4453596980172239
1.3833593749999999 0.4453666086184970
1.3834375000000001 0.4453735190423416
1.3835156250000000 0.4453804296529820
1.3835937500000000 0.4453873400877301
1.3836718750000001 0.4453942507077417
1.3837500000000000 0.4454011611533831
1.3838281250000000 0.4454080717827714
1.3839062500000001 0.4454149822392947
1.3839843750000000 0.4454218928780641
1.3840625000000000 0.4454288033454588
1.3841406250000001 0.4454357139936149
1.3842187500000001 0.4454426244718698
1.3842968750000000 0.4454495351294184
1.3843750000000001 0.4454564456185208
1.3844531250000001 0.4454633562854683
1.3845312500000000 0.4454702667854070
1.3846093749999999 0.4454771774617597
1.3846875000000001 0.4454840879725216
1.3847656250000000 0.4454909986582860
1.3848437499999999 0.4454979091798593
1.3849218750000001 0.4455048198750424
1.3850000000000000 0.4455117304074130
1.3850781249999999 0.4455186411120232
1.3851562500000001 0.4455255516551775
1.3852343750000000 0.4455324623692224
1.3853124999999999 0.4455393729231473
1.3853906250000001 0.4455462836466341
1.3854687500000000 0.4455531942113158
1.3855468750000000 0.4455601049442533
1.3856250000000001 0.4455670155196767
1.3857031250000000 0.4455739262620743
1.3857812500000000 0.4455808368482248
1.3858593750000001 0.4455877476000911
1.3859375000000000 0.4455946581969534
1.3860156250000000 0.4456015689582981
1.3860937500000001 0.4456084795658571
1.3861718750000001 0.4456153903366902
1.3862500000000000 0.4456223009549296
1.3863281250000001 0.4456292117352607
1.3864062500000001 0.4456361223641651
1.3864843750000000 0.4456430331540053
1.3865624999999999 0.4456499437935574
1.3866406250000001 0.4456568545929176
1.3867187500000000 0.4456637652431008
1.3867968749999999 0.4456706760519916
1.3868750000000001 0.4456775867127893
1.3869531250000000 0.4456844975312225
1.3870312499999999 0.4456914082026165
1.3871093750000001 0.4456983190306046
1.3871875000000000 0.4457052297125764
1.3872656249999999 0.4457121405501319
1.3873437500000001 0.4457190512426640
1.3874218750000000 0.4457259620897986
1.3875000000000000 0.4457328727928720
1.3875781250000001 0.4457397836495998
1.3876562500000000 0.4457466943631959
1.3877343750000000 0.4457536052295289
1.3878125000000001 0.4457605159536281
1.3878906250000000 0.4457674268295816
1.3879687500000000 0.4457743375641637
1.3880468750000001 0.4457812484497510
1.3881250000000001 0.4457881591947961
1.3882031250000000 0.4457950700900321
1.3882812500000001 0.4458019808455201
1.3883593750000001 0.4458088917504194
1.3884375000000000 0.4458158025163292
1.3885156249999999 0.4458227134309067
1.3885937500000001 0.4458296242072173
1.3886718750000000 0.4458365351314894
1.3887499999999999 0.4458434459181784
1.3888281250000001 0.4458503568521607
1.3889062500000000 0.4458572676492071
1.3889843749999999 0.4458641785929158
1.3890625000000001 0.4458710894002966
1.3891406250000000 0.4458780003537491
1.3892187499999999 0.4458849111714416
1.3892968750000001 0.4458918221346547
1.3893750000000000 0.4458987329626355
1.3894531250000000 0.4459056439356270
1.3895312500000001 0.4459125547738727
1.3896093750000000 0.4459194657566608
1.3896875000000000 0.4459263766051472
1.3897656250000001 0.4459332875977498
1.3898437500000000 0.4459401984564529
1.3899218750000000 0.4459471094588889
1.3900000000000001 0.4459540203277839
1.3900781250000001 0.4459609313400728
1.3901562500000000 0.4459678422191342
1.3902343750000001 0.4459747532412950
1.3903125000000001 0.4459816641304973
1.3903906250000000 0.4459885751625510
1.3904687499999999 0.4459954860618684
1.3905468750000001 0.4460023971038341
1.3906250000000000 0.4460093080132402
1.3907031249999999 0.4460162190651396
1.3907812500000001 0.4460231299846077
1.3908593750000000 0.4460300410464612
1.3909374999999999 0.4460369519759646
1.3910156250000001 0.4460438630477940
1.3910937500000000 0.4460507739873044
1.3911718749999999 0.4460576850691323
1.3912500000000001 0.4460645960186216
1.3913281250000000 0.4460715071104701
1.3914062500000000 0.4460784180699103
1.3914843750000001 0.4460853291718022
1.3915625000000000 0.4460922401411639
1.3916406250000000 0.4460991512531226
1.3917187500000001 0.4461060622323773
1.3917968750000000 0.4461129733544263
1.3918750000000000 0.4461198843435439
1.3919531250000001 0.4461267954757073
1.3920312500000001 0.4461337064746577
1.3921093750000000 0.4461406176169603
1.3921875000000001 0.4461475286257128
1.3922656250000001 0.4461544397781793
1.3923437500000000 0.4461613507967034
1.3924218749999999 0.4461682619593594
1.3925000000000001 0.4461751729876232
1.3925781250000000 0.4461820841604946
1.3926562499999999 0.4461889951984664
1.3927343750000001 0.4461959063815797
1.3928125000000000 0.4462028174292268
1.3928906249999999 0.4462097286226084
1.3929687500000001 0.4462166396798988
1.3930468750000000 0.4462235508835753
1.3931249999999999 0.4462304619504762
1.3932031250000001 0.4462373731644755
1.3932812500000000 0.4462442842409528
1.3933593750000000 0.4462511954653030
1.3934375000000001 0.4462581065513230
1.3935156250000000 0.4462650177860521
1.3935937500000000 0.4462719288815802
1.3936718750000001 0.4462788401267176
1.3937500000000000 0.4462857512317187
1.3938281250000000 0.4462926624872941
1.3939062500000001 0.4462995736017323
1.3939843750000001 0.4463064848677752
1.3940625000000000 0.4463133959916161
1.3941406250000001 0.4463203072681559
1.3942187500000001 0.4463272184013626
1.3942968750000000 0.4463341296884304
1.3943749999999999 0.4463410408309670
1.3944531250000001 0.4463479521285936
1.3945312500000000 0.4463548632804227
1.3946093749999999 0.4463617745886396
1.3946875000000001 0.4463686857497237
1.3947656250000000 0.4463755970685629
1.3948437499999999 0.4463825082388642
1.3949218750000001 0.4463894195683579
1.3950000000000000 0.4463963307478380
1.3950781249999999 0.4464032420880189
1.3951562500000001 0.4464101532766392
1.3952343750000000 0.4464170646275407
1.3953125000000000 0.4464239758252619
1.3953906250000001 0.4464308871869176
1.3954687500000000 0.4464377983937003
1.3955468750000000 0.4464447097661443
1.3956250000000001 0.4464516209819475
1.3957031250000000 0.4464585323652145
1.3957812500000000 0.4464654435899988
1.3958593750000001 0.4464723549841238
1.3959375000000001 0.4464792662178473
1.3960156250000000 0.4464861776228653
1.3960937500000001 0.4464930888654873
1.3961718750000001 0.4465000002814342
1.3962500000000000 0.4465069115329132
1.3963281249999999 0.4465138229598246
1.3964062500000001 0.4465207342201187
1.3964843750000000 0.4465276456580317
1.3965624999999999 0.4465345569270974
1.3966406250000001 0.4465414683760489
1.3967187500000000 0.4465483796538439
1.3967968749999999 0.4465552911138715
1.3968750000000001 0.4465622024003520
1.3969531250000000 0.4465691138714937
1.3970312499999999 0.4465760251666158
1.3971093750000001 0.4465829366489095
1.3971875000000000 0.4465898479526293
1.3972656250000000 0.4465967594461135
1.3973437500000001 0.4466036707583866
1.3974218750000000 0.4466105822631006
1.3975000000000000 0.4466174935838814
1.3975781250000001 0.4466244050998647
1.3976562500000000 0.4466313164291084
1.3977343750000000 0.4466382279564005
1.3978125000000001 0.4466451392940612
1.3978906250000001 0.4466520508327020
1.3979687500000000 0.4466589621787341
1.3980468750000001 0.4466658737287646
1.3981250000000001 0.4466727850831205
1.3982031250000000 0.4466796966445817
1.3982812499999999 0.4466866080072153
1.3983593750000001 0.4466935195801485
1.3984375000000000 0.4467004309510119
1.3985156249999999 0.4467073425354586
1.3985937500000001 0.4467142539145046
1.3986718750000000 0.4467211655105077
1.3987499999999999 0.4467280768976875
1.3988281250000001 0.4467349885052885
1.3989062500000000 0.4467418999005546
1.3989843749999999 0.4467488115197972
1.3990625000000001 0.4467557229231003
1.3991406250000000 0.4467626345540264
1.3992187500000000 0.4467695459653183
1.3992968750000001 0.4467764576079717
1.3993750000000000 0.4467833690272023
1.3994531250000000 0.4467902806816276
1.3995312500000001 0.4467971921087476
1.3996093750000000 0.4468041037749873
1.3996875000000000 0.4468110152099473
1.3997656250000001 0.4468179268880466
1.3998437500000001 0.4468248383307958
1.3999218750000000 0.4468317500207992
1.4000000000000001 0.4468386614712872
1.4000781250000001 0.4468455731732389
1.4001562500000000 0.4468524846314155
1.4002343749999999 0.4468593963453617
1.4003125000000001 0.4468663078111748
1.4003906250000000 0.4468732195371606
1.4004687499999999 0.4468801310105593
1.4005468750000001 0.4468870427486306
1.4006250000000000 0.4468939542295632
1.4007031249999999 0.4469008659797657
1.4007812500000001 0.4469077774681803
1.4008593750000000 0.4469146892305604
1.4009374999999999 0.4469216007264053
1.4010156250000001 0.4469285125010092
1.4010937500000000 0.4469354240042322
1.4011718750000000 0.4469423357911063
1.4012500000000001 0.4469492473016542
1.4013281250000000 0.4469561591008465
1.4014062500000000 0.4469630706186659
1.4014843750000001 0.4469699824302236
1.4015625000000000 0.4469768939552628
1.4016406250000000 0.4469838057792318
1.4017187500000001 0.4469907173114372
1.4017968750000001 0.4469976291478659
1.4018750000000000 0.4470045406871843
1.4019531250000001 0.4470114525361201
1.4020312500000001 0.4470183640824982
1.4021093750000000 0.4470252759439886
1.4021874999999999 0.4470321874973728
1.4022656250000001 0.4470390993714659
1.4023437500000000 0.4470460109318025
1.4024218749999999 0.4470529228185461
1.4025000000000001 0.4470598343857811
1.4025781250000000 0.4470667462852237
1.4026562499999999 0.4470736578593036
1.4027343750000001 0.4470805697714930
1.4028125000000000 0.4470874813523630
1.4028906249999999 0.4470943932773483
1.4029687500000001 0.4471013048649546
1.4030468750000000 0.4471082168027840
1.4031250000000000 0.4471151283970718
1.4032031250000001 0.4471220403477937
1.4032812500000000 0.4471289519487102
1.4033593750000000 0.4471358639123725
1.4034375000000001 0.4471427755198628
1.4035156250000000 0.4471496874965140
1.4035937500000000 0.4471565991105238
1.4036718750000001 0.4471635111002130
1.4037500000000001 0.4471704227206880
1.4038281250000000 0.4471773347234634
1.4039062500000001 0.4471842463503499
1.4039843750000001 0.4471911583662595
1.4040625000000000 0.4471980699995031
1.4041406249999999 0.4472049820285954
1.4042187500000001 0.4472118936681422
1.4042968750000000 0.4472188057104660
1.4043749999999999 0.4472257173562616
1.4044531250000001 0.4472326294118645
1.4045312500000000 0.4472395410638552
1.4046093749999999 0.4472464531327863
1.4046875000000001 0.4472533647909179
1.4047656250000000 0.4472602768732246
1.4048437499999999 0.4472671885374433
1.4049218750000001 0.4472741006331741
1.4050000000000000 0.4472810123034265
1.4050781250000000 0.4472879244126288
1.4051562500000001 0.4472948360888614
1.4052343750000000 0.4473017482115831
1.4053125000000000 0.4473086598937421
1.4053906250000001 0.4473155720300307
1.4054687500000000 0.4473224837180635
1.4055468750000000 0.4473293958679662
1.4056250000000001 0.4473363075618197
1.4057031250000001 0.4473432197253834
1.4057812500000000 0.4473501314250054
1.4058593750000001 0.4473570436022767
1.4059375000000001 0.4473639553076143
1.4060156250000000 0.4473708674986404
1.4060937499999999 0.4473777792096415
1.4061718750000001 0.4473846914144683
1.4062500000000000 0.4473916031310808
1.4063281249999999 0.4473985153497538
1.4064062500000001 0.4474054270719276
1.4064843750000000 0.4474123393044927
1.4065624999999999 0.4474192510321754
1.4066406250000001 0.4474261632786780
1.4067187500000000 0.4474330750118189
1.4067968749999999 0.4474399872723038
1.4068750000000001 0.4474468990108528
1.4069531250000000 0.4474538112853642
1.4070312500000000 0.4474607230292713
1.4071093750000001 0.4474676353178536
1.4071875000000000 0.4474745470670689
1.4072656250000000 0.4474814593697660
1.4073437500000001 0.4474883711242401
1.4074218750000000 0.4474952834410953
1.4075000000000000 0.4475021952007794
1.4075781250000001 0.4475091075318351
1.4076562500000001 0.4475160192966816
1.4077343750000000 0.4475229316419801
1.4078125000000001 0.4475298434119410
1.4078906250000001 0.4475367557715239
1.4079687500000000 0.4475436675465517
1.4080468749999999 0.4475505799204612
1.4081250000000001 0.4475574917005089
1.4082031250000000 0.4475644040887850
1.4082812499999999 0.4475713158738067
1.4083593750000001 0.4475782282764899
1.4084375000000000 0.4475851400664404
1.4085156249999999 0.4475920524835697
1.4085937500000001 0.4475989642784035
1.4086718750000000 0.4476058767100184
1.4087499999999999 0.4476127885096914
1.4088281250000001 0.4476197009558300
1.4089062500000000 0.4476266127602984
1.4089843750000000 0.4476335252209980
1.4090625000000001 0.4476404370302191
1.4091406250000000 0.4476473495055172
1.4092187500000000 0.4476542613194481
1.4092968750000001 0.4476611738093805
1.4093750000000000 0.4476680856279805
1.4094531250000000 0.4476749981325826
1.4095312500000001 0.4476819099558103
1.4096093750000001 0.4476888224751169
1.4096875000000000 0.4476957343029326
1.4097656250000001 0.4477026468369776
1.4098437500000001 0.4477095586693416
1.4099218750000000 0.4477164712181587
1.4099999999999999 0.4477233830550323
1.4100781250000001 0.4477302956186541
1.4101562500000000 0.4477372074599991
1.4102343749999999 0.4477441200384570
1.4103125000000001 0.4477510318842375
1.4103906250000000 0.4477579444775619
1.4104687499999999 0.4477648563277418
1.4105468750000001 0.4477717689359620
1.4106250000000000 0.4477786807905064
1.4107031249999999 0.4477855934136515
1.4107812500000001 0.4477925052725263
1.4108593750000000 0.4477994179106242
1.4109375000000000 0.4478063297737964
1.4110156250000001 0.4478132424268741
1.4110937500000000 0.4478201542943110
1.4111718750000000 0.4478270669623948
1.4112500000000001 0.4478339788340652
1.4113281250000000 0.4478408915171802
1.4114062500000000 0.4478478033930540
1.4114843750000001 0.4478547160912238
1.4115625000000001 0.4478616279712716
1.4116406250000000 0.4478685406845196
1.4117187500000001 0.4478754525687135
1.4117968750000001 0.4478823652970614
1.4118750000000000 0.4478892771853733
1.4119531249999999 0.4478961899288428
1.4120312500000001 0.4479031018212474
1.4121093750000000 0.4479100145798580
1.4121874999999999 0.4479169264763294
1.4122656250000001 0.4479238392501000
1.4123437500000000 0.4479307511506149
1.4124218749999999 0.4479376639395630
1.4125000000000001 0.4479445758440987
1.4125781250000000 0.4479514886482402
1.4126562499999999 0.4479584005567751
1.4127343750000001 0.4479653133761259
1.4128125000000000 0.4479722252886399
1.4128906250000000 0.4479791381232134
1.4129687500000001 0.4479860500396870
1.4130468750000000 0.4479929628894966
1.4131250000000000 0.4479998748099119
1.4132031250000001 0.4480067876749692
1.4132812500000000 0.4480136995993093
1.4133593750000000 0.4480206124796245
1.4134375000000001 0.4480275244078740
1.4135156250000001 0.4480344373034570
1.4135937500000000 0.4480413492356011
1.4136718750000001 0.4480482621464597
1.4137500000000001 0.4480551740824855
1.4138281250000000 0.4480620870086258
1.4139062499999999 0.4480689989485216
1.4139843750000001 0.4480759118899503
1.4140625000000000 0.4480828238337056
1.4141406249999999 0.4480897367904255
1.4142187500000001 0.4480966487380318
1.4142968750000000 0.4481035617100452
1.4143749999999999 0.4481104736614949
1.4144531250000001 0.4481173866488034
1.4145312500000000 0.4481242986040899
1.4146093749999999 0.4481312116066939
1.4146875000000001 0.4481381235658124
1.4147656250000000 0.4481450365837101
1.4148437500000000 0.4481519485466568
1.4149218750000001 0.4481588615798456
1.4150000000000000 0.4481657735466175
1.4150781250000000 0.4481726865950938
1.4151562500000001 0.4481795985656906
1.4152343750000000 0.4481865116294488
1.4153125000000000 0.4481934236038710
1.4153906250000001 0.4482003366829034
1.4154687500000001 0.4482072486611530
1.4155468750000000 0.4482141617554518
1.4156250000000001 0.4482210737375323
1.4157031250000001 0.4482279868470873
1.4157812500000000 0.4482348988330040
1.4158593749999999 0.4482418119578032
1.4159375000000001 0.4482487239475627
1.4160156250000000 0.4482556370875935
1.4160937499999999 0.4482625490812034
1.4161718750000001 0.4482694622364518
1.4162500000000000 0.4482763742339213
1.4163281249999999 0.4482832874043716
1.4164062500000001 0.4482901994057115
1.4164843750000000 0.4482971125913458
1.4165624999999999 0.4483040245965691
1.4166406250000001 0.4483109377973690
1.4167187500000000 0.4483178498064888
1.4167968750000000 0.4483247630224341
1.4168750000000001 0.4483316750354658
1.4169531250000000 0.4483385882665351
1.4170312500000000 0.4483455002834952
1.4171093750000001 0.4483524135296646
1.4171875000000000 0.4483593255505725
1.4172656250000000 0.4483662388118172
1.4173437500000001 0.4483731508366917
1.4174218750000001 0.4483800641129858
1.4175000000000000 0.4483869761418494
1.4175781250000001 0.4483938894331643
1.4176562500000001 0.4484008014660394
1.4177343750000000 0.4484077147723459
1.4178124999999999 0.4484146268092573
1.4178906250000001 0.4484215401305243
1.4179687500000000 0.4484284521714978
1.4180468749999999 0.4484353655076931
1.4181250000000001 0.4484422775527563
1.4182031250000000 0.4484491909038458
1.4182812499999999 0.4484561029530278
1.4183593750000001 0.4484630163189763
1.4184375000000000 0.4484699283723074
1.4185156249999999 0.4484768417530772
1.4185937500000001 0.4484837538105902
1.4186718750000000 0.4484906672061422
1.4187500000000000 0.4484975792678710
1.4188281250000001 0.4485044926781662
1.4189062500000000 0.4485114047441453
1.4189843750000000 0.4485183181691412
1.4190625000000001 0.4485252302394075
1.4191406250000000 0.4485321436790616
1.4192187500000000 0.4485390557536533
1.4192968750000001 0.4485459692079206
1.4193750000000001 0.4485528812868780
1.4194531250000000 0.4485597947557119
1.4195312500000001 0.4485667068390760
1.4196093750000001 0.4485736203224288
1.4196875000000000 0.4485805324102428
1.4197656249999999 0.4485874459080648
1.4198437500000001 0.4485943580003727
1.4199218750000000 0.4486012715126138
1.4199999999999999 0.4486081836094619
1.4200781250000001 0.4486150971360695
1.4201562500000000 0.4486220092375047
1.4202343749999999 0.4486289227784249
1.4203125000000001 0.4486358348844962
1.4203906250000000 0.4486427484396744
1.4204687499999999 0.4486496605504314
1.4205468750000001 0.4486565741198108
1.4206250000000000 0.4486634862353057
1.4207031250000000 0.4486703998188279
1.4207812500000001 0.4486773119391138
1.4208593750000000 0.4486842255367195
1.4209375000000000 0.4486911376618511
1.4210156250000001 0.4486980512734787
1.4210937500000000 0.4487049634035122
1.4211718750000000 0.4487118770290999
1.4212500000000001 0.4487187891640924
1.4213281250000001 0.4487257028035760
1.4214062500000000 0.4487326149435867
1.4214843750000001 0.4487395285969010
1.4215625000000001 0.4487464407419899
1.4216406250000000 0.4487533544090681
1.4217187499999999 0.4487602665592973
1.4217968750000001 0.4487671802400718
1.4218750000000000 0.4487740923955038
1.4219531249999999 0.4487810060899053
1.4220312500000001 0.4487879182506034
1.4221093750000000 0.4487948319585619
1.4221874999999999 0.4488017441245926
1.4222656250000001 0.4488086578460354
1.4223437500000000 0.4488155700174656
1.4224218749999999 0.4488224837523200
1.4225000000000001 0.4488293959292173
1.4225781250000000 0.4488363096774089
1.4226562500000000 0.4488432218598426
1.4227343750000001 0.4488501356212959
1.4228125000000000 0.4488570478093374
1.4228906250000000 0.4488639615839746
1.4229687500000001 0.4488708737776951
1.4230468750000000 0.4488777875654390
1.4231250000000000 0.4488846997649115
1.4232031250000001 0.4488916135656830
1.4232812500000001 0.4488985257709811
1.4233593750000000 0.4489054395846999
1.4234375000000001 0.4489123517958996
1.4235156250000001 0.4489192656224833
1.4235937500000000 0.4489261778396611
1.4236718749999999 0.4489330916790274
1.4237500000000001 0.4489400039022610
1.4238281250000000 0.4489469177543255
1.4239062499999999 0.4489538299836935
1.4239843750000001 0.4489607438483722
1.4240625000000000 0.4489676560839542
1.4241406249999999 0.4489745699611601
1.4242187500000001 0.4489814822030375
1.4242968750000000 0.4489883960926845
1.4243749999999999 0.4489953083409378
1.4244531250000001 0.4490022222429379
1.4245312500000000 0.4490091344976509
1.4246093750000000 0.4490160484119153
1.4246875000000001 0.4490229606731708
1.4247656250000000 0.4490298745996094
1.4248437500000000 0.4490367868674924
1.4249218750000001 0.4490437008060149
1.4250000000000000 0.4490506130806111
1.4250781250000000 0.4490575270311257
1.4251562500000001 0.4490644393125208
1.4252343750000001 0.4490713532749349
1.4253125000000000 0.4490782655632172
1.4253906250000001 0.4490851795374371
1.4254687500000001 0.4490920918326939
1.4255468750000000 0.4490990058186263
1.4256249999999999 0.4491059181209465
1.4257031250000001 0.4491128321184961
1.4257812500000000 0.4491197444279690
1.4258593749999999 0.4491266584370405
1.4259375000000001 0.4491335707537569
1.4260156250000000 0.4491404847742539
1.4260937499999999 0.4491473970983042
1.4261718750000001 0.4491543111301297
1.4262500000000000 0.4491612234616058
1.4263281249999999 0.4491681375046623
1.4264062500000001 0.4491750498436565
1.4264843750000000 0.4491819638978454
1.4265625000000000 0.4491888762444504
1.4266406250000001 0.4491957903096737
1.4267187500000000 0.4492027026639829
1.4267968750000000 0.4492096167401406
1.4268750000000001 0.4492165291022475
1.4269531250000000 0.4492234431892402
1.4270312500000000 0.4492303555592397
1.4271093750000001 0.4492372696569674
1.4271875000000001 0.4492441820349536
1.4272656250000000 0.4492510961433156
1.4273437500000001 0.4492580085293840
1.4274218750000001 0.4492649226482792
1.4275000000000000 0.4492718350425253
1.4275781249999999 0.4492787491718518
1.4276562500000001 0.4492856615743720
1.4277343750000000 0.4492925757140283
1.4278124999999999 0.4492994881249187
1.4278906250000001 0.4493064022748021
1.4279687500000000 0.4493133146941599
1.4280468749999999 0.4493202288541683
1.4281250000000001 0.4493271412820898
1.4282031250000000 0.4493340554521210
1.4282812499999999 0.4493409678887028
1.4283593750000001 0.4493478820686538
1.4284375000000000 0.4493547945139940
1.4285156250000000 0.4493617087037612
1.4285937500000001 0.4493686211579569
1.4286718750000000 0.4493755353574376
1.4287500000000000 0.4493824478205871
1.4288281250000001 0.4493893620296773
1.4289062500000000 0.4493962745018774
1.4289843750000000 0.4494031887204744
1.4290625000000001 0.4494101012018236
1.4291406250000001 0.4494170154298232
1.4292187500000000 0.4494239279204193
1.4292968750000001 0.4494308421577184
1.4293750000000001 0.4494377546576585
1.4294531250000000 0.4494446689041545
1.4295312499999999 0.4494515814135366
1.4296093750000001 0.4494584956691249
1.4296875000000000 0.4494654081880468
1.4297656249999999 0.4494723224526252
1.4298437500000001 0.4494792349811839
1.4299218750000000 0.4494861492546489
1.4299999999999999 0.4494930617929420
1.4300781250000001 0.4494999760751913
1.4301562500000000 0.4495068886233156
1.4302343749999999 0.4495138029142460
1.4303125000000001 0.4495207154722988
1.4303906250000000 0.4495276297718079
1.4304687500000000 0.4495345423398857
1.4305468750000001 0.4495414566478714
1.4306250000000000 0.4495483692260703
1.4307031250000000 0.4495552835424311
1.4307812500000001 0.4495621961308473
1.4308593750000000 0.4495691104554813
1.4309375000000000 0.4495760230542105
1.4310156250000001 0.4495829373870170
1.4310937500000001 0.4495898499961541
1.4311718750000000 0.4495967643370322
1.4312500000000001 0.4496036769566724
1.4313281250000001 0.4496105913055214
1.4314062500000000 0.4496175039357593
1.4314843749999999 0.4496244182924800
1.4315625000000001 0.4496313309334088
1.4316406250000000 0.4496382452979016
1.4317187499999999 0.4496451579496156
1.4317968750000001 0.4496520723217816
1.4318750000000000 0.4496589849843730
1.4319531249999999 0.4496658993641142
1.4320312500000001 0.4496728120376753
1.4321093750000000 0.4496797264248945
1.4321874999999999 0.4496866391095167
1.4322656250000001 0.4496935535041164
1.4323437500000000 0.4497004661998910
1.4324218750000000 0.4497073806017753
1.4325000000000001 0.4497142933087926
1.4325781250000000 0.4497212077178654
1.4326562500000000 0.4497281204362153
1.4327343750000001 0.4497350348523819
1.4328125000000000 0.4497419475821529
1.4328906250000000 0.4497488620053191
1.4329687500000001 0.4497557747465994
1.4330468750000001 0.4497626891766722
1.4331250000000000 0.4497696019295485
1.4332031250000001 0.4497765163664357
1.4332812500000001 0.4497834291309949
1.4333593750000000 0.4497903435746040
1.4334374999999999 0.4497972563509320
1.4335156250000001 0.4498041708011726
1.4335937500000000 0.4498110835893540
1.4336718749999999 0.4498179980461357
1.4337500000000001 0.4498249108462543
1.4338281250000000 0.4498318253094886
1.4339062499999999 0.4498387381216271
1.4339843750000001 0.4498456525912256
1.4340625000000000 0.4498525654154664
1.4341406249999999 0.4498594798913417
1.4342187500000001 0.4498663927277655
1.4342968750000000 0.4498733072098323
1.4343750000000000 0.4498802200585190
1.4344531250000001 0.4498871345466917
1.4345312500000000 0.4498940474077209
1.4346093750000000 0.4499009619019146
1.4346875000000001 0.4499078747753638
1.4347656250000000 0.4499147892754964
1.4348437500000000 0.4499217021614427
1.4349218750000001 0.4499286166674319
1.4350000000000001 0.4499355295659503
1.4350781250000000 0.4499424440777160
1.4351562500000001 0.4499493569888819
1.4352343750000001 0.4499562715063432
1.4353125000000000 0.4499631844302301
1.4353906249999999 0.4499700989533091
1.4354687500000001 0.4499770118899893
1.4355468750000000 0.4499839264186079
1.4356249999999999 0.4499908393681528
1.4357031250000001 0.4499977539022350
1.4357812500000000 0.4500046668647147
1.4358593749999999 0.4500115814041858
1.4359375000000001 0.4500184943796682
1.4360156250000000 0.4500254089244545
1.4360937499999999 0.4500323219130078
1.4361718750000001 0.4500392364630368
1.4362500000000000 0.4500461494647262
1.4363281250000000 0.4500530640199267
1.4364062500000001 0.4500599770348189
1.4364843750000000 0.4500668915951202
1.4365625000000000 0.4500738046232780
1.4366406250000001 0.4500807191886118
1.4367187500000000 0.4500876322300975
1.4367968750000000 0.4500945468003961
1.4368750000000001 0.4501014598552719
1.4369531250000001 0.4501083744304691
1.4370312500000000 0.4501152874987940
1.4371093750000001 0.4501222020788253
1.4371875000000001 0.4501291151606584
1.4372656250000000 0.4501360297454596
1.4373437499999999 0.4501429428408573
1.4374218750000001 0.4501498574303676
1.4375000000000000 0.4501567705393857
1.4375781249999999 0.4501636851335438
1.4376562500000001 0.4501705982562370
1.4377343750000000 0.4501775128549832
1.4378124999999999 0.4501844259914048
1.4378906250000001 0.4501913405946815
1.4379687500000000 0.4501982537448828
1.4380468749999999 0.4502051683526329
1.4381250000000001 0.4502120815166649
1.4382031250000000 0.4502189961288330
1.4382812500000000 0.4502259093067440
1.4383593750000001 0.4502328239232772
1.4384375000000000 0.4502397371151142
1.4385156250000000 0.4502466517359598
1.4385937500000001 0.4502535649417692
1.4386718750000000 0.4502604795668763
1.4387500000000000 0.4502673927867030
1.4388281250000001 0.4502743074160218
1.4389062500000001 0.4502812206499087
1.4389843750000000 0.4502881352833911
1.4390625000000001 0.4502950485313807
1.4391406250000001 0.4503019631689795
1.4392187500000000 0.4503088764311115
1.4392968749999999 0.4503157910727824
1.4393750000000001 0.4503227043490956
1.4394531250000000 0.4503296189947941
1.4395312499999999 0.4503365322853262
1.4396093750000001 0.4503434469350104
1.4396875000000000 0.4503503602397975
1.4397656249999999 0.4503572748934262
1.4398437500000001 0.4503641882125024
1.4399218750000000 0.4503711028700368
1.4399999999999999 0.4503780162034355
1.4400781250000001 0.4503849308648366
1.4401562500000000 0.4503918442125898
1.4402343750000000 0.4503987588778211
1.4403125000000001 0.4504056722399589
1.4403906250000000 0.4504125869089857
1.4404687500000000 0.4504195002855368
1.4405468750000001 0.4504264149583250
1.4406250000000000 0.4504333283493169
1.4407031250000000 0.4504402430258344
1.4407812500000001 0.4504471564312931
1.4408593750000001 0.4504540711115089
1.4409375000000000 0.4504609845314589
1.4410156250000001 0.4504678992153433
1.4410937500000001 0.4504748126498079
1.4411718750000000 0.4504817273373334
1.4412499999999999 0.4504886407863338
1.4413281250000001 0.4504955554774740
1.4414062500000000 0.4505024689410301
1.4414843749999999 0.4505093836357599
1.4415625000000001 0.4505162971138910
1.4416406250000000 0.4505232118121861
1.4417187499999999 0.4505301253049095
1.4417968750000001 0.4505370400067482
1.4418750000000000 0.4505439535140801
1.4419531249999999 0.4505508682194406
1.4420312500000001 0.4505577817413959
1.4421093750000000 0.4505646964502591
1.4421875000000000 0.4505716099868510
1.4422656250000001 0.4505785246991979
1.4423437500000000 0.4505854382504385
1.4424218750000000 0.4505923529662528
1.4425000000000001 0.4505992665321523
1.4425781250000000 0.4506061812514188
1.4426562500000000 0.4506130948319867
1.4427343750000001 0.4506200095546903
1.4428125000000001 0.4506269231499349
1.4428906250000000 0.4506338378760630
1.4429687500000001 0.4506407514859904
1.4430468750000001 0.4506476662155321
1.4431250000000000 0.4506545798401472
1.4432031249999999 0.4506614945730920
1.4432812500000001 0.4506684082123989
1.4433593750000000 0.4506753229487381
1.4434374999999999 0.4506822366027394
1.4435156250000001 0.4506891513424653
1.4435937500000000 0.4506960650111624
1.4436718749999999 0.4507029797542690
1.4437500000000001 0.4507098934376617
1.4438281250000000 0.4507168081841436
1.4439062499999999 0.4507237218822311
1.4439843750000001 0.4507306366320843
1.4440625000000000 0.4507375503448642
1.4441406250000000 0.4507444650980865
1.4442187500000001 0.4507513788255549
1.4442968750000000 0.4507582935821443
1.4443750000000000 0.4507652073242970
1.4444531250000001 0.4507721220842539
1.4445312500000000 0.4507790358410845
1.4446093750000000 0.4507859506044087
1.4446875000000001 0.4507928643759107
1.4447656250000001 0.4507997791426053
1.4448437500000000 0.4508066929287699
1.4449218750000001 0.4508136076988375
1.4450000000000001 0.4508205214996556
1.4450781250000000 0.4508274362731008
1.4451562499999999 0.4508343500885615
1.4452343750000001 0.4508412648653902
1.4453125000000000 0.4508481786954817
1.4453906249999999 0.4508550934757006
1.4454687500000001 0.4508620073204097
1.4455468750000000 0.4508689221040270
1.4456249999999999 0.4508758359633399
1.4457031250000001 0.4508827507503643
1.4457812500000000 0.4508896646242657
1.4458593749999999 0.4508965794147066
1.4459375000000001 0.4509034933031816
1.4460156250000000 0.4509104080970495
1.4460937500000000 0.4509173220000813
1.4461718750000001 0.4509242367973877
1.4462500000000000 0.4509311507149575
1.4463281250000000 0.4509380655157167
1.4464062500000001 0.4509449794478058
1.4464843750000000 0.4509518942520307
1.4465625000000000 0.4509588081986192
1.4466406250000001 0.4509657230063248
1.4467187500000001 0.4509726369673918
1.4467968750000000 0.4509795517785936
1.4468750000000001 0.4509864657541176
1.4469531250000001 0.4509933805688323
1.4470312500000000 0.4510002945587908
1.4471093749999999 0.4510072093770352
1.4471875000000001 0.4510141233814045
1.4472656250000000 0.4510210382031983
1.4473437499999999 0.4510279522219533
1.4474218750000001 0.4510348670473150
1.4475000000000000 0.4510417810804314
1.4475781249999999 0.4510486959093815
1.4476562500000001 0.4510556099568321
1.4477343750000000 0.4510625247893913
1.4478124999999999 0.4510694388511499
1.4478906250000001 0.4510763536873400
1.4479687500000000 0.4510832677633786
1.4480468750000000 0.4510901826032216
1.4481250000000001 0.4510970966935126
1.4482031250000000 0.4511040115370316
1.4482812500000000 0.4511109256415457
1.4483593750000001 0.4511178404887644
1.4484375000000000 0.4511247546074718
1.4485156250000000 0.4511316694584153
1.4485937500000001 0.4511385835912851
1.4486718750000001 0.4511454984459784
1.4487500000000000 0.4511524125929796
1.4488281250000001 0.4511593274514486
1.4489062500000001 0.4511662416125493
1.4489843750000000 0.4511731564748210
1.4490624999999999 0.4511800706499883
1.4491406250000001 0.4511869855160895
1.4492187500000000 0.4511938997052907
1.4492968749999999 0.4512008145752497
1.4493750000000001 0.4512077287784508
1.4494531250000000 0.4512146436522960
1.4495312499999999 0.4512215578694625
1.4496093750000001 0.4512284727472225
1.4496875000000000 0.4512353869783198
1.4497656249999999 0.4512423018600243
1.4498437500000001 0.4512492161050177
1.4499218750000000 0.4512561309906965
1.4500000000000000 0.4512630452495490
1.4500781250000001 0.4512699601392332
1.4501562500000000 0.4512768744119090
1.4502343750000000 0.4512837893056288
1.4503125000000001 0.4512907035920915
1.4503906250000000 0.4512976184898787
1.4504687500000000 0.4513045327900908
1.4505468750000001 0.4513114476919771
1.4506250000000001 0.4513183620059008
1.4507031250000000 0.4513252769119181
1.4507812500000001 0.4513321912395155
1.4508593750000001 0.4513391061496973
1.4509375000000000 0.4513460204909301
1.4510156249999999 0.4513529354053087
1.4510937500000001 0.4513598497601377
1.4511718750000000 0.4513667646787470
1.4512499999999999 0.4513736790471329
1.4513281250000001 0.4513805939700070
1.4514062500000000 0.4513875083519099
1.4514843749999999 0.4513944232790827
1.4515625000000001 0.4514013376744636
1.4516406250000000 0.4514082526059697
1.4517187499999999 0.4514151670147875
1.4517968750000001 0.4514220819506610
1.4518750000000000 0.4514289963728763
1.4519531250000000 0.4514359113131524
1.4520312500000001 0.4514428257487240
1.4521093750000000 0.4514497406934381
1.4521875000000000 0.4514566551423253
1.4522656250000001 0.4514635700915122
1.4523437500000000 0.4514704845536738
1.4524218750000000 0.4514773995073700
1.4525000000000001 0.4514843139827643
1.4525781250000001 0.4514912289410051
1.4526562500000000 0.4514981434295912
1.4527343750000001 0.4515050583924128
1.4528125000000001 0.4515119728941487
1.4528906250000000 0.4515188878615868
1.4529687499999999 0.4515258023764311
1.4530468750000001 0.4515327173485231
1.4531250000000000 0.4515396318764329
1.4532031249999999 0.4515465468532145
1.4532812500000001 0.4515534613941480
1.4533593750000000 0.4515603763756556
1.4534374999999999 0.4515672909295715
1.4535156250000001 0.4515742059158416
1.4535937500000000 0.4515811204826974
1.4536718749999999 0.4515880354737671
1.4537500000000001 0.4515949500535197
1.4538281250000000 0.4516018650494258
1.4539062500000000 0.4516087796420331
1.4539843750000001 0.4516156946428124
1.4540625000000000 0.4516226092482321
1.4541406250000000 0.4516295242539217
1.4542187500000001 0.4516364388721111
1.4542968750000000 0.4516433538827477
1.4543750000000000 0.4516502685136642
1.4544531250000001 0.4516571835292847
1.4545312500000001 0.4516640981728868
1.4546093750000000 0.4516710131935273
1.4546875000000001 0.4516779278497722
1.4547656250000001 0.4516848428754699
1.4548437500000000 0.4516917575443153
1.4549218749999999 0.4516986725751074
1.4550000000000001 0.4517055872565102
1.4550781250000000 0.4517125022924331
1.4551562499999999 0.4517194169863519
1.4552343750000001 0.4517263320274426
1.4553125000000000 0.4517332467338347
1.4553906249999999 0.4517401617801293
1.4554687500000001 0.4517470764989528
1.4555468750000000 0.4517539915504880
1.4556249999999999 0.4517609062817015
1.4557031250000001 0.4517678213385127
1.4557812500000000 0.4517747360820739
1.4558593750000000 0.4517816511441982
1.4559375000000001 0.4517885659000657
1.4560156250000000 0.4517954809675388
1.4560937500000000 0.4518023957356707
1.4561718750000001 0.4518093108085292
1.4562500000000000 0.4518162255888835
1.4563281250000000 0.4518231406671628
1.4564062500000001 0.4518300554596987
1.4564843750000001 0.4518369705434346
1.4565625000000000 0.4518438853481107
1.4566406250000001 0.4518508004373389
1.4567187500000001 0.4518577152541145
1.4567968750000000 0.4518646303488697
1.4568749999999999 0.4518715451777039
1.4569531250000001 0.4518784602780216
1.4570312500000000 0.4518853751188740
1.4571093749999999 0.4518922902247887
1.4571875000000001 0.4518992050776195
1.4572656250000000 0.4519061201891655
1.4573437499999999 0.4519130350539339
1.4574218750000001 0.4519199501711467
1.4575000000000000 0.4519268650478127
1.4575781249999999 0.4519337801707260
1.4576562500000001 0.4519406950592497
1.4577343750000000 0.4519476101878980
1.4578125000000000 0.4519545250882404
1.4578906250000001 0.4519614402226567
1.4579687500000000 0.4519683551347787
1.4580468750000000 0.4519752702749966
1.4581250000000001 0.4519821851988591
1.4582031250000000 0.4519891003449126
1.4582812500000000 0.4519960152804761
1.4583593750000001 0.4520029304323981
1.4584375000000001 0.4520098453796249
1.4585156250000000 0.4520167605374478
1.4585937500000001 0.4520236754962992
1.4586718750000001 0.4520305906600556
1.4587500000000000 0.4520375056304946
1.4588281249999999 0.4520444208002165
1.4589062500000001 0.4520513357822050
1.4589843750000000 0.4520582509579240
1.4590624999999999 0.4520651659514249
1.4591406250000001 0.4520720811331731
1.4592187500000000 0.4520789961381486
1.4592968749999999 0.4520859113259577
1.4593750000000001 0.4520928263423715
1.4594531250000000 0.4520997415362721
1.4595312499999999 0.4521066565640878
1.4596093750000001 0.4521135717641109
1.4596875000000000 0.4521204868032919
1.4597656250000000 0.4521274020094677
1.4598437500000001 0.4521343170599791
1.4599218750000000 0.4521412322723374
1.4600000000000000 0.4521481473341432
1.4600781250000001 0.4521550625527139
1.4601562500000000 0.4521619776257789
1.4602343750000000 0.4521688928505918
1.4603125000000001 0.4521758079348812
1.4603906250000001 0.4521827231659650
1.4604687500000000 0.4521896382614442
1.4605468750000001 0.4521965534988283
1.4606250000000001 0.4522034686054630
1.4607031250000000 0.4522103838491751
1.4607812499999999 0.4522172989669323
1.4608593750000001 0.4522242142170006
1.4609375000000000 0.4522311293458455
1.4610156249999999 0.4522380446022986
1.4610937500000001 0.4522449597421987
1.4611718750000000 0.4522518750050636
1.4612499999999999 0.4522587901559855
1.4613281250000001 0.4522657054252899
1.4614062500000000 0.4522726205872009
1.4614843749999999 0.4522795358629715
1.4615625000000001 0.4522864510358394
1.4616406250000000 0.4522933663181027
1.4617187500000000 0.4523002815018958
1.4617968750000001 0.4523071967906779
1.4618750000000000 0.4523141119853644
1.4619531250000000 0.4523210272806915
1.4620312500000001 0.4523279424862396
1.4621093750000000 0.4523348577881379
1.4621875000000000 0.4523417730045169
1.4622656250000001 0.4523486883130106
1.4623437500000001 0.4523556035401899
1.4624218750000000 0.4523625188553051
1.4625000000000001 0.4523694340932536
1.4625781250000001 0.4523763494150146
1.4626562500000000 0.4523832646637030
1.4627343749999999 0.4523901799921341
1.4628125000000001 0.4523970952515319
1.4628906250000000 0.4524040105866574
1.4629687499999999 0.4524109258567355
1.4630468750000001 0.4524178411985793
1.4631250000000000 0.4524247564793079
1.4632031249999999 0.4524316718278933
1.4632812500000001 0.4524385871192442
1.4633593750000000 0.4524455024745940
1.4634374999999999 0.4524524177765387
1.4635156250000001 0.4524593331386766
1.4635937500000000 0.4524662484511862
1.4636718750000000 0.4524731638201342
1.4637500000000001 0.4524800791431811
1.4638281250000000 0.4524869945189617
1.4639062500000000 0.4524939098525178
1.4639843750000001 0.4525008252351536
1.4640625000000000 0.4525077405791916
1.4641406250000000 0.4525146559687036
1.4642187500000001 0.4525215713231957
1.4642968750000001 0.4525284867196065
1.4643750000000000 0.4525354020845260
1.4644531250000001 0.4525423174878565
1.4645312500000001 0.4525492328631768
1.4646093750000000 0.4525561482734476
1.4646874999999999 0.4525630636591424
1.4647656250000001 0.4525699790763747
1.4648437500000000 0.4525768944724173
1.4649218749999999 0.4525838098966317
1.4650000000000001 0.4525907253029966
1.4650781250000000 0.4525976407342126
1.4651562499999999 0.4526045561508741
1.4652343750000001 0.4526114715891129
1.4653125000000000 0.4526183870160450
1.4653906249999999 0.4526253024613258
1.4654687500000001 0.4526322178985034
1.4655468750000000 0.4526391333508463
1.4656250000000000 0.4526460487982442
1.4657031250000001 0.4526529642576682
1.4657812500000000 0.4526598797152620
1.4658593750000000 0.4526667951817867
1.4659375000000001 0.4526737106495509
1.4660156250000000 0.4526806261231954
1.4660937500000000 0.4526875416011055
1.4661718750000001 0.4526944570818889
1.4662500000000001 0.4527013725699208
1.4663281250000000 0.4527082880578613
1.4664062500000001 0.4527152035559914
1.4664843750000001 0.4527221190511081
1.4665625000000000 0.4527290345593105
1.4666406249999999 0.4527359500616223
1.4667187500000001 0.4527428655798741
1.4667968750000000 0.4527497810893991
1.4668749999999999 0.4527566966176762
1.4669531250000001 0.4527636121344325
1.4670312500000000 0.4527705276727113
1.4671093749999999 0.4527774431967173
1.4671875000000001 0.4527843587449741
1.4672656250000000 0.4527912742762473
1.4673437499999999 0.4527981898344584
1.4674218750000001 0.4528051053730177
1.4675000000000000 0.4528120209411594
1.4675781250000000 0.4528189364870223
1.4676562500000001 0.4528258520650715
1.4677343750000000 0.4528327676182560
1.4678125000000000 0.4528396832061892
1.4678906250000001 0.4528465987667126
1.4679687500000000 0.4528535143645063
1.4680468750000000 0.4528604299323870
1.4681250000000001 0.4528673455400183
1.4682031250000001 0.4528742611152737
1.4682812500000000 0.4528811767327187
1.4683593750000001 0.4528880923153670
1.4684375000000001 0.4528950079426032
1.4685156250000000 0.4529019235326615
1.4685937499999999 0.4529088391696648
1.4686718750000001 0.4529157547671512
1.4687500000000000 0.4529226704138990
1.4688281249999999 0.4529295860188312
1.4689062500000001 0.4529365016752997
1.4689843750000000 0.4529434172876958
1.4690624999999999 0.4529503329538611
1.4691406250000001 0.4529572485737394
1.4692187500000000 0.4529641642495786
1.4692968749999999 0.4529710798769567
1.4693750000000001 0.4529779955624454
1.4694531250000000 0.4529849111973419
1.4695312500000000 0.4529918268924567
1.4696093750000001 0.4529987425348896
1.4696875000000000 0.4530056582396068
1.4697656250000000 0.4530125738895947
1.4698437500000001 0.4530194896038897
1.4699218750000000 0.4530264052614513
1.4700000000000000 0.4530333209853002
1.4700781250000001 0.4530402366504539
1.4701562500000001 0.4530471523838329
1.4702343750000000 0.4530540680565978
1.4703125000000001 0.4530609837994811
1.4703906250000001 0.4530678994798770
1.4704687500000000 0.4530748152322399
1.4705468749999999 0.4530817309202861
1.4706250000000001 0.4530886466821037
1.4707031250000000 0.4530955623778201
1.4707812499999999 0.4531024781490668
1.4708593750000001 0.4531093938524731
1.4709375000000000 0.4531163096331229
1.4710156249999999 0.4531232253442399
1.4710937500000001 0.4531301411342669
1.4711718750000000 0.4531370568531153
1.4712499999999999 0.4531439726524929
1.4713281250000001 0.4531508883790937
1.4714062500000000 0.4531578041877954
1.4714843750000000 0.4531647199221703
1.4715625000000001 0.4531716357401679
1.4716406250000000 0.4531785514823388
1.4717187500000000 0.4531854673096059
1.4717968750000001 0.4531923830595946
1.4718750000000000 0.4531992988961029
1.4719531250000000 0.4532062146539323
1.4720312500000001 0.4532131304996530
1.4721093750000001 0.4532200462653466
1.4721875000000000 0.4532269621202510
1.4722656250000001 0.4532338778938322
1.4723437500000001 0.4532407937578899
1.4724218750000000 0.4532477095393837
1.4724999999999999 0.4532546254125654
1.4725781250000001 0.4532615412019964
1.4726562500000000 0.4532684570842712
1.4727343749999999 0.4532753728816639
1.4728125000000001 0.4532822887730011
1.4728906250000000 0.4532892045783824
1.4729687499999999 0.4532961204787491
1.4730468750000001 0.4533030362921458
1.4731250000000000 0.4533099522015099
1.4732031249999999 0.4533168680229492
1.4732812500000001 0.4533237839412778
1.4733593750000000 0.4533306997707874
1.4734375000000000 0.4533376156980460
1.4735156250000001 0.4533445315356552
1.4735937500000000 0.4533514474718092
1.4736718750000000 0.4533583633175471
1.4737500000000001 0.4533652792625615
1.4738281250000000 0.4533721951164587
1.4739062500000000 0.4533791110702966
1.4739843750000001 0.4533860269323845
1.4740625000000001 0.4533929428950091
1.4741406250000000 0.4533998587653196
1.4742187500000001 0.4534067747366925
1.4742968750000001 0.4534136906152588
1.4743750000000000 0.4534206065953407
1.4744531249999999 0.4534275224821973
1.4745312500000001 0.4534344384709478
1.4746093750000000 0.4534413543661298
1.4746874999999999 0.4534482703635084
1.4747656250000001 0.4534551862670516
1.4748437500000000 0.4534621022730156
1.4749218749999999 0.4534690181849572
1.4750000000000001 0.4534759341994637
1.4750781250000000 0.4534828501198424
1.4751562499999999 0.4534897661428464
1.4752343750000001 0.4534966820717016
1.4753125000000000 0.4535035981031582
1.4753906250000000 0.4535105140405296
1.4754687500000001 0.4535174300803920
1.4755468750000000 0.4535243460263227
1.4756250000000000 0.4535312620745426
1.4757031250000001 0.4535381780290753
1.4757812500000000 0.4535450940856035
1.4758593750000000 0.4535520100487825
1.4759375000000001 0.4535589261135680
1.4760156250000001 0.4535658420854395
1.4760937500000000 0.4535727581584302
1.4761718750000001 0.4535796741390417
1.4762500000000001 0.4535865902201843
1.4763281250000000 0.4535935062095840
1.4764062499999999 0.4536004222988231
1.4764843750000001 0.4536073382970616
1.4765625000000000 0.4536142543943413
1.4766406249999999 0.4536211704014705
1.4767187500000001 0.4536280865067321
1.4767968750000000 0.4536350025228052
1.4768749999999999 0.4536419186359890
1.4769531250000001 0.4536488346610613
1.4770312500000000 0.4536557507821057
1.4771093749999999 0.4536626668162345
1.4771875000000001 0.4536695829450758
1.4772656250000000 0.4536764989883200
1.4773437500000000 0.4536834151248930
1.4774218750000001 0.4536903311773126
1.4775000000000000 0.4536972473215508
1.4775781250000000 0.4537041633832088
1.4776562500000001 0.4537110795350427
1.4777343750000000 0.4537179956060031
1.4778125000000000 0.4537249117653621
1.4778906250000001 0.4537318278456918
1.4779687500000001 0.4537387440125027
1.4780468750000000 0.4537456601022696
1.4781250000000001 0.4537525762764579
1.4782031250000001 0.4537594923757329
1.4782812500000000 0.4537664085572208
1.4783593749999999 0.4537733246660764
1.4784375000000001 0.4537802408547846
1.4785156250000000 0.4537871569732967
1.4785937499999999 0.4537940731691434
1.4786718750000001 0.4538009892973888
1.4787500000000000 0.4538079055002898
1.4788281249999999 0.4538148216383486
1.4789062500000001 0.4538217378482176
1.4789843750000000 0.4538286539961723
1.4790624999999999 0.4538355702129194
1.4791406250000001 0.4538424863708549
1.4792187500000000 0.4538494025943884
1.4792968750000000 0.4538563187623923
1.4793750000000001 0.4538632349926184
1.4794531250000000 0.4538701511707811
1.4795312500000000 0.4538770674076021
1.4796093750000001 0.4538839835960160
1.4796875000000000 0.4538908998393326
1.4797656250000000 0.4538978160380943
1.4798437500000001 0.4539047322878031
1.4799218750000001 0.4539116484970110
1.4800000000000000 0.4539185647530061
1.4800781250000001 0.4539254809727621
1.4801562500000001 0.4539323972349358
1.4802343750000000 0.4539393134653438
1.4803124999999999 0.4539462297335835
1.4803906250000001 0.4539531459747523
1.4804687500000000 0.4539600622489435
1.4805468749999999 0.4539669785009836
1.4806250000000001 0.4539738947810077
1.4807031250000000 0.4539808110440338
1.4807812499999999 0.4539877273297697
1.4808593750000001 0.4539946436038995
1.4809375000000000 0.4540015598952215
1.4810156249999999 0.4540084761805767
1.4810937500000001 0.4540153924773563
1.4811718750000000 0.4540223087740609
1.4812500000000000 0.4540292250761667
1.4813281250000001 0.4540361413843498
1.4814062500000000 0.4540430576916451
1.4814843750000000 0.4540499740114388
1.4815625000000001 0.4540568903237845
1.4816406250000000 0.4540638066553246
1.4817187500000000 0.4540707229725769
1.4817968750000001 0.4540776393160040
1.4818750000000001 0.4540845556380155
1.4819531250000000 0.4540914719934729
1.4820312500000001 0.4540983883200925
1.4821093750000001 0.4541053046877283
1.4821875000000000 0.4541122210187997
1.4822656249999999 0.4541191373987668
1.4823437500000001 0.4541260537341304
1.4824218750000000 0.4541329701265851
1.4824999999999999 0.4541398864660761
1.4825781250000001 0.4541468028711797
1.4826562500000000 0.4541537192146291
1.4827343749999999 0.4541606356325475
1.4828125000000001 0.4541675519797823
1.4828906250000000 0.4541744684106852
1.4829687499999999 0.4541813847615275
1.4830468750000001 0.4541883012055898
1.4831250000000000 0.4541952175598565
1.4832031250000000 0.4542021340172585
1.4832812500000001 0.4542090503747618
1.4833593750000000 0.4542159668456877
1.4834375000000000 0.4542228832062352
1.4835156250000001 0.4542297996908749
1.4835937500000000 0.4542367160542681
1.4836718750000000 0.4542436325528165
1.4837500000000001 0.4542505489188535
1.4838281250000001 0.4542574654315109
1.4839062500000000 0.4542643817999824
1.4839843750000001 0.4542712983269538
1.4840625000000001 0.4542782146976471
1.4841406250000000 0.4542851312391433
1.4842187499999999 0.4542920476118389
1.4842968750000001 0.4542989641680765
1.4843750000000000 0.4543058805425502
1.4844531249999999 0.4543127971137510
1.4845312500000001 0.4543197134897713
1.4846093750000000 0.4543266300761643
1.4846874999999999 0.4543335464534951
1.4847656250000001 0.4543404630553134
1.4848437500000000 0.4543473794337121
1.4849218749999999 0.4543542960511960
1.4850000000000001 0.4543612124304141
1.4850781250000000 0.4543681290638104
1.4851562500000000 0.4543750454435921
1.4852343750000001 0.4543819620931537
1.4853125000000000 0.4543888784732384
1.4853906250000000 0.4543957951392232
1.4854687500000001 0.4544027115193434
1.4855468750000000 0.4544096282020173
1.4856250000000000 0.4544165445818986
1.4857031250000001 0.4544234612815337
1.4857812500000001 0.4544303776608954
1.4858593750000000 0.4544372943777701
1.4859375000000001 0.4544442107563243
1.4860156250000001 0.4544511274907244
1.4860937500000000 0.4544580438681768
1.4861718749999999 0.4544649606203949
1.4862500000000001 0.4544718769964440
1.4863281250000000 0.4544787937667796
1.4864062499999999 0.4544857101411161
1.4864843750000001 0.4544926269298769
1.4865625000000000 0.4544995433021842
1.4866406249999999 0.4545064601096849
1.4867187500000001 0.4545133764796392
1.4867968750000000 0.4545202933062018
1.4868749999999999 0.4545272096734717
1.4869531250000001 0.4545341265194262
1.4870312500000000 0.4545410428836723
1.4871093750000000 0.4545479597493559
1.4871875000000001 0.4545548761102318
1.4872656250000000 0.4545617929959899
1.4873437500000000 0.4545687093531405
1.4874218750000001 0.4545756262593270
1.4875000000000000 0.4545825426123887
1.4875781250000000 0.4545894595393651
1.4876562500000001 0.4545963758879673
1.4877343750000001 0.4546032928361032
1.4878125000000000 0.4546102091798659
1.4878906250000001 0.4546171261495404
1.4879687500000001 0.4546240424880755
1.4880468750000000 0.4546309594796750
1.4881249999999999 0.4546378758125859
1.4882031250000001 0.4546447928265059
1.4882812500000000 0.4546517091533877
1.4883593749999999 0.4546586261900319
1.4884375000000001 0.4546655425104700
1.4885156250000000 0.4546724595702524
1.4885937499999999 0.4546793758838234
1.4886718750000001 0.4546862929671666
1.4887500000000000 0.4546932092734379
1.4888281249999999 0.4547001263807735
1.4889062500000001 0.4547070426793032
1.4889843750000000 0.4547139598110717
1.4890625000000000 0.4547208761014091
1.4891406250000001 0.4547277932580608
1.4892187500000000 0.4547347095397459
1.4892968750000000 0.4547416267217405
1.4893750000000001 0.4547485429943022
1.4894531250000000 0.4547554602021101
1.4895312500000000 0.4547623764650690
1.4896093750000001 0.4547692936991681
1.4896875000000001 0.4547762099520347
1.4897656250000000 0.4547831272129145
1.4898437500000001 0.4547900434551894
1.4899218750000001 0.4547969607433497
1.4900000000000000 0.4548038769745223
1.4900781249999999 0.4548107942904726
1.4901562500000001 0.4548177105100228
1.4902343750000000 0.4548246278542824
1.4903124999999999 0.4548315440616809
1.4903906250000001 0.4548384614347795
1.4904687500000000 0.4548453776294852
1.4905468749999999 0.4548522950319636
1.4906250000000001 0.4548592112134247
1.4907031250000000 0.4548661286458346
1.4907812499999999 0.4548730448134895
1.4908593750000001 0.4548799622763920
1.4909375000000000 0.4548868784296676
1.4910156250000000 0.4548937959236365
1.4910937500000001 0.4549007120619488
1.4911718750000000 0.4549076295875673
1.4912500000000000 0.4549145457103214
1.4913281250000001 0.4549214632681851
1.4914062500000000 0.4549283793747751
1.4914843750000000 0.4549352969654896
1.4915625000000001 0.4549422130552987
1.4916406250000001 0.4549491306794814
1.4917187500000000 0.4549560467518805
1.4917968750000001 0.4549629644101603
1.4918750000000001 0.4549698804645100
1.4919531250000000 0.4549767981575268
1.4920312499999999 0.4549837141931754
1.4921093750000001 0.4549906319215809
1.4921875000000000 0.4549975479378663
1.4922656249999999 0.4550044657023230
1.4923437500000001 0.4550113816985706
1.4924218750000000 0.4550182994997535
1.4924999999999999 0.4550252154752773
1.4925781250000001 0.4550321333138736
1.4926562500000000 0.4550390492679744
1.4927343749999999 0.4550459671446825
1.4928125000000001 0.4550528830766511
1.4928906250000000 0.4550598009921817
1.4929687500000000 0.4550667169012957
1.4930468750000001 0.4550736348563713
1.4931250000000000 0.4550805507418966
1.4932031250000000 0.4550874687372517
1.4932812500000001 0.4550943845984426
1.4933593750000000 0.4551013026348241
1.4934375000000000 0.4551082184709215
1.4935156250000001 0.4551151365490891
1.4935937500000001 0.4551220523593223
1.4936718750000000 0.4551289704800465
1.4937500000000001 0.4551358862636337
1.4938281250000001 0.4551428044276977
1.4939062500000000 0.4551497201838432
1.4939843750000001 0.4551566383920432
1.4940625000000001 0.4551635541199399
1.4941406250000000 0.4551704723730838
1.4942187499999999 0.4551773880719113
1.4942968750000001 0.4551843063708202
1.4943750000000000 0.4551912220397465
1.4944531249999999 0.4551981403852532
1.4945312500000001 0.4552050560234335
1.4946093750000000 0.4552119744163834
1.4946874999999999 0.4552188900229605
1.4947656250000001 0.4552258084642117
1.4948437500000000 0.4552327240383158
1.4949218750000000 0.4552396425287391
1.4950000000000001 0.4552465580694878
1.4950781250000000 0.4552534766099659
1.4951562500000000 0.4552603921164649
1.4952343750000001 0.4552673107078931
1.4953125000000000 0.4552742261792349
1.4953906250000000 0.4552811448225221
1.4954687500000001 0.4552880602577862
1.4955468750000001 0.4552949789538527
1.4956250000000000 0.4553018943521074
1.4957031250000001 0.4553088131018863
1.4957812500000001 0.4553157284621870
1.4958593750000000 0.4553226472666235
1.4959375000000001 0.4553295625880132
1.4960156250000001 0.4553364814480642
1.4960937500000000 0.4553433967295739
1.4961718749999999 0.4553503156462108
1.4962500000000001 0.4553572308868576
1.4963281250000000 0.4553641498610626
1.4964062499999999 0.4553710650598529
1.4964843750000001 0.4553779840926211
1.4965625000000000 0.4553848992485480
1.4966406249999999 0.4553918183408867
1.4967187500000001 0.4553987334529314
1.4967968750000000 0.4554056526058596
1.4968750000000000 0.4554125676729918
1.4969531250000001 0.4554194868875410
1.4970312500000000 0.4554264019087174
1.4971093750000000 0.4554333211859308
1.4971875000000001 0.4554402361600974
1.4972656250000000 0.4554471555010302
1.4973437500000000 0.4554540704271198
1.4974218750000001 0.4554609898328385
1.4975000000000001 0.4554679047097734
1.4975781250000000 0.4554748241813571
1.4976562500000001 0.4554817390080474
1.4977343750000001 0.4554886585465865
1.4978125000000000 0.4554955733219299
1.4978906250000001 0.4555024929285261
1.4979687500000001 0.4555094076514098
1.4980468750000000 0.4555163273271767
1.4981249999999999 0.4555232419964763
1.4982031250000001 0.4555301617425382
1.4982812500000000 0.4555370763571182
1.4983593749999999 0.4555439961746103
1.4984375000000001 0.4555509107333254
1.4985156250000000 0.4555578306233936
1.4985937499999999 0.4555647451250862
1.4986718750000001 0.4555716650888874
1.4987500000000000 0.4555785795323899
1.4988281250000000 0.4555854995710917
1.4989062500000001 0.4555924139552264
1.4989843750000000 0.4555993340700064
1.4990625000000000 0.4556062483935844
1.4991406250000001 0.4556131685856307
1.4992187500000000 0.4556200828474542
1.4992968750000000 0.4556270031179647
1.4993750000000001 0.4556339173168251
1.4994531250000001 0.4556408376670069
1.4995312500000000 0.4556477518016868
1.4996093750000001 0.4556546722327573
1.4996875000000001 0.4556615863020290
1.4997656250000000 0.4556685068152145
1.4998437500000001 0.4556754208178425
1.4999218750000001 0.4556823414143781
1.5000000000000000 0.4556892553491168
1.5000781249999999 0.4556961760302465
1.5001562500000001 0.4557030898958419
1.5002343750000000 0.4557100106628189
1.5003124999999999 0.4557169244580087
1.5003906250000001 0.4557238453120938
1.5004687500000000 0.4557307590356078
1.5005468749999999 0.4557376799780694
1.5006250000000001 0.4557445936286295
1.5007031250000000 0.4557515146607437
1.5007812500000000 0.4557584282370650
1.5008593750000001 0.4557653493601160
1.5009375000000000 0.4557722628609055
1.5010156250000000 0.4557791840761829
1.5010937500000001 0.4557860975001414
1.5011718750000000 0.4557930188089439
1.5012500000000000 0.4557999321547642
1.5013281250000001 0.4558068535583956
1.5014062500000001 0.4558137668247659
1.5014843750000000 0.4558206883245351
1.5015625000000001 0.4558276015101382
1.5016406250000001 0.4558345231073612
1.5017187500000000 0.4558414362108725
1.5017968750000001 0.4558483579068691
1.5018750000000001 0.4558552709269610
1.5019531250000000 0.4558621927230579
1.5020312499999999 0.4558691056583959
1.5021093750000001 0.4558760275559230
1.5021875000000000 0.4558829404051701
1.5022656249999999 0.4558898624054609
1.5023437500000001 0.4558967751672758
1.5024218750000000 0.4559036972716692
1.5024999999999999 0.4559106099447057
1.5025781250000001 0.4559175321545425
1.5026562500000000 0.4559244447374530
1.5027343750000000 0.4559313670540776
1.5028125000000001 0.4559382795455114
1.5028906250000000 0.4559452019702699
1.5029687500000000 0.4559521143688737
1.5030468750000001 0.4559590369031149
1.5031250000000000 0.4559659492075347
1.5032031250000000 0.4559728718526082
1.5032812500000001 0.4559797840614876
1.5033593750000001 0.4559867068187443
1.5034375000000000 0.4559936189307264
1.5035156250000001 0.4560005418015184
1.5035937500000001 0.4560074538152458
1.5036718750000000 0.4560143768009250
1.5037500000000001 0.4560212887150410
1.5038281250000001 0.4560282118169581
1.5039062500000000 0.4560351236301064
1.5039843749999999 0.4560420468496122
1.5040625000000001 0.4560489585604371
1.5041406250000000 0.4560558818988804
1.5042187499999999 0.4560627935060295
1.5042968750000001 0.4560697169647566
1.5043750000000000 0.4560766284668782
1.5044531249999999 0.4560835520472345
1.5045312500000001 0.4560904634429795
1.5046093750000000 0.4560973871463058
1.5046875000000000 0.4561042984343303
1.5047656250000001 0.4561112222619644
1.5048437500000000 0.4561181334409266
1.5049218750000000 0.4561250573942022
1.5050000000000001 0.4561319684627658
1.5050781250000000 0.4561388925430112
1.5051562500000000 0.4561458034998441
1.5052343750000001 0.4561527277083840
1.5053125000000001 0.4561596385521595
1.5053906250000000 0.4561665628903109
1.5054687500000001 0.4561734736197103
1.5055468750000001 0.4561803980887840
1.5056250000000000 0.4561873087024937
1.5057031250000001 0.4561942333037938
1.5057812500000001 0.4562011438005087
1.5058593750000000 0.4562080685353313
1.5059374999999999 0.4562149789137532
1.5060156250000001 0.4562219037833865
1.5060937500000000 0.4562288140422267
1.5061718749999999 0.4562357390479497
1.5062500000000001 0.4562426491859281
1.5063281250000000 0.4562495743290104
1.5064062499999999 0.4562564843448575
1.5064843750000001 0.4562634096265578
1.5065625000000000 0.4562703195190143
1.5066406250000000 0.4562772449405818
1.5067187500000001 0.4562841547083988
1.5067968750000000 0.4562910802710701
1.5068750000000000 0.4562979899130121
1.5069531250000001 0.4563049156180110
1.5070312500000000 0.4563118251328546
1.5071093750000000 0.4563187509813939
1.5071875000000001 0.4563256603679280
1.5072656250000001 0.4563325863612055
1.5073437500000000 0.4563394956182329
1.5074218750000001 0.4563464217574338
1.5075000000000001 0.4563533308837717
1.5075781250000000 0.4563602571700656
1.5076562500000001 0.4563671661645469
1.5077343750000001 0.4563740925990872
1.5078125000000000 0.4563810014605603
1.5078906249999999 0.4563879280444858
1.5079687500000001 0.4563948367718157
1.5080468750000000 0.4564017635062471
1.5081249999999999 0.4564086720983156
1.5082031250000001 0.4564155989843567
1.5082812500000000 0.4564225074400644
1.5083593749999999 0.4564294344788000
1.5084375000000001 0.4564363427970655
1.5085156250000000 0.4564432699895621
1.5085937500000000 0.4564501781693233
1.5086718750000001 0.4564571055166273
1.5087500000000000 0.4564640135568425
1.5088281250000000 0.4564709410599810
1.5089062500000001 0.4564778489596276
1.5089843750000000 0.4564847766196066
1.5090625000000000 0.4564916843776845
1.5091406250000001 0.4564986121954874
1.5092187500000001 0.4565055198110184
1.5092968750000000 0.4565124477876069
1.5093750000000001 0.4565193552596359
1.5094531250000001 0.4565262833959482
1.5095312500000000 0.4565331907235428
1.5096093750000001 0.4565401190204939
1.5096875000000001 0.4565470262027465
1.5097656250000000 0.4565539546612262
1.5098437499999999 0.4565608616972526
1.5099218750000001 0.4565677903181272
1.5100000000000000 0.4565746972070698
1.5100781249999999 0.4565816259911784
1.5101562500000001 0.4565885327322055
1.5102343750000000 0.4565954616803610
1.5103124999999999 0.4566023682726675
1.5103906250000001 0.4566092973856560
1.5104687500000000 0.4566162038284647
1.5105468750000000 0.4566231331070438
1.5106250000000001 0.4566300393996056
1.5107031250000000 0.4566369688445051
1.5107812500000000 0.4566438749860993
1.5108593750000001 0.4566508045980189
1.5109375000000000 0.4566577105879549
1.5110156250000000 0.4566646403675656
1.5110937500000001 0.4566715462051821
1.5111718750000001 0.4566784761531243
1.5112500000000000 0.4566853818377916
1.5113281250000001 0.4566923119546738
1.5114062500000001 0.4566992174857935
1.5114843750000000 0.4567061477721927
1.5115625000000001 0.4567130531491979
1.5116406250000001 0.4567199836056592
1.5117187500000000 0.4567268888280167
1.5117968749999999 0.4567338194550519
1.5118750000000001 0.4567407245222606
1.5119531250000000 0.4567476553203478
1.5120312499999999 0.4567545602319417
1.5121093750000001 0.4567614912015244
1.5121875000000000 0.4567683959570715
1.5122656249999999 0.4567753270985591
1.5123437500000001 0.4567822316976625
1.5124218750000000 0.4567891630114282
1.5125000000000000 0.4567960674537273
1.5125781250000001 0.4568029989401086
1.5126562500000000 0.4568099032252785
1.5127343750000000 0.4568168348845761
1.5128125000000001 0.4568237390123291
1.5128906250000000 0.4568306708448068
1.5129687500000000 0.4568375748148931
1.5130468750000001 0.4568445068207765
1.5131250000000001 0.4568514106329835
1.5132031250000000 0.4568583428124607
1.5132812500000001 0.4568652464666141
1.5133593750000001 0.4568721788198342
1.5134375000000000 0.4568790823157999
1.5135156250000001 0.4568860148428721
1.5135937500000001 0.4568929181805546
1.5136718750000000 0.4568998508815484
1.5137499999999999 0.4569067540608931
1.5138281250000001 0.4569136869358379
1.5139062500000000 0.4569205899568304
1.5139843749999999 0.4569275230057151
1.5140625000000001 0.4569344258683816
1.5141406250000000 0.4569413590911535
1.5142187499999999 0.4569482617955617
1.5142968750000001 0.4569551951921270
1.5143750000000000 0.4569620977383869
1.5144531250000000 0.4569690313086091
1.5145312500000001 0.4569759336968722
1.5146093750000000 0.4569828674405729
1.5146875000000000 0.4569897696710344
1.5147656250000001 0.4569967035879919
1.5148437500000000 0.4570036056608884
1.5149218750000000 0.4570105397508384
1.5150000000000001 0.4570174416664526
1.5150781250000001 0.4570243759290856
1.5151562500000000 0.4570312776877417
1.5152343750000001 0.4570382121227060
1.5153125000000001 0.4570451137247730
1.5153906250000000 0.4570520483316723
1.5154687500000001 0.4570589497775633
1.5155468750000001 0.4570658845559559
1.5156250000000000 0.4570727858461304
1.5157031249999999 0.4570797207955294
1.5157812500000001 0.4570866219304898
1.5158593750000000 0.4570935570503651
1.5159374999999999 0.4571004580306600
1.5160156250000001 0.4571073933204342
1.5160937500000000 0.4571142941466581
1.5161718749999999 0.4571212296057086
1.5162500000000001 0.4571281302785018
1.5163281250000000 0.4571350659061604
1.5164062500000000 0.4571419664262082
1.5164843750000001 0.4571489022217607
1.5165625000000000 0.4571558025897951
1.5166406250000000 0.4571627385524817
1.5167187500000001 0.4571696387692802
1.5167968750000000 0.4571765748982937
1.5168750000000000 0.4571834749646814
1.5169531250000001 0.4571904112591693
1.5170312500000001 0.4571973111760163
1.5171093750000000 0.4572042476350786
1.5171875000000001 0.4572111474033032
1.5172656250000001 0.4572180840259936
1.5173437500000000 0.4572249836465601
1.5174218750000001 0.4572319204318853
1.5175000000000001 0.4572388199058045
1.5175781250000000 0.4572457568527252
1.5176562499999999 0.4572526561810544
1.5177343750000001 0.4572595932884845
1.5178125000000000 0.4572664924723277
1.5178906249999999 0.4572734297391342
1.5179687500000001 0.4572803287796430
1.5180468750000000 0.4572872662046453
1.5181249999999999 0.4572941651030181
1.5182031250000001 0.4573011026849896
1.5182812500000000 0.4573080014424697
1.5183593750000000 0.4573149391801384
1.5184375000000001 0.4573218377980165
1.5185156250000000 0.4573287756900629
1.5185937500000000 0.4573356741696767
1.5186718750000001 0.4573426122147348
1.5187500000000000 0.4573495105574671
1.5188281250000000 0.4573564487541254
1.5189062500000001 0.4573633469614057
1.5189843750000001 0.4573702853082064
1.5190625000000000 0.4573771833815102
1.5191406250000001 0.4573841218769493
1.5192187500000001 0.4573910198177975
1.5192968750000000 0.4573979584603272
1.5193750000000001 0.4574048562702848
1.5194531250000001 0.4574117950583110
1.5195312500000000 0.4574186927389901
1.5196093749999999 0.4574256316708726
1.5196875000000001 0.4574325292239294
1.5197656250000000 0.4574394682979844
1.5198437499999999 0.4574463657251207
1.5199218750000001 0.4574533049396195
1.5200000000000000 0.4574602022425794
1.5200781249999999 0.4574671415957500
1.5201562500000001 0.4574740387763225
1.5202343750000000 0.4574809782663486
1.5203125000000000 0.4574878753263668
1.5203906250000001 0.4574948149513888
1.5204687500000000 0.4575017118927275
1.5205468750000000 0.4575086516508434
1.5206250000000001 0.4575155484754216
1.5207031250000000 0.4575224883646860
1.5207812500000000 0.4575293850744633
1.5208593750000001 0.4575363250928904
1.5209375000000001 0.4575432216898689
1.5210156250000000 0.4575501618354303
1.5210937500000001 0.4575570583216536
1.5211718750000001 0.4575639985922803
1.5212500000000000 0.4575708949698316
1.5213281250000001 0.4575778353634138
1.5214062500000001 0.4575847316344185
1.5214843750000000 0.4575916721488072
1.5215624999999999 0.4575985683154280
1.5216406250000001 0.4576055089484341
1.5217187500000000 0.4576124050128738
1.5217968749999999 0.4576193457622703
1.5218750000000001 0.4576262417267706
1.5219531250000000 0.4576331825902918
1.5220312499999999 0.4576400784571309
1.5221093750000001 0.4576470194324739
1.5221875000000000 0.4576539152039681
1.5222656250000000 0.4576608562887939
1.5223437500000001 0.4576677519672950
1.5224218750000000 0.4576746931592274
1.5225000000000000 0.4576815887471237
1.5225781250000001 0.4576885300437527
1.5226562500000000 0.4576954255434659
1.5227343750000000 0.4577023669423462
1.5228125000000001 0.4577092623563340
1.5228906250000001 0.4577162038549858
1.5229687500000000 0.4577230991857383
1.5230468750000001 0.4577300407816500
1.5231250000000001 0.4577369360316905
1.5232031250000000 0.4577438777223171
1.5232812500000001 0.4577507728942012
1.5233593750000001 0.4577577146769664
1.5234375000000000 0.4577646097732793
1.5235156249999999 0.4577715516455769
1.5235937500000001 0.4577784466689351
1.5236718750000000 0.4577853886281287
1.5237499999999999 0.4577922835811775
1.5238281250000001 0.4577992256246026
1.5239062500000000 0.4578061205100153
1.5239843749999999 0.4578130626349783
1.5240625000000001 0.4578199574554574
1.5241406250000000 0.4578268996592373
1.5242187500000000 0.4578337944175104
1.5242968750000001 0.4578407366973620
1.5243750000000000 0.4578476313961830
1.5244531250000000 0.4578545737493331
1.5245312500000001 0.4578614683914811
1.5246093750000000 0.4578684108151338
1.5246875000000000 0.4578753054034117
1.5247656250000001 0.4578822478947477
1.5248437500000001 0.4578891424319802
1.5249218750000000 0.4578960849881581
1.5250000000000001 0.4579029794771917
1.5250781250000001 0.4579099220953493
1.5251562500000000 0.4579168165390518
1.5252343750000001 0.4579237592163055
1.5253125000000001 0.4579306536175647
1.5253906250000000 0.4579375963510116
1.5254687499999999 0.4579444907127346
1.5255468750000001 0.4579514334994534
1.5256250000000000 0.4579583278245644
1.5257031249999999 0.4579652706616169
1.5257812500000001 0.4579721649530568
1.5258593750000000 0.4579791078374894
1.5259374999999999 0.4579860020982143
1.5260156250000001 0.4579929450270570
1.5260937500000000 0.4579998392600391
1.5261718750000000 0.4580067822303086
1.5262500000000001 0.4580136764385320
1.5263281250000000 0.4580206194472319
1.5264062500000000 0.4580275136336933
1.5264843750000001 0.4580344566778156
1.5265625000000000 0.4580413508455241
1.5266406250000000 0.4580482939220492
1.5267187500000001 0.4580551880740232
1.5267968750000001 0.4580621311799224
1.5268750000000000 0.4580690253191897
1.5269531250000001 0.4580759684514265
1.5270312500000001 0.4580828625810224
1.5271093750000000 0.4580898057365518
1.5271875000000001 0.4580966998595188
1.5272656250000001 0.4581036430352901
1.5273437500000000 0.4581105371546766
1.5274218749999999 0.4581174803476338
1.5275000000000001 0.4581243744664924
1.5275781250000000 0.4581313176735751
1.5276562499999999 0.4581382117949623
1.5277343750000001 0.4581451550131082
1.5278125000000000 0.4581520491400822
1.5278906249999999 0.4581589923662262
1.5279687500000001 0.4581658865018465
1.5280468750000000 0.4581728297329241
1.5281250000000000 0.4581797238802507
1.5282031250000001 0.4581866671131963
1.5282812500000000 0.4581935612752879
1.5283593750000000 0.4582005045070388
1.5284375000000001 0.4582073986869523
1.5285156250000000 0.4582143419144479
1.5285937500000000 0.4582212361152357
1.5286718750000001 0.4582281793354199
1.5287500000000001 0.4582350735601305
1.5288281250000000 0.4582420167699529
1.5289062500000001 0.4582489110216290
1.5289843750000001 0.4582558542180440
1.5290625000000000 0.4582627484997218
1.5291406250000001 0.4582696916796923
1.5292187500000001 0.4582765859943996
1.5292968750000000 0.4582835291548961
1.5293749999999999 0.4582904235056518
1.5294531250000001 0.4582973666436557
1.5295312500000000 0.4583042610334680
1.5296093749999999 0.4583112041459706
1.5296875000000001 0.4583180985778378
1.5297656250000000 0.4583250416618417
1.5298437499999999 0.4583319361387490
1.5299218750000001 0.4583388791912705
1.5300000000000000 0.4583457737161891
1.5300781250000000 0.4583527167342583
1.5301562500000001 0.4583596113101455
1.5302343750000000 0.4583665542908077
1.5303125000000000 0.4583734489206048
1.5303906250000001 0.4583803918609218
1.5304687500000000 0.4583872865475532
1.5305468750000000 0.4583942294446035
1.5306250000000001 0.4584011241909763
1.5307031250000001 0.4584080670418568
1.5307812500000000 0.4584149618508593
1.5308593750000001 0.4584219046526863
1.5309375000000001 0.4584287995271866
1.5310156250000000 0.4584357422770973
1.5310937500000001 0.4584426372199416
1.5311718750000001 0.4584495799150948
1.5312500000000000 0.4584564749291087
1.5313281249999999 0.4584634175666850
1.5314062500000001 0.4584703126546709
1.5314843750000000 0.4584772552318743
1.5315624999999999 0.4584841503966103
1.5316406250000001 0.4584910929106696
1.5317187500000000 0.4584979881549087
1.5317968749999999 0.4585049306030783
1.5318750000000001 0.4585118259295486
1.5319531250000000 0.4585187683091088
1.5320312500000000 0.4585256637205103
1.5321093750000001 0.4585326060287690
1.5321875000000000 0.4585395015277747
1.5322656250000000 0.4585464437620680
1.5323437500000001 0.4585533393513217
1.5324218750000000 0.4585602815090152
1.5325000000000000 0.4585671771911314
1.5325781250000001 0.4585741192696204
1.5326562500000001 0.4585810150471831
1.5327343750000000 0.4585879570438928
1.5328125000000001 0.4585948529194555
1.5328906250000001 0.4586017948318444
1.5329687500000000 0.4586086908079272
1.5330468750000001 0.4586156326334856
1.5331250000000001 0.4586225287125756
1.5332031250000000 0.4586294704488276
1.5332812499999999 0.4586363666333794
1.5333593750000001 0.4586433082778828
1.5334375000000000 0.4586502045703147
1.5335156249999999 0.4586571461206629
1.5335937500000001 0.4586640425233595
1.5336718750000000 0.4586709839771809
1.5337499999999999 0.4586778804924892
1.5338281250000001 0.4586848218474492
1.5339062500000000 0.4586917184776807
1.5339843750000000 0.4586986597314823
1.5340625000000001 0.4587055564789091
1.5341406250000000 0.4587124976292923
1.5342187500000000 0.4587193944961506
1.5342968750000001 0.4587263355408942
1.5343750000000000 0.4587332325293795
1.5344531250000000 0.4587401734663025
1.5345312500000001 0.4587470705785714
1.5346093750000001 0.4587540114055307
1.5346875000000000 0.4587609086437004
1.5347656250000001 0.4587678493585949
1.5348437500000001 0.4587747467247402
1.5349218750000000 0.4587816873255101
1.5350000000000001 0.4587885848216657
1.5350781250000001 0.4587955253062910
1.5351562500000000 0.4588024229344499
1.5352343749999999 0.4588093633009544
1.5353125000000001 0.4588162610630664
1.5353906250000000 0.4588232013095155
1.5354687499999999 0.4588300992074885
1.5355468750000001 0.4588370393319909
1.5356250000000000 0.4588439373676887
1.5357031249999999 0.4588508773683970
1.5357812500000001 0.4588577755436397
1.5358593750000000 0.4588647154187508
1.5359375000000000 0.4588716137353144
1.5360156250000001 0.4588785534830686
1.5360937500000000 0.4588854519426852
1.5361718750000000 0.4588923915613681
1.5362500000000001 0.4588992901657233
1.5363281250000000 0.4589062296536659
1.5364062500000000 0.4589131284044016
1.5364843750000001 0.4589200677599801
1.5365625000000001 0.4589269666586913
1.5366406250000000 0.4589339058803281
1.5367187500000001 0.4589408049285640
1.5367968750000001 0.4589477440147274
1.5368750000000000 0.4589546432139912
1.5369531250000001 0.4589615821631962
1.5370312500000001 0.4589684815149448
1.5371093750000000 0.4589754203257519
1.5371874999999999 0.4589823198313954
1.5372656250000001 0.4589892585024138
1.5373437500000000 0.4589961581633141
1.5374218749999999 0.4590030966931988
1.5375000000000001 0.4590099965106725
1.5375781250000000 0.4590169348981258
1.5376562499999999 0.4590238348734416
1.5377343750000001 0.4590307731172129
1.5378125000000000 0.4590376732515919
1.5378906250000000 0.4590446113504787
1.5379687500000001 0.4590515116450940
1.5380468750000000 0.4590584495979413
1.5381250000000000 0.4590653500539195
1.5382031250000001 0.4590722878596195
1.5382812500000000 0.4590791884780389
1.5383593750000000 0.4590861261355318
1.5384375000000001 0.4590930269174226
1.5385156250000001 0.4590999644256961
1.5385937500000000 0.4591068653720421
1.5386718750000001 0.4591138027301316
1.5387500000000001 0.4591207038418681
1.5388281250000000 0.4591276410488567
1.5389062500000001 0.4591345423268708
1.5389843750000001 0.4591414793818891
1.5390625000000000 0.4591483808270216
1.5391406249999999 0.4591553177292480
1.5392187500000001 0.4591622193422913
1.5392968750000000 0.4591691560909518
1.5393749999999999 0.4591760578726509
1.5394531250000001 0.4591829944670183
1.5395312500000000 0.4591898964180714
1.5396093749999999 0.4591968328574655
1.5396875000000001 0.4592037349785242
1.5397656250000000 0.4592106712623123
1.5398437500000000 0.4592175735539800
1.5399218750000001 0.4592245096815763
1.5400000000000000 0.4592314121444104
1.5400781250000000 0.4592383481152753
1.5401562500000001 0.4592452507497867
1.5402343750000000 0.4592521865634275
1.5403125000000000 0.4592590893700805
1.5403906250000001 0.4592660250260504
1.5404687500000001 0.4592729280052633
1.5405468750000000 0.4592798635031615
1.5406250000000001 0.4592867666553077
1.5407031250000001 0.4592937019947779
1.5407812500000000 0.4593006053201849
1.5408593750000001 0.4593075405009175
1.5409375000000001 0.4593144439998675
1.5410156250000000 0.4593213790215965
1.5410937499999999 0.4593282826943272
1.5411718750000001 0.4593352175568327
1.5412500000000000 0.4593421214035371
1.5413281249999999 0.4593490561066423
1.5414062500000001 0.4593559601274698
1.5414843750000000 0.4593628946710419
1.5415624999999999 0.4593697988660983
1.5416406250000001 0.4593767332500476
1.5417187500000000 0.4593836376193952
1.5417968750000000 0.4593905718436760
1.5418750000000001 0.4593974763873347
1.5419531250000000 0.4594044104519421
1.5420312500000000 0.4594113151698891
1.5421093750000001 0.4594182490748620
1.5421875000000000 0.4594251539670335
1.5422656250000000 0.4594320877124522
1.5423437500000001 0.4594389927787411
1.5424218750000001 0.4594459263647261
1.5425000000000000 0.4594528316049863
1.5425781250000001 0.4594597650316996
1.5426562500000001 0.4594666704457437
1.5427343750000000 0.4594736037133870
1.5428125000000001 0.4594805093009882
1.5428906250000001 0.4594874424098029
1.5429687500000000 0.4594943481706948
1.5430468749999999 0.4595012811209610
1.5431250000000001 0.4595081870548389
1.5432031250000000 0.4595151198468755
1.5432812499999999 0.4595220259533963
1.5433593750000001 0.4595289585875598
1.5434375000000000 0.4595358648663423
1.5435156249999999 0.4595427973430269
1.5435937500000001 0.4595497037936540
1.5436718750000000 0.4595566361132902
1.5437500000000000 0.4595635427353073
1.5438281250000001 0.4595704748983622
1.5439062500000000 0.4595773816912795
1.5439843750000000 0.4595843136982544
1.5440625000000001 0.4595912206615478
1.5441406250000000 0.4595981525129798
1.5442187500000000 0.4596050596460892
1.5442968750000001 0.4596119913425499
1.5443750000000001 0.4596188986448811
1.5444531250000000 0.4596258301869759
1.5445312500000001 0.4596327376579034
1.5446093750000001 0.4596396690462682
1.5446875000000000 0.4596465766851325
1.5447656250000001 0.4596535079204389
1.5448437500000001 0.4596604157265483
1.5449218750000000 0.4596673468094976
1.5449999999999999 0.4596742547821296
1.5450781250000001 0.4596811857134540
1.5451562500000000 0.4596880938518565
1.5452343749999999 0.4596950246323183
1.5453125000000001 0.4597019329357074
1.5453906250000000 0.4597088635660994
1.5454687499999999 0.4597157720336640
1.5455468750000001 0.4597227025148070
1.5456250000000000 0.4597296111457059
1.5457031250000000 0.4597365414784485
1.5457812500000001 0.4597434502718150
1.5458593750000000 0.4597503804570330
1.5459375000000000 0.4597572894119714
1.5460156250000001 0.4597642194505684
1.5460937500000000 0.4597711285661570
1.5461718750000000 0.4597780584590619
1.5462500000000001 0.4597849677343541
1.5463281250000001 0.4597918974825216
1.5464062500000000 0.4597988069165447
1.5464843750000001 0.4598057365209530
1.5465625000000001 0.4598126461127117
1.5466406250000000 0.4598195755743630
1.5467187500000001 0.4598264853228382
1.5467968750000001 0.4598334146427581
1.5468750000000000 0.4598403245469073
1.5469531249999999 0.4598472537261439
1.5470312500000001 0.4598541637849029
1.5471093750000000 0.4598610928245259
1.5471874999999999 0.4598680030368088
1.5472656250000001 0.4598749319379089
1.5473437500000000 0.4598818423026103
1.5474218749999999 0.4598887710662976
1.5475000000000001 0.4598956815822914
1.5475781250000000 0.4599026102096962
1.5476562500000000 0.4599095208758379
1.5477343750000001 0.4599164493681090
1.5478125000000000 0.4599233601832351
1.5478906250000000 0.4599302885415388
1.5479687500000001 0.4599371995044691
1.5480468750000000 0.4599441277299897
1.5481250000000000 0.4599510388395261
1.5482031250000001 0.4599579669334643
1.5482812500000001 0.4599648781883929
1.5483593750000000 0.4599718061519648
1.5484375000000001 0.4599787175510563
1.5485156250000001 0.4599856453854933
1.5485937500000000 0.4599925569275038
1.5486718750000001 0.4599994846340519
1.5487500000000001 0.4600063963177237
1.5488281250000000 0.4600133238976415
1.5489062499999999 0.4600202357217034
1.5489843750000001 0.4600271631762636
1.5490625000000000 0.4600340751394312
1.5491406249999999 0.4600410024699192
1.5492187500000001 0.4600479145708962
1.5492968750000000 0.4600548417786079
1.5493749999999999 0.4600617540160878
1.5494531250000001 0.4600686811023307
1.5495312500000000 0.4600755934749952
1.5496093750000000 0.4600825204410864
1.5496875000000001 0.4600894329476078
1.5497656250000000 0.4600963597948752
1.5498437500000000 0.4601032724339165
1.5499218750000001 0.4601101991636953
1.5500000000000000 0.4601171119339116
1.5500781250000000 0.4601240385475459
1.5501562500000001 0.4601309514475831
1.5502343750000001 0.4601378779464252
1.5503125000000000 0.4601447909749231
1.5503906250000001 0.4601517173603313
1.5504687500000001 0.4601586305159229
1.5505468750000000 0.4601655567892624
1.5506250000000001 0.4601724700705740
1.5507031250000001 0.4601793962332147
1.5507812500000000 0.4601863096388683
1.5508593749999999 0.4601932356921868
1.5509375000000001 0.4602001492207986
1.5510156250000000 0.4602070751661745
1.5510937499999999 0.4602139888163576
1.5511718750000001 0.4602209146551744
1.5512500000000000 0.4602278284255379
1.5513281249999999 0.4602347541591833
1.5514062500000001 0.4602416680483335
1.5514843750000000 0.4602485936781963
1.5515625000000000 0.4602555076847374
1.5516406250000001 0.4602624332122094
1.5517187500000000 0.4602693473347433
1.5517968750000000 0.4602762727612180
1.5518750000000001 0.4602831869983460
1.5519531250000000 0.4602901123252174
1.5520312500000000 0.4602970266755393
1.5521093750000001 0.4603039519042021
1.5521875000000001 0.4603108663663183
1.5522656250000000 0.4603177914981667
1.5523437500000001 0.4603247060706778
1.5524218750000001 0.4603316311071052
1.5525000000000000 0.4603385457886131
1.5525781250000001 0.4603454707310117
1.5526562500000001 0.4603523855201199
1.5527343750000000 0.4603593103698800
1.5528124999999999 0.4603662252651939
1.5528906250000001 0.4603731500237038
1.5529687500000000 0.4603800650238311
1.5530468749999999 0.4603869896924758
1.5531250000000001 0.4603939047960268
1.5532031250000000 0.4604008293761899
1.5532812499999999 0.4604077445817784
1.5533593750000001 0.4604146690748382
1.5534375000000000 0.4604215843810824
1.5535156250000000 0.4604285087884137
1.5535937500000001 0.4604354241939356
1.5536718750000000 0.4604423485169083
1.5537500000000000 0.4604492640203351
1.5538281250000001 0.4604561882603140
1.5539062500000000 0.4604631038602786
1.5539843750000000 0.4604700280186236
1.5540625000000001 0.4604769437137634
1.5541406250000001 0.4604838677918278
1.5542187500000000 0.4604907835807874
1.5542968750000001 0.4604977075799189
1.5543750000000001 0.4605046234613482
1.5544531250000000 0.4605115473828875
1.5545312500000001 0.4605184633554444
1.5546093750000001 0.4605253872007253
1.5546875000000000 0.4605323032630740
1.5547656249999999 0.4605392270334228
1.5548437500000001 0.4605461431842353
1.5549218750000000 0.4605530668809714
1.5549999999999999 0.4605599831189274
1.5550781250000001 0.4605669067433616
1.5551562500000000 0.4605738230671489
1.5552343749999999 0.4605807466205832
1.5553125000000001 0.4605876630288991
1.5553906250000000 0.4605945865126270
1.5554687500000000 0.4606015030041767
1.5555468750000001 0.4606084264194829
1.5556250000000000 0.4606153429929816
1.5557031250000000 0.4606222663411410
1.5557812500000001 0.4606291829953129
1.5558593750000000 0.4606361062775914
1.5559375000000000 0.4606430230111702
1.5560156250000001 0.4606499462288233
1.5560937500000001 0.4606568630405531
1.5561718750000000 0.4606637861948265
1.5562500000000001 0.4606707030834618
1.5563281250000001 0.4606776261755905
1.5564062500000000 0.4606845431398958
1.5564843750000001 0.4606914661711044
1.5565625000000001 0.4606983832098560
1.5566406250000000 0.4607053061813580
1.5567187499999999 0.4607122232933420
1.5567968750000001 0.4607191462063397
1.5568750000000000 0.4607260633903540
1.5569531249999999 0.4607329862460390
1.5570312500000001 0.4607399035008929
1.5571093750000000 0.4607468263004448
1.5571874999999999 0.4607537436249587
1.5572656250000001 0.4607606663695455
1.5573437500000000 0.4607675837625524
1.5574218750000000 0.4607745064533306
1.5575000000000001 0.4607814239136748
1.5575781250000000 0.4607883465517877
1.5576562500000000 0.4607952640783264
1.5577343750000001 0.4608021866649062
1.5578125000000000 0.4608091042565080
1.5578906250000000 0.4608160267926740
1.5579687500000001 0.4608229444482209
1.5580468750000001 0.4608298669350800
1.5581250000000000 0.4608367846534654
1.5582031250000001 0.4608437070921122
1.5582812500000001 0.4608506248722439
1.5583593750000000 0.4608575472637588
1.5584375000000001 0.4608644651045564
1.5585156250000001 0.4608713874500083
1.5585937500000000 0.4608783053504039
1.5586718749999999 0.4608852276508493
1.5587500000000001 0.4608921456097883
1.5588281250000000 0.4608990678662692
1.5589062499999999 0.4609059858827105
1.5589843750000001 0.4609129080962562
1.5590625000000000 0.4609198261691719
1.5591406249999999 0.4609267483407993
1.5592187500000001 0.4609336664691737
1.5592968750000000 0.4609405885998853
1.5593750000000000 0.4609475067827179
1.5594531250000001 0.4609544288735028
1.5595312500000000 0.4609613471098050
1.5596093750000000 0.4609682691616399
1.5596875000000001 0.4609751874504365
1.5597656250000000 0.4609821094642841
1.5598437500000000 0.4609890278046148
1.5599218750000001 0.4609959497814236
1.5600000000000001 0.4610028681723404
1.5600781250000000 0.4610097901130468
1.5601562500000001 0.4610167085536149
1.5602343750000001 0.4610236304591406
1.5603125000000000 0.4610305489484400
1.5603906250000001 0.4610374708196942
1.5604687500000001 0.4610443893568171
1.5605468750000000 0.4610513111946946
1.5606249999999999 0.4610582297787476
1.5607031250000001 0.4610651515841298
1.5607812500000000 0.4610720702142327
1.5608593749999999 0.4610789919879884
1.5609375000000001 0.4610859106632750
1.5610156250000000 0.4610928324062570
1.5610937499999999 0.4610997511258744
1.5611718750000001 0.4611066728389252
1.5612500000000000 0.4611135916020336
1.5613281250000000 0.4611205132859802
1.5614062500000001 0.4611274320917531
1.5614843750000000 0.4611343537474095
1.5615625000000000 0.4611412725950343
1.5616406250000001 0.4611481942232020
1.5617187500000000 0.4611551131118793
1.5617968750000000 0.4611620347133454
1.5618750000000001 0.4611689536422894
1.5619531250000001 0.4611758752178272
1.5620312500000000 0.4611827941862655
1.5621093750000001 0.4611897157366360
1.5621875000000001 0.4611966347438091
1.5622656250000000 0.4612035562697601
1.5623437500000001 0.4612104753149212
1.5624218750000001 0.4612173968171875
1.5625000000000000 0.4612243158996029
1.5625781249999999 0.4612312373789065
1.5626562500000001 0.4612381564978561
1.5627343750000000 0.4612450779549051
1.5628124999999999 0.4612519971096814
1.5628906250000001 0.4612589185451715
1.5629687500000000 0.4612658377350802
1.5630468749999999 0.4612727591496943
1.5631250000000001 0.4612796783740534
1.5632031250000000 0.4612865997684617
1.5632812500000000 0.4612935190266019
1.5633593750000001 0.4613004404014622
1.5634375000000000 0.4613073596927269
1.5635156250000000 0.4613142810486843
1.5635937500000001 0.4613212003724294
1.5636718750000000 0.4613281217101165
1.5637500000000000 0.4613350410657097
1.5638281250000001 0.4613419623857473
1.5639062500000001 0.4613488817725690
1.5639843750000000 0.4613558030755656
1.5640625000000001 0.4613627224930074
1.5641406250000001 0.4613696437795596
1.5642187500000000 0.4613765632270274
1.5642968750000001 0.4613834844977187
1.5643750000000001 0.4613904039746275
1.5644531250000000 0.4613973252300310
1.5645312499999999 0.4614042447358093
1.5646093750000001 0.4614111659764860
1.5646875000000000 0.4614180855105736
1.5647656249999999 0.4614250067370723
1.5648437500000001 0.4614319262989202
1.5649218750000000 0.4614388475117788
1.5649999999999999 0.4614457671008498
1.5650781250000001 0.4614526883005948
1.5651562500000000 0.4614596079163625
1.5652343750000000 0.4614665291035095
1.5653125000000001 0.4614734487454591
1.5653906250000000 0.4614803699205117
1.5654687500000000 0.4614872895881391
1.5655468750000001 0.4614942107515908
1.5656250000000000 0.4615011304444032
1.5657031250000000 0.4615080515967365
1.5657812500000001 0.4615149713142509
1.5658593750000001 0.4615218924559379
1.5659375000000000 0.4615288121976824
1.5660156250000001 0.4615357333291844
1.5660937500000001 0.4615426530946980
1.5661718750000000 0.4615495742164655
1.5662500000000001 0.4615564940052971
1.5663281250000001 0.4615634151177713
1.5664062500000000 0.4615703349294792
1.5664843749999999 0.4615772560330908
1.5665625000000001 0.4615841758672450
1.5666406250000000 0.4615910969624143
1.5667187499999999 0.4615980168185932
1.5667968750000001 0.4616049379057315
1.5668750000000000 0.4616118577835238
1.5669531249999999 0.4616187788630319
1.5670312500000001 0.4616256987620361
1.5671093750000000 0.4616326198343061
1.5671875000000000 0.4616395397541293
1.5672656250000001 0.4616464608195440
1.5673437500000000 0.4616533807598037
1.5674218750000000 0.4616603018187350
1.5675000000000001 0.4616672217790572
1.5675781250000000 0.4616741428318705
1.5676562500000000 0.4616810628118900
1.5677343750000001 0.4616879838589403
1.5678125000000001 0.4616949038583004
1.5678906250000000 0.4617018248999344
1.5679687500000001 0.4617087449182882
1.5680468750000001 0.4617156659548429
1.5681250000000000 0.4617225859918527
1.5682031250000001 0.4617295070236571
1.5682812500000001 0.4617364270789912
1.5683593750000000 0.4617433481063677
1.5684374999999999 0.4617502681797039
1.5685156250000001 0.4617571892029650
1.5685937500000000 0.4617641092939893
1.5686718749999999 0.4617710303134395
1.5687500000000001 0.4617779504218456
1.5688281250000000 0.4617848714377821
1.5689062499999999 0.4617917915632715
1.5689843750000001 0.4617987125759842
1.5690625000000000 0.4618056327182661
1.5691406250000000 0.4618125537280358
1.5692187500000001 0.4618194738868273
1.5692968750000000 0.4618263948939285
1.5693750000000000 0.4618333150689539
1.5694531250000001 0.4618402360736533
1.5695312500000000 0.4618471562646442
1.5696093750000000 0.4618540772672010
1.5696875000000001 0.4618609974738961
1.5697656250000001 0.4618679184745639
1.5698437500000000 0.4618748386967076
1.5699218750000001 0.4618817596957321
1.5700000000000001 0.4618886799330775
1.5700781250000000 0.4618956009306974
1.5701562500000001 0.4619025211830033
1.5702343750000001 0.4619094421794517
1.5703125000000000 0.4619163624464828
1.5703906249999999 0.4619232834419856
1.5704687500000001 0.4619302037235146
1.5705468750000000 0.4619371247182916
1.5706249999999999 0.4619440450140963
1.5707031250000001 0.4619509660083603
1.5707812500000000 0.4619578863182257
1.5708593749999999 0.4619648073121841
1.5709375000000001 0.4619717276358996
1.5710156250000000 0.4619786486297551
1.5710937500000000 0.4619855689671170
1.5711718750000001 0.4619924899610648
1.5712500000000000 0.4619994103118741
1.5713281250000000 0.4620063313061048
1.5714062500000001 0.4620132516701697
1.5714843750000000 0.4620201726648671
1.5715625000000000 0.4620270930420004
1.5716406250000001 0.4620340140373443
1.5717187500000001 0.4620409344273638
1.5717968750000000 0.4620478554235281
1.5718750000000001 0.4620547758262575
1.5719531250000001 0.4620616968234108
1.5720312500000000 0.4620686172386783
1.5721093750000001 0.4620755382369840
1.5721875000000001 0.4620824586646237
1.5722656250000000 0.4620893796642409
1.5723437499999999 0.4620963001040910
1.5724218750000001 0.4621032211051734
1.5725000000000000 0.4621101415570766
1.5725781249999999 0.4621170625597741
1.5726562500000001 0.4621239830235779
1.5727343750000000 0.4621309040280355
1.5728124999999999 0.4621378245035920
1.5728906250000001 0.4621447455099497
1.5729687500000000 0.4621516659971157
1.5730468750000000 0.4621585870055095
1.5731250000000001 0.4621655075041455
1.5732031250000000 0.4621724285147077
1.5732812500000000 0.4621793490246788
1.5733593750000001 0.4621862700375371
1.5734375000000000 0.4621931905587121
1.5735156250000000 0.4622001115739899
1.5735937500000001 0.4622070321062418
1.5736718750000001 0.4622139531240591
1.5737500000000000 0.4622208736672649
1.5738281250000001 0.4622277946877378
1.5739062500000001 0.4622347152417777
1.5739843750000000 0.4622416362650191
1.5740625000000001 0.4622485568297776
1.5741406250000001 0.4622554778558945
1.5742187500000000 0.4622623984312597
1.5742968749999999 0.4622693194603590
1.5743750000000001 0.4622762400462211
1.5744531250000000 0.4622831610784048
1.5745312499999999 0.4622900816746580
1.5746093750000001 0.4622970027100244
1.5746875000000000 0.4623039233165672
1.5747656249999999 0.4623108443552122
1.5748437500000001 0.4623177649719446
1.5749218750000000 0.4623246860139605
1.5750000000000000 0.4623316066407864
1.5750781250000001 0.4623385276862624
1.5751562500000000 0.4623454483230891
1.5752343750000000 0.4623523693721122
1.5753125000000001 0.4623592900188482
1.5753906250000000 0.4623662110715019
1.5754687500000000 0.4623731317280608
1.5755468750000001 0.4623800527844259
1.5756250000000001 0.4623869734507223
1.5757031250000000 0.4623938945108768
1.5757812500000001 0.4624008151868289
1.5758593750000001 0.4624077362508490
1.5759375000000000 0.4624146569363762
1.5760156250000001 0.4624215780043355
1.5760937500000001 0.4624284986993608
1.5761718750000000 0.4624354197713293
1.5762499999999999 0.4624423404757785
1.5763281250000001 0.4624492615518249
1.5764062500000000 0.4624561822656251
1.5764843749999999 0.4624631033458157
1.5765625000000001 0.4624700240688961
1.5766406250000000 0.4624769451532948
1.5767187499999999 0.4624838658855874
1.5767968750000001 0.4624907869742563
1.5768750000000000 0.4624977077156952
1.5769531250000000 0.4625046288086939
1.5770312500000001 0.4625115495592145
1.5771093750000000 0.4625184706566015
1.5771875000000000 0.4625253914161422
1.5772656250000001 0.4625323125179726
1.5773437500000000 0.4625392332864726
1.5774218750000000 0.4625461543928013
1.5775000000000001 0.4625530751702019
1.5775781250000001 0.4625599962810811
1.5776562500000000 0.4625669170673261
1.5777343750000001 0.4625738381828060
1.5778125000000001 0.4625807589778398
1.5778906250000000 0.4625876800979703
1.5779687500000001 0.4625946009017396
1.5780468750000001 0.4626015220265674
1.5781250000000000 0.4626084428390204
1.5782031249999999 0.4626153639685912
1.5782812500000001 0.4626222847896782
1.5783593750000000 0.4626292059240368
1.5784374999999999 0.4626361267537075
1.5785156250000001 0.4626430478928974
1.5785937500000000 0.4626499687311045
1.5786718749999999 0.4626568898751671
1.5787500000000001 0.4626638107218644
1.5788281250000000 0.4626707318708397
1.5789062500000000 0.4626776527259821
1.5789843750000001 0.4626845738799102
1.5790625000000000 0.4626914947434536
1.5791406250000000 0.4626984159023718
1.5792187500000001 0.4627053367742743
1.5792968750000000 0.4627122579382193
1.5793750000000000 0.4627191788184387
1.5794531250000001 0.4627260999874465
1.5795312500000001 0.4627330208759433
1.5796093750000000 0.4627399420500479
1.5796875000000001 0.4627468629467822
1.5797656250000001 0.4627537841260178
1.5798437500000000 0.4627607050309512
1.5799218750000001 0.4627676262153503
1.5800000000000001 0.4627745471284452
1.5800781250000000 0.4627814683180394
1.5801562499999999 0.4627883892392596
1.5802343750000001 0.4627953104340800
1.5803125000000000 0.4628022313633896
1.5803906249999999 0.4628091525634659
1.5804687500000001 0.4628160735008301
1.5805468750000000 0.4628229947061918
1.5806249999999999 0.4628299156515768
1.5807031250000001 0.4628368368622517
1.5807812500000000 0.4628437578156239
1.5808593750000000 0.4628506790316408
1.5809375000000001 0.4628575999929674
1.5810156250000000 0.4628645212143528
1.5810937500000000 0.4628714421836014
1.5811718750000001 0.4628783634103825
1.5812500000000000 0.4628852843875216
1.5813281250000000 0.4628922056197235
1.5814062500000001 0.4628991266047231
1.5814843750000001 0.4629060478423712
1.5815625000000000 0.4629129688352007
1.5816406250000001 0.4629198900783198
1.5817187500000001 0.4629268110789500
1.5817968750000000 0.4629337323275635
1.5818750000000001 0.4629406533359648
1.5819531250000001 0.4629475745900974
1.5820312500000000 0.4629544956062411
1.5821093749999999 0.4629614168659152
1.5821875000000001 0.4629683378897734
1.5822656250000000 0.4629752591550122
1.5823437499999999 0.4629821801865564
1.5824218750000001 0.4629891014573825
1.5825000000000000 0.4629960224965857
1.5825781249999999 0.4630029437730208
1.5826562500000001 0.4630098648198563
1.5827343750000000 0.4630167861019215
1.5828125000000000 0.4630237071563625
1.5828906250000001 0.4630306284440796
1.5829687500000000 0.4630375495060990
1.5830468750000000 0.4630444707994897
1.5831250000000001 0.4630513918690617
1.5832031250000000 0.4630583131681454
1.5832812500000000 0.4630652342452447
1.5833593750000001 0.4630721555500427
1.5834375000000001 0.4630790766346430
1.5835156250000000 0.4630859979451760
1.5835937500000001 0.4630929190372512
1.5836718750000001 0.4630998403535393
1.5837500000000000 0.4631067614530650
1.5838281250000001 0.4631136827751274
1.5839062500000001 0.4631206038820779
1.5839843750000000 0.4631275252099354
1.5840624999999999 0.4631344463242861
1.5841406250000001 0.4631413676579577
1.5842187500000000 0.4631482887796839
1.5842968749999999 0.4631552101191886
1.5843750000000001 0.4631621312482657
1.5844531250000000 0.4631690525936235
1.5845312499999999 0.4631759737300267
1.5846093750000001 0.4631828950812569
1.5846875000000000 0.4631898162249619
1.5847656250000000 0.4631967375820829
1.5848437500000001 0.4632036587330656
1.5849218750000000 0.4632105800960972
1.5850000000000000 0.4632175012543326
1.5850781250000001 0.4632244226232942
1.5851562500000000 0.4632313437887582
1.5852343750000000 0.4632382651636682
1.5853125000000001 0.4632451863363366
1.5853906250000001 0.4632521077172143
1.5854687500000000 0.4632590288970628
1.5855468750000001 0.4632659502839275
1.5856250000000001 0.4632728714709313
1.5857031250000000 0.4632797928638019
1.5857812500000001 0.4632867140579372
1.5858593750000001 0.4632936354568332
1.5859375000000000 0.4633005566580750
1.5860156249999999 0.4633074780630154
1.5860937500000001 0.4633143992713394
1.5861718750000000 0.4633213206823439
1.5862499999999999 0.4633282418977253
1.5863281250000001 0.4633351633148128
1.5864062500000000 0.4633420845372276
1.5864843749999999 0.4633490059604168
1.5865625000000001 0.4633559271898406
1.5866406250000000 0.4633628486191514
1.5867187500000000 0.4633697698555591
1.5867968750000001 0.4633766912910113
1.5868750000000000 0.4633836125343774
1.5869531250000000 0.4633905339759914
1.5870312500000001 0.4633974552262910
1.5871093750000000 0.4634043766740860
1.5871875000000000 0.4634112979312940
1.5872656250000001 0.4634182193852903
1.5873437500000001 0.4634251406493815
1.5874218750000000 0.4634320621095987
1.5875000000000001 0.4634389833805480
1.5875781250000001 0.4634459048470064
1.5876562500000000 0.4634528261247883
1.5877343750000001 0.4634597475975083
1.5878125000000001 0.4634666688820969
1.5878906250000000 0.4634735903610991
1.5879687499999999 0.4634805116524687
1.5880468750000001 0.4634874331377740
1.5881250000000000 0.4634943544358976
1.5882031249999999 0.4635012759275268
1.5882812500000001 0.4635081972323796
1.5883593750000000 0.4635151187303537
1.5884374999999999 0.4635220400419085
1.5885156250000001 0.4635289615462486
1.5885937500000000 0.4635358828644790
1.5886718750000000 0.4635428043752067
1.5887500000000001 0.4635497257000859
1.5888281250000000 0.4635566472172230
1.5889062500000000 0.4635635685487238
1.5889843750000001 0.4635704900722920
1.5890625000000000 0.4635774114103870
1.5891406250000000 0.4635843329404090
1.5892187500000001 0.4635912542850713
1.5892968750000001 0.4635981758215683
1.5893750000000000 0.4636050971727700
1.5894531250000001 0.4636120187157652
1.5895312500000001 0.4636189400734784
1.5896093750000000 0.4636258616229945
1.5896875000000001 0.4636327829871913
1.5897656250000001 0.4636397045432516
1.5898437500000000 0.4636466259139027
1.5899218749999999 0.4636535474765304
1.5900000000000001 0.4636604688536077
1.5900781250000000 0.4636673904228263
1.5901562499999999 0.4636743118063012
1.5902343750000001 0.4636812333821339
1.5903125000000000 0.4636881547719776
1.5903906249999999 0.4636950763544486
1.5904687500000001 0.4637019977506313
1.5905468750000000 0.4637089193397647
1.5906250000000000 0.4637158407422573
1.5907031250000001 0.4637227623380776
1.5907812500000000 0.4637296837468498
1.5908593750000000 0.4637366053493817
1.5909375000000001 0.4637435267644037
1.5910156250000000 0.4637504483736727
1.5910937500000000 0.4637573697949137
1.5911718750000001 0.4637642914109446
1.5912500000000001 0.4637712128383745
1.5913281250000000 0.4637781344611929
1.5914062500000001 0.4637850558947803
1.5914843750000001 0.4637919775244119
1.5915625000000000 0.4637988989641261
1.5916406250000001 0.4638058206005975
1.5917187500000001 0.4638127420464065
1.5917968750000000 0.4638196636897433
1.5918749999999999 0.4638265851416160
1.5919531250000001 0.4638335067918454
1.5920312500000000 0.4638404282497493
1.5921093749999999 0.4638473499068979
1.5921875000000001 0.4638542713708017
1.5922656250000000 0.4638611930348956
1.5923437499999999 0.4638681145047661
1.5924218750000001 0.4638750361758343
1.5925000000000000 0.4638819576516389
1.5925781250000000 0.4638888793297081
1.5926562500000001 0.4638958008114136
1.5927343750000000 0.4639027224965126
1.5928125000000000 0.4639096439840860
1.5928906250000001 0.4639165656762418
1.5929687500000000 0.4639234871696494
1.5930468750000000 0.4639304088688912
1.5931250000000001 0.4639373303680993
1.5932031250000001 0.4639442520744559
1.5932812500000000 0.4639511735794298
1.5933593750000001 0.4639580952929300
1.5934375000000001 0.4639650168036361
1.5935156250000000 0.4639719385243093
1.5935937500000001 0.4639788600407124
1.5936718750000001 0.4639857817685884
1.5937500000000000 0.4639927032906535
1.5938281249999999 0.4639996250257616
1.5939062500000001 0.4640065465534544
1.5939843750000000 0.4640134682958246
1.5940624999999999 0.4640203898291091
1.5941406250000001 0.4640273115787715
1.5942187500000000 0.4640342331176125
1.5942968749999999 0.4640411548745982
1.5943750000000001 0.4640480764189591
1.5944531250000000 0.4640549981832993
1.5945312500000000 0.4640619197331436
1.5946093750000001 0.4640688415048691
1.5946875000000000 0.4640757630601615
1.5947656250000000 0.4640826848393028
1.5948437500000001 0.4640896064000057
1.5949218750000000 0.4640965281865961
1.5950000000000000 0.4641034497526724
1.5950781250000001 0.4641103715467430
1.5951562500000001 0.4641172931181550
1.5952343750000000 0.4641242149197385
1.5953125000000001 0.4641311364964495
1.5953906250000001 0.4641380583055773
1.5954687500000000 0.4641449798875496
1.5955468750000001 0.4641519017042553
1.5956250000000001 0.4641588232914499
1.5957031250000000 0.4641657451157664
1.5957812499999999 0.4641726667081459
1.5958593750000001 0.4641795885401059
1.5959375000000000 0.4641865101376316
1.5960156249999999 0.4641934319772684
1.5960937500000001 0.4642003535799013
1.5961718750000000 0.4642072754272493
1.5962499999999999 0.4642141970349507
1.5963281250000001 0.4642211188900427
1.5964062500000000 0.4642280405027736
1.5964843750000000 0.4642349623656448
1.5965625000000001 0.4642418839833647
1.5966406250000000 0.4642488058540491
1.5967187500000000 0.4642557274767191
1.5967968750000001 0.4642626493552515
1.5968750000000000 0.4642695709828312
1.5969531250000000 0.4642764928692463
1.5970312500000001 0.4642834145016957
1.5971093750000001 0.4642903363960286
1.5971875000000000 0.4642972580333072
1.5972656250000001 0.4643041799355933
1.5973437500000001 0.4643111015776609
1.5974218750000000 0.4643180234879351
1.5975000000000001 0.4643249451347511
1.5975781250000001 0.4643318670530486
1.5976562500000000 0.4643387887045720
1.5977343749999999 0.4643457106309295
1.5978125000000001 0.4643526322871191
1.5978906250000000 0.4643595542215721
1.5979687499999999 0.4643664758823862
1.5980468750000001 0.4643733978249717
1.5981250000000000 0.4643803194903688
1.5982031249999999 0.4643872414411226
1.5982812500000001 0.4643941631110615
1.5983593750000000 0.4644010850700202
1.5984375000000000 0.4644080067444583
1.5985156250000001 0.4644149287116588
1.5985937500000000 0.4644218503905547
1.5986718750000000 0.4644287723660338
1.5987500000000001 0.4644356940493449
1.5988281250000000 0.4644426160331397
1.5989062500000000 0.4644495377208237
1.5989843750000001 0.4644564597129717
1.5990625000000001 0.4644633814049863
1.5991406250000000 0.4644703034055241
1.5992187500000001 0.4644772251018264
1.5992968750000001 0.4644841471107930
1.5993750000000000 0.4644910688113394
1.5994531250000001 0.4644979908287716
1.5995312500000001 0.4645049125335199
1.5996093750000000 0.4645118345594560
1.5996874999999999 0.4645187562683630
1.5997656250000001 0.4645256783028403
1.5998437500000000 0.4645326000158627
1.5999218749999999 0.4645395220589197
1.6000000000000001 0.4645464437760137
1.6000781250000000 0.4645533658276893
1.6001562499999999 0.4645602875488117
1.6002343750000001 0.4645672096091428
1.6003125000000000 0.4645741313342508
1.6003906250000000 0.4645810534032759
1.6004687500000001 0.4645879751323259
1.6005468750000000 0.4645948972100837
1.6006250000000000 0.4646018189430314
1.6007031250000001 0.4646087410295608
1.6007812500000000 0.4646156627663621
1.6008593750000000 0.4646225848617019
1.6009375000000001 0.4646295066023129
1.6010156250000001 0.4646364287065016
1.6010937500000000 0.4646433504508782
1.6011718750000001 0.4646502725639556
1.6012500000000001 0.4646571943120534
1.6013281250000000 0.4646641164340573
1.6014062500000001 0.4646710381858331
1.6014843750000001 0.4646779603168027
1.6015625000000000 0.4646848820722118
1.6016406249999999 0.4646918042121858
1.6017187500000001 0.4646987259711844
1.6017968750000000 0.4647056481202019
1.6018749999999999 0.4647125698827458
1.6019531250000001 0.4647194920408457
1.6020312500000000 0.4647264138068903
1.6021093749999999 0.4647333359741121
1.6021875000000001 0.4647402577436133
1.6022656250000000 0.4647471799199958
1.6023437500000000 0.4647541016929093
1.6024218750000001 0.4647610238784918
1.6025000000000000 0.4647679456547729
1.6025781250000000 0.4647748678495944
1.6026562500000001 0.4647817896291989
1.6027343750000000 0.4647887118332985
1.6028125000000000 0.4647956336161829
1.6028906250000001 0.4648025558295993
1.6029687500000001 0.4648094776157185
1.6030468750000000 0.4648163998384911
1.6031250000000001 0.4648233216278014
1.6032031250000001 0.4648302438599686
1.6032812500000000 0.4648371656524262
1.6033593750000001 0.4648440878940273
1.6034375000000001 0.4648510096895875
1.6035156250000000 0.4648579319406608
1.6035937499999999 0.4648648537392802
1.6036718750000001 0.4648717759998654
1.6037500000000000 0.4648786978014995
1.6038281249999999 0.4648856200716339
1.6039062500000001 0.4648925418762400
1.6039843750000000 0.4648994641559629
1.6040624999999999 0.4649063859634965
1.6041406250000001 0.4649133082528460
1.6042187500000000 0.4649202300632636
1.6042968750000000 0.4649271523622782
1.6043750000000001 0.4649340741755366
1.6044531250000000 0.4649409964842544
1.6045312500000000 0.4649479183003099
1.6046093750000001 0.4649548406187693
1.6046875000000000 0.4649617624375787
1.6047656250000000 0.4649686847658174
1.6048437500000001 0.4649756065873374
1.6049218750000001 0.4649825289253938
1.6050000000000000 0.4649894507495815
1.6050781250000001 0.4649963730974930
1.6051562500000001 0.4650032949243058
1.6052343750000000 0.4650102172821096
1.6053125000000001 0.4650171391115047
1.6053906250000001 0.4650240614792385
1.6054687500000000 0.4650309833111737
1.6055468749999999 0.4650379056888738
1.6056250000000001 0.4650448275233076
1.6057031250000000 0.4650517499110108
1.6057812499999999 0.4650586717479007
1.6058593750000001 0.4650655941456447
1.6059375000000000 0.4650725159849478
1.6060156249999999 0.4650794383927693
1.6060937500000001 0.4650863602344449
1.6061718750000000 0.4650932826523791
1.6062500000000000 0.4651002044963863
1.6063281250000001 0.4651071269244698
1.6064062500000000 0.4651140487707670
1.6064843750000000 0.4651209712090352
1.6065625000000001 0.4651278930575818
1.6066406250000000 0.4651348155060698
1.6067187500000000 0.4651417373568260
1.6067968750000001 0.4651486598155688
1.6068750000000001 0.4651555816684940
1.6069531250000000 0.4651625041375267
1.6070312500000001 0.4651694259925810
1.6071093750000001 0.4651763484719386
1.6071875000000000 0.4651832703290821
1.6072656250000001 0.4651901928187984
1.6073437500000001 0.4651971146779923
1.6074218750000000 0.4652040371781007
1.6074999999999999 0.4652109590393059
1.6075781250000001 0.4652178815498412
1.6076562500000000 0.4652248034130186
1.6077343749999999 0.4652317259340135
1.6078125000000001 0.4652386477991252
1.6078906250000000 0.4652455703306124
1.6079687499999999 0.4652524921976203
1.6080468750000001 0.4652594147396326
1.6081250000000000 0.4652663366084999
1.6082031250000000 0.4652732591610687
1.6082812500000001 0.4652801810317578
1.6083593750000000 0.4652871035949153
1.6084375000000000 0.4652940254673897
1.6085156250000001 0.4653009480411670
1.6085937500000000 0.4653078699153904
1.6086718750000000 0.4653147924998186
1.6087500000000001 0.4653217143757546
1.6088281250000001 0.4653286369708642
1.6089062500000000 0.4653355588484786
1.6089843750000001 0.4653424814542989
1.6090625000000001 0.4653494033335560
1.6091406250000000 0.4653563259501168
1.6092187500000001 0.4653632478309823
1.6092968750000001 0.4653701704583125
1.6093750000000000 0.4653770923407528
1.6094531249999999 0.4653840149788806
1.6095312500000001 0.4653909368628622
1.6096093750000000 0.4653978595118166
1.6096874999999999 0.4654047813973056
1.6097656250000001 0.4654117040571135
1.6098437500000000 0.4654186259440782
1.6099218749999999 0.4654255486147670
1.6100000000000001 0.4654324705031752
1.6100781250000000 0.4654393931847713
1.6101562500000000 0.4654463150745909
1.6102343750000001 0.4654532377671206
1.6103125000000000 0.4654601596583217
1.6103906250000000 0.4654670823618097
1.6104687500000001 0.4654740042543618
1.6105468750000000 0.4654809269688331
1.6106250000000000 0.4654878488627062
1.6107031250000001 0.4654947715881854
1.6107812500000001 0.4655016934833504
1.6108593750000000 0.4655086162198609
1.6109375000000001 0.4655155381162893
1.6110156250000001 0.4655224608638544
1.6110937500000000 0.4655293827615184
1.6111718750000001 0.4655363055201600
1.6112500000000001 0.4655432274190323
1.6113281250000000 0.4655501501887724
1.6114062499999999 0.4655570720888262
1.6114843750000001 0.4655639948696861
1.6115625000000000 0.4655709167708956
1.6116406249999999 0.4655778395628959
1.6117187500000001 0.4655847614652347
1.6117968750000000 0.4655916842683960
1.6118749999999999 0.4655986061718400
1.6119531250000001 0.4656055289861806
1.6120312500000000 0.4656124508907057
1.6121093750000000 0.4656193737162442
1.6121875000000001 0.4656262956218274
1.6122656250000000 0.4656332184585816
1.6123437500000000 0.4656401403651999
1.6124218750000001 0.4656470632131873
1.6125000000000000 0.4656539851208182
1.6125781250000000 0.4656609079800558
1.6126562500000001 0.4656678298886782
1.6127343750000001 0.4656747527591814
1.6128125000000000 0.4656816746687743
1.6128906250000001 0.4656885975505579
1.6129687500000001 0.4656955194611023
1.6130468750000000 0.4657024423541804
1.6131250000000001 0.4657093642656572
1.6132031250000001 0.4657162871700438
1.6132812500000000 0.4657232090824337
1.6133593749999999 0.4657301319981412
1.6134375000000001 0.4657370539114276
1.6135156250000000 0.4657439768384685
1.6135937499999999 0.4657508987526340
1.6136718750000001 0.4657578216910191
1.6137500000000000 0.4657647436060480
1.6138281249999999 0.4657716665557877
1.6139062500000001 0.4657785884716651
1.6139843750000000 0.4657855114327687
1.6140625000000000 0.4657924333494798
1.6141406250000001 0.4657993563219566
1.6142187500000000 0.4658062782394878
1.6142968750000000 0.4658132012233455
1.6143750000000001 0.4658201231416850
1.6144531250000000 0.4658270461369302
1.6145312500000000 0.4658339680560654
1.6146093750000001 0.4658408910627050
1.6146875000000001 0.4658478129826246
1.6147656250000000 0.4658547360006637
1.6148437500000001 0.4658616579213583
1.6149218750000001 0.4658685809508018
1.6150000000000000 0.4658755028722614
1.6150781250000001 0.4658824259131129
1.6151562500000001 0.4658893478353288
1.6152343750000000 0.4658962708875916
1.6153124999999999 0.4659031928105568
1.6153906250000001 0.4659101158742321
1.6154687500000000 0.4659170377979390
1.6155468749999999 0.4659239608730291
1.6156250000000001 0.4659308827974723
1.6157031250000000 0.4659378058839770
1.6157812499999999 0.4659447278091510
1.6158593750000001 0.4659516509070695
1.6159375000000000 0.4659585728329709
1.6160156250000000 0.4659654959423017
1.6160937500000001 0.4659724178689272
1.6161718750000000 0.4659793409896675
1.6162500000000000 0.4659862629170144
1.6163281250000001 0.4659931860491615
1.6164062500000000 0.4660001079772289
1.6164843750000000 0.4660070311207780
1.6165625000000001 0.4660139530495652
1.6166406250000001 0.4660208762045113
1.6167187500000000 0.4660277981340193
1.6167968750000001 0.4660347213003558
1.6168750000000001 0.4660416432305859
1.6169531250000000 0.4660485664083056
1.6170312500000001 0.4660554883392602
1.6171093750000001 0.4660624115283550
1.6171875000000000 0.4660693334600382
1.6172656249999999 0.4660762566604992
1.6173437500000001 0.4660831785929146
1.6174218750000000 0.4660901018047318
1.6174999999999999 0.4660970237378846
1.6175781250000001 0.4661039469610471
1.6176562500000000 0.4661108688949442
1.6177343749999999 0.4661177921294394
1.6178125000000001 0.4661247140640879
1.6178906250000000 0.4661316373099034
1.6179687500000000 0.4661385592453114
1.6180468750000001 0.4661454825024332
1.6181250000000000 0.4661524044386099
1.6182031250000000 0.4661593277070233
1.6182812500000001 0.4661662496439789
1.6183593750000000 0.4661731729236676
1.6184375000000000 0.4661800948614136
1.6185156250000001 0.4661870181523611
1.6185937500000001 0.4661939400909090
1.6186718750000000 0.4662008633930975
1.6187500000000001 0.4662077853324610
1.6188281250000001 0.4662147086458719
1.6189062500000000 0.4662216305860643
1.6189843750000001 0.4662285539106779
1.6190625000000001 0.4662354758517147
1.6191406250000000 0.4662423991875101
1.6192187499999999 0.4662493211294074
1.6192968750000001 0.4662562444763624
1.6193750000000000 0.4662631664191378
1.6194531249999999 0.4662700897772301
1.6195312500000001 0.4662770117209010
1.6196093750000000 0.4662839350901061
1.6196874999999999 0.4662908570346923
1.6197656250000001 0.4662977804149865
1.6198437500000000 0.4663047023605071
1.6199218750000000 0.4663116257518642
1.6200000000000001 0.4663185476983410
1.6200781250000000 0.4663254711007341
1.6201562500000000 0.4663323930481887
1.6202343750000001 0.4663393164615900
1.6203125000000000 0.4663462384100463
1.6203906250000000 0.4663531618344271
1.6204687500000001 0.4663600837839088
1.6205468750000001 0.4663670072192391
1.6206250000000000 0.4663739291697713
1.6207031250000001 0.4663808526160199
1.6207812500000001 0.4663877745676294
1.6208593750000000 0.4663946980247654
1.6209375000000001 0.4664016199774779
1.6210156250000001 0.4664085434454686
1.6210937500000000 0.4664154653993129
1.6211718749999999 0.4664223888781242
1.6212500000000001 0.4664293108331292
1.6213281250000000 0.4664362343227265
1.6214062499999999 0.4664431562789221
1.6214843750000001 0.4664500797792696
1.6215625000000000 0.4664570017366872
1.6216406249999999 0.4664639252477485
1.6217187500000001 0.4664708472064195
1.6217968750000000 0.4664777707281575
1.6218750000000000 0.4664846926881147
1.6219531250000001 0.4664916162204898
1.6220312500000000 0.4664985381817677
1.6221093750000000 0.4665054617247408
1.6221875000000001 0.4665123836873740
1.6222656250000000 0.4665193072409048
1.6223437500000000 0.4665262292049288
1.6224218750000001 0.4665331527689756
1.6225000000000001 0.4665400747344280
1.6225781250000000 0.4665469983089477
1.6226562500000001 0.4665539202758662
1.6227343750000001 0.4665608438608158
1.6228125000000000 0.4665677658292389
1.6228906250000001 0.4665746894245741
1.6229687500000001 0.4665816113945414
1.6230468750000000 0.4665885350002167
1.6231249999999999 0.4665954569717693
1.6232031250000001 0.4666023805877385
1.6232812500000000 0.4666093025609174
1.6233593749999999 0.4666162261871335
1.6234375000000001 0.4666231481619810
1.6235156250000000 0.4666300717983960
1.6235937499999999 0.4666369937749556
1.6236718750000001 0.4666439174215207
1.6237500000000000 0.4666508393998366
1.6238281250000000 0.4666577630565019
1.6239062500000001 0.4666646850366191
1.6239843750000000 0.4666716087033336
1.6240625000000000 0.4666785306852980
1.6241406250000001 0.4666854543620110
1.6242187500000000 0.4666923763458694
1.6242968750000000 0.4666993000325274
1.6243750000000001 0.4667062220183281
1.6244531250000001 0.4667131457148782
1.6245312500000000 0.4667200677026695
1.6246093750000001 0.4667269914090570
1.6246875000000001 0.4667339133988885
1.6247656250000000 0.4667408371150591
1.6248437500000001 0.4667477591069803
1.6249218750000001 0.4667546828328782
1.6250000000000000 0.4667616048269409
1.6250781249999999 0.4667685285625088
1.6251562500000001 0.4667754505587650
1.6252343750000000 0.4667823743039457
1.6253124999999999 0.4667892963024480
1.6253906250000001 0.4667962200571830
1.6254687500000000 0.4668031420579852
1.6255468749999999 0.4668100658222150
1.6256250000000001 0.4668169878253715
1.6257031250000000 0.4668239115990367
1.6257812500000000 0.4668308336046018
1.6258593750000001 0.4668377573876421
1.6259375000000000 0.4668446793956729
1.6260156250000000 0.4668516031880255
1.6260937500000001 0.4668585251985783
1.6261718750000000 0.4668654490001817
1.6262500000000000 0.4668723710133139
1.6263281250000001 0.4668792948241054
1.6264062500000001 0.4668862168398747
1.6264843750000000 0.4668931406597911
1.6265625000000001 0.4669000626782561
1.6266406250000001 0.4669069865072325
1.6267187500000000 0.4669139085284530
1.6267968750000001 0.4669208323664248
1.6268750000000001 0.4669277543904611
1.6269531250000000 0.4669346782373622
1.6270312499999999 0.4669416002642748
1.6271093750000001 0.4669485241200391
1.6271875000000000 0.4669554461498900
1.6272656249999999 0.4669623700144504
1.6273437500000001 0.4669692920473015
1.6274218750000000 0.4669762159205905
1.6274999999999999 0.4669831379565045
1.6275781250000001 0.4669900618384537
1.6276562500000000 0.4669969838774941
1.6277343750000000 0.4670039077680350
1.6278125000000001 0.4670108298102656
1.6278906250000000 0.4670177537093280
1.6279687500000000 0.4670246757548142
1.6280468750000001 0.4670315996623285
1.6281250000000000 0.4670385217111341
1.6282031250000000 0.4670454456270300
1.6282812500000001 0.4670523676792220
1.6283593750000001 0.4670592916034276
1.6284375000000000 0.4670662136590717
1.6285156250000001 0.4670731375915158
1.6285937500000001 0.4670800596506792
1.6286718750000000 0.4670869835912891
1.6287500000000001 0.4670939056540389
1.6288281250000001 0.4671008296027418
1.6289062500000000 0.4671077516691463
1.6289843749999999 0.4671146756258688
1.6290625000000001 0.4671215976959968
1.6291406250000000 0.4671285216606649
1.6292187499999999 0.4671354437345844
1.6292968750000001 0.4671423677071242
1.6293750000000000 0.4671492897849052
1.6294531249999999 0.4671562137652421
1.6295312500000001 0.4671631358469536
1.6296093750000000 0.4671700598350129
1.6296875000000000 0.4671769819207249
1.6297656250000001 0.4671839059164308
1.6298437500000000 0.4671908280062139
1.6299218750000000 0.4671977520094913
1.6300000000000001 0.4672046741034162
1.6300781250000000 0.4672115981141878
1.6301562500000000 0.4672185202123266
1.6302343750000001 0.4672254442305162
1.6303125000000001 0.4672323663329394
1.6303906250000000 0.4672392903584703
1.6304687500000001 0.4672462124652506
1.6305468750000001 0.4672531364980451
1.6306250000000000 0.4672600586092545
1.6307031250000001 0.4672669826492360
1.6307812500000001 0.4672739047649462
1.6308593750000000 0.4672808288120371
1.6309374999999999 0.4672877509323210
1.6310156250000001 0.4672946749864426
1.6310937500000000 0.4673015971113738
1.6311718749999999 0.4673085211724484
1.6312500000000001 0.4673154433020992
1.6313281250000000 0.4673223673700481
1.6314062499999999 0.4673292895044927
1.6314843750000001 0.4673362135792368
1.6315625000000000 0.4673431357185485
1.6316406250000000 0.4673500598000097
1.6317187500000001 0.4673569819442624
1.6317968750000000 0.4673639060323610
1.6318750000000000 0.4673708281816287
1.6319531250000001 0.4673777522762858
1.6320312500000000 0.4673846744306426
1.6321093750000000 0.4673915985317785
1.6321875000000001 0.4673985206912991
1.6322656250000001 0.4674054447988346
1.6323437500000000 0.4674123669635926
1.6324218750000001 0.4674192910774478
1.6325000000000001 0.4674262132475187
1.6325781250000000 0.4674331373676141
1.6326562500000001 0.4674400595430714
1.6327343750000001 0.4674469836693275
1.6328125000000000 0.4674539058502465
1.6328906249999999 0.4674608299825830
1.6329687500000001 0.4674677521690384
1.6330468750000000 0.4674746763073760
1.6331249999999999 0.4674815984994416
1.6332031250000001 0.4674885226437008
1.6332812500000000 0.4674954448414513
1.6333593749999999 0.4675023689915525
1.6334375000000001 0.4675092911950623
1.6335156250000000 0.4675162153509259
1.6335937500000000 0.4675231375602695
1.6336718750000001 0.4675300617218155
1.6337500000000000 0.4675369839370682
1.6338281250000000 0.4675439081042162
1.6339062500000001 0.4675508303254523
1.6339843750000000 0.4675577544981242
1.6340625000000000 0.4675646767254170
1.6341406250000001 0.4675716009035330
1.6342187500000001 0.4675785231369569
1.6342968750000000 0.4675854473204374
1.6343750000000001 0.4675923695600669
1.6344531250000001 0.4675992937488332
1.6345312500000000 0.4676062159947419
1.6346093750000001 0.4676131401887150
1.6346875000000001 0.4676200624409767
1.6347656250000000 0.4676269866400779
1.6348437499999999 0.4676339088987660
1.6349218750000001 0.4676408331029164
1.6350000000000000 0.4676477553681045
1.6350781249999999 0.4676546795772260
1.6351562500000001 0.4676616018489870
1.6352343750000000 0.4676685260630010
1.6353124999999999 0.4676754483414075
1.6353906250000001 0.4676823725602373
1.6354687500000000 0.4676892948453619
1.6355468750000000 0.4676962190689296
1.6356250000000001 0.4677031413608441
1.6357031250000000 0.4677100655890718
1.6357812500000000 0.4677169878878494
1.6358593750000001 0.4677239121206602
1.6359375000000000 0.4677308344263721
1.6360156250000000 0.4677377586636892
1.6360937500000001 0.4677446809764068
1.6361718750000001 0.4677516052181542
1.6362500000000000 0.4677585275379484
1.6363281250000001 0.4677654517840503
1.6364062500000001 0.4677723741109915
1.6364843750000000 0.4677792983613724
1.6365625000000001 0.4677862206955308
1.6366406250000001 0.4677931449501149
1.6367187500000000 0.4678000672915606
1.6367968749999999 0.4678069915502738
1.6368750000000001 0.4678139138990760
1.6369531250000000 0.4678208381618439
1.6370312499999999 0.4678277605180716
1.6371093750000001 0.4678346847848199
1.6371875000000000 0.4678416071485424
1.6372656249999999 0.4678485314191970
1.6373437500000001 0.4678554537904818
1.6374218750000000 0.4678623780649707
1.6375000000000000 0.4678693004438857
1.6375781250000001 0.4678762247221354
1.6376562500000000 0.4678831471087478
1.6377343750000000 0.4678900713906874
1.6378125000000001 0.4678969937850628
1.6378906250000000 0.4679039180706208
1.6379687500000000 0.4679108404728261
1.6380468750000001 0.4679177647619308
1.6381250000000001 0.4679246871720313
1.6382031250000000 0.4679316114646129
1.6382812500000001 0.4679385338826738
1.6383593750000001 0.4679454581786622
1.6384375000000000 0.4679523806047479
1.6385156250000001 0.4679593049040732
1.6385937500000001 0.4679662273382480
1.6386718750000000 0.4679731516408417
1.6387499999999999 0.4679800740831683
1.6388281250000001 0.4679869983889629
1.6389062500000000 0.4679939208395044
1.6389843749999999 0.4680008451484316
1.6390625000000001 0.4680077676072497
1.6391406250000000 0.4680146919192437
1.6392187499999999 0.4680216143863994
1.6392968750000001 0.4680285387013935
1.6393750000000000 0.4680354611769479
1.6394531250000000 0.4680423854948765
1.6395312500000001 0.4680493079788897
1.6396093750000000 0.4680562322996881
1.6396875000000000 0.4680631547922194
1.6397656250000001 0.4680700791158232
1.6398437500000000 0.4680770016169312
1.6399218750000000 0.4680839259432774
1.6400000000000001 0.4680908484530203
1.6400781250000001 0.4680977727820454
1.6401562500000000 0.4681046953004805
1.6402343750000001 0.4681116196321230
1.6403125000000001 0.4681185421593064
1.6403906250000000 0.4681254664935046
1.6404687500000001 0.4681323890294927
1.6405468750000001 0.4681393133661866
1.6406250000000000 0.4681462359110342
1.6407031249999999 0.4681531602501633
1.6407812500000001 0.4681600828039246
1.6408593750000000 0.4681670071454301
1.6409374999999999 0.4681739297081589
1.6410156250000001 0.4681808540519823
1.6410937500000000 0.4681877766237317
1.6411718749999999 0.4681947009698157
1.6412500000000001 0.4682016235506368
1.6413281250000000 0.4682085478989246
1.6414062500000000 0.4682154704888695
1.6414843750000001 0.4682223948393053
1.6415625000000000 0.4682293174384238
1.6416406250000000 0.4682362417909524
1.6417187500000001 0.4682431643992937
1.6417968750000000 0.4682500887538609
1.6418750000000000 0.4682570113714747
1.6419531250000001 0.4682639357280268
1.6420312500000001 0.4682708583549609
1.6421093750000000 0.4682777827134444
1.6421875000000001 0.4682847053497464
1.6422656250000001 0.4682916297101103
1.6423437500000000 0.4682985523558259
1.6424218750000001 0.4683054767180191
1.6425000000000001 0.4683123993731935
1.6425781250000000 0.4683193237371660
1.6426562499999999 0.4683262464018439
1.6427343750000001 0.4683331707675464
1.6428125000000000 0.4683400934417718
1.6428906249999999 0.4683470178091555
1.6429687500000001 0.4683539404929711
1.6430468750000000 0.4683608648619890
1.6431249999999999 0.4683677875554365
1.6432031250000001 0.4683747119260420
1.6432812500000000 0.4683816346291624
1.6433593750000000 0.4683885590013097
1.6434375000000001 0.4683954817141432
1.6435156250000000 0.4684024060877872
1.6435937500000000 0.4684093288103735
1.6436718750000001 0.4684162531854702
1.6437500000000000 0.4684231759178474
1.6438281250000000 0.4684301002943539
1.6439062500000001 0.4684370230365594
1.6439843750000001 0.4684439474144337
1.6440625000000000 0.4684508701665041
1.6441406250000001 0.4684577945457049
1.6442187500000001 0.4684647173076759
1.6442968750000000 0.4684716416881629
1.6443750000000001 0.4684785644600691
1.6444531250000001 0.4684854888418020
1.6445312500000000 0.4684924116236779
1.6446093749999999 0.4684993360066194
1.6446875000000001 0.4685062587984969
1.6447656250000000 0.4685131831826091
1.6448437499999999 0.4685201059845210
1.6449218750000001 0.4685270303697667
1.6450000000000000 0.4685339531817441
1.6450781249999999 0.4685408775680877
1.6451562500000001 0.4685478003901600
1.6452343750000000 0.4685547247775675
1.6453125000000000 0.4685616476097643
1.6453906250000001 0.4685685719982012
1.6454687500000000 0.4685754948405507
1.6455468750000000 0.4685824192299845
1.6456250000000001 0.4685893420825133
1.6457031250000000 0.4685962664729120
1.6457812500000000 0.4686031893356472
1.6458593750000001 0.4686101137269802
1.6459375000000001 0.4686170365999468
1.6460156250000000 0.4686239609921828
1.6460937500000001 0.4686308838754063
1.6461718750000001 0.4686378082685166
1.6462500000000000 0.4686447311620199
1.6463281250000001 0.4686516555559763
1.6464062500000001 0.4686585784597825
1.6464843750000000 0.4686655028545574
1.6465624999999999 0.4686724257686882
1.6466406250000001 0.4686793501642550
1.6467187500000000 0.4686862730887310
1.6467968749999999 0.4686931974850648
1.6468750000000001 0.4687001204199062
1.6469531250000000 0.4687070448169819
1.6470312499999999 0.4687139677622071
1.6471093750000001 0.4687208921600022
1.6471875000000000 0.4687278151156288
1.6472656250000000 0.4687347395141203
1.6473437500000001 0.4687416624801656
1.6474218750000000 0.4687485868793317
1.6475000000000000 0.4687555098558120
1.6475781250000001 0.4687624342556319
1.6476562500000000 0.4687693572425624
1.6477343750000000 0.4687762816430163
1.6478125000000001 0.4687832046404112
1.6478906250000001 0.4687901290414797
1.6479687500000000 0.4687970520493532
1.6480468750000001 0.4688039764510176
1.6481250000000001 0.4688108994693821
1.6482031250000000 0.4688178238716258
1.6482812500000001 0.4688247469004924
1.6483593750000001 0.4688316713032992
1.6484375000000000 0.4688385943426791
1.6485156249999999 0.4688455187460337
1.6485937500000001 0.4688524417959366
1.6486718750000000 0.4688593661998237
1.6487499999999999 0.4688662892602585
1.6488281250000001 0.4688732136646654
1.6489062500000000 0.4688801367356402
1.6489843749999999 0.4688870611405538
1.6490625000000001 0.4688939842220750
1.6491406250000000 0.4689009086274841
1.6492187500000000 0.4689078317195586
1.6492968750000001 0.4689147561254517
1.6493750000000000 0.4689216792280846
1.6494531250000000 0.4689286036344519
1.6495312500000001 0.4689355267476479
1.6496093750000000 0.4689424511544797
1.6496875000000000 0.4689493742782428
1.6497656250000001 0.4689562986855312
1.6498437500000001 0.4689632218198636
1.6499218750000000 0.4689701462276012
1.6500000000000001 0.4689770693725048
1.6500781250000001 0.4689839937806847
1.6501562500000000 0.4689909169361610
1.6502343750000001 0.4689978413447778
1.6503125000000001 0.4690047645108265
1.6503906250000000 0.4690116889198749
1.6504687499999999 0.4690186120964959
1.6505468750000001 0.4690255365059720
1.6506250000000000 0.4690324596931640
1.6507031249999999 0.4690393841030635
1.6507812500000001 0.4690463073008246
1.6508593750000000 0.4690532317111459
1.6509374999999999 0.4690601549194723
1.6510156250000001 0.4690670793302138
1.6510937500000000 0.4690740025491020
1.6511718750000000 0.4690809269602623
1.6512500000000001 0.4690878501897079
1.6513281250000000 0.4690947746012870
1.6514062500000000 0.4691016978412845
1.6514843750000001 0.4691086222532833
1.6515625000000000 0.4691155455038266
1.6516406250000000 0.4691224699162456
1.6517187500000001 0.4691293931773286
1.6517968750000001 0.4691363175901698
1.6518750000000000 0.4691432408617847
1.6519531250000001 0.4691501652750516
1.6520312500000001 0.4691570885571894
1.6521093750000000 0.4691640129708859
1.6521875000000001 0.4691709362635372
1.6522656250000001 0.4691778606776680
1.6523437500000000 0.4691847839808231
1.6524218749999999 0.4691917083953925
1.6525000000000001 0.4691986317090410
1.6525781250000000 0.4692055561240553
1.6526562499999999 0.4692124794481857
1.6527343750000001 0.4692194038636516
1.6528125000000000 0.4692263271982520
1.6528906249999999 0.4692332516141767
1.6529687500000001 0.4692401749592343
1.6530468750000000 0.4692470993756256
1.6531250000000000 0.4692540227311268
1.6532031250000001 0.4692609471479937
1.6532812500000000 0.4692678705139240
1.6533593750000000 0.4692747949312758
1.6534375000000001 0.4692817183076211
1.6535156250000000 0.4692886427254679
1.6535937500000000 0.4692955661122123
1.6536718750000001 0.4693024905305646
1.6537500000000001 0.4693094139276916
1.6538281250000000 0.4693163383465611
1.6539062500000001 0.4693232617540547
1.6539843750000001 0.4693301861734530
1.6540625000000000 0.4693371095912954
1.6541406250000001 0.4693440340112351
1.6542187500000001 0.4693509574394087
1.6542968750000000 0.4693578818599025
1.6543749999999999 0.4693648052983885
1.6544531250000001 0.4693717297194510
1.6545312500000000 0.4693786531682301
1.6546093749999999 0.4693855775898747
1.6546875000000001 0.4693925010489282
1.6547656250000000 0.4693994254711698
1.6548437499999999 0.4694063489404767
1.6549218750000001 0.4694132733633316
1.6550000000000000 0.4694201968428704
1.6550781250000000 0.4694271212663545
1.6551562500000001 0.4694340447561047
1.6552343750000000 0.4694409691802340
1.6553125000000000 0.4694478926801728
1.6553906250000001 0.4694548171049653
1.6554687500000000 0.4694617406150705
1.6555468750000000 0.4694686650405430
1.6556250000000001 0.4694755885607921
1.6557031250000001 0.4694825129869632
1.6557812500000000 0.4694894365173322
1.6558593750000001 0.4694963609442204
1.6559375000000001 0.4695032844846849
1.6560156250000000 0.4695102089123102
1.6560937500000001 0.4695171324628457
1.6561718750000001 0.4695240568912268
1.6562500000000000 0.4695309804518088
1.6563281249999999 0.4695379048809667
1.6564062500000001 0.4695448284515692
1.6564843750000000 0.4695517528815241
1.6565624999999999 0.4695586764621212
1.6566406250000001 0.4695656008928940
1.6567187500000000 0.4695725244834597
1.6567968749999999 0.4695794489150718
1.6568750000000001 0.4695863725155796
1.6569531250000000 0.4695932969480525
1.6570312500000000 0.4696002205584748
1.6571093750000001 0.4696071449918314
1.6571875000000000 0.4696140686121403
1.6572656250000000 0.4696209930464042
1.6573437500000001 0.4696279166765714
1.6574218750000000 0.4696348411117642
1.6575000000000000 0.4696417647517619
1.6575781250000001 0.4696486891879083
1.6576562500000001 0.4696556128377069
1.6577343750000000 0.4696625372748306
1.6578125000000001 0.4696694609344013
1.6578906250000001 0.4696763853725269
1.6579687500000000 0.4696833090418397
1.6580468750000001 0.4696902334809914
1.6581250000000001 0.4696971571600168
1.6582031250000000 0.4697040816002193
1.6582812499999999 0.4697110052889272
1.6583593750000001 0.4697179297302062
1.6584375000000000 0.4697248534285656
1.6585156249999999 0.4697317778709471
1.6585937500000001 0.4697387015789270
1.6586718750000000 0.4697456260224366
1.6587499999999999 0.4697525497400057
1.6588281250000001 0.4697594741846700
1.6589062500000000 0.4697663979117973
1.6589843750000000 0.4697733223576417
1.6590625000000001 0.4697802460942959
1.6591406250000000 0.4697871705413485
1.6592187500000000 0.4697940942874962
1.6592968750000001 0.4698010187357836
1.6593750000000000 0.4698079424913931
1.6594531250000000 0.4698148669409428
1.6595312500000001 0.4698217907059816
1.6596093750000001 0.4698287151568210
1.6596875000000000 0.4698356389312564
1.6597656250000001 0.4698425633834130
1.6598437500000001 0.4698494871672119
1.6599218750000000 0.4698564116207143
1.6600000000000001 0.4698633354138431
1.6600781250000001 0.4698702598687198
1.6601562500000000 0.4698771836711449
1.6602343749999999 0.4698841081274240
1.6603125000000001 0.4698910319391121
1.6603906250000000 0.4698979563968224
1.6604687499999999 0.4699048802177394
1.6605468750000001 0.4699118046769101
1.6606250000000000 0.4699187285070214
1.6607031249999999 0.4699256529676816
1.6607812500000001 0.4699325768069531
1.6608593750000000 0.4699395012691321
1.6609375000000000 0.4699464251175295
1.6610156250000001 0.4699533495812569
1.6610937500000000 0.4699602734387452
1.6611718750000000 0.4699671979040499
1.6612500000000001 0.4699741217705956
1.6613281250000000 0.4699810462375071
1.6614062500000000 0.4699879701130749
1.6614843750000001 0.4699948945816237
1.6615625000000001 0.4700018184661773
1.6616406250000000 0.4700087429363939
1.6617187500000001 0.4700156668298994
1.6617968750000001 0.4700225913018123
1.6618750000000000 0.4700295152042345
1.6619531250000001 0.4700364396778751
1.6620312500000001 0.4700433635891784
1.6621093750000000 0.4700502880645763
1.6621874999999999 0.4700572119847250
1.6622656250000001 0.4700641364619110
1.6623437500000000 0.4700710603908704
1.6624218749999999 0.4700779848698743
1.6625000000000001 0.4700849088076088
1.6625781250000000 0.4700918332884613
1.6626562499999999 0.4700987572349348
1.6627343750000001 0.4701056817176668
1.6628125000000000 0.4701126056728434
1.6628906250000000 0.4701195301574859
1.6629687500000001 0.4701264541213296
1.6630468750000000 0.4701333786079128
1.6631250000000000 0.4701403025803884
1.6632031250000001 0.4701472270689430
1.6632812500000000 0.4701541510500146
1.6633593750000000 0.4701610755405717
1.6634375000000001 0.4701679995302028
1.6635156250000001 0.4701749240227933
1.6635937500000000 0.4701818480209487
1.6636718750000001 0.4701887725156025
1.6637500000000001 0.4701956965222463
1.6638281250000000 0.4702026210189945
1.6639062500000001 0.4702095450340914
1.6639843750000001 0.4702164695329645
1.6640625000000000 0.4702233935564782
1.6641406249999999 0.4702303180575070
1.6642187500000001 0.4702372420894019
1.6642968750000000 0.4702441665926170
1.6643749999999999 0.4702510906328570
1.6644531250000001 0.4702580151382891
1.6645312500000000 0.4702649391868391
1.6646093749999999 0.4702718636945191
1.6646875000000001 0.4702787877513425
1.6647656250000000 0.4702857122613012
1.6648437500000000 0.4702926363263621
1.6649218750000001 0.4702995608386306
1.6650000000000000 0.4703064849118938
1.6650781250000000 0.4703134094265017
1.6651562500000001 0.4703203335079311
1.6652343750000000 0.4703272580249096
1.6653125000000000 0.4703341821144701
1.6653906250000001 0.4703411066338490
1.6654687500000001 0.4703480307315054
1.6655468750000000 0.4703549552533151
1.6656250000000001 0.4703618793590317
1.6657031250000001 0.4703688038833026
1.6657812500000000 0.4703757279970445
1.6658593750000001 0.4703826525238066
1.6659375000000001 0.4703895766455380
1.6660156250000000 0.4703965011748212
1.6660937499999999 0.4704034253045077
1.6661718750000001 0.4704103498363422
1.6662500000000000 0.4704172739739486
1.6663281249999999 0.4704241985083643
1.6664062500000001 0.4704311226538556
1.6664843750000000 0.4704380471908816
1.6665624999999999 0.4704449713442229
1.6666406250000001 0.4704518958838897
1.6667187500000000 0.4704588200450462
1.6667968750000000 0.4704657445873837
1.6668750000000001 0.4704726687563205
1.6669531250000000 0.4704795933013575
1.6670312500000000 0.4704865174780409
1.6671093750000001 0.4704934420258065
1.6671875000000000 0.4705003662102013
1.6672656250000000 0.4705072907607256
1.6673437500000001 0.4705142149527982
1.6674218750000001 0.4705211395061096
1.6675000000000000 0.4705280637058254
1.6675781250000001 0.4705349882619531
1.6676562500000001 0.4705419124692788
1.6677343750000000 0.4705488370282507
1.6678125000000001 0.4705557612431525
1.6678906250000001 0.4705626858049982
1.6679687500000000 0.4705696100274420
1.6680468749999999 0.4705765345921896
1.6681250000000001 0.4705834588221421
1.6682031250000000 0.4705903833898197
1.6682812499999999 0.4705973076272482
1.6683593750000001 0.4706042321978841
1.6684375000000000 0.4706111564427549
1.6685156249999999 0.4706180810163768
1.6685937500000001 0.4706250052686570
1.6686718750000000 0.4706319298452928
1.6687500000000000 0.4706388541049500
1.6688281250000001 0.4706457786846273
1.6689062500000000 0.4706527029516288
1.6689843750000000 0.4706596275343748
1.6690625000000001 0.4706665518086882
1.6691406250000000 0.4706734763945301
1.6692187500000000 0.4706804006761230
1.6692968750000001 0.4706873252650886
1.6693750000000001 0.4706942495539289
1.6694531250000000 0.4707011741460441
1.6695312500000001 0.4707080984421003
1.6696093750000001 0.4707150230373920
1.6696875000000000 0.4707219473406323
1.6697656250000001 0.4707288719391275
1.6698437500000001 0.4707357962495199
1.6699218750000000 0.4707427208512452
1.6699999999999999 0.4707496451687583
1.6700781250000001 0.4707565697737393
1.6701562500000000 0.4707634940983426
1.6702343749999999 0.4707704187066054
1.6703125000000001 0.4707773430382677
1.6703906250000000 0.4707842676498373
1.6704687499999999 0.4707911919885282
1.6705468750000001 0.4707981166034309
1.6706250000000000 0.4708050409491198
1.6707031250000000 0.4708119655673805
1.6707812500000001 0.4708188899200371
1.6708593750000000 0.4708258145416808
1.6709375000000000 0.4708327389012754
1.6710156250000001 0.4708396635263266
1.6710937500000000 0.4708465878928298
1.6711718750000000 0.4708535125213131
1.6712500000000001 0.4708604368946945
1.6713281250000001 0.4708673615266349
1.6714062500000000 0.4708742859068655
1.6714843750000001 0.4708812105422873
1.6715625000000001 0.4708881349293370
1.6716406250000000 0.4708950595682641
1.6717187500000001 0.4709019839621050
1.6717968750000001 0.4709089086045607
1.6718750000000000 0.4709158330051637
1.6719531249999999 0.4709227576511717
1.6720312500000001 0.4709296820585085
1.6721093750000000 0.4709366067080920
1.6721874999999999 0.4709435311221342
1.6722656250000001 0.4709504557753165
1.6723437500000000 0.4709573801960364
1.6724218749999999 0.4709643048528399
1.6725000000000001 0.4709712292802095
1.6725781250000000 0.4709781539406567
1.6726562500000000 0.4709850783746484
1.6727343750000001 0.4709920030387627
1.6728125000000000 0.4709989274793487
1.6728906250000000 0.4710058521471516
1.6729687500000001 0.4710127765943056
1.6730468750000000 0.4710197012658187
1.6731250000000000 0.4710266257195131
1.6732031250000001 0.4710335503947592
1.6732812500000001 0.4710404748549669
1.6733593750000000 0.4710473995339670
1.6734375000000001 0.4710543240006621
1.6735156250000001 0.4710612486834372
1.6735937500000000 0.4710681731565938
1.6736718750000001 0.4710750978431653
1.6737500000000001 0.4710820223227569
1.6738281250000000 0.4710889470131449
1.6739062499999999 0.4710958714991465
1.6739843750000001 0.4711027961933721
1.6740625000000000 0.4711097206857575
1.6741406249999999 0.4711166453838408
1.6742187500000001 0.4711235698825844
1.6742968750000000 0.4711304945845460
1.6743749999999999 0.4711374190896235
1.6744531250000001 0.4711443437954826
1.6745312500000000 0.4711512683068689
1.6746093750000000 0.4711581930166454
1.6746875000000001 0.4711651175343161
1.6747656250000000 0.4711720422480288
1.6748437500000000 0.4711789667719600
1.6749218750000001 0.4711858914896287
1.6750000000000000 0.4711928160197952
1.6750781250000000 0.4711997407414390
1.6751562500000001 0.4712066652778175
1.6752343750000001 0.4712135900034544
1.6753125000000000 0.4712205145460210
1.6753906250000001 0.4712274392756701
1.6754687500000001 0.4712343638244019
1.6755468750000000 0.4712412885580806
1.6756250000000001 0.4712482131129544
1.6757031250000001 0.4712551378506812
1.6757812500000000 0.4712620624116739
1.6758593749999999 0.4712689871534662
1.6759375000000001 0.4712759117205552
1.6760156250000000 0.4712828364664309
1.6760937499999999 0.4712897610395932
1.6761718750000001 0.4712966857895701
1.6762500000000000 0.4713036103687837
1.6763281249999999 0.4713105351228775
1.6764062500000001 0.4713174597081211
1.6764843750000000 0.4713243844663491
1.6765625000000000 0.4713313090576005
1.6766406250000001 0.4713382338199794
1.6767187500000000 0.4713451584172169
1.6767968750000000 0.4713520831837636
1.6768750000000001 0.4713590077869657
1.6769531250000000 0.4713659325576953
1.6770312500000000 0.4713728571668413
1.6771093750000001 0.4713797819417706
1.6771875000000001 0.4713867065568393
1.6772656250000000 0.4713936313359834
1.6773437500000001 0.4714005559569548
1.6774218750000001 0.4714074807403294
1.6775000000000000 0.4714144053671826
1.6775781250000001 0.4714213301548023
1.6776562500000001 0.4714282547875175
1.6777343750000000 0.4714351795793983
1.6778124999999999 0.4714421042179550
1.6778906250000001 0.4714490290141107
1.6779687500000000 0.4714559536584898
1.6780468749999999 0.4714628784589355
1.6781250000000001 0.4714698031091173
1.6782031250000000 0.4714767279138667
1.6782812499999999 0.4714836525698320
1.6783593750000001 0.4714905773789004
1.6784375000000000 0.4714975020406291
1.6785156250000000 0.4715044268540301
1.6785937500000001 0.4715113515215040
1.6786718750000000 0.4715182763392509
1.6787500000000000 0.4715252010124515
1.6788281250000001 0.4715321258345577
1.6789062500000000 0.4715390505134668
1.6789843750000000 0.4715459753399454
1.6790625000000001 0.4715529000245444
1.6791406250000001 0.4715598248554091
1.6792187500000000 0.4715667495456794
1.6792968750000001 0.4715736743809435
1.6793750000000001 0.4715805990768677
1.6794531250000000 0.4715875239165429
1.6795312500000001 0.4715944486181035
1.6796093750000001 0.4716013734622029
1.6796875000000000 0.4716082981693824
1.6797656249999999 0.4716152230179174
1.6798437500000001 0.4716221477306984
1.6799218750000000 0.4716290725836821
1.6799999999999999 0.4716359973020479
1.6800781250000001 0.4716429221594912
1.6801562500000000 0.4716498468834253
1.6802343749999999 0.4716567717453399
1.6803125000000001 0.4716636964748258
1.6803906250000000 0.4716706213412224
1.6804687500000000 0.4716775460762442
1.6805468750000001 0.4716844709471349
1.6806250000000000 0.4716913956876750
1.6807031250000000 0.4716983205630715
1.6807812500000001 0.4717052453091142
1.6808593750000000 0.4717121701890264
1.6809375000000000 0.4717190949405561
1.6810156250000001 0.4717260198249952
1.6810937500000001 0.4717329445819965
1.6811718750000000 0.4717398694709725
1.6812500000000001 0.4717467942334297
1.6813281250000001 0.4717537191269529
1.6814062500000000 0.4717606438948509
1.6814843750000001 0.4717675687929319
1.6815625000000001 0.4717744935662554
1.6816406250000000 0.4717814184689040
1.6817187499999999 0.4717883432476379
1.6817968750000001 0.4717952681548636
1.6818750000000000 0.4718021929389937
1.6819531249999999 0.4718091178508061
1.6820312500000001 0.4718160426403180
1.6821093750000000 0.4718229675567259
1.6821874999999999 0.4718298923516054
1.6822656250000001 0.4718368172726180
1.6823437500000000 0.4718437420728510
1.6824218750000000 0.4718506669984777
1.6825000000000001 0.4718575918040500
1.6825781250000000 0.4718645167342994
1.6826562500000000 0.4718714415451971
1.6827343750000001 0.4718783664800781
1.6828125000000000 0.4718852912962875
1.6828906250000000 0.4718922162358081
1.6829687500000001 0.4718991410573162
1.6830468750000001 0.4719060660014854
1.6831250000000000 0.4719129908282787
1.6832031250000001 0.4719199157771034
1.6832812500000001 0.4719268406091692
1.6833593750000000 0.4719337655626585
1.6834375000000001 0.4719406903999831
1.6835156250000001 0.4719476153581445
1.6835937500000000 0.4719545402007154
1.6836718749999999 0.4719614651635567
1.6837500000000001 0.4719683900113611
1.6838281250000000 0.4719753149788893
1.6839062499999999 0.4719822398319153
1.6839843750000001 0.4719891648041382
1.6840625000000000 0.4719960896623732
1.6841406249999999 0.4720030146392974
1.6842187500000001 0.4720099395027292
1.6842968750000000 0.4720168644843623
1.6843750000000000 0.4720237893529790
1.6844531250000001 0.4720307143393275
1.6845312500000000 0.4720376392131168
1.6846093750000000 0.4720445642041881
1.6846875000000001 0.4720514890831387
1.6847656250000000 0.4720584140789379
1.6848437500000000 0.4720653389630389
1.6849218750000001 0.4720722639635733
1.6850000000000001 0.4720791888528125
1.6850781250000000 0.4720861138580884
1.6851562500000001 0.4720930387524550
1.6852343750000001 0.4720999637624780
1.6853125000000000 0.4721068886619611
1.6853906250000001 0.4721138136767369
1.6854687500000001 0.4721207385813253
1.6855468750000000 0.4721276636008606
1.6856249999999999 0.4721345885105436
1.6857031250000001 0.4721415135348434
1.6857812500000000 0.4721484384496097
1.6858593749999999 0.4721553634786805
1.6859375000000001 0.4721622883985201
1.6860156250000000 0.4721692134323659
1.6860937499999999 0.4721761383572691
1.6861718750000001 0.4721830633958960
1.6862500000000000 0.4721899883258515
1.6863281250000000 0.4721969133692646
1.6864062500000001 0.4722038383042627
1.6864843750000000 0.4722107633524664
1.6865625000000000 0.4722176882924972
1.6866406250000001 0.4722246133454975
1.6867187500000000 0.4722315382905500
1.6867968750000000 0.4722384633483514
1.6868750000000001 0.4722453882984167
1.6869531250000001 0.4722523133610238
1.6870312500000000 0.4722592383160922
1.6871093750000001 0.4722661633835090
1.6871875000000001 0.4722730883435712
1.6872656250000000 0.4722800134158024
1.6873437500000001 0.4722869383808488
1.6874218750000001 0.4722938634578989
1.6875000000000000 0.4723007884279201
1.6875781249999999 0.4723077135097932
1.6876562500000001 0.4723146384847799
1.6877343750000000 0.4723215635714800
1.6878124999999999 0.4723284885514236
1.6878906250000001 0.4723354136429537
1.6879687500000000 0.4723423386278460
1.6880468749999999 0.4723492637242102
1.6881250000000001 0.4723561887140419
1.6882031250000000 0.4723631138152441
1.6882812500000000 0.4723700388100067
1.6883593750000001 0.4723769639160499
1.6884375000000000 0.4723838889157349
1.6885156250000000 0.4723908140266233
1.6885937500000001 0.4723977390312217
1.6886718750000000 0.4724046641469584
1.6887500000000000 0.4724115891564624
1.6888281250000001 0.4724185142770500
1.6889062500000001 0.4724254392914514
1.6889843750000000 0.4724323644168936
1.6890625000000001 0.4724392894361843
1.6891406250000001 0.4724462145664838
1.6892187500000000 0.4724531395906560
1.6892968750000001 0.4724600647258159
1.6893750000000001 0.4724669897548607
1.6894531250000000 0.4724739148948840
1.6895312499999999 0.4724808399287945
1.6896093750000001 0.4724877650736832
1.6896875000000000 0.4724946901124517
1.6897656249999999 0.4725016152622092
1.6898437500000001 0.4725085403058279
1.6899218750000000 0.4725154654604560
1.6899999999999999 0.4725223905089171
1.6900781250000001 0.4725293156684187
1.6901562500000000 0.4725362407217152
1.6902343750000000 0.4725431658860927
1.6903125000000001 0.4725500909442168
1.6903906250000000 0.4725570161134720
1.6904687500000000 0.4725639411764177
1.6905468750000001 0.4725708663505520
1.6906250000000000 0.4725777914183111
1.6907031250000000 0.4725847165973281
1.6907812500000001 0.4725916416698936
1.6908593750000001 0.4725985668537944
1.6909375000000000 0.4726054919311594
1.6910156250000001 0.4726124171199461
1.6910937500000001 0.4726193422021039
1.6911718750000000 0.4726262673957780
1.6912500000000001 0.4726331924827219
1.6913281250000001 0.4726401176812854
1.6914062500000000 0.4726470427730084
1.6914843749999999 0.4726539679764626
1.6915625000000001 0.4726608930729583
1.6916406250000000 0.4726678182813054
1.6917187499999999 0.4726747433825669
1.6917968750000001 0.4726816685958079
1.6918750000000000 0.4726885937018287
1.6919531249999999 0.4726955189199651
1.6920312500000001 0.4727024440307391
1.6921093750000000 0.4727093692537725
1.6921875000000000 0.4727162943692930
1.6922656250000001 0.4727232195972239
1.6923437500000000 0.4727301447174855
1.6924218750000000 0.4727370699503153
1.6925000000000001 0.4727439950753113
1.6925781250000000 0.4727509203130411
1.6926562500000000 0.4727578454427658
1.6927343750000001 0.4727647706853957
1.6928125000000001 0.4727716958198438
1.6928906250000000 0.4727786210673754
1.6929687500000001 0.4727855462065393
1.6930468750000001 0.4727924714589737
1.6931250000000000 0.4727993966028492
1.6932031250000001 0.4728063218601863
1.6932812500000001 0.4728132470087673
1.6933593750000000 0.4728201722710084
1.6934374999999999 0.4728270974242886
1.6935156250000001 0.4728340226914345
1.6935937500000000 0.4728409478494077
1.6936718749999999 0.4728478731214589
1.6937500000000001 0.4728547982841207
1.6938281250000000 0.4728617235610774
1.6939062499999999 0.4728686487284220
1.6939843750000001 0.4728755740102847
1.6940625000000000 0.4728824991823065
1.6941406250000000 0.4728894244690761
1.6942187500000001 0.4728963496457688
1.6942968750000000 0.4729032749374458
1.6943750000000000 0.4729102001188048
1.6944531250000001 0.4729171254153889
1.6945312500000000 0.4729240506014089
1.6946093750000000 0.4729309759029003
1.6946875000000001 0.4729379010935764
1.6947656250000001 0.4729448263999753
1.6948437500000000 0.4729517515953019
1.6949218750000001 0.4729586769066084
1.6950000000000001 0.4729656021065806
1.6950781250000000 0.4729725274227942
1.6951562500000001 0.4729794526274083
1.6952343750000001 0.4729863779485285
1.6953125000000000 0.4729933031577781
1.6953906249999999 0.4730002284838059
1.6954687500000001 0.4730071536976868
1.6955468750000000 0.4730140790286210
1.6956249999999999 0.4730210042471281
1.6957031250000001 0.4730279295829694
1.6957812500000000 0.4730348548060976
1.6958593749999999 0.4730417801468453
1.6959375000000001 0.4730487053745905
1.6960156250000000 0.4730556307202438
1.6960937500000000 0.4730625559526012
1.6961718750000001 0.4730694813031602
1.6962500000000000 0.4730764065401251
1.6963281250000000 0.4730833318955889
1.6964062500000001 0.4730902571371570
1.6964843750000000 0.4730971824975257
1.6965625000000000 0.4731041077436918
1.6966406250000001 0.4731110331089649
1.6967187500000001 0.4731179583597245
1.6967968750000000 0.4731248837299008
1.6968750000000001 0.4731318089852504
1.6969531250000001 0.4731387343603294
1.6970312500000000 0.4731456596202644
1.6971093750000001 0.4731525850002454
1.6971875000000001 0.4731595102647608
1.6972656250000000 0.4731664356496433
1.6973437499999999 0.4731733609187357
1.6974218750000001 0.4731802863085188
1.6975000000000000 0.4731872115821829
1.6975781249999999 0.4731941369768665
1.6976562500000001 0.4732010622550979
1.6977343750000000 0.4732079876546805
1.6978124999999999 0.4732149129374762
1.6978906250000001 0.4732218383419571
1.6979687500000000 0.4732287636293118
1.6980468750000000 0.4732356890386906
1.6981250000000001 0.4732426143306002
1.6982031250000000 0.4732495397448755
1.6982812500000000 0.4732564650413370
1.6983593750000001 0.4732633904605074
1.6984375000000000 0.4732703157615160
1.6985156250000000 0.4732772411855808
1.6985937500000001 0.4732841664911327
1.6986718750000001 0.4732910919200911
1.6987500000000000 0.4732980172301823
1.6988281250000001 0.4733049426640328
1.6989062500000001 0.4733118679786592
1.6989843750000000 0.4733187934174014
1.6990625000000001 0.4733257187365590
1.6991406250000001 0.4733326441801912
1.6992187500000000 0.4733395695038770
1.6992968749999999 0.4733464949523971
1.6993750000000001 0.4733534202806069
1.6994531250000000 0.4733603457340144
1.6995312499999999 0.4733672710667445
1.6996093750000001 0.4733741965250382
1.6996875000000000 0.4733811218622851
1.6997656249999999 0.4733880473254630
1.6998437500000001 0.4733949726672227
1.6999218750000000 0.4734018981352844
1.7000000000000000 0.4734088234815533
1.7000781250000001 0.4734157489544965
1.7001562500000000 0.4734226743052711
1.7002343750000000 0.4734295997830947
1.7003125000000001 0.4734365251383714
1.7003906250000000 0.4734434506210739
1.7004687500000000 0.4734503759808488
1.7005468750000001 0.4734573014684293
1.7006250000000001 0.4734642268326992
1.7007031250000000 0.4734711523251555
1.7007812500000001 0.4734780776939167
1.7008593750000001 0.4734850031912473
1.7009375000000000 0.4734919285644970
1.7010156250000001 0.4734988540666998
1.7010937500000001 0.4735057794444342
1.7011718750000000 0.4735127049515083
1.7012499999999999 0.4735196303337239
1.7013281250000001 0.4735265558456676
1.7014062500000000 0.4735334812323609
1.7014843749999999 0.4735404067491726
1.7015625000000001 0.4735473321403402
1.7016406250000000 0.4735542576620179
1.7017187499999999 0.4735611830576565
1.7017968750000001 0.4735681085841988
1.7018750000000000 0.4735750339843052
1.7019531250000000 0.4735819595157105
1.7020312500000001 0.4735888849202811
1.7021093750000000 0.4735958104565474
1.7021875000000000 0.4736027358655790
1.7022656250000001 0.4736096614067047
1.7023437500000000 0.4736165868201945
1.7024218750000000 0.4736235123661770
1.7025000000000001 0.4736304377841218
1.7025781250000001 0.4736373633349603
1.7026562500000000 0.4736442887573560
1.7027343750000001 0.4736512143130485
1.7028125000000001 0.4736581397398928
1.7028906250000000 0.4736650653004368
1.7029687500000001 0.4736719907317264
1.7030468750000001 0.4736789162971203
1.7031250000000000 0.4736858417328524
1.7032031249999999 0.4736927673030939
1.7032812500000001 0.4736996927432652
1.7033593750000000 0.4737066183183525
1.7034374999999999 0.4737135437629599
1.7035156250000001 0.4737204693428911
1.7035937500000000 0.4737273947919316
1.7036718749999999 0.4737343203767047
1.7037500000000001 0.4737412458301756
1.7038281250000000 0.4737481714197881
1.7039062500000000 0.4737550968776862
1.7039843750000001 0.4737620224721369
1.7040625000000000 0.4737689479344586
1.7041406250000000 0.4737758735337451
1.7042187500000001 0.4737827990004880
1.7042968750000000 0.4737897246046082
1.7043750000000000 0.4737966500757694
1.7044531250000001 0.4738035756847213
1.7045312500000001 0.4738105011602973
1.7046093750000000 0.4738174267740786
1.7046875000000001 0.4738243522540671
1.7047656250000001 0.4738312778726763
1.7048437500000000 0.4738382033570734
1.7049218750000001 0.4738451289805084
1.7050000000000001 0.4738520544693122
1.7050781250000000 0.4738589800975698
1.7051562499999999 0.4738659055907771
1.7052343750000001 0.4738728312238562
1.7053125000000000 0.4738797567214643
1.7053906249999999 0.4738866823593613
1.7054687500000001 0.4738936078613680
1.7055468750000000 0.4739005335040817
1.7056249999999999 0.4739074590104828
1.7057031250000001 0.4739143846580114
1.7057812500000000 0.4739213101688045
1.7058593750000000 0.4739282358211456
1.7059375000000001 0.4739351613363280
1.7060156250000000 0.4739420869934790
1.7060937500000000 0.4739490125130478
1.7061718750000001 0.4739559381750066
1.7062500000000000 0.4739628636989594
1.7063281250000000 0.4739697893657238
1.7064062500000001 0.4739767148940572
1.7064843750000001 0.4739836405656249
1.7065625000000000 0.4739905660983370
1.7066406250000001 0.4739974917747053
1.7067187500000001 0.4740044173117933
1.7067968750000000 0.4740113429929600
1.7068750000000001 0.4740182685344208
1.7069531250000001 0.4740251942203839
1.7070312500000000 0.4740321197662152
1.7071093749999999 0.4740390454569715
1.7071875000000001 0.4740459710071707
1.7072656250000000 0.4740528967027184
1.7073437499999999 0.4740598222572830
1.7074218750000001 0.4740667479576195
1.7075000000000000 0.4740736735165459
1.7075781249999999 0.4740805992216695
1.7076562500000001 0.4740875247849555
1.7077343750000000 0.4740944504948634
1.7078125000000000 0.4741013760625067
1.7078906250000001 0.4741083017771963
1.7079687500000000 0.4741152273491940
1.7080468750000000 0.4741221530686632
1.7081250000000001 0.4741290786450123
1.7082031250000000 0.4741360043692590
1.7082812500000000 0.4741429299499575
1.7083593750000001 0.4741498556789787
1.7084375000000001 0.4741567812640236
1.7085156250000000 0.4741637069978173
1.7085937500000001 0.4741706325872057
1.7086718750000001 0.4741775583257693
1.7087500000000000 0.4741844839194993
1.7088281250000001 0.4741914096628304
1.7089062500000001 0.4741983352608992
1.7089843750000000 0.4742052610089948
1.7090624999999999 0.4742121866114001
1.7091406250000001 0.4742191123642581
1.7092187500000000 0.4742260379709969
1.7092968749999999 0.4742329637286149
1.7093750000000001 0.4742398893396852
1.7094531250000000 0.4742468151020608
1.7095312499999999 0.4742537407174597
1.7096093750000001 0.4742606664845899
1.7096875000000000 0.4742675921043147
1.7097656250000000 0.4742745178761977
1.7098437500000001 0.4742814435002464
1.7099218750000000 0.4742883692768785
1.7100000000000000 0.4742952949052492
1.7100781250000001 0.4743022206866284
1.7101562500000000 0.4743091463193174
1.7102343750000000 0.4743160721054420
1.7103125000000001 0.4743229977424469
1.7103906250000001 0.4743299235333137
1.7104687500000000 0.4743368491746325
1.7105468750000001 0.4743437749702387
1.7106250000000001 0.4743507006158689
1.7107031250000000 0.4743576264162120
1.7107812500000001 0.4743645520661515
1.7108593750000001 0.4743714778712289
1.7109375000000000 0.4743784035254747
1.7110156249999999 0.4743853293352840
1.7110937500000001 0.4743922549938340
1.7111718750000000 0.4743991808083729
1.7112499999999999 0.4744061064712237
1.7113281250000001 0.4744130322904896
1.7114062500000000 0.4744199579576399
1.7114843749999999 0.4744268837816297
1.7115625000000001 0.4744338094530767
1.7116406250000000 0.4744407352817877
1.7117187500000000 0.4744476609575293
1.7117968750000001 0.4744545867909591
1.7118750000000000 0.4744615124709931
1.7119531250000000 0.4744684383091389
1.7120312500000001 0.4744753639934621
1.7121093750000000 0.4744822898363220
1.7121875000000000 0.4744892155249321
1.7122656250000001 0.4744961413725026
1.7123437500000001 0.4745030670653982
1.7124218750000000 0.4745099929176766
1.7125000000000001 0.4745169186148547
1.7125781250000001 0.4745238444718385
1.7126562500000000 0.4745307701732968
1.7127343750000001 0.4745376960349837
1.7128125000000001 0.4745446217407197
1.7128906250000000 0.4745515476071069
1.7129687499999999 0.4745584733171184
1.7130468750000001 0.4745653991882034
1.7131250000000000 0.4745723249024874
1.7132031249999999 0.4745792507782674
1.7132812500000001 0.4745861764968219
1.7133593750000000 0.4745931023772948
1.7134374999999999 0.4746000281001176
1.7135156250000001 0.4746069539852801
1.7135937500000000 0.4746138797123685
1.7136718750000000 0.4746208056022180
1.7137500000000001 0.4746277313335703
1.7138281250000000 0.4746346572281041
1.7139062500000000 0.4746415829637177
1.7139843750000001 0.4746485088629323
1.7140625000000000 0.4746554346028058
1.7141406250000000 0.4746623605066990
1.7142187500000001 0.4746692862508293
1.7142968750000001 0.4746762121593985
1.7143750000000000 0.4746831379077833
1.7144531250000001 0.4746900638210255
1.7145312500000001 0.4746969895736627
1.7146093750000000 0.4747039154915757
1.7146875000000001 0.4747108412484624
1.7147656250000001 0.4747177671710435
1.7148437500000000 0.4747246929321783
1.7149218749999999 0.4747316188594236
1.7150000000000001 0.4747385446248045
1.7150781250000000 0.4747454705567117
1.7151562499999999 0.4747523963263360
1.7152343750000001 0.4747593222629023
1.7153125000000000 0.4747662480367680
1.7153906249999999 0.4747731739779910
1.7154687500000001 0.4747800997560951
1.7155468750000000 0.4747870257019720
1.7156250000000000 0.4747939514843130
1.7157031250000001 0.4748008774348412
1.7157812500000000 0.4748078032214164
1.7158593750000000 0.4748147291765922
1.7159375000000001 0.4748216549673998
1.7160156250000000 0.4748285809272211
1.7160937500000000 0.4748355067222589
1.7161718750000001 0.4748424326867229
1.7162500000000001 0.4748493584859882
1.7163281250000000 0.4748562844550920
1.7164062500000001 0.4748632102585827
1.7164843750000001 0.4748701362323237
1.7165625000000000 0.4748770620400376
1.7166406250000001 0.4748839880184126
1.7167187500000001 0.4748909138303482
1.7167968750000000 0.4748978398133544
1.7168749999999999 0.4749047656295092
1.7169531250000001 0.4749116916171432
1.7170312500000000 0.4749186174375153
1.7171093749999999 0.4749255434297745
1.7171875000000001 0.4749324692543618
1.7172656250000000 0.4749393952512433
1.7173437499999999 0.4749463210800431
1.7174218750000001 0.4749532470815452
1.7175000000000000 0.4749601729145551
1.7175781250000000 0.4749670989206739
1.7176562500000001 0.4749740247578925
1.7177343750000000 0.4749809507686252
1.7178125000000000 0.4749878766100496
1.7178906250000001 0.4749948026253940
1.7179687500000000 0.4750017284710221
1.7180468750000000 0.4750086544909750
1.7181250000000001 0.4750155803408050
1.7182031250000001 0.4750225063653633
1.7182812500000000 0.4750294322193931
1.7183593750000001 0.4750363582485542
1.7184375000000001 0.4750432841067812
1.7185156250000000 0.4750502101405422
1.7185937500000001 0.4750571360029647
1.7186718750000001 0.4750640620413222
1.7187500000000000 0.4750709879079383
1.7188281249999999 0.4750779139508899
1.7189062500000001 0.4750848398216970
1.7189843750000000 0.4750917658692397
1.7190624999999999 0.4750986917442362
1.7191406250000001 0.4751056177963665
1.7192187500000000 0.4751125436755503
1.7192968749999999 0.4751194697322659
1.7193750000000001 0.4751263956156349
1.7194531250000000 0.4751333216769325
1.7195312500000000 0.4751402475644843
1.7196093750000001 0.4751471736303612
1.7196875000000000 0.4751540995220943
1.7197656250000000 0.4751610255925465
1.7198437500000001 0.4751679514884592
1.7199218750000000 0.4751748775634848
1.7200000000000000 0.4751818034635739
1.7200781250000001 0.4751887295431698
1.7201562500000001 0.4751956554474340
1.7202343750000000 0.4752025815315972
1.7203125000000001 0.4752095074400347
1.7203906250000001 0.4752164335287613
1.7204687500000000 0.4752233594413701
1.7205468750000001 0.4752302855346582
1.7206250000000001 0.4752372114514353
1.7207031250000000 0.4752441375492815
1.7207812499999999 0.4752510634702258
1.7208593750000001 0.4752579895726273
1.7209375000000000 0.4752649154977365
1.7210156249999999 0.4752718416046899
1.7210937500000001 0.4752787675339621
1.7211718750000000 0.4752856936454650
1.7212499999999999 0.4752926195788980
1.7213281250000001 0.4752995456949471
1.7214062500000000 0.4753064716325387
1.7214843750000000 0.4753133977531308
1.7215625000000001 0.4753203236948798
1.7216406250000000 0.4753272498200119
1.7217187500000000 0.4753341757659154
1.7217968750000001 0.4753411018955848
1.7218750000000000 0.4753480278456416
1.7219531250000000 0.4753549539798445
1.7220312500000001 0.4753618799340528
1.7221093750000001 0.4753688060727865
1.7221875000000000 0.4753757320311439
1.7222656250000001 0.4753826581744056
1.7223437500000001 0.4753895841369101
1.7224218750000000 0.4753965102846964
1.7225000000000001 0.4754034362513465
1.7225781250000001 0.4754103624036540
1.7226562500000000 0.4754172883744482
1.7227343749999999 0.4754242145312734
1.7228125000000001 0.4754311405062097
1.7228906250000000 0.4754380666675500
1.7229687499999999 0.4754449926466262
1.7230468750000001 0.4754519188124782
1.7231250000000000 0.4754588447956929
1.7232031249999999 0.4754657709660539
1.7232812500000001 0.4754726969534045
1.7233593750000000 0.4754796231282709
1.7234375000000000 0.4754865491197566
1.7235156250000001 0.4754934752991250
1.7235937500000000 0.4755004012947431
1.7236718750000000 0.4755073274786109
1.7237500000000001 0.4755142534783596
1.7238281250000000 0.4755211796667240
1.7239062500000000 0.4755281056706019
1.7239843750000001 0.4755350318634580
1.7240625000000001 0.4755419578714636
1.7241406250000000 0.4755488840688100
1.7242187500000001 0.4755558100809407
1.7242968750000001 0.4755627362827728
1.7243750000000000 0.4755696622990276
1.7244531250000001 0.4755765885053430
1.7245312500000001 0.4755835145257195
1.7246093750000000 0.4755904407365149
1.7246874999999999 0.4755973667610114
1.7247656250000001 0.4756042929762840
1.7248437500000000 0.4756112190048985
1.7249218749999999 0.4756181452246442
1.7250000000000001 0.4756250712573754
1.7250781250000000 0.4756319974815921
1.7251562499999999 0.4756389235184380
1.7252343750000001 0.4756458497471205
1.7253125000000000 0.4756527757880800
1.7253906250000000 0.4756597020212266
1.7254687500000001 0.4756666280662973
1.7255468750000000 0.4756735543039041
1.7256250000000000 0.4756804803530850
1.7257031250000001 0.4756874065951479
1.7257812500000000 0.4756943326484371
1.7258593750000000 0.4757012588949540
1.7259375000000001 0.4757081849523500
1.7260156250000001 0.4757151112033172
1.7260937500000000 0.4757220372648171
1.7261718750000001 0.4757289635202314
1.7262500000000001 0.4757358895858344
1.7263281250000000 0.4757428158456932
1.7264062500000001 0.4757497419153968
1.7264843750000001 0.4757566681796961
1.7265625000000000 0.4757635942534994
1.7266406249999999 0.4757705205222357
1.7267187500000001 0.4757774466001372
1.7267968750000000 0.4757843728733072
1.7268749999999999 0.4757912989553048
1.7269531250000001 0.4757982252329049
1.7270312500000000 0.4758051513189980
1.7271093749999999 0.4758120776010248
1.7271875000000001 0.4758190036912109
1.7272656250000000 0.4758259299776613
1.7273437500000000 0.4758328560719386
1.7274218750000001 0.4758397823628092
1.7275000000000000 0.4758467084611770
1.7275781250000000 0.4758536347564641
1.7276562500000001 0.4758605608589204
1.7277343750000000 0.4758674871586200
1.7278125000000000 0.4758744132651639
1.7278906250000001 0.4758813395692730
1.7279687500000001 0.4758882656799027
1.7280468750000000 0.4758951919884173
1.7281250000000001 0.4759021181031315
1.7282031250000001 0.4759090444160486
1.7282812500000000 0.4759159705348448
1.7283593750000001 0.4759228968521619
1.7284375000000001 0.4759298229750385
1.7285156250000000 0.4759367492967512
1.7285937499999999 0.4759436754237075
1.7286718750000001 0.4759506017498121
1.7287500000000000 0.4759575278808469
1.7288281249999999 0.4759644542113401
1.7289062500000001 0.4759713803464513
1.7289843750000000 0.4759783066813292
1.7290624999999999 0.4759852328205159
1.7291406250000001 0.4759921591597749
1.7292187500000000 0.4759990853030358
1.7292968750000000 0.4760060116466723
1.7293750000000001 0.4760129377940060
1.7294531250000000 0.4760198641420161
1.7295312500000000 0.4760267902934210
1.7296093750000001 0.4760337166458017
1.7296875000000000 0.4760406428012762
1.7297656250000000 0.4760475691580237
1.7298437500000001 0.4760544953175673
1.7299218750000001 0.4760614216786774
1.7300000000000000 0.4760683478422880
1.7300781250000001 0.4760752742077577
1.7301562500000001 0.4760822003754342
1.7302343750000000 0.4760891267452596
1.7303125000000001 0.4760960529170002
1.7303906250000001 0.4761029792911780
1.7304687500000000 0.4761099054669822
1.7305468749999999 0.4761168318455079
1.7306250000000001 0.4761237580253739
1.7307031250000000 0.4761306844082446
1.7307812499999999 0.4761376105921709
1.7308593750000001 0.4761445369793826
1.7309375000000000 0.4761514631673684
1.7310156249999999 0.4761583895589170
1.7310937500000001 0.4761653157509608
1.7311718750000000 0.4761722421468437
1.7312500000000000 0.4761791683429438
1.7313281250000001 0.4761860947431564
1.7314062500000000 0.4761930209433120
1.7314843750000000 0.4761999473478505
1.7315625000000001 0.4762068735520610
1.7316406250000000 0.4762137999609216
1.7317187500000000 0.4762207261691848
1.7317968750000001 0.4762276525823636
1.7318750000000001 0.4762345787946794
1.7319531250000000 0.4762415052121727
1.7320312500000001 0.4762484314285392
1.7321093750000001 0.4762553578503430
1.7321875000000000 0.4762622840707593
1.7322656250000001 0.4762692104968697
1.7323437500000001 0.4762761367213350
1.7324218750000000 0.4762830631517483
1.7324999999999999 0.4762899893802612
1.7325781250000001 0.4762969158149731
1.7326562500000000 0.4763038420475324
1.7327343749999999 0.4763107684865395
1.7328125000000001 0.4763176947231441
1.7328906250000000 0.4763246211664428
1.7329687499999999 0.4763315474070919
1.7330468750000001 0.4763384738546774
1.7331250000000000 0.4763454000993696
1.7332031250000000 0.4763523265512382
1.7332812500000001 0.4763592527999730
1.7333593750000000 0.4763661792561210
1.7334375000000000 0.4763731055088966
1.7335156250000001 0.4763800319693200
1.7335937500000000 0.4763869582261362
1.7336718750000000 0.4763938846908307
1.7337500000000001 0.4764008109516863
1.7338281250000001 0.4764077374206473
1.7339062500000000 0.4764146636855418
1.7339843750000001 0.4764215901587662
1.7340625000000001 0.4764285164276978
1.7341406250000000 0.4764354429051811
1.7342187500000001 0.4764423691781491
1.7342968750000001 0.4764492956598878
1.7343750000000000 0.4764562219368918
1.7344531249999999 0.4764631484228812
1.7345312500000001 0.4764700747039197
1.7346093750000000 0.4764770011941558
1.7346874999999999 0.4764839274792283
1.7347656250000001 0.4764908539737066
1.7348437500000000 0.4764977802628126
1.7349218749999999 0.4765047067615293
1.7350000000000001 0.4765116330546674
1.7350781250000000 0.4765185595576185
1.7351562500000000 0.4765254858547884
1.7352343750000001 0.4765324123619696
1.7353125000000000 0.4765393386631694
1.7353906250000000 0.4765462651745766
1.7354687500000001 0.4765531914798065
1.7355468750000000 0.4765601179954354
1.7356250000000000 0.4765670443046942
1.7357031250000001 0.4765739708245408
1.7357812500000001 0.4765808971378275
1.7358593750000000 0.4765878236618878
1.7359375000000001 0.4765947499792015
1.7360156250000001 0.4766016765074715
1.7360937500000000 0.4766086028288119
1.7361718750000001 0.4766155293612863
1.7362500000000001 0.4766224556866526
1.7363281250000000 0.4766293822233277
1.7364062499999999 0.4766363085527198
1.7364843750000001 0.4766432350935910
1.7365625000000000 0.4766501614270070
1.7366406249999999 0.4766570879720706
1.7367187500000001 0.4766640143095104
1.7367968750000000 0.4766709408587624
1.7368749999999999 0.4766778672002246
1.7369531250000001 0.4766847937536602
1.7370312500000000 0.4766917200991447
1.7371093750000000 0.4766986466567598
1.7371875000000001 0.4767055730062658
1.7372656250000000 0.4767124995680558
1.7373437500000000 0.4767194259215828
1.7374218750000001 0.4767263524875431
1.7375000000000000 0.4767332788450909
1.7375781250000000 0.4767402054152176
1.7376562500000001 0.4767471317767850
1.7377343750000001 0.4767540583510729
1.7378125000000000 0.4767609847166602
1.7378906250000001 0.4767679112951057
1.7379687500000001 0.4767748376647112
1.7380468750000000 0.4767817642473095
1.7381250000000001 0.4767886906209332
1.7382031250000001 0.4767956172076802
1.7382812500000000 0.4768025435853211
1.7383593749999999 0.4768094701762130
1.7384375000000001 0.4768163965578704
1.7385156250000000 0.4768233231529019
1.7385937499999999 0.4768302495385756
1.7386718750000001 0.4768371761377423
1.7387500000000000 0.4768441025274321
1.7388281249999999 0.4768510291307297
1.7389062500000001 0.4768579555244345
1.7389843750000000 0.4768648821318588
1.7390625000000000 0.4768718085295783
1.7391406250000001 0.4768787351411244
1.7392187500000000 0.4768856615428583
1.7392968750000000 0.4768925881585217
1.7393750000000001 0.4768995145642694
1.7394531250000000 0.4769064411840460
1.7395312500000000 0.4769133675938064
1.7396093750000001 0.4769202942176914
1.7396875000000001 0.4769272206314655
1.7397656250000000 0.4769341472594536
1.7398437500000001 0.4769410736772407
1.7399218750000001 0.4769480003093278
1.7400000000000000 0.4769549267311266
1.7400781250000001 0.4769618533673088
1.7401562500000001 0.4769687797931191
1.7402343750000000 0.4769757064333917
1.7403124999999999 0.4769826328632130
1.7403906250000001 0.4769895595075709
1.7404687500000000 0.4769964859414031
1.7405468749999999 0.4770034125898419
1.7406250000000001 0.4770103390276848
1.7407031250000000 0.4770172656802002
1.7407812499999999 0.4770241921220526
1.7408593750000001 0.4770311187786400
1.7409375000000000 0.4770380452245018
1.7410156250000000 0.4770449718851565
1.7410937500000001 0.4770518983350275
1.7411718750000000 0.4770588249997449
1.7412500000000000 0.4770657514536251
1.7413281250000001 0.4770726781224005
1.7414062500000000 0.4770796045802887
1.7414843750000000 0.4770865312531173
1.7415625000000001 0.4770934577150140
1.7416406250000001 0.4771003843918911
1.7417187500000000 0.4771073108577960
1.7417968750000001 0.4771142375387164
1.7418750000000001 0.4771211640086296
1.7419531250000000 0.4771280906935890
1.7420312500000001 0.4771350171675097
1.7421093750000001 0.4771419438565038
1.7421875000000000 0.4771488703344313
1.7422656249999999 0.4771557970274553
1.7423437500000001 0.4771627235093897
1.7424218750000000 0.4771696502064384
1.7424999999999999 0.4771765766923797
1.7425781250000001 0.4771835033934484
1.7426562500000000 0.4771904298833965
1.7427343749999999 0.4771973565884809
1.7428125000000001 0.4772042830824346
1.7428906250000000 0.4772112097915303
1.7429687500000000 0.4772181362894896
1.7430468750000001 0.4772250630025917
1.7431250000000000 0.4772319895045564
1.7432031250000000 0.4772389162216597
1.7432812500000001 0.4772458427276300
1.7433593750000000 0.4772527694487299
1.7434375000000000 0.4772596959587057
1.7435156250000001 0.4772666226837973
1.7435937500000001 0.4772735491977779
1.7436718750000000 0.4772804759268564
1.7437500000000001 0.4772874024448418
1.7438281250000001 0.4772943291779030
1.7439062500000000 0.4773012556998926
1.7439843750000001 0.4773081824369316
1.7440625000000001 0.4773151089629256
1.7441406250000000 0.4773220357039369
1.7442187499999999 0.4773289622339354
1.7442968750000001 0.4773358889789148
1.7443750000000000 0.4773428155129172
1.7444531249999999 0.4773497422618593
1.7445312500000001 0.4773566687998662
1.7446093750000000 0.4773635955527662
1.7446874999999999 0.4773705220947770
1.7447656250000001 0.4773774488516300
1.7448437500000000 0.4773843753976449
1.7449218750000000 0.4773913021584464
1.7450000000000001 0.4773982287084649
1.7450781250000000 0.4774051554732100
1.7451562500000000 0.4774120820272323
1.7452343750000001 0.4774190087959154
1.7453125000000000 0.4774259353539413
1.7453906250000000 0.4774328621265583
1.7454687500000001 0.4774397886885876
1.7455468750000001 0.4774467154651338
1.7456250000000000 0.4774536420311655
1.7457031250000001 0.4774605688116369
1.7457812500000001 0.4774674953816712
1.7458593750000000 0.4774744221660613
1.7459375000000001 0.4774813487400989
1.7460156250000001 0.4774882755284037
1.7460937500000000 0.4774952021064441
1.7461718749999999 0.4775021288986586
1.7462500000000001 0.4775090554807012
1.7463281250000000 0.4775159822768203
1.7464062499999999 0.4775229088628658
1.7464843750000001 0.4775298356628846
1.7465625000000000 0.4775367622529330
1.7466406249999999 0.4775436890568461
1.7467187500000001 0.4775506156508974
1.7467968750000000 0.4775575424587001
1.7468750000000000 0.4775644690567542
1.7469531250000001 0.4775713958684423
1.7470312500000000 0.4775783224704977
1.7471093750000000 0.4775852492860668
1.7471875000000001 0.4775921758921243
1.7472656250000000 0.4775991027115684
1.7473437500000000 0.4776060293216280
1.7474218750000001 0.4776129561449427
1.7475000000000001 0.4776198827590046
1.7475781250000000 0.4776268095861842
1.7476562500000001 0.4776337362042488
1.7477343750000001 0.4776406630352887
1.7478125000000000 0.4776475896573549
1.7478906250000001 0.4776545164922505
1.7479687500000001 0.4776614431183195
1.7480468750000000 0.4776683699570655
1.7481249999999999 0.4776752965871358
1.7482031250000001 0.4776822234297277
1.7482812500000000 0.4776891500637998
1.7483593749999999 0.4776960769102330
1.7484375000000001 0.4777030035483062
1.7485156250000000 0.4777099303985761
1.7485937499999999 0.4777168570406506
1.7486718750000001 0.4777237838947515
1.7487500000000000 0.4777307105408279
1.7488281250000000 0.4777376373987552
1.7489062500000001 0.4777445640488331
1.7489843750000000 0.4777514909105809
1.7490625000000000 0.4777584175646607
1.7491406250000001 0.4777653444302249
1.7492187500000000 0.4777722710883061
1.7492968750000000 0.4777791979576820
1.7493750000000001 0.4777861246197642
1.7494531250000001 0.4777930514929468
1.7495312500000000 0.4777999781590304
1.7496093750000001 0.4778069050360141
1.7496875000000001 0.4778138317060994
1.7497656250000000 0.4778207585868797
1.7498437500000001 0.4778276852609661
1.7499218750000001 0.4778346121455381
1.7500000000000000 0.4778415388236260
1.7500781249999999 0.4778484657119846
1.7501562500000001 0.4778553923940738
1.7502343750000000 0.4778623192862138
1.7503124999999999 0.4778692459723046
1.7503906250000001 0.4778761728682217
1.7504687500000000 0.4778830995583135
1.7505468749999999 0.4778900264580023
1.7506250000000001 0.4778969531520951
1.7507031250000000 0.4779038800555510
1.7507812500000000 0.4779108067536447
1.7508593750000001 0.4779177336608630
1.7509375000000000 0.4779246603629579
1.7510156250000000 0.4779315872739329
1.7510937500000001 0.4779385139800290
1.7511718750000000 0.4779454408947562
1.7512500000000000 0.4779523676048534
1.7513281250000001 0.4779592945233276
1.7514062500000001 0.4779662212374262
1.7514843750000000 0.4779731481596423
1.7515625000000001 0.4779800748777417
1.7516406250000001 0.4779870018036952
1.7517187500000000 0.4779939285257955
1.7517968750000001 0.4780008554554818
1.7518750000000001 0.4780077821815828
1.7519531250000000 0.4780147091149966
1.7520312499999999 0.4780216358450985
1.7521093750000001 0.4780285627822347
1.7521875000000000 0.4780354895163373
1.7522656249999999 0.4780424164571912
1.7523437500000001 0.4780493431952943
1.7524218750000000 0.4780562701398619
1.7524999999999999 0.4780631968819647
1.7525781250000001 0.4780701238302402
1.7526562500000000 0.4780770505763431
1.7527343750000000 0.4780839775283225
1.7528125000000001 0.4780909042784260
1.7528906250000000 0.4780978312341034
1.7529687500000000 0.4781047579882069
1.7530468750000001 0.4781116849475778
1.7531250000000000 0.4781186117056811
1.7532031250000000 0.4781255386687408
1.7532812500000001 0.4781324654308439
1.7533593750000001 0.4781393923975876
1.7534375000000000 0.4781463191636908
1.7535156250000001 0.4781532461341129
1.7535937500000001 0.4781601729042154
1.7536718750000000 0.4781670998783120
1.7537500000000001 0.4781740266524144
1.7538281250000001 0.4781809536301800
1.7539062500000000 0.4781878804082818
1.7539843749999999 0.4781948073897116
1.7540625000000001 0.4782017341718129
1.7541406250000000 0.4782086611569024
1.7542187499999999 0.4782155879430027
1.7542968750000001 0.4782225149317469
1.7543750000000000 0.4782294417218464
1.7544531249999999 0.4782363687142404
1.7545312500000001 0.4782432955083386
1.7546093750000000 0.4782502225043778
1.7546875000000000 0.4782571493024746
1.7547656250000001 0.4782640763021547
1.7548437500000000 0.4782710031042493
1.7549218750000000 0.4782779301075652
1.7550000000000001 0.4782848569136582
1.7550781250000000 0.4782917839206051
1.7551562500000000 0.4782987107306955
1.7552343750000001 0.4783056377412688
1.7553125000000001 0.4783125645553578
1.7553906250000000 0.4783194915695514
1.7554687500000001 0.4783264183876382
1.7555468750000001 0.4783333454054485
1.7556250000000000 0.4783402722275329
1.7557031250000001 0.4783471992489551
1.7557812500000001 0.4783541260750366
1.7558593750000000 0.4783610531000658
1.7559374999999999 0.4783679799301442
1.7560156250000001 0.4783749069587762
1.7560937500000000 0.4783818337928508
1.7561718749999999 0.4783887608250806
1.7562500000000001 0.4783956876631518
1.7563281250000000 0.4784026146989745
1.7564062499999999 0.4784095415410418
1.7564843750000001 0.4784164685804528
1.7565625000000000 0.4784233954265161
1.7566406250000000 0.4784303224695102
1.7567187500000001 0.4784372493195697
1.7567968750000000 0.4784441763661427
1.7568750000000000 0.4784511032201973
1.7569531250000001 0.4784580302703447
1.7570312500000000 0.4784649571283943
1.7571093750000000 0.4784718841821117
1.7571875000000001 0.4784788110441556
1.7572656250000001 0.4784857381014379
1.7573437500000000 0.4784926649674761
1.7574218750000001 0.4784995920283187
1.7575000000000001 0.4785065188983511
1.7575781250000000 0.4785134459627495
1.7576562500000001 0.4785203728367754
1.7577343750000001 0.4785272999047254
1.7578125000000000 0.4785342267827443
1.7578906249999999 0.4785411538542407
1.7579687500000001 0.4785480807362525
1.7580468750000000 0.4785550078112911
1.7581249999999999 0.4785619346972953
1.7582031250000001 0.4785688617758715
1.7582812500000000 0.4785757886658674
1.7583593749999999 0.4785827157479771
1.7584375000000001 0.4785896426419640
1.7585156250000000 0.4785965697276028
1.7585937500000000 0.4786034966255804
1.7586718750000001 0.4786104237147433
1.7587500000000000 0.4786173506167112
1.7588281250000000 0.4786242777093936
1.7589062500000001 0.4786312046153519
1.7589843750000000 0.4786381317115498
1.7590625000000000 0.4786450586214970
1.7591406250000001 0.4786519857212059
1.7592187500000001 0.4786589126351421
1.7592968750000000 0.4786658397383570
1.7593750000000001 0.4786727666562820
1.7594531250000001 0.4786796937629986
1.7595312500000000 0.4786866206849115
1.7596093750000001 0.4786935477951257
1.7596875000000001 0.4787004747210256
1.7597656250000000 0.4787074018347332
1.7598437499999999 0.4787143287646199
1.7599218750000001 0.4787212558818161
1.7600000000000000 0.4787281828156893
1.7600781249999999 0.4787351099363695
1.7601562500000001 0.4787420368742282
1.7602343750000000 0.4787489639983888
1.7603124999999999 0.4787558909402319
1.7603906250000001 0.4787628180678683
1.7604687500000000 0.4787697450136962
1.7605468750000000 0.4787766721448034
1.7606250000000001 0.4787835990946148
1.7607031250000000 0.4787905262291894
1.7607812500000000 0.4787974531829842
1.7608593750000001 0.4788043803210207
1.7609375000000000 0.4788113072787987
1.7610156250000000 0.4788182344202932
1.7610937500000001 0.4788251613820531
1.7611718750000001 0.4788320885270017
1.7612500000000000 0.4788390154927424
1.7613281250000001 0.4788459426411410
1.7614062500000001 0.4788528696108620
1.7614843750000000 0.4788597967627060
1.7615625000000001 0.4788667237364069
1.7616406250000001 0.4788736508916924
1.7617187500000000 0.4788805778693718
1.7617968749999999 0.4788875050280945
1.7618750000000001 0.4788944320097523
1.7619531250000000 0.4789013591719079
1.7620312499999999 0.4789082861575430
1.7621093750000001 0.4789152133231275
1.7621875000000000 0.4789221403127391
1.7622656249999999 0.4789290674817482
1.7623437500000001 0.4789359944753355
1.7624218750000000 0.4789429216477653
1.7625000000000000 0.4789498486453279
1.7625781250000001 0.4789567758211735
1.7626562500000000 0.4789637028227100
1.7627343750000000 0.4789706300019684
1.7628125000000001 0.4789775570074780
1.7628906250000000 0.4789844841901444
1.7629687500000000 0.4789914111996262
1.7630468750000001 0.4789983383856974
1.7631250000000001 0.4790052653991501
1.7632031250000000 0.4790121925886217
1.7632812500000001 0.4790191196060447
1.7633593750000001 0.4790260467989126
1.7634375000000000 0.4790329738203051
1.7635156250000001 0.4790399010165648
1.7635937500000001 0.4790468280419259
1.7636718750000000 0.4790537552415741
1.7637499999999999 0.4790606822709023
1.7638281250000001 0.4790676094739355
1.7639062500000000 0.4790745365072296
1.7639843749999999 0.4790814637136431
1.7640625000000001 0.4790883907509026
1.7641406250000000 0.4790953179606929
1.7642187499999999 0.4791022450019163
1.7642968750000001 0.4791091722150793
1.7643750000000000 0.4791160992602662
1.7644531250000000 0.4791230264767982
1.7645312500000001 0.4791299535259470
1.7646093750000000 0.4791368807458434
1.7646875000000000 0.4791438077989537
1.7647656250000001 0.4791507350222110
1.7648437500000000 0.4791576620792812
1.7649218750000000 0.4791645893058958
1.7650000000000001 0.4791715163669247
1.7650781250000001 0.4791784435968932
1.7651562500000000 0.4791853706618791
1.7652343750000001 0.4791922978951976
1.7653125000000001 0.4791992249641399
1.7653906250000000 0.4792061522008041
1.7654687500000001 0.4792130792737016
1.7655468750000001 0.4792200065137079
1.7656250000000000 0.4792269335905595
1.7657031249999999 0.4792338608339045
1.7657812500000001 0.4792407879147088
1.7658593750000000 0.4792477151613881
1.7659374999999999 0.4792546422461439
1.7660156250000001 0.4792615694961547
1.7660937500000000 0.4792684965848606
1.7661718749999999 0.4792754238381986
1.7662500000000001 0.4792823509308537
1.7663281250000000 0.4792892781875150
1.7664062500000000 0.4792962052841182
1.7664843750000001 0.4793031325440993
1.7665625000000000 0.4793100596446490
1.7666406250000000 0.4793169869079466
1.7667187500000001 0.4793239140124410
1.7667968750000000 0.4793308412790513
1.7668750000000000 0.4793377683874897
1.7669531250000001 0.4793446956574093
1.7670312500000001 0.4793516227697898
1.7671093750000000 0.4793585500430150
1.7671875000000001 0.4793654771593363
1.7672656250000001 0.4793724044358641
1.7673437500000000 0.4793793315561246
1.7674218750000001 0.4793862588359510
1.7675000000000001 0.4793931859601492
1.7675781250000000 0.4794001132432711
1.7676562499999999 0.4794070403714053
1.7677343750000001 0.4794139676578194
1.7678125000000000 0.4794208947898889
1.7678906249999999 0.4794278220795906
1.7679687500000001 0.4794347492155940
1.7680468750000000 0.4794416765085801
1.7681249999999999 0.4794486036485157
1.7682031250000001 0.4794555309447835
1.7682812500000000 0.4794624580886489
1.7683593750000000 0.4794693853881947
1.7684375000000001 0.4794763125359892
1.7685156250000000 0.4794832398388103
1.7685937500000000 0.4794901669905313
1.7686718750000001 0.4794970942966237
1.7687500000000000 0.4795040214522704
1.7688281250000000 0.4795109487616309
1.7689062500000001 0.4795178759212015
1.7689843750000001 0.4795248032338266
1.7690625000000000 0.4795317303973197
1.7691406250000001 0.4795386577132065
1.7692187500000001 0.4795455848806202
1.7692968750000000 0.4795525121997646
1.7693750000000001 0.4795594393710977
1.7694531250000001 0.4795663666934972
1.7695312500000000 0.4795732938687469
1.7696093749999999 0.4795802211943981
1.7696875000000001 0.4795871483735638
1.7697656250000000 0.4795940757024633
1.7698437499999999 0.4796010028855425
1.7699218750000001 0.4796079302176877
1.7700000000000000 0.4796148574046789
1.7700781249999999 0.4796217847400656
1.7701562500000001 0.4796287119309675
1.7702343750000000 0.4796356392695933
1.7703125000000000 0.4796425664644034
1.7703906250000001 0.4796494938062647
1.7704687500000000 0.4796564210049816
1.7705468750000000 0.4796633483500757
1.7706250000000001 0.4796702755526976
1.7707031250000000 0.4796772029010205
1.7707812500000000 0.4796841301075462
1.7708593750000001 0.4796910574590950
1.7709375000000001 0.4796979846695220
1.7710156250000000 0.4797049120242945
1.7710937500000001 0.4797118392386205
1.7711718750000001 0.4797187665966129
1.7712500000000000 0.4797256938148365
1.7713281250000001 0.4797326211760461
1.7714062500000001 0.4797395483981653
1.7714843750000000 0.4797464757625888
1.7715624999999999 0.4797534029886018
1.7716406250000001 0.4797603303562366
1.7717187500000000 0.4797672575861412
1.7717968749999999 0.4797741849569838
1.7718750000000001 0.4797811121907785
1.7719531250000000 0.4797880395648255
1.7720312499999999 0.4797949668025082
1.7721093750000001 0.4798018941797580
1.7721875000000000 0.4798088214213262
1.7722656250000000 0.4798157488017748
1.7723437500000001 0.4798226760472273
1.7724218750000000 0.4798296034308717
1.7725000000000000 0.4798365306802061
1.7725781250000001 0.4798434580670441
1.7726562500000000 0.4798503853202576
1.7727343750000000 0.4798573127102864
1.7728125000000001 0.4798642399673777
1.7728906250000001 0.4798711673605942
1.7729687500000000 0.4798780946215607
1.7730468750000001 0.4798850220179622
1.7731250000000001 0.4798919492828020
1.7732031250000000 0.4798988766823853
1.7732812500000001 0.4799058039510966
1.7733593750000001 0.4799127313538588
1.7734375000000000 0.4799196586264393
1.7735156249999999 0.4799265860323778
1.7735937500000001 0.4799335133088256
1.7736718750000000 0.4799404407179373
1.7737499999999999 0.4799473679982503
1.7738281250000001 0.4799542954105329
1.7739062500000000 0.4799612226947079
1.7739843749999999 0.4799681501101589
1.7740625000000001 0.4799750773981942
1.7741406250000000 0.4799820048168104
1.7742187500000000 0.4799889321087039
1.7742968750000001 0.4799958595304833
1.7743750000000000 0.4800027868262319
1.7744531250000000 0.4800097142511721
1.7745312500000001 0.4800166415507741
1.7746093750000000 0.4800235689788709
1.7746875000000000 0.4800304962823248
1.7747656250000001 0.4800374237135762
1.7748437500000001 0.4800443510208794
1.7749218750000000 0.4800512784552831
1.7750000000000001 0.4800582057664324
1.7750781250000001 0.4800651332039856
1.7751562500000000 0.4800720605189794
1.7752343750000001 0.4800789879596796
1.7753125000000001 0.4800859152785152
1.7753906250000000 0.4800928427223595
1.7754687499999999 0.4800997700450350
1.7755468750000001 0.4801066974920215
1.7756250000000000 0.4801136248185334
1.7757031249999999 0.4801205522686592
1.7757812500000001 0.4801274795990062
1.7758593750000000 0.4801344070522687
1.7759374999999999 0.4801413343864476
1.7760156250000001 0.4801482618428449
1.7760937500000000 0.4801551891808534
1.7761718750000000 0.4801621166403828
1.7762500000000001 0.4801690439822181
1.7763281250000000 0.4801759714448770
1.7764062500000000 0.4801828987905375
1.7764843750000001 0.4801898262563229
1.7765625000000000 0.4801967536058059
1.7766406250000000 0.4802036810747159
1.7767187500000001 0.4802106084280184
1.7767968750000001 0.4802175359000506
1.7768750000000000 0.4802244632571708
1.7769531250000001 0.4802313907323223
1.7770312500000001 0.4802383180932572
1.7771093750000000 0.4802452455715261
1.7771875000000001 0.4802521729362732
1.7772656250000001 0.4802591004176569
1.7773437500000000 0.4802660277862137
1.7774218749999999 0.4802729552707098
1.7775000000000001 0.4802798826430739
1.7775781250000000 0.4802868101306801
1.7776562499999999 0.4802937375068487
1.7777343750000001 0.4803006649975624
1.7778125000000000 0.4803075923775332
1.7778906249999999 0.4803145198713520
1.7779687500000001 0.4803214472551225
1.7780468750000000 0.4803283747520445
1.7781250000000000 0.4803353021396109
1.7782031250000001 0.4803422296396341
1.7782812500000000 0.4803491570309953
1.7783593750000000 0.4803560845341162
1.7784375000000001 0.4803630119292693
1.7785156250000000 0.4803699394354862
1.7785937500000000 0.4803768668344275
1.7786718750000001 0.4803837943437390
1.7787500000000001 0.4803907217464659
1.7788281250000000 0.4803976492588697
1.7789062500000001 0.4804045766653798
1.7789843750000001 0.4804115041808730
1.7790625000000000 0.4804184315911635
1.7791406250000001 0.4804253591097442
1.7792187500000001 0.4804322865238129
1.7792968750000000 0.4804392140454782
1.7793749999999999 0.4804461414633219
1.7794531250000001 0.4804530689880704
1.7795312500000000 0.4804599964096866
1.7796093749999999 0.4804669239375160
1.7796875000000001 0.4804738513629009
1.7797656250000000 0.4804807788938099
1.7798437499999999 0.4804877063229613
1.7799218750000001 0.4804946338569464
1.7800000000000000 0.4805015612898623
1.7800781250000000 0.4805084888269217
1.7801562500000001 0.4805154162635986
1.7802343750000000 0.4805223438037299
1.7803125000000000 0.4805292712441654
1.7803906250000001 0.4805361987873669
1.7804687500000000 0.4805431262315579
1.7805468750000000 0.4805500537778276
1.7806250000000001 0.4805569812257708
1.7807031250000001 0.4805639087751067
1.7807812500000000 0.4805708362267999
1.7808593750000001 0.4805777637791995
1.7809375000000001 0.4805846912346398
1.7810156250000000 0.4805916187901009
1.7810937500000001 0.4805985462492851
1.7811718750000001 0.4806054738078064
1.7812500000000000 0.4806124012707316
1.7813281249999999 0.4806193288323108
1.7814062500000001 0.4806262562989741
1.7814843750000000 0.4806331838636092
1.7815624999999999 0.4806401113340072
1.7816406250000001 0.4806470389016962
1.7817187500000000 0.4806539663758270
1.7817968749999999 0.4806608939465677
1.7818750000000001 0.4806678214244278
1.7819531250000000 0.4806747489982178
1.7820312500000000 0.4806816764798054
1.7821093750000001 0.4806886040566427
1.7821875000000000 0.4806955315419535
1.7822656250000000 0.4807024591218365
1.7823437500000001 0.4807093866108683
1.7824218750000000 0.4807163141937949
1.7825000000000000 0.4807232416865442
1.7825781250000001 0.4807301692725129
1.7826562500000001 0.4807370967689766
1.7827343750000000 0.4807440243579854
1.7828125000000001 0.4807509518581606
1.7828906250000001 0.4807578794502075
1.7829687500000000 0.4807648069540909
1.7830468750000001 0.4807717345491740
1.7831250000000001 0.4807786620567630
1.7832031250000000 0.4807855896548808
1.7832812499999999 0.4807925171661722
1.7833593750000001 0.4807994447673213
1.7834375000000000 0.4808063722823132
1.7835156249999999 0.4808132998864925
1.7835937500000001 0.4808202274051805
1.7836718750000000 0.4808271550123890
1.7837499999999999 0.4808340825347698
1.7838281250000001 0.4808410101450050
1.7839062500000000 0.4808479376710763
1.7839843750000000 0.4808548652843363
1.7840625000000001 0.4808617928140950
1.7841406250000000 0.4808687204303776
1.7842187500000000 0.4808756479638204
1.7842968750000001 0.4808825755831244
1.7843750000000000 0.4808895031202480
1.7844531250000000 0.4808964307425709
1.7845312500000001 0.4809033582833726
1.7846093750000001 0.4809102859087134
1.7846875000000000 0.4809172134531901
1.7847656250000001 0.4809241410815462
1.7848437500000001 0.4809310686296943
1.7849218750000000 0.4809379962610649
1.7850000000000001 0.4809449238128815
1.7850781250000001 0.4809518514472635
1.7851562500000000 0.4809587790027454
1.7852343749999999 0.4809657066401380
1.7853125000000001 0.4809726341992827
1.7853906250000000 0.4809795618396834
1.7854687499999999 0.4809864894024873
1.7855468750000001 0.4809934170458946
1.7856250000000000 0.4810003446123544
1.7857031249999999 0.4810072722587664
1.7857812500000001 0.4810141998288794
1.7858593750000000 0.4810211274782948
1.7859375000000000 0.4810280550520573
1.7860156250000001 0.4810349827044735
1.7860937500000000 0.4810419102818829
1.7861718750000000 0.4810488379372985
1.7862500000000001 0.4810557655183513
1.7863281250000000 0.4810626931767648
1.7864062500000000 0.4810696207614577
1.7864843750000001 0.4810765484228675
1.7865625000000001 0.4810834760111974
1.7866406250000000 0.4810904036756012
1.7867187500000001 0.4810973312675654
1.7867968750000001 0.4811042589349613
1.7868750000000000 0.4811111865305567
1.7869531250000001 0.4811181142009427
1.7870312500000001 0.4811250418001659
1.7871093750000000 0.4811319694735415
1.7871874999999999 0.4811388970763888
1.7872656250000001 0.4811458247527508
1.7873437500000000 0.4811527523592202
1.7874218749999999 0.4811596800385670
1.7875000000000001 0.4811666076486547
1.7875781250000000 0.4811735353309856
1.7876562499999999 0.4811804629446875
1.7877343750000001 0.4811873906300009
1.7878125000000000 0.4811943182473143
1.7878906250000000 0.4812012459356079
1.7879687500000001 0.4812081735565297
1.7880468750000000 0.4812151012478021
1.7881250000000000 0.4812220288723289
1.7882031250000001 0.4812289565665785
1.7882812500000000 0.4812358841947067
1.7883593750000000 0.4812428118919315
1.7884375000000001 0.4812497395236583
1.7885156250000001 0.4812566672238574
1.7885937500000000 0.4812635948591796
1.7886718750000001 0.4812705225623502
1.7887500000000001 0.4812774502012641
1.7888281250000000 0.4812843779074054
1.7889062500000001 0.4812913055499078
1.7889843750000001 0.4812982332590181
1.7890625000000000 0.4813051609051061
1.7891406249999999 0.4813120886171838
1.7892187500000001 0.4813190162668535
1.7892968750000000 0.4813259439818959
1.7893749999999999 0.4813328716351452
1.7894531250000001 0.4813397993531516
1.7895312500000000 0.4813467270099761
1.7896093749999999 0.4813536547309448
1.7896875000000001 0.4813605823913417
1.7897656250000000 0.4813675101152705
1.7898437500000000 0.4813744377792373
1.7899218750000001 0.4813813655061244
1.7900000000000000 0.4813882931736568
1.7900781250000000 0.4813952209035010
1.7901562500000001 0.4814021485745966
1.7902343750000000 0.4814090763073954
1.7903125000000000 0.4814160039820508
1.7903906250000001 0.4814229317178033
1.7904687500000001 0.4814298593960150
1.7905468750000000 0.4814367871347192
1.7906250000000001 0.4814437148164843
1.7907031250000001 0.4814506425581384
1.7907812500000000 0.4814575702434531
1.7908593750000001 0.4814644979880556
1.7909375000000001 0.4814714256769171
1.7910156250000000 0.4814783534244670
1.7910937499999999 0.4814852811168713
1.7911718750000001 0.4814922088673664
1.7912500000000000 0.4814991365633107
1.7913281249999999 0.4815060643167496
1.7914062500000001 0.4815129920162299
1.7914843750000000 0.4815199197726117
1.7915624999999999 0.4815268474756248
1.7916406250000001 0.4815337752349471
1.7917187500000000 0.4815407029414903
1.7917968750000000 0.4815476307037514
1.7918750000000001 0.4815545584138214
1.7919531250000000 0.4815614861790196
1.7920312500000000 0.4815684138926128
1.7921093750000001 0.4815753416607464
1.7921875000000000 0.4815822693778602
1.7922656250000000 0.4815891971489276
1.7923437500000001 0.4815961248695578
1.7924218750000001 0.4816030526435577
1.7925000000000000 0.4816099803677018
1.7925781250000001 0.4816169081446317
1.7926562500000001 0.4816238358722862
1.7927343750000000 0.4816307636521454
1.7928125000000001 0.4816376913833068
1.7928906250000001 0.4816446191660934
1.7929687500000000 0.4816515469007580
1.7930468749999999 0.4816584746864708
1.7931250000000001 0.4816654024246358
1.7932031250000000 0.4816723302132726
1.7932812499999999 0.4816792579549346
1.7933593750000001 0.4816861857464940
1.7934375000000000 0.4816931134916494
1.7935156249999999 0.4817000412861299
1.7935937500000001 0.4817069690347758
1.7936718750000000 0.4817138968321759
1.7937500000000000 0.4817208245843086
1.7938281250000001 0.4817277523846262
1.7939062500000000 0.4817346801402430
1.7939843750000000 0.4817416079434770
1.7940625000000001 0.4817485357025737
1.7941406250000000 0.4817554635087222
1.7942187500000000 0.4817623912712962
1.7942968750000001 0.4817693190803575
1.7943750000000001 0.4817762468464057
1.7944531250000000 0.4817831746583778
1.7945312500000001 0.4817901024278968
1.7946093750000001 0.4817970302427783
1.7946875000000000 0.4818039580157648
1.7947656250000001 0.4818108858335544
1.7948437500000001 0.4818178136100048
1.7949218750000000 0.4818247414307008
1.7949999999999999 0.4818316692106119
1.7950781250000001 0.4818385970342124
1.7951562500000000 0.4818455248175808
1.7952343749999999 0.4818524526440847
1.7953125000000001 0.4818593804309070
1.7953906250000000 0.4818663082603126
1.7954687499999999 0.4818732360505855
1.7955468750000001 0.4818801638828912
1.7956250000000000 0.4818870916766115
1.7957031250000000 0.4818940195118154
1.7957812500000001 0.4819009473089796
1.7958593750000000 0.4819078751470803
1.7959375000000000 0.4819148029476854
1.7960156250000001 0.4819217307886811
1.7960937500000000 0.4819286585927238
1.7961718750000000 0.4819355864366136
1.7962500000000001 0.4819425142440897
1.7963281250000001 0.4819494420908716
1.7964062500000000 0.4819563699017786
1.7964843750000001 0.4819632977514502
1.7965625000000001 0.4819702255657858
1.7966406250000000 0.4819771534183457
1.7967187500000001 0.4819840812361049
1.7967968750000001 0.4819910090915525
1.7968750000000000 0.4819979369127328
1.7969531249999999 0.4820048647710655
1.7970312500000001 0.4820117925956633
1.7971093750000000 0.4820187204568803
1.7971874999999999 0.4820256482848921
1.7972656250000001 0.4820325761489914
1.7973437500000000 0.4820395039804142
1.7974218749999999 0.4820464318473939
1.7975000000000001 0.4820533596822248
1.7975781250000000 0.4820602875520831
1.7976562500000000 0.4820672153903188
1.7977343750000001 0.4820741432630543
1.7978125000000000 0.4820810711046907
1.7978906250000000 0.4820879989803023
1.7979687500000001 0.4820949268253365
1.7980468750000000 0.4821018547038229
1.7981250000000000 0.4821087825522509
1.7982031250000001 0.4821157104336098
1.7982812500000001 0.4821226382854289
1.7983593750000000 0.4821295661696592
1.7984375000000001 0.4821364940248661
1.7985156250000001 0.4821434219119653
1.7985937500000000 0.4821503497705573
1.7986718750000001 0.4821572776605241
1.7987500000000001 0.4821642055224969
1.7988281250000000 0.4821711334153303
1.7989062499999999 0.4821780612806811
1.7989843750000001 0.4821849891763785
1.7990625000000000 0.4821919170451042
1.7991406249999999 0.4821988449436649
1.7992187500000001 0.4822057728157615
1.7992968750000000 0.4822127007171835
1.7993749999999999 0.4822196285926481
1.7994531250000001 0.4822265564969298
1.7995312500000000 0.4822334843757594
1.7996093750000000 0.4822404122828990
1.7996875000000001 0.4822473401650895
1.7997656250000000 0.4822542680750861
1.7998437500000000 0.4822611959606345
1.7999218750000001 0.4822681238734861
1.8000000000000000 0.4822750517623894
1.8000781250000000 0.4822819796780942
1.8001562500000001 0.4822889075703490
1.8002343750000001 0.4822958354889048
1.8003125000000000 0.4823027633845084
1.8003906250000001 0.4823096913059139
1.8004687500000001 0.4823166192048629
1.8005468750000000 0.4823235471291164
1.8006250000000001 0.4823304750314071
1.8007031250000001 0.4823374029585071
1.8007812500000000 0.4823443308641365
1.8008593749999999 0.4823512587940816
1.8009375000000001 0.4823581867030461
1.8010156250000000 0.4823651146358343
1.8010937499999999 0.4823720425481308
1.8011718750000001 0.4823789704837612
1.8012500000000000 0.4823858983993856
1.8013281249999999 0.4823928263378562
1.8014062500000001 0.4823997542568062
1.8014843750000000 0.4824066821981149
1.8015625000000000 0.4824136101203871
1.8016406250000001 0.4824205380645332
1.8017187500000000 0.4824274659901234
1.8017968750000000 0.4824343939371051
1.8018750000000001 0.4824413218660107
1.8019531250000000 0.4824482498158257
1.8020312500000000 0.4824551777480437
1.8021093750000001 0.4824621057006911
1.8021875000000001 0.4824690336362172
1.8022656250000000 0.4824759615916954
1.8023437500000001 0.4824828895305269
1.8024218750000001 0.4824898174888342
1.8025000000000000 0.4824967454309675
1.8025781250000001 0.4825036733921019
1.8026562500000001 0.4825106013375344
1.8027343750000000 0.4825175293014947
1.8028124999999999 0.4825244572502223
1.8028906250000001 0.4825313852170065
1.8029687500000000 0.4825383131690266
1.8030468749999999 0.4825452411386333
1.8031250000000001 0.4825521690939422
1.8032031250000000 0.4825590970663693
1.8032812499999999 0.4825660250249644
1.8033593750000001 0.4825729530002105
1.8034375000000000 0.4825798809620881
1.8035156250000000 0.4825868089401518
1.8035937500000001 0.4825937369053084
1.8036718750000000 0.4826006648861877
1.8037500000000000 0.4826075928546203
1.8038281250000001 0.4826145208383139
1.8039062500000000 0.4826214488100191
1.8039843750000000 0.4826283767965253
1.8040625000000001 0.4826353047714995
1.8041406250000001 0.4826422327608171
1.8042187500000000 0.4826491607390571
1.8042968750000001 0.4826560887311843
1.8043750000000001 0.4826630167126866
1.8044531250000000 0.4826699447076213
1.8045312500000001 0.4826768726923839
1.8046093750000001 0.4826838006901242
1.8046875000000000 0.4826907286781431
1.8047656249999999 0.4826976566786879
1.8048437500000001 0.4827045846699594
1.8049218750000000 0.4827115126733068
1.8049999999999999 0.4827184406678283
1.8050781250000001 0.4827253686739767
1.8051562500000000 0.4827322966717447
1.8052343749999999 0.4827392246806929
1.8053125000000001 0.4827461526817035
1.8053906250000000 0.4827530806934499
1.8054687500000000 0.4827600086977001
1.8055468750000001 0.4827669367122426
1.8056250000000000 0.4827738647197297
1.8057031250000000 0.4827807927370668
1.8057812500000001 0.4827877207477871
1.8058593750000000 0.4827946487679168
1.8059375000000000 0.4828015767818676
1.8060156250000001 0.4828085048047884
1.8060937500000001 0.4828154328219657
1.8061718750000000 0.4828223608476762
1.8062500000000001 0.4828292888680773
1.8063281250000001 0.4828362168965761
1.8064062500000000 0.4828431449201970
1.8064843750000001 0.4828500729514822
1.8065625000000001 0.4828570009783199
1.8066406250000000 0.4828639290123899
1.8067187499999999 0.4828708570424411
1.8067968750000001 0.4828777850792951
1.8068750000000000 0.4828847131125555
1.8069531249999999 0.4828916411521917
1.8070312500000001 0.4828985691886589
1.8071093750000000 0.4829054972310753
1.8071874999999999 0.4829124252707459
1.8072656250000001 0.4829193533159406
1.8073437500000000 0.4829262813588120
1.8074218750000000 0.4829332094067832
1.8075000000000001 0.4829401374528516
1.8075781250000000 0.4829470655035981
1.8076562500000000 0.4829539935528602
1.8077343750000001 0.4829609216063804
1.8078125000000000 0.4829678496588328
1.8078906250000000 0.4829747777151250
1.8079687500000001 0.4829817057707644
1.8080468750000001 0.4829886338298274
1.8081250000000000 0.4829955618886505
1.8082031250000001 0.4830024899504822
1.8082812500000001 0.4830094180124858
1.8083593750000000 0.4830163460770849
1.8084375000000001 0.4830232741422653
1.8085156250000001 0.4830302022096301
1.8085937500000000 0.4830371302779845
1.8086718749999999 0.4830440583481133
1.8087500000000001 0.4830509864196382
1.8088281250000000 0.4830579144925292
1.8089062499999999 0.4830648425672218
1.8089843750000001 0.4830717706428735
1.8090625000000000 0.4830786987207299
1.8091406249999999 0.4830856267991410
1.8092187500000001 0.4830925548801580
1.8092968750000000 0.4830994829613263
1.8093750000000000 0.4831064110455011
1.8094531250000001 0.4831133391294258
1.8095312500000000 0.4831202672167540
1.8096093750000000 0.4831271953034332
1.8096875000000001 0.4831341233939122
1.8097656250000000 0.4831410514833439
1.8098437500000000 0.4831479795769706
1.8099218750000001 0.4831549076691536
1.8100000000000001 0.4831618357659240
1.8100781250000000 0.4831687638608567
1.8101562500000001 0.4831756919607683
1.8102343750000001 0.4831826200584490
1.8103125000000000 0.4831895481614980
1.8103906250000001 0.4831964762619252
1.8104687500000001 0.4832034043681079
1.8105468750000000 0.4832103324712806
1.8106249999999999 0.4832172605805938
1.8107031250000001 0.4832241886865098
1.8107812500000000 0.4832311167989504
1.8108593749999999 0.4832380449076082
1.8109375000000001 0.4832449730231730
1.8110156250000000 0.4832519011345709
1.8110937499999999 0.4832588292532561
1.8111718750000001 0.4832657573673934
1.8112500000000000 0.4832726854891955
1.8113281250000000 0.4832796136060699
1.8114062500000001 0.4832865417309865
1.8114843750000000 0.4832934698505962
1.8115625000000000 0.4833003979786232
1.8116406250000001 0.4833073261009670
1.8117187500000000 0.4833142542321013
1.8117968750000000 0.4833211823571780
1.8118750000000001 0.4833281104914160
1.8119531250000001 0.4833350386192238
1.8120312500000000 0.4833419667565619
1.8121093750000001 0.4833488948870991
1.8121875000000001 0.4833558230275352
1.8122656250000000 0.4833627511607997
1.8123437500000001 0.4833696793043297
1.8124218750000001 0.4833766074403202
1.8125000000000000 0.4833835355869407
1.8125781249999999 0.4833904637256567
1.8126562500000001 0.4833973918753640
1.8127343750000000 0.4834043200168029
1.8128124999999999 0.4834112481695943
1.8128906250000001 0.4834181763137553
1.8129687500000000 0.4834251044696266
1.8130468749999999 0.4834320326165076
1.8131250000000001 0.4834389607754558
1.8132031250000000 0.4834458889250556
1.8132812500000000 0.4834528170870778
1.8133593750000001 0.4834597452393947
1.8134375000000000 0.4834666734044870
1.8135156250000000 0.4834736015595191
1.8135937500000001 0.4834805297276785
1.8136718750000000 0.4834874578854254
1.8137500000000000 0.4834943860566474
1.8138281250000001 0.4835013142171070
1.8139062500000001 0.4835082423913888
1.8139843750000000 0.4835151705545599
1.8140625000000001 0.4835220987318986
1.8141406250000001 0.4835290268977793
1.8142187500000000 0.4835359550781708
1.8142968750000001 0.4835428832467600
1.8143750000000001 0.4835498114302009
1.8144531250000000 0.4835567396014973
1.8145312499999999 0.4835636677879839
1.8146093750000001 0.4835705959619858
1.8146875000000000 0.4835775241515156
1.8147656249999999 0.4835844523282211
1.8148437500000001 0.4835913805207900
1.8149218750000000 0.4835983087001981
1.8149999999999999 0.4836052368958030
1.8150781250000001 0.4836121650779122
1.8151562500000000 0.4836190932765491
1.8152343750000000 0.4836260214613579
1.8153125000000001 0.4836329496630242
1.8153906250000000 0.4836398778505311
1.8154687500000000 0.4836468060552225
1.8155468750000001 0.4836537342454262
1.8156250000000000 0.4836606624531391
1.8157031250000000 0.4836675906460389
1.8157812500000001 0.4836745188567701
1.8158593750000001 0.4836814470523635
1.8159375000000000 0.4836883752661099
1.8160156250000001 0.4836953034643960
1.8160937500000001 0.4837022316811537
1.8161718750000000 0.4837091598821309
1.8162500000000001 0.4837160881018963
1.8163281250000001 0.4837230163055632
1.8164062500000000 0.4837299445283330
1.8164843749999999 0.4837368727346887
1.8165625000000001 0.4837438009604593
1.8166406250000000 0.4837507291695021
1.8167187499999999 0.4837576573982700
1.8167968750000001 0.4837645856099984
1.8168750000000000 0.4837715138417602
1.8169531249999999 0.4837784420561726
1.8170312500000001 0.4837853702909243
1.8171093750000000 0.4837922985080202
1.8171875000000000 0.4837992267457588
1.8172656250000001 0.4838061549655360
1.8173437500000000 0.4838130832062575
1.8174218750000000 0.4838200114287153
1.8175000000000001 0.4838269396724165
1.8175781250000000 0.4838338678975524
1.8176562500000000 0.4838407961442304
1.8177343750000001 0.4838477243720437
1.8178125000000001 0.4838546526216938
1.8178906250000000 0.4838615808521838
1.8179687500000001 0.4838685091048034
1.8180468750000001 0.4838754373379676
1.8181250000000000 0.4838823655935526
1.8182031250000001 0.4838892938293902
1.8182812500000001 0.4838962220879371
1.8183593750000000 0.4839031503264472
1.8184374999999999 0.4839100785879522
1.8185156250000001 0.4839170068291327
1.8185937500000000 0.4839239350935927
1.8186718749999999 0.4839308633374428
1.8187500000000001 0.4839377916048538
1.8188281250000000 0.4839447198513718
1.8189062499999999 0.4839516481217309
1.8189843750000001 0.4839585763709157
1.8190625000000000 0.4839655046442186
1.8191406250000000 0.4839724328960693
1.8192187500000001 0.4839793611723122
1.8192968750000000 0.4839862894268273
1.8193750000000000 0.4839932177060067
1.8194531250000001 0.4840001459631852
1.8195312500000000 0.4840070742452976
1.8196093750000000 0.4840140025051377
1.8196875000000001 0.4840209307901798
1.8197656250000001 0.4840278590526800
1.8198437500000000 0.4840347873406485
1.8199218750000001 0.4840417156058074
1.8200000000000001 0.4840486438966983
1.8200781250000000 0.4840555721645153
1.8201562500000001 0.4840625004583245
1.8202343750000001 0.4840694287287980
1.8203125000000000 0.4840763570255227
1.8203906249999999 0.4840832852986516
1.8204687500000001 0.4840902135982872
1.8205468750000000 0.4840971418740705
1.8206249999999999 0.4841040701766133
1.8207031250000001 0.4841109984550501
1.8207812500000000 0.4841179267604970
1.8208593749999999 0.4841248550415854
1.8209375000000001 0.4841317833499321
1.8210156250000000 0.4841387116336714
1.8210937500000000 0.4841456399449148
1.8211718750000001 0.4841525682313034
1.8212500000000000 0.4841594965454393
1.8213281250000000 0.4841664248344763
1.8214062500000001 0.4841733531515016
1.8214843750000000 0.4841802814431853
1.8215625000000000 0.4841872097630961
1.8216406250000001 0.4841941380574255
1.8217187500000001 0.4842010663802181
1.8217968750000000 0.4842079946771924
1.8218750000000001 0.4842149230028632
1.8219531250000001 0.4842218513024801
1.8220312500000000 0.4842287796310254
1.8221093750000001 0.4842357079332846
1.8221875000000001 0.4842426362647007
1.8222656250000000 0.4842495645696011
1.8223437499999999 0.4842564929038840
1.8224218750000001 0.4842634212114239
1.8225000000000000 0.4842703495485703
1.8225781249999999 0.4842772778587489
1.8226562500000001 0.4842842061987543
1.8227343750000000 0.4842911345115707
1.8228124999999999 0.4842980628544320
1.8228906250000001 0.4843049911698848
1.8229687500000000 0.4843119195155980
1.8230468750000000 0.4843188478336863
1.8231250000000001 0.4843257761822468
1.8232031250000000 0.4843327045029698
1.8232812500000000 0.4843396328543742
1.8233593750000001 0.4843465611777309
1.8234375000000000 0.4843534895319759
1.8235156250000000 0.4843604178579646
1.8235937500000001 0.4843673462150459
1.8236718750000001 0.4843742745436656
1.8237500000000000 0.4843812029035801
1.8238281250000001 0.4843881312348294
1.8239062500000001 0.4843950595975729
1.8239843750000000 0.4844019879314513
1.8240625000000001 0.4844089162970202
1.8241406250000001 0.4844158446335260
1.8242187500000000 0.4844227730019162
1.8242968749999999 0.4844297013410487
1.8243750000000001 0.4844366297122567
1.8244531250000000 0.4844435580540143
1.8245312499999999 0.4844504864280363
1.8246093750000001 0.4844574147724190
1.8246875000000000 0.4844643431492506
1.8247656249999999 0.4844712714962563
1.8248437500000001 0.4844781998758941
1.8249218750000000 0.4844851282255229
1.8250000000000000 0.4844920566079622
1.8250781250000001 0.4844989849602127
1.8251562500000000 0.4845059133454505
1.8252343750000000 0.4845128417003216
1.8253125000000001 0.4845197700883532
1.8253906250000000 0.4845266984458438
1.8254687500000000 0.4845336268366662
1.8255468750000001 0.4845405551967753
1.8256250000000001 0.4845474835903843
1.8257031250000000 0.4845544119531107
1.8257812500000001 0.4845613403495027
1.8258593750000001 0.4845682687148458
1.8259375000000000 0.4845751971140156
1.8260156250000001 0.4845821254819747
1.8260937500000001 0.4845890538839195
1.8261718750000000 0.4845959822544931
1.8262499999999999 0.4846029106592087
1.8263281250000001 0.4846098390323962
1.8264062500000000 0.4846167674398787
1.8264843749999999 0.4846236958156789
1.8265625000000001 0.4846306242259242
1.8266406250000000 0.4846375526043363
1.8267187499999999 0.4846444810173405
1.8267968750000001 0.4846514093983634
1.8268750000000000 0.4846583378141226
1.8269531250000000 0.4846652661977556
1.8270312500000001 0.4846721946162662
1.8271093750000000 0.4846791230025079
1.8271875000000000 0.4846860514237651
1.8272656250000001 0.4846929798126152
1.8273437500000000 0.4846999082366157
1.8274218750000000 0.4847068366280729
1.8275000000000001 0.4847137650548129
1.8275781250000001 0.4847206934488764
1.8276562500000000 0.4847276218783510
1.8277343750000001 0.4847345502750200
1.8278125000000001 0.4847414787072256
1.8278906250000000 0.4847484071064997
1.8279687500000001 0.4847553355414321
1.8280468750000001 0.4847622639433098
1.8281250000000000 0.4847691923809651
1.8282031249999999 0.4847761207854458
1.8282812500000001 0.4847830492258198
1.8283593750000000 0.4847899776329032
1.8284374999999999 0.4847969060759916
1.8285156250000001 0.4848038344856763
1.8285937500000000 0.4848107629314758
1.8286718749999999 0.4848176913437607
1.8287500000000001 0.4848246197922669
1.8288281250000000 0.4848315482071514
1.8289062500000000 0.4848384766583601
1.8289843750000001 0.4848454050758434
1.8290625000000000 0.4848523335297506
1.8291406250000000 0.4848592619498324
1.8292187500000001 0.4848661904064341
1.8292968750000000 0.4848731188291124
1.8293750000000000 0.4848800472884049
1.8294531250000001 0.4848869757136796
1.8295312500000001 0.4848939041756582
1.8296093750000000 0.4849008326035287
1.8296875000000001 0.4849077610681896
1.8297656250000001 0.4849146894986545
1.8298437500000000 0.4849216179659939
1.8299218750000001 0.4849285463990530
1.8300000000000001 0.4849354748690657
1.8300781250000000 0.4849424033047184
1.8301562499999999 0.4849493317774013
1.8302343750000001 0.4849562602156463
1.8303125000000000 0.4849631886909944
1.8303906249999999 0.4849701171318317
1.8304687500000001 0.4849770456098412
1.8305468750000000 0.4849839740532697
1.8306249999999999 0.4849909025339364
1.8307031250000001 0.4849978309799553
1.8307812500000000 0.4850047594632750
1.8308593750000000 0.4850116879118834
1.8309375000000001 0.4850186163978527
1.8310156250000000 0.4850255448490498
1.8310937500000000 0.4850324733376635
1.8311718750000001 0.4850394017914498
1.8312500000000000 0.4850463302827034
1.8313281250000000 0.4850532587390772
1.8314062500000001 0.4850601872329672
1.8314843750000001 0.4850671156919287
1.8315625000000000 0.4850740441884503
1.8316406250000001 0.4850809726499978
1.8317187500000001 0.4850879011491477
1.8317968750000000 0.4850948296132805
1.8318750000000001 0.4851017581150540
1.8319531250000001 0.4851086865817720
1.8320312500000000 0.4851156150861650
1.8321093749999999 0.4851225435554672
1.8321875000000001 0.4851294720624752
1.8322656250000000 0.4851364005343615
1.8323437499999999 0.4851433290439804
1.8324218750000001 0.4851502575184495
1.8325000000000000 0.4851571860306753
1.8325781249999999 0.4851641145077265
1.8326562500000001 0.4851710430225547
1.8327343750000000 0.4851779715021882
1.8328125000000000 0.4851849000196143
1.8328906250000001 0.4851918285018292
1.8329687500000000 0.4851987570218487
1.8330468750000000 0.4852056855066443
1.8331250000000001 0.4852126140292534
1.8332031250000000 0.4852195425166291
1.8332812500000000 0.4852264710418234
1.8333593750000001 0.4852333995317787
1.8334375000000001 0.4852403280595536
1.8335156250000000 0.4852472565520880
1.8335937500000001 0.4852541850824397
1.8336718750000001 0.4852611135775522
1.8337500000000000 0.4852680421104761
1.8338281250000001 0.4852749706081663
1.8339062500000001 0.4852818991436588
1.8339843750000000 0.4852888276439257
1.8340624999999999 0.4852957561819814
1.8341406250000001 0.4853026846848255
1.8342187500000000 0.4853096132254403
1.8342968749999999 0.4853165417308606
1.8343750000000001 0.4853234702740303
1.8344531250000000 0.4853303987820262
1.8345312499999999 0.4853373273277464
1.8346093750000001 0.4853442558383178
1.8346875000000000 0.4853511843865836
1.8347656250000000 0.4853581128997299
1.8348437500000001 0.4853650414505371
1.8349218750000000 0.4853719699662578
1.8350000000000000 0.4853788985196025
1.8350781250000001 0.4853858270378965
1.8351562500000000 0.4853927555937743
1.8352343750000000 0.4853996841146415
1.8353125000000001 0.4854066126730478
1.8353906250000001 0.4854135411964876
1.8354687500000000 0.4854204697574183
1.8355468750000001 0.4854273982834304
1.8356250000000001 0.4854343268468805
1.8357031250000000 0.4854412553754642
1.8357812500000001 0.4854481839414297
1.8358593750000001 0.4854551124725851
1.8359375000000000 0.4854620410410615
1.8360156249999999 0.4854689695747872
1.8360937500000001 0.4854758981457699
1.8361718750000000 0.4854828266820664
1.8362499999999999 0.4854897552555515
1.8363281250000001 0.4854966837944173
1.8364062500000000 0.4855036123704002
1.8364843749999999 0.4855105409118350
1.8365625000000001 0.4855174694903117
1.8366406250000000 0.4855243980343156
1.8367187500000000 0.4855313266152808
1.8367968750000001 0.4855382551618527
1.8368750000000000 0.4855451837453030
1.8369531250000000 0.4855521122944426
1.8370312500000001 0.4855590408803730
1.8371093750000000 0.4855659694320795
1.8371875000000000 0.4855728980204862
1.8372656250000001 0.4855798265747592
1.8373437500000001 0.4855867551656378
1.8374218750000000 0.4855936837224775
1.8375000000000001 0.4856006123158222
1.8375781250000001 0.4856075408752278
1.8376562500000000 0.4856144694710351
1.8377343750000001 0.4856213980330065
1.8378125000000001 0.4856283266312714
1.8378906250000000 0.4856352551958081
1.8379687499999999 0.4856421837965265
1.8380468750000001 0.4856491123636279
1.8381250000000000 0.4856560409667957
1.8382031249999999 0.4856629695364613
1.8382812500000001 0.4856698981420733
1.8383593750000000 0.4856768267143033
1.8384374999999999 0.4856837553223552
1.8385156250000001 0.4856906838971485
1.8385937500000000 0.4856976125076362
1.8386718750000000 0.4857045410849924
1.8387500000000001 0.4857114696979116
1.8388281250000000 0.4857183982778300
1.8389062500000000 0.4857253268931765
1.8389843750000001 0.4857322554756569
1.8390625000000000 0.4857391840934254
1.8391406250000000 0.4857461126784677
1.8392187500000001 0.4857530412986540
1.8392968750000001 0.4857599698862575
1.8393750000000000 0.4857668985088576
1.8394531250000001 0.4857738270990217
1.8395312500000001 0.4857807557240306
1.8396093750000000 0.4857876843167554
1.8396875000000001 0.4857946129441688
1.8397656250000001 0.4858015415394535
1.8398437500000000 0.4858084701692671
1.8399218749999999 0.4858153987671112
1.8400000000000001 0.4858223273993206
1.8400781250000000 0.4858292559997235
1.8401562499999999 0.4858361846343246
1.8402343750000001 0.4858431132372864
1.8403125000000000 0.4858500418742740
1.8403906249999999 0.4858569704797933
1.8404687500000001 0.4858638991191634
1.8405468750000000 0.4858708277272413
1.8406250000000000 0.4858777563689891
1.8407031250000001 0.4858846849796236
1.8407812500000000 0.4858916136237454
1.8408593750000000 0.4858985422369366
1.8409375000000001 0.4859054708834279
1.8410156250000000 0.4859123994991753
1.8410937500000000 0.4859193281480310
1.8411718750000001 0.4859262567663342
1.8412500000000001 0.4859331854175505
1.8413281250000000 0.4859401140384090
1.8414062500000001 0.4859470426919811
1.8414843750000001 0.4859539713153949
1.8415625000000000 0.4859608999713182
1.8416406250000001 0.4859678285972863
1.8417187500000001 0.4859747572555568
1.8417968750000000 0.4859816858840791
1.8418749999999999 0.4859886145446923
1.8419531250000001 0.4859955431757676
1.8420312500000000 0.4860024718387195
1.8421093749999999 0.4860094004723473
1.8421875000000001 0.4860163291376333
1.8422656250000000 0.4860232577738142
1.8423437499999999 0.4860301864414294
1.8424218750000001 0.4860371150801617
1.8425000000000000 0.4860440437501024
1.8425781250000000 0.4860509723913866
1.8426562500000001 0.4860579010636478
1.8427343750000000 0.4860648297074832
1.8428125000000000 0.4860717583820603
1.8428906250000001 0.4860786870284463
1.8429687500000000 0.4860856157053355
1.8430468750000000 0.4860925443542718
1.8431250000000001 0.4860994730334683
1.8432031250000001 0.4861064016849545
1.8432812500000000 0.4861133303664540
1.8433593750000001 0.4861202590204890
1.8434375000000001 0.4861271877042874
1.8435156250000000 0.4861341163608711
1.8435937500000001 0.4861410450469637
1.8436718750000001 0.4861479737060959
1.8437500000000000 0.4861549023944781
1.8438281249999999 0.4861618310561581
1.8439062500000001 0.4861687597468263
1.8439843750000000 0.4861756884110532
1.8440624999999999 0.4861826171040022
1.8441406250000001 0.4861895457707756
1.8442187500000000 0.4861964744660019
1.8442968749999999 0.4862034031353212
1.8443750000000001 0.4862103318328204
1.8444531250000000 0.4862172605046850
1.8445312500000000 0.4862241892044523
1.8446093750000001 0.4862311178788618
1.8446875000000000 0.4862380465808935
1.8447656250000000 0.4862449752578468
1.8448437500000001 0.4862519039621385
1.8449218750000000 0.4862588326416356
1.8450000000000000 0.4862657613481828
1.8450781250000001 0.4862726900302227
1.8451562500000001 0.4862796187390213
1.8452343750000000 0.4862865474236032
1.8453125000000001 0.4862934761346490
1.8453906250000001 0.4863004048217731
1.8454687500000000 0.4863073335350615
1.8455468750000001 0.4863142622247263
1.8456250000000001 0.4863211909402533
1.8457031250000000 0.4863281196324589
1.8457812499999999 0.4863350483502201
1.8458593750000001 0.4863419770449659
1.8459375000000000 0.4863489057649565
1.8460156249999999 0.4863558344622419
1.8460937500000001 0.4863627631844579
1.8461718750000000 0.4863696918842823
1.8462499999999999 0.4863766206087197
1.8463281250000001 0.4863835493110821
1.8464062500000000 0.4863904780377369
1.8464843750000000 0.4863974067426363
1.8465625000000001 0.4864043354715045
1.8466406250000000 0.4864112641789403
1.8467187500000000 0.4864181929100179
1.8467968750000001 0.4864251216199890
1.8468750000000000 0.4864320503532716
1.8469531250000000 0.4864389790657776
1.8470312500000001 0.4864459078012615
1.8471093750000001 0.4864528365163013
1.8471875000000000 0.4864597652539820
1.8472656250000001 0.4864666939715558
1.8473437500000001 0.4864736227114283
1.8474218750000000 0.4864805514315352
1.8475000000000001 0.4864874801735961
1.8475781250000001 0.4864944088962349
1.8476562500000000 0.4865013376404804
1.8477343749999999 0.4865082663656501
1.8478125000000001 0.4865151951120761
1.8478906250000000 0.4865221238397763
1.8479687499999999 0.4865290525883783
1.8480468750000001 0.4865359813186082
1.8481250000000000 0.4865429100693822
1.8482031249999999 0.4865498388021407
1.8482812500000001 0.4865567675550831
1.8483593750000000 0.4865636962903695
1.8484375000000000 0.4865706250454762
1.8485156250000001 0.4865775537832895
1.8485937500000000 0.4865844825405558
1.8486718750000000 0.4865914112808952
1.8487500000000001 0.4865983400403183
1.8488281250000000 0.4866052687831827
1.8489062500000000 0.4866121975447579
1.8489843750000001 0.4866191262901467
1.8490625000000001 0.4866260550538699
1.8491406250000000 0.4866329838017823
1.8492187500000001 0.4866399125676498
1.8492968750000001 0.4866468413180843
1.8493750000000000 0.4866537700860924
1.8494531250000001 0.4866606988390486
1.8495312500000001 0.4866676276091927
1.8496093750000000 0.4866745563646696
1.8496874999999999 0.4866814851369465
1.8497656250000001 0.4866884138949427
1.8498437500000000 0.4866953426693483
1.8499218749999999 0.4867022714298632
1.8500000000000001 0.4867092002063935
1.8500781250000000 0.4867161289694257
1.8501562499999999 0.4867230577480771
1.8502343750000001 0.4867299865136257
1.8503125000000000 0.4867369152943945
1.8503906250000000 0.4867438440624579
1.8504687500000001 0.4867507728453406
1.8505468750000000 0.4867577016159181
1.8506250000000000 0.4867646304009106
1.8507031250000001 0.4867715591740012
1.8507812500000000 0.4867784879610993
1.8508593750000000 0.4867854167367019
1.8509375000000001 0.4867923455259024
1.8510156250000001 0.4867992743040158
1.8510937500000000 0.4868062030953149
1.8511718750000001 0.4868131318759378
1.8512500000000001 0.4868200606693316
1.8513281250000000 0.4868269894524632
1.8514062500000001 0.4868339182479480
1.8514843750000001 0.4868408470335867
1.8515625000000000 0.4868477758311588
1.8516406249999999 0.4868547046193040
1.8517187500000001 0.4868616334189599
1.8517968750000000 0.4868685622096097
1.8518749999999999 0.4868754910113458
1.8519531250000001 0.4868824198044991
1.8520312500000000 0.4868893486083116
1.8521093749999999 0.4868962774039666
1.8521875000000001 0.4869032062098531
1.8522656250000000 0.4869101350080089
1.8523437500000000 0.4869170638159652
1.8524218750000001 0.4869239926166203
1.8525000000000000 0.4869309214266420
1.8525781250000000 0.4869378502297959
1.8526562500000001 0.4869447790418799
1.8527343750000000 0.4869517078475302
1.8528125000000000 0.4869586366616735
1.8528906250000001 0.4869655654698191
1.8529687500000001 0.4869724942860182
1.8530468750000000 0.4869794230966579
1.8531250000000001 0.4869863519149086
1.8532031250000001 0.4869932807280414
1.8532812500000000 0.4870002095483410
1.8533593750000001 0.4870071383639641
1.8534375000000001 0.4870140671863095
1.8535156250000000 0.4870209960044221
1.8535937499999999 0.4870279248288088
1.8536718750000001 0.4870348536494105
1.8537500000000000 0.4870417824758356
1.8538281249999999 0.4870487112989228
1.8539062500000001 0.4870556401273840
1.8539843750000000 0.4870625689529563
1.8540624999999999 0.4870694977834492
1.8541406250000001 0.4870764266115050
1.8542187500000000 0.4870833554440263
1.8542968750000000 0.4870902842745641
1.8543750000000001 0.4870972131091111
1.8544531250000000 0.4871041419421286
1.8545312500000000 0.4871110707786982
1.8546093750000001 0.4871179996141939
1.8546875000000000 0.4871249284527823
1.8547656250000000 0.4871318572907552
1.8548437500000001 0.4871387861313595
1.8549218750000001 0.4871457149718068
1.8550000000000000 0.4871526438144245
1.8550781250000001 0.4871595726573456
1.8551562500000001 0.4871665015019722
1.8552343750000000 0.4871734303473645
1.8553125000000001 0.4871803591939983
1.8553906250000001 0.4871872880418600
1.8554687500000000 0.4871942168904975
1.8555468749999999 0.4872011457408268
1.8556250000000001 0.4872080745914650
1.8557031250000000 0.4872150034442601
1.8557812499999999 0.4872219322968961
1.8558593750000001 0.4872288611521551
1.8559375000000000 0.4872357900067857
1.8560156249999999 0.4872427188645072
1.8560937500000001 0.4872496477211291
1.8561718750000000 0.4872565765813112
1.8562500000000000 0.4872635054399214
1.8563281250000001 0.4872704343025617
1.8564062500000000 0.4872773631631581
1.8564843750000000 0.4872842920282540
1.8565625000000001 0.4872912208908340
1.8566406250000000 0.4872981497583844
1.8567187500000000 0.4873050786229443
1.8567968750000001 0.4873120074929464
1.8568750000000001 0.4873189363594840
1.8569531250000000 0.4873258652319361
1.8570312500000001 0.4873327941004483
1.8571093750000001 0.4873397229753484
1.8571875000000000 0.4873466518458327
1.8572656250000001 0.4873535807231782
1.8573437500000001 0.4873605095956315
1.8574218750000000 0.4873674384754215
1.8574999999999999 0.4873743673498404
1.8575781250000001 0.4873812962320724
1.8576562500000000 0.4873882251084548
1.8577343749999999 0.4873951539931263
1.8578125000000001 0.4874020828714696
1.8578906250000000 0.4874090117585783
1.8579687499999999 0.4874159406388798
1.8580468750000001 0.4874228695284237
1.8581250000000000 0.4874297984106812
1.8582031250000000 0.4874367273026568
1.8582812500000001 0.4874436561868681
1.8583593750000000 0.4874505850812740
1.8584375000000000 0.4874575139674360
1.8585156250000001 0.4874644428642699
1.8585937500000000 0.4874713717523804
1.8586718750000000 0.4874783006516391
1.8587500000000001 0.4874852295416955
1.8588281250000001 0.4874921584433774
1.8589062500000000 0.4874990873353777
1.8589843750000001 0.4875060162394793
1.8590625000000001 0.4875129451334206
1.8591406250000000 0.4875198740399412
1.8592187500000001 0.4875268029358208
1.8592968750000001 0.4875337318447566
1.8593750000000000 0.4875406607425728
1.8594531249999999 0.4875475896539218
1.8595312500000001 0.4875545185536717
1.8596093750000000 0.4875614474674311
1.8596874999999999 0.4875683763691126
1.8597656250000001 0.4875753052852802
1.8598437500000000 0.4875822341888910
1.8599218749999999 0.4875891631074639
1.8600000000000001 0.4875960920130021
1.8600781250000000 0.4876030209339773
1.8601562500000000 0.4876099498414406
1.8602343750000001 0.4876168787648159
1.8603125000000000 0.4876238076742020
1.8603906250000000 0.4876307365999741
1.8604687500000001 0.4876376655112805
1.8605468750000000 0.4876445944394479
1.8606250000000000 0.4876515233526732
1.8607031250000001 0.4876584522832318
1.8607812500000001 0.4876653811983735
1.8608593750000000 0.4876723101313212
1.8609375000000001 0.4876792390483770
1.8610156250000001 0.4876861679837113
1.8610937500000000 0.4876930969026791
1.8611718750000001 0.4877000258403970
1.8612500000000001 0.4877069547612747
1.8613281250000000 0.4877138837013733
1.8614062499999999 0.4877208126241594
1.8614843750000001 0.4877277415666354
1.8615625000000000 0.4877346704913281
1.8616406249999999 0.4877415994361788
1.8617187500000001 0.4877485283627758
1.8617968750000000 0.4877554573099981
1.8618749999999999 0.4877623862384974
1.8619531250000001 0.4877693151880887
1.8620312500000000 0.4877762441184890
1.8621093750000000 0.4877831730704456
1.8621875000000001 0.4877901020027444
1.8622656250000000 0.4877970309570641
1.8623437500000000 0.4878039598912596
1.8624218750000001 0.4878108888479393
1.8625000000000000 0.4878178177840297
1.8625781250000000 0.4878247467430665
1.8626562500000001 0.4878316756810502
1.8627343750000001 0.4878386046424401
1.8628125000000000 0.4878455335823155
1.8628906250000001 0.4878524625460552
1.8629687500000001 0.4878593914878216
1.8630468750000000 0.4878663204539079
1.8631250000000001 0.4878732493975628
1.8632031250000001 0.4878801783659930
1.8632812500000000 0.4878871073115344
1.8633593749999999 0.4878940362823053
1.8634375000000001 0.4879009652297315
1.8635156250000000 0.4879078942028405
1.8635937499999999 0.4879148231521496
1.8636718750000001 0.4879217521275926
1.8637500000000000 0.4879286810787840
1.8638281249999999 0.4879356100565576
1.8639062500000001 0.4879425390096296
1.8639843750000000 0.4879494679897306
1.8640625000000000 0.4879563969446813
1.8641406250000001 0.4879633259271063
1.8642187500000000 0.4879702548839345
1.8642968750000000 0.4879771838686803
1.8643750000000001 0.4879841128273846
1.8644531250000000 0.4879910418144470
1.8645312500000000 0.4879979707750264
1.8646093750000001 0.4880048997644024
1.8646875000000001 0.4880118287268549
1.8647656250000000 0.4880187577185419
1.8648437500000001 0.4880256866828657
1.8649218750000001 0.4880326156768591
1.8650000000000000 0.4880395446430540
1.8650781250000001 0.4880464736393498
1.8651562500000001 0.4880534026074139
1.8652343750000000 0.4880603316060100
1.8653124999999999 0.4880672605759420
1.8653906250000001 0.4880741895768335
1.8654687500000000 0.4880811185486323
1.8655468749999999 0.4880880475518171
1.8656250000000001 0.4880949765254806
1.8657031250000000 0.4881019055309542
1.8657812499999999 0.4881088345064817
1.8658593750000001 0.4881157635142407
1.8659375000000000 0.4881226924916311
1.8660156250000000 0.4881296215016717
1.8660937500000001 0.4881365504809230
1.8661718750000000 0.4881434794932425
1.8662500000000000 0.4881504084743545
1.8663281250000001 0.4881573374889474
1.8664062500000000 0.4881642664719187
1.8664843750000000 0.4881711954887826
1.8665625000000001 0.4881781244736123
1.8666406250000001 0.4881850534927427
1.8667187500000000 0.4881919824794291
1.8667968750000001 0.4881989115008229
1.8668750000000001 0.4882058404893654
1.8669531250000000 0.4882127695130180
1.8670312500000001 0.4882196985034157
1.8671093750000001 0.4882266275293237
1.8671875000000000 0.4882335565215754
1.8672656249999999 0.4882404855497349
1.8673437500000001 0.4882474145438391
1.8674218750000000 0.4882543435742468
1.8674999999999999 0.4882612725702026
1.8675781250000001 0.4882682016028541
1.8676562500000000 0.4882751306006610
1.8677343749999999 0.4882820596355525
1.8678125000000001 0.4882889886352090
1.8678906250000000 0.4882959176723369
1.8679687500000000 0.4883028466738421
1.8680468750000001 0.4883097757132021
1.8681250000000000 0.4883167047165559
1.8682031250000000 0.4883236337581437
1.8682812500000001 0.4883305627633444
1.8683593750000000 0.4883374918071570
1.8684375000000000 0.4883444208142035
1.8685156250000001 0.4883513498602366
1.8685937500000001 0.4883582788691285
1.8686718750000000 0.4883652079173774
1.8687500000000001 0.4883721369281144
1.8688281250000001 0.4883790659785752
1.8689062500000000 0.4883859949911561
1.8689843750000001 0.4883929240438252
1.8690625000000001 0.4883998530582487
1.8691406250000000 0.4884067821131218
1.8692187499999999 0.4884137111293875
1.8692968750000001 0.4884206401864611
1.8693750000000000 0.4884275692045679
1.8694531249999999 0.4884344982638369
1.8695312500000001 0.4884414272837847
1.8696093750000000 0.4884483563452457
1.8696874999999999 0.4884552853670331
1.8697656250000001 0.4884622144306820
1.8698437500000000 0.4884691434543084
1.8699218750000000 0.4884760725201406
1.8700000000000001 0.4884830015456057
1.8700781250000000 0.4884899306136173
1.8701562500000000 0.4884968596409205
1.8702343750000001 0.4885037887111068
1.8703125000000000 0.4885107177402468
1.8703906250000000 0.4885176468126045
1.8704687500000001 0.4885245758435816
1.8705468750000001 0.4885315049181050
1.8706250000000000 0.4885384339509181
1.8707031250000001 0.4885453630276041
1.8707812500000001 0.4885522920622524
1.8708593750000000 0.4885592211410966
1.8709375000000001 0.4885661501775798
1.8710156250000001 0.4885730792585781
1.8710937500000000 0.4885800082968950
1.8711718749999999 0.4885869373800428
1.8712500000000001 0.4885938664201931
1.8713281250000000 0.4886007955054868
1.8714062499999999 0.4886077245474698
1.8714843750000001 0.4886146536349048
1.8715625000000000 0.4886215826787200
1.8716406249999999 0.4886285117682916
1.8717187500000001 0.4886354408139385
1.8717968750000000 0.4886423699056428
1.8718750000000000 0.4886492989531213
1.8719531250000001 0.4886562280469535
1.8720312500000000 0.4886631570962628
1.8721093750000000 0.4886700861922183
1.8721875000000001 0.4886770152433583
1.8722656250000000 0.4886839443414332
1.8723437500000000 0.4886908733944029
1.8724218750000001 0.4886978024945928
1.8725000000000001 0.4887047315493919
1.8725781250000000 0.4887116606516922
1.8726562500000001 0.4887185897083202
1.8727343750000001 0.4887255188127272
1.8728125000000000 0.4887324478711833
1.8728906250000001 0.4887393769776923
1.8729687500000001 0.4887463060379756
1.8730468750000000 0.4887532351465825
1.8731249999999999 0.4887601642086933
1.8732031250000001 0.4887670933193933
1.8732812500000000 0.4887740223833309
1.8733593749999999 0.4887809514961197
1.8734375000000001 0.4887878805618837
1.8735156250000000 0.4887948096767570
1.8735937499999999 0.4888017387443472
1.8736718750000001 0.4888086678613003
1.8737500000000000 0.4888155969307160
1.8738281250000000 0.4888225260497446
1.8739062500000001 0.4888294551209854
1.8739843750000000 0.4888363842420848
1.8740625000000000 0.4888433133151505
1.8741406250000001 0.4888502424383167
1.8742187500000000 0.4888571715132064
1.8742968750000000 0.4888641006384353
1.8743750000000001 0.4888710297151486
1.8744531250000001 0.4888779588424347
1.8745312500000000 0.4888848879209718
1.8746093750000001 0.4888918170503114
1.8746875000000001 0.4888987461306719
1.8747656250000000 0.4889056752620601
1.8748437500000001 0.4889126043442431
1.8749218750000001 0.4889195334776754
1.8750000000000000 0.4889264625616809
1.8750781249999999 0.4889333916971533
1.8751562500000001 0.4889403207829805
1.8752343750000000 0.4889472499204883
1.8753124999999999 0.4889541790081371
1.8753906250000001 0.4889611081476760
1.8754687500000000 0.4889680372371456
1.8755468749999999 0.4889749663787111
1.8756250000000001 0.4889818954700018
1.8757031250000000 0.4889888246135887
1.8757812500000000 0.4889957537067003
1.8758593750000001 0.4890026828523046
1.8759375000000000 0.4890096119472359
1.8760156250000000 0.4890165410948533
1.8760937500000001 0.4890234701916045
1.8761718750000000 0.4890303993412303
1.8762500000000000 0.4890373284398007
1.8763281250000001 0.4890442575914309
1.8764062500000001 0.4890511866918200
1.8764843750000000 0.4890581158454493
1.8765625000000001 0.4890650449476573
1.8766406250000001 0.4890719741032818
1.8767187500000000 0.4890789032073081
1.8767968750000001 0.4890858323649229
1.8768750000000001 0.4890927614707667
1.8769531250000000 0.4890996906303680
1.8770312499999999 0.4891066197380297
1.8771093750000001 0.4891135488996119
1.8771875000000000 0.4891204780090909
1.8772656249999999 0.4891274071726505
1.8773437500000001 0.4891343362839455
1.8774218750000000 0.4891412654494779
1.8774999999999999 0.4891481945625898
1.8775781250000001 0.4891551237300898
1.8776562500000000 0.4891620528450176
1.8777343750000000 0.4891689820144815
1.8778125000000001 0.4891759111312250
1.8778906250000000 0.4891828403026480
1.8779687500000000 0.4891897694212070
1.8780468750000001 0.4891966985945841
1.8781250000000000 0.4892036277149582
1.8782031250000000 0.4892105568902856
1.8782812500000001 0.4892174860124744
1.8783593750000001 0.4892244151897468
1.8784375000000000 0.4892313443137505
1.8785156250000001 0.4892382734929633
1.8785937500000001 0.4892452026187813
1.8786718750000000 0.4892521317999303
1.8787500000000001 0.4892590609275623
1.8788281250000001 0.4892659901106434
1.8789062500000000 0.4892729192400886
1.8789843749999999 0.4892798484250971
1.8790625000000001 0.4892867775563554
1.8791406250000000 0.4892937067432866
1.8792187499999999 0.4893006358763576
1.8792968750000001 0.4893075650652072
1.8793750000000000 0.4893144942000903
1.8794531249999999 0.4893214233908543
1.8795312500000001 0.4893283525275490
1.8796093750000000 0.4893352817202227
1.8796875000000000 0.4893422108587284
1.8797656250000001 0.4893491400533079
1.8798437500000000 0.4893560691936243
1.8799218750000000 0.4893629983901042
1.8800000000000001 0.4893699275322312
1.8800781250000000 0.4893768567306079
1.8801562500000000 0.4893837858745445
1.8802343750000001 0.4893907150748131
1.8803125000000001 0.4893976442205595
1.8803906250000000 0.4894045734227157
1.8804687500000001 0.4894115025702712
1.8805468750000001 0.4894184317743103
1.8806250000000000 0.4894253609236746
1.8807031250000001 0.4894322901295926
1.8807812500000001 0.4894392192807651
1.8808593750000000 0.4894461484885574
1.8809374999999999 0.4894530776415374
1.8810156250000001 0.4894600068511999
1.8810937500000000 0.4894669360059873
1.8811718749999999 0.4894738652175156
1.8812500000000001 0.4894807943741094
1.8813281250000000 0.4894877235874992
1.8814062499999999 0.4894946527458992
1.8814843750000001 0.4895015819611453
1.8815625000000000 0.4895085111213517
1.8816406250000000 0.4895154403384500
1.8817187500000001 0.4895223695004621
1.8817968750000000 0.4895292987194085
1.8818750000000000 0.4895362278832255
1.8819531250000001 0.4895431571040150
1.8820312500000000 0.4895500862696371
1.8821093750000000 0.4895570154922659
1.8821875000000001 0.4895639446596919
1.8822656250000001 0.4895708738841553
1.8823437500000000 0.4895778030533855
1.8824218750000001 0.4895847322796790
1.8825000000000001 0.4895916614507120
1.8825781250000000 0.4895985906788318
1.8826562500000001 0.4896055198516672
1.8827343750000001 0.4896124490816092
1.8828125000000000 0.4896193782562464
1.8828906249999999 0.4896263074880058
1.8829687500000001 0.4896332366644444
1.8830468750000000 0.4896401658980177
1.8831249999999999 0.4896470950762567
1.8832031250000001 0.4896540243116389
1.8832812500000000 0.4896609534916787
1.8833593749999999 0.4896678827288651
1.8834375000000001 0.4896748119107048
1.8835156250000000 0.4896817411496914
1.8835937500000000 0.4896886703333304
1.8836718750000001 0.4896955995741130
1.8837500000000000 0.4897025287595503
1.8838281250000000 0.4897094580021254
1.8839062500000001 0.4897163871893606
1.8839843750000000 0.4897233164337230
1.8840625000000000 0.4897302456227557
1.8841406250000001 0.4897371748689014
1.8842187500000001 0.4897441040597310
1.8842968750000000 0.4897510333076562
1.8843750000000001 0.4897579625002814
1.8844531250000001 0.4897648917499814
1.8845312500000000 0.4897718209444021
1.8846093750000001 0.4897787501958731
1.8846875000000001 0.4897856793920886
1.8847656250000000 0.4897926086453262
1.8848437499999999 0.4897995378433359
1.8849218750000001 0.4898064670983358
1.8850000000000000 0.4898133962981389
1.8850781249999999 0.4898203255548972
1.8851562500000001 0.4898272547564929
1.8852343750000000 0.4898341840150054
1.8853124999999999 0.4898411132183930
1.8853906250000001 0.4898480424786552
1.8854687500000000 0.4898549716838342
1.8855468750000000 0.4898619009458423
1.8856250000000001 0.4898688301528126
1.8857031250000000 0.4898757594165618
1.8857812500000000 0.4898826886253215
1.8858593750000001 0.4898896178908088
1.8859375000000000 0.4898965471013576
1.8860156250000000 0.4899034763685786
1.8860937500000001 0.4899104055809155
1.8861718750000001 0.4899173348498658
1.8862500000000000 0.4899242640639903
1.8863281250000001 0.4899311933346660
1.8864062500000001 0.4899381225505776
1.8864843750000000 0.4899450518229742
1.8865625000000001 0.4899519810406718
1.8866406250000001 0.4899589103147858
1.8867187500000000 0.4899658395342686
1.8867968749999999 0.4899727688100958
1.8868750000000001 0.4899796980313628
1.8869531250000000 0.4899866273088991
1.8870312499999999 0.4899935565319500
1.8871093750000001 0.4900004858111914
1.8871875000000000 0.4900074150360246
1.8872656249999999 0.4900143443169670
1.8873437500000001 0.4900212735435827
1.8874218750000000 0.4900282028262223
1.8875000000000000 0.4900351320546187
1.8875781250000001 0.4900420613389511
1.8876562500000000 0.4900489905691283
1.8877343750000000 0.4900559198551496
1.8878125000000001 0.4900628490871057
1.8878906250000000 0.4900697783748123
1.8879687500000000 0.4900767076085472
1.8880468750000001 0.4900836368979349
1.8881250000000001 0.4900905661334473
1.8882031250000000 0.4900974954245123
1.8882812500000001 0.4901044246618014
1.8883593750000001 0.4901113539545389
1.8884375000000000 0.4901182831936045
1.8885156250000001 0.4901252124880114
1.8885937500000001 0.4901321417288517
1.8886718750000000 0.4901390710249240
1.8887499999999999 0.4901460002675377
1.8888281250000001 0.4901529295652719
1.8889062500000000 0.4901598588096582
1.8889843749999999 0.4901667881090507
1.8890625000000001 0.4901737173552087
1.8891406250000000 0.4901806466562548
1.8892187499999999 0.4901875759041839
1.8892968750000001 0.4901945052068798
1.8893750000000000 0.4902014344565793
1.8894531250000000 0.4902083637609210
1.8895312500000001 0.4902152930123895
1.8896093750000000 0.4902222223183730
1.8896875000000000 0.4902291515716098
1.8897656250000001 0.4902360808792315
1.8898437500000000 0.4902430101342356
1.8899218750000000 0.4902499394434920
1.8900000000000001 0.4902568687002613
1.8900781250000001 0.4902637980111483
1.8901562500000000 0.4902707272696834
1.8902343750000001 0.4902776565821971
1.8903125000000001 0.4902845858424959
1.8903906250000000 0.4902915151566326
1.8904687500000001 0.4902984444186942
1.8905468750000001 0.4903053737344502
1.8906250000000000 0.4903123029982737
1.8907031249999999 0.4903192323156452
1.8907812500000001 0.4903261615812292
1.8908593750000000 0.4903330909002128
1.8909374999999999 0.4903400201675565
1.8910156250000001 0.4903469494881473
1.8910937500000000 0.4903538787572500
1.8911718749999999 0.4903608080794448
1.8912500000000001 0.4903677373503050
1.8913281250000000 0.4903746666741006
1.8914062500000000 0.4903815959467168
1.8914843750000001 0.4903885252721094
1.8915625000000000 0.4903954545464810
1.8916406250000000 0.4904023838734663
1.8917187500000001 0.4904093131495916
1.8917968750000000 0.4904162424781668
1.8918750000000000 0.4904231717560444
1.8919531250000001 0.4904301010862057
1.8920312500000001 0.4904370303658355
1.8921093750000000 0.4904439596975781
1.8921875000000001 0.4904508889789586
1.8922656250000001 0.4904578183122790
1.8923437500000000 0.4904647475954094
1.8924218750000001 0.4904716769303045
1.8925000000000001 0.4904786062151833
1.8925781250000000 0.4904855355516489
1.8926562499999999 0.4904924648382749
1.8927343750000001 0.4904993941763076
1.8928125000000000 0.4905063234646797
1.8928906249999999 0.4905132528042758
1.8929687500000001 0.4905201820943929
1.8930468750000000 0.4905271114355488
1.8931249999999999 0.4905340407274094
1.8932031250000001 0.4905409700701215
1.8932812500000000 0.4905478993637241
1.8933593750000000 0.4905548287079892
1.8934375000000001 0.4905617580033327
1.8935156250000000 0.4905686873491472
1.8935937500000000 0.4905756166462305
1.8936718750000001 0.4905825459935897
1.8937500000000000 0.4905894752924120
1.8938281250000000 0.4905964046413132
1.8939062500000001 0.4906033339418732
1.8939843750000001 0.4906102632923121
1.8940625000000000 0.4906171925946084
1.8941406250000001 0.4906241219465818
1.8942187500000001 0.4906310512506127
1.8942968750000000 0.4906379806041171
1.8943750000000001 0.4906449099098822
1.8944531250000001 0.4906518392649141
1.8945312500000000 0.4906587685724112
1.8946093749999999 0.4906656979289667
1.8946875000000001 0.4906726272381948
1.8947656250000000 0.4906795565962714
1.8948437499999999 0.4906864859072292
1.8949218750000001 0.4906934152668218
1.8950000000000000 0.4907003445795082
1.8950781249999999 0.4907072739406143
1.8951562500000001 0.4907142032550277
1.8952343750000000 0.4907211326176434
1.8953125000000000 0.4907280619337827
1.8953906250000001 0.4907349912979051
1.8954687500000000 0.4907419206157687
1.8955468750000000 0.4907488499813931
1.8956250000000001 0.4907557793009803
1.8957031250000000 0.4907627086681038
1.8957812500000000 0.4907696379894128
1.8958593750000001 0.4907765673580317
1.8959375000000001 0.4907834966810617
1.8960156250000000 0.4907904260511726
1.8960937500000001 0.4907973553759213
1.8961718750000001 0.4908042847475210
1.8962500000000000 0.4908112140739879
1.8963281250000001 0.4908181434470727
1.8964062500000001 0.4908250727752553
1.8964843750000000 0.4908320021498223
1.8965624999999999 0.4908389314797202
1.8966406250000001 0.4908458608557653
1.8967187500000000 0.4908527901873768
1.8967968749999999 0.4908597195648960
1.8968750000000001 0.4908666488982207
1.8969531250000000 0.4908735782772108
1.8970312499999999 0.4908805076122464
1.8971093750000001 0.4908874369927046
1.8971875000000000 0.4908943663294493
1.8972656250000000 0.4909012957113721
1.8973437500000001 0.4909082250498251
1.8974218750000000 0.4909151544332084
1.8975000000000000 0.4909220837733684
1.8975781250000001 0.4909290131582088
1.8976562500000000 0.4909359425000746
1.8977343750000000 0.4909428718863688
1.8978125000000001 0.4909498012299389
1.8978906250000001 0.4909567306176832
1.8979687500000000 0.4909636599629562
1.8980468750000001 0.4909705893521470
1.8981250000000001 0.4909775186991215
1.8982031250000000 0.4909844480897562
1.8982812500000001 0.4909913774384303
1.8983593750000001 0.4909983068305052
1.8984375000000000 0.4910052361808775
1.8985156249999999 0.4910121655743895
1.8985937500000001 0.4910190949264583
1.8986718750000000 0.4910260243214037
1.8987499999999999 0.4910329536751684
1.8988281250000001 0.4910398830715438
1.8989062500000000 0.4910468124270023
1.8989843749999999 0.4910537418248045
1.8990625000000001 0.4910606711819552
1.8991406250000000 0.4910676005811807
1.8992187500000000 0.4910745299400225
1.8992968750000001 0.4910814593406679
1.8993750000000000 0.4910883887011997
1.8994531250000000 0.4910953181032611
1.8995312500000001 0.4911022474654813
1.8996093750000000 0.4911091768689558
1.8996875000000000 0.4911161062328629
1.8997656250000001 0.4911230356377467
1.8998437500000001 0.4911299650033391
1.8999218750000000 0.4911368944096294
1.9000000000000001 0.4911438237769057
1.9000781250000001 0.4911507531845985
1.9001562500000000 0.4911576825535572
1.9002343750000001 0.4911646119626498
1.9003125000000001 0.4911715413332892
1.9003906250000000 0.4911784707437778
1.9004687499999999 0.4911854001160972
1.9005468750000001 0.4911923295279780
1.9006250000000000 0.4911992589019759
1.9007031249999999 0.4912061883152457
1.9007812500000001 0.4912131176909204
1.9008593750000000 0.4912200471055758
1.9009374999999999 0.4912269764829255
1.9010156250000001 0.4912339058989637
1.9010937500000000 0.4912408352779870
1.9011718750000000 0.4912477646954045
1.9012500000000001 0.4912546940760998
1.9013281250000000 0.4912616234948936
1.9014062500000000 0.4912685528772588
1.9014843750000001 0.4912754822974257
1.9015625000000000 0.4912824116814596
1.9016406250000000 0.4912893411029961
1.9017187500000001 0.4912962704886971
1.9017968750000001 0.4913031999116000
1.9018750000000000 0.4913101292989669
1.9019531250000001 0.4913170587232327
1.9020312500000001 0.4913239881122631
1.9021093750000000 0.4913309175378889
1.9021875000000001 0.4913378469285823
1.9022656250000001 0.4913447763555641
1.9023437500000000 0.4913517057479187
1.9024218749999999 0.4913586351762535
1.9025000000000001 0.4913655645702674
1.9025781250000000 0.4913724939999523
1.9026562499999999 0.4913794233956240
1.9027343750000001 0.4913863528266553
1.9028125000000000 0.4913932822239838
1.9028906249999999 0.4914002116563581
1.9029687500000001 0.4914071410553409
1.9030468750000000 0.4914140704890558
1.9031250000000000 0.4914209998896918
1.9032031250000001 0.4914279293247432
1.9032812500000000 0.4914348587270308
1.9033593750000000 0.4914417881634159
1.9034375000000001 0.4914487175673533
1.9035156250000000 0.4914556470050686
1.9035937500000000 0.4914625764106542
1.9036718750000001 0.4914695058496970
1.9037500000000001 0.4914764352569294
1.9038281250000000 0.4914833646972958
1.9039062500000001 0.4914902941061732
1.9039843750000001 0.4914972235478604
1.9040625000000000 0.4915041529583814
1.9041406250000001 0.4915110824013857
1.9042187500000001 0.4915180118135486
1.9042968750000000 0.4915249412578672
1.9043749999999999 0.4915318706716702
1.9044531250000001 0.4915388001172999
1.9045312500000000 0.4915457295327416
1.9046093749999999 0.4915526589796790
1.9046875000000001 0.4915595883967574
1.9047656250000000 0.4915665178449997
1.9048437499999999 0.4915734472637135
1.9049218750000001 0.4915803767132574
1.9050000000000000 0.4915873061336041
1.9050781250000000 0.4915942355844466
1.9051562500000001 0.4916011650064253
1.9052343750000000 0.4916080944585629
1.9053125000000000 0.4916150238821718
1.9053906250000001 0.4916219533356015
1.9054687500000000 0.4916288827608386
1.9055468750000000 0.4916358122155571
1.9056250000000001 0.4916427416424211
1.9057031250000001 0.4916496710984258
1.9057812500000000 0.4916566005269146
1.9058593750000001 0.4916635299842021
1.9059375000000001 0.4916704594143138
1.9060156250000000 0.4916773888728810
1.9060937500000001 0.4916843183046145
1.9061718750000001 0.4916912477644579
1.9062500000000000 0.4916981771978111
1.9063281249999999 0.4917051066589280
1.9064062500000001 0.4917120360938997
1.9064843750000000 0.4917189655562864
1.9065624999999999 0.4917258949928747
1.9066406250000001 0.4917328244565279
1.9067187500000000 0.4917397538947310
1.9067968749999999 0.4917466833596489
1.9068750000000001 0.4917536127994645
1.9069531250000000 0.4917605422656432
1.9070312500000000 0.4917674717070700
1.9071093750000001 0.4917744011745070
1.9071875000000000 0.4917813306175426
1.9072656250000000 0.4917882600862347
1.9073437500000001 0.4917951895308775
1.9074218750000000 0.4918021190008216
1.9075000000000000 0.4918090484470703
1.9075781250000001 0.4918159779182633
1.9076562500000001 0.4918229073661155
1.9077343750000000 0.4918298368385541
1.9078125000000001 0.4918367662880085
1.9078906250000001 0.4918436957616906
1.9079687500000000 0.4918506252127441
1.9080468750000001 0.4918575546876667
1.9081250000000001 0.4918644841403185
1.9082031250000000 0.4918714136164779
1.9082812499999999 0.4918783430707260
1.9083593750000001 0.4918852725481196
1.9084375000000000 0.4918922020039615
1.9085156249999999 0.4918991314825866
1.9085937500000001 0.4919060609400212
1.9086718750000000 0.4919129904198743
1.9087499999999999 0.4919199198788990
1.9088281250000001 0.4919268493599780
1.9089062500000000 0.4919337788205910
1.9089843750000000 0.4919407083028928
1.9090625000000001 0.4919476377650920
1.9091406250000000 0.4919545672486134
1.9092187500000000 0.4919614967123970
1.9092968750000001 0.4919684261971356
1.9093750000000000 0.4919753556625014
1.9094531250000000 0.4919822851484544
1.9095312500000001 0.4919892146154008
1.9096093750000001 0.4919961441025642
1.9096875000000000 0.4920030735710899
1.9097656250000001 0.4920100030594615
1.9098437500000001 0.4920169325295632
1.9099218750000000 0.4920238620191404
1.9100000000000001 0.4920307914908165
1.9100781250000001 0.4920377209815967
1.9101562500000000 0.4920446504548455
1.9102343749999999 0.4920515799468256
1.9103125000000001 0.4920585094216441
1.9103906250000000 0.4920654389148219
1.9104687499999999 0.4920723683912085
1.9105468750000001 0.4920792978855811
1.9106250000000000 0.4920862273635331
1.9107031249999999 0.4920931568590978
1.9107812500000001 0.4921000863386137
1.9108593750000000 0.4921070158353680
1.9109375000000000 0.4921139453164452
1.9110156250000001 0.4921208748143860
1.9110937500000000 0.4921278042970226
1.9111718750000000 0.4921347337961473
1.9112500000000001 0.4921416632803414
1.9113281250000000 0.4921485927806475
1.9114062500000000 0.4921555222663960
1.9114843750000001 0.4921624517678813
1.9115625000000001 0.4921693812551826
1.9116406250000000 0.4921763107578441
1.9117187500000001 0.4921832402466954
1.9117968750000001 0.4921901697505307
1.9118750000000000 0.4921970992409302
1.9119531250000001 0.4922040287459368
1.9120312500000001 0.4922109582378820
1.9121093750000000 0.4922178877440572
1.9121874999999999 0.4922248172375461
1.9122656250000001 0.4922317467448871
1.9123437500000000 0.4922386762399171
1.9124218749999999 0.4922456057484220
1.9125000000000001 0.4922525352449911
1.9125781250000000 0.4922594647546562
1.9126562499999999 0.4922663942527619
1.9127343750000001 0.4922733237635862
1.9128125000000000 0.4922802532632254
1.9128906250000000 0.4922871827752059
1.9129687500000001 0.4922941122763774
1.9130468750000000 0.4923010417895113
1.9131250000000000 0.4923079712922118
1.9132031250000001 0.4923149008064970
1.9132812500000000 0.4923218303107246
1.9133593750000000 0.4923287598261591
1.9134375000000001 0.4923356893319109
1.9135156250000001 0.4923426188484922
1.9135937500000000 0.4923495483557652
1.9136718750000001 0.4923564778734908
1.9137500000000001 0.4923634073822836
1.9138281250000000 0.4923703369011511
1.9139062500000001 0.4923772664114602
1.9139843750000001 0.4923841959314674
1.9140625000000000 0.4923911254432911
1.9141406249999999 0.4923980549644360
1.9142187500000001 0.4924049844777709
1.9142968750000000 0.4924119140000509
1.9143749999999999 0.4924188435148956
1.9144531250000001 0.4924257730383080
1.9145312500000000 0.4924327025546592
1.9146093749999999 0.4924396320792020
1.9146875000000001 0.4924465615970570
1.9147656250000000 0.4924534911227289
1.9148437500000000 0.4924604206420851
1.9149218750000001 0.4924673501688828
1.9150000000000000 0.4924742796897377
1.9150781250000000 0.4924812092176595
1.9151562500000001 0.4924881387400102
1.9152343750000000 0.4924950682690539
1.9153125000000000 0.4925019977928983
1.9153906250000001 0.4925089273230616
1.9154687500000001 0.4925158568483963
1.9155468750000000 0.4925227863796776
1.9156250000000001 0.4925297159064998
1.9157031250000001 0.4925366454388970
1.9157812500000000 0.4925435749672039
1.9158593750000001 0.4925505045007147
1.9159375000000001 0.4925574340305033
1.9160156250000000 0.4925643635651267
1.9160937499999999 0.4925712930963941
1.9161718750000001 0.4925782226321271
1.9162500000000000 0.4925851521648706
1.9163281249999999 0.4925920817017117
1.9164062500000001 0.4925990112359286
1.9164843750000000 0.4926059407738758
1.9165624999999999 0.4926128703095628
1.9166406250000001 0.4926197998486141
1.9167187500000000 0.4926267293857686
1.9167968750000000 0.4926336589259224
1.9168750000000001 0.4926405884645406
1.9169531250000000 0.4926475180057953
1.9170312500000000 0.4926544475458748
1.9171093750000001 0.4926613770882282
1.9171875000000000 0.4926683066297658
1.9172656250000000 0.4926752361732162
1.9173437500000001 0.4926821657162092
1.9174218750000001 0.4926890952607541
1.9175000000000000 0.4926960248051995
1.9175781250000001 0.4927029543508383
1.9176562500000001 0.4927098838967324
1.9177343750000000 0.4927168134434625
1.9178125000000001 0.4927237429908027
1.9178906250000001 0.4927306725386230
1.9179687500000000 0.4927376020874059
1.9180468749999999 0.4927445316363144
1.9181250000000001 0.4927514611865370
1.9182031250000000 0.4927583907365318
1.9182812499999999 0.4927653202881913
1.9183593750000001 0.4927722498392706
1.9184375000000000 0.4927791793923630
1.9185156249999999 0.4927861089445264
1.9185937500000001 0.4927930384990487
1.9186718750000000 0.4927999680522935
1.9187500000000000 0.4928068976082426
1.9188281250000001 0.4928138271625676
1.9189062500000000 0.4928207567199403
1.9189843750000000 0.4928276862753443
1.9190625000000001 0.4928346158341364
1.9191406250000000 0.4928415453906176
1.9192187500000000 0.4928484749508268
1.9192968750000001 0.4928554045083838
1.9193750000000001 0.4928623340700062
1.9194531250000000 0.4928692636286376
1.9195312500000001 0.4928761931916693
1.9196093750000001 0.4928831227513741
1.9196875000000000 0.4928900523158125
1.9197656250000001 0.4928969818765886
1.9198437500000001 0.4929039114424301
1.9199218750000000 0.4929108410042762
1.9199999999999999 0.4929177705715170
1.9200781250000001 0.4929247001344323
1.9201562500000000 0.4929316297030694
1.9202343749999999 0.4929385592670516
1.9203125000000001 0.4929454888370812
1.9203906250000000 0.4929524184021300
1.9204687499999999 0.4929593479735481
1.9205468750000001 0.4929662775396624
1.9206250000000000 0.4929732071124652
1.9207031250000000 0.4929801366796436
1.9207812500000001 0.4929870662538282
1.9208593750000000 0.4929939958220691
1.9209375000000000 0.4930009253976317
1.9210156250000001 0.4930078549669338
1.9210937500000000 0.4930147845438711
1.9211718750000000 0.4930217141142334
1.9212500000000001 0.4930286436925412
1.9213281250000001 0.4930355732639626
1.9214062500000000 0.4930425028436372
1.9214843750000001 0.4930494324161170
1.9215625000000001 0.4930563619971545
1.9216406250000000 0.4930632915706911
1.9217187500000001 0.4930702211530885
1.9217968750000001 0.4930771507276810
1.9218750000000000 0.4930840803114336
1.9219531250000002 0.4930910098870807
1.9220312500000001 0.4930979394721853
1.9221093750000000 0.4931048690488865
1.9221874999999999 0.4931117986353392
1.9222656250000001 0.4931187282130930
1.9223437500000000 0.4931256578008900
1.9224218749999999 0.4931325873796960
1.9225000000000001 0.4931395169688323
1.9225781250000000 0.4931464465486898
1.9226562500000000 0.4931533761391627
1.9227343750000001 0.4931603057200703
1.9228125000000000 0.4931672353118753
1.9228906250000000 0.4931741648938316
1.9229687500000001 0.4931810944869658
1.9230468750000000 0.4931880240699700
1.9231250000000000 0.4931949536644288
1.9232031250000001 0.4932018832484805
1.9232812500000001 0.4932088128442595
1.9233593750000000 0.4932157424293578
1.9234375000000001 0.4932226720264536
1.9235156250000001 0.4932296016125977
1.9235937500000000 0.4932365312110058
1.9236718750000001 0.4932434607981947
1.9237500000000001 0.4932503903979111
1.9238281250000000 0.4932573199861445
1.9239062500000002 0.4932642495871652
1.9239843750000001 0.4932711791764423
1.9240625000000000 0.4932781087787630
1.9241406249999999 0.4932850383690829
1.9242187500000001 0.4932919679726994
1.9242968750000000 0.4932988975640618
1.9243749999999999 0.4933058271689698
1.9244531250000001 0.4933127567613741
1.9245312500000000 0.4933196863675698
1.9246093750000000 0.4933266159610145
1.9246875000000001 0.4933335455684937
1.9247656250000000 0.4933404751629787
1.9248437500000000 0.4933474047717374
1.9249218750000001 0.4933543343672617
1.9250000000000000 0.4933612639772953
1.9250781250000000 0.4933681935738589
1.9251562500000001 0.4933751231851632
1.9252343750000001 0.4933820527827654
1.9253125000000000 0.4933889823953360
1.9253906250000001 0.4933959119939762
1.9254687500000001 0.4934028416078088
1.9255468750000000 0.4934097712074867
1.9256250000000001 0.4934167008225767
1.9257031250000001 0.4934236304232917
1.9257812500000000 0.4934305600396353
1.9258593750000002 0.4934374896413870
1.9259375000000001 0.4934444192589795
1.9260156250000000 0.4934513488617672
1.9260937499999999 0.4934582784806044
1.9261718750000001 0.4934652080844273
1.9262500000000000 0.4934721377045055
1.9263281249999999 0.4934790673093631
1.9264062500000001 0.4934859969306771
1.9264843750000000 0.4934929265365693
1.9265625000000000 0.4934998561591156
1.9266406250000001 0.4935067857660413
1.9267187500000000 0.4935137153898152
1.9267968750000000 0.4935206449977747
1.9268750000000001 0.4935275746227712
1.9269531250000000 0.4935345042317641
1.9270312500000000 0.4935414338579789
1.9271093750000001 0.4935483634680044
1.9271875000000001 0.4935552930954336
1.9272656250000000 0.4935622227064917
1.9273437500000001 0.4935691523351300
1.9274218750000001 0.4935760819472206
1.9275000000000000 0.4935830115770640
1.9275781250000001 0.4935899411901861
1.9276562500000001 0.4935968708212302
1.9277343750000000 0.4936038004353837
1.9278125000000002 0.4936107300676237
1.9278906250000001 0.4936176596828081
1.9279687500000000 0.4936245893162401
1.9280468749999999 0.4936315189324553
1.9281250000000001 0.4936384485670746
1.9282031250000000 0.4936453781843204
1.9282812499999999 0.4936523078201212
1.9283593750000001 0.4936592374383978
1.9284375000000000 0.4936661670753765
1.9285156250000000 0.4936730966946835
1.9285937500000001 0.4936800263328348
1.9286718750000000 0.4936869559531720
1.9287500000000000 0.4936938855924921
1.9288281250000001 0.4937008152138586
1.9289062500000000 0.4937077448543424
1.9289843750000000 0.4937146744767388
1.9290625000000001 0.4937216041183817
1.9291406250000001 0.4937285337418074
1.9292187500000000 0.4937354633846054
1.9292968750000001 0.4937423930090599
1.9293750000000001 0.4937493226530081
1.9294531250000000 0.4937562522784910
1.9295312500000001 0.4937631819235849
1.9296093750000001 0.4937701115500963
1.9296875000000000 0.4937770411963315
1.9297656250000002 0.4937839708238710
1.9298437500000001 0.4937909004712424
1.9299218750000000 0.4937978300998099
1.9299999999999999 0.4938047597483135
1.9300781250000001 0.4938116893779085
1.9301562500000000 0.4938186190275393
1.9302343749999999 0.4938255486581622
1.9303125000000001 0.4938324783089151
1.9303906250000000 0.4938394079405655
1.9304687500000000 0.4938463375924368
1.9305468750000001 0.4938532672251137
1.9306250000000000 0.4938601968780983
1.9307031250000000 0.4938671265118025
1.9307812500000001 0.4938740561658959
1.9308593750000000 0.4938809858006266
1.9309375000000000 0.4938879154558239
1.9310156250000001 0.4938948450915816
1.9310937500000001 0.4939017747478782
1.9311718750000000 0.4939087043846624
1.9312500000000001 0.4939156340420534
1.9313281250000001 0.4939225636798640
1.9314062500000000 0.4939294933383452
1.9314843750000001 0.4939364229771818
1.9315625000000001 0.4939433526367483
1.9316406250000000 0.4939502822766110
1.9317187500000002 0.4939572119372573
1.9317968750000001 0.4939641415781469
1.9318750000000000 0.4939710712398690
1.9319531249999999 0.4939780008817843
1.9320312500000001 0.4939849305445775
1.9321093750000000 0.4939918601875183
1.9321874999999999 0.4939987898513782
1.9322656250000001 0.4940057194953446
1.9323437500000000 0.4940126491602660
1.9324218750000000 0.4940195788052579
1.9325000000000001 0.4940265084712364
1.9325781250000000 0.4940334381172535
1.9326562500000000 0.4940403677842845
1.9327343750000001 0.4940472974313265
1.9328125000000000 0.4940542270994058
1.9328906250000000 0.4940611567474724
1.9329687500000001 0.4940680864165943
1.9330468750000001 0.4940750160656859
1.9331250000000000 0.4940819457358468
1.9332031250000001 0.4940888753859626
1.9332812500000001 0.4940958050571572
1.9333593750000000 0.4941027347082972
1.9334375000000001 0.4941096643805214
1.9335156250000001 0.4941165940326853
1.9335937500000000 0.4941235237059341
1.9336718750000002 0.4941304533591216
1.9337500000000001 0.4941373830333907
1.9338281250000000 0.4941443126876020
1.9339062499999999 0.4941512423628867
1.9339843750000001 0.4941581720181208
1.9340625000000000 0.4941651016944165
1.9341406249999999 0.4941720313506740
1.9342187500000001 0.4941789610279759
1.9342968750000000 0.4941858906852561
1.9343750000000000 0.4941928203635597
1.9344531250000001 0.4941997500218626
1.9345312500000000 0.4942066797011633
1.9346093750000000 0.4942136093604886
1.9346875000000001 0.4942205390407820
1.9347656250000000 0.4942274687011293
1.9348437500000000 0.4942343983824106
1.9349218750000001 0.4942413280437797
1.9350000000000001 0.4942482577260446
1.9350781250000000 0.4942551873884354
1.9351562500000001 0.4942621170716788
1.9352343750000001 0.4942690467350908
1.9353125000000000 0.4942759764193092
1.9353906250000001 0.4942829060837419
1.9354687500000001 0.4942898357689297
1.9355468750000000 0.4942967654343834
1.9356250000000002 0.4943036951205362
1.9357031250000001 0.4943106247870105
1.9357812500000000 0.4943175544741243
1.9358593749999999 0.4943244841416189
1.9359375000000001 0.4943314138296885
1.9360156250000000 0.4943383434982024
1.9360937499999999 0.4943452731872242
1.9361718750000001 0.4943522028567574
1.9362500000000000 0.4943591325467269
1.9363281250000000 0.4943660622172783
1.9364062500000001 0.4943729919081912
1.9364843750000000 0.4943799215797613
1.9365625000000000 0.4943868512716130
1.9366406250000001 0.4943937809442007
1.9367187500000000 0.4944007106369864
1.9367968750000000 0.4944076403105918
1.9368750000000001 0.4944145700043078
1.9369531250000001 0.4944214996789300
1.9370312500000000 0.4944284293735713
1.9371093750000001 0.4944353590492103
1.9371875000000001 0.4944422887447724
1.9372656250000000 0.4944492184214278
1.9373437500000001 0.4944561481179073
1.9374218750000001 0.4944630777955777
1.9375000000000000 0.4944700074929694
1.9375781250000002 0.4944769371716553
1.9376562500000001 0.4944838668699551
1.9377343750000000 0.4944907965496554
1.9378124999999999 0.4944977262488595
1.9378906250000001 0.4945046559295740
1.9379687500000000 0.4945115856296773
1.9380468749999999 0.4945185153114048
1.9381250000000001 0.4945254450124040
1.9382031250000000 0.4945323746951447
1.9382812500000000 0.4945393043970349
1.9383593750000001 0.4945462340807876
1.9384375000000000 0.4945531637835651
1.9385156250000000 0.4945600934683290
1.9385937500000001 0.4945670231719895
1.9386718750000000 0.4945739528577644
1.9387500000000000 0.4945808825623034
1.9388281250000001 0.4945878122490888
1.9389062500000001 0.4945947419545020
1.9389843750000000 0.4946016716422970
1.9390625000000001 0.4946086013485806
1.9391406250000001 0.4946155310373845
1.9392187500000000 0.4946224607445344
1.9392968750000001 0.4946293904343465
1.9393750000000001 0.4946363201423586
1.9394531250000000 0.4946432498331776
1.9395312500000002 0.4946501795420479
1.9396093750000001 0.4946571092338740
1.9396875000000000 0.4946640389435981
1.9397656249999999 0.4946709686364300
1.9398437500000001 0.4946778983470040
1.9399218750000000 0.4946848280408413
1.9399999999999999 0.4946917577522610
1.9400781250000001 0.4946986874471027
1.9401562500000000 0.4947056171593643
1.9402343750000000 0.4947125468552088
1.9403125000000001 0.4947194765683089
1.9403906250000000 0.4947264062651561
1.9404687500000000 0.4947333359790899
1.9405468750000001 0.4947402656769393
1.9406250000000000 0.4947471953917028
1.9407031250000000 0.4947541250905526
1.9407812500000001 0.4947610548061426
1.9408593750000001 0.4947679845059926
1.9409375000000000 0.4947749142224045
1.9410156250000001 0.4947818439232530
1.9410937500000001 0.4947887736404840
1.9411718750000000 0.4947957033423300
1.9412500000000001 0.4948026330603758
1.9413281250000001 0.4948095627632186
1.9414062500000000 0.4948164924820753
1.9414843750000002 0.4948234221859139
1.9415625000000001 0.4948303519055775
1.9416406250000000 0.4948372816104110
1.9417187499999999 0.4948442113308777
1.9417968750000001 0.4948511410367051
1.9418750000000000 0.4948580707579708
1.9419531249999999 0.4948650004647912
1.9420312500000001 0.4948719301868532
1.9421093750000000 0.4948788598946645
1.9421875000000000 0.4948857896175188
1.9422656250000001 0.4948927193263202
1.9423437500000000 0.4948996490499630
1.9424218750000000 0.4949065787597537
1.9425000000000001 0.4949135084841811
1.9425781250000000 0.4949204381949600
1.9426562500000000 0.4949273679201687
1.9427343750000001 0.4949342976319341
1.9428125000000001 0.4949412273579203
1.9428906250000000 0.4949481570706711
1.9429687500000001 0.4949550867974317
1.9430468750000001 0.4949620165111665
1.9431250000000000 0.4949689462386977
1.9432031250000001 0.4949758759534152
1.9432812500000001 0.4949828056817133
1.9433593750000000 0.4949897353974129
1.9434375000000002 0.4949966651264743
1.9435156250000001 0.4950035948431539
1.9435937500000000 0.4950105245729752
1.9436718749999999 0.4950174542906339
1.9437500000000001 0.4950243840212118
1.9438281250000000 0.4950313137398482
1.9439062499999999 0.4950382434711790
1.9439843750000001 0.4950451731907914
1.9440625000000000 0.4950521029228719
1.9441406250000000 0.4950590326434591
1.9442187500000001 0.4950659623762860
1.9442968750000000 0.4950728920978462
1.9443750000000000 0.4950798218314160
1.9444531250000001 0.4950867515539479
1.9445312500000000 0.4950936812882573
1.9446093750000000 0.4951006110117598
1.9446875000000001 0.4951075407468055
1.9447656250000001 0.4951144704712766
1.9448437500000000 0.4951214002070550
1.9449218750000001 0.4951283299324936
1.9450000000000001 0.4951352596690021
1.9450781250000000 0.4951421893954061
1.9451562500000001 0.4951491191326404
1.9452343750000001 0.4951560488600090
1.9453125000000000 0.4951629785979659
1.9453906250000002 0.4951699083262973
1.9454687500000001 0.4951768380649746
1.9455468750000000 0.4951837677942666
1.9456249999999999 0.4951906975336606
1.9457031250000001 0.4951976272639120
1.9457812500000000 0.4952045570040197
1.9458593749999999 0.4952114867352285
1.9459375000000001 0.4952184164760469
1.9460156250000000 0.4952253462082112
1.9460937500000000 0.4952322759497370
1.9461718750000001 0.4952392056828553
1.9462500000000000 0.4952461354250855
1.9463281250000000 0.4952530651591565
1.9464062500000001 0.4952599949020873
1.9464843750000000 0.4952669246371089
1.9465625000000000 0.4952738543807383
1.9466406250000001 0.4952807841167083
1.9467187500000001 0.4952877138610330
1.9467968750000000 0.4952946435979503
1.9468750000000001 0.4953015733429670
1.9469531250000001 0.4953085030808293
1.9470312500000000 0.4953154328265352
1.9471093750000001 0.4953223625653408
1.9471875000000001 0.4953292923117331
1.9472656250000000 0.4953362220514798
1.9473437500000002 0.4953431517985557
1.9474218750000001 0.4953500815392414
1.9475000000000000 0.4953570112869980
1.9475781249999999 0.4953639410286212
1.9476562500000001 0.4953708707770554
1.9477343750000000 0.4953778005196142
1.9478124999999999 0.4953847302687227
1.9478906250000001 0.4953916600122154
1.9479687500000000 0.4953985897619953
1.9480468750000000 0.4954055195064204
1.9481250000000001 0.4954124492568690
1.9482031250000000 0.4954193790022238
1.9482812500000000 0.4954263087533379
1.9483593750000001 0.4954332384996206
1.9484375000000000 0.4954401682513986
1.9485156250000000 0.4954470979986062
1.9485937500000001 0.4954540277510446
1.9486718750000001 0.4954609574991766
1.9487500000000000 0.4954678872522723
1.9488281250000001 0.4954748170013257
1.9489062500000001 0.4954817467550767
1.9489843750000000 0.4954886765050494
1.9490625000000001 0.4954956062594525
1.9491406250000001 0.4955025360103431
1.9492187500000000 0.4955094657653953
1.9492968750000002 0.4955163955172008
1.9493750000000001 0.4955233252729001
1.9494531250000000 0.4955302550256190
1.9495312499999999 0.4955371847819620
1.9496093750000001 0.4955441145355919
1.9496875000000000 0.4955510442925767
1.9497656249999999 0.4955579740471153
1.9498437500000001 0.4955649038047387
1.9499218750000000 0.4955718335601840
1.9500000000000000 0.4955787633184437
1.9500781250000001 0.4955856930747931
1.9501562500000000 0.4955926228336861
1.9502343750000000 0.4955995525909385
1.9503125000000001 0.4956064823504622
1.9503906250000000 0.4956134121086144
1.9504687500000000 0.4956203418687664
1.9505468750000001 0.4956272716278165
1.9506250000000001 0.4956342013885945
1.9507031250000000 0.4956411311485396
1.9507812500000001 0.4956480609099413
1.9508593750000001 0.4956549906707791
1.9509375000000000 0.4956619204328014
1.9510156250000001 0.4956688501945304
1.9510937500000001 0.4956757799571709
1.9511718750000000 0.4956827097197886
1.9512500000000002 0.4956896394830447
1.9513281250000001 0.4956965692465485
1.9514062500000000 0.4957034990104182
1.9514843749999999 0.4957104287748049
1.9515625000000001 0.4957173585392859
1.9516406250000000 0.4957242883045542
1.9517187499999999 0.4957312180696442
1.9517968750000001 0.4957381478357906
1.9518750000000000 0.4957450776014865
1.9519531250000000 0.4957520073685095
1.9520312500000001 0.4957589371348093
1.9521093750000000 0.4957658669027065
1.9521875000000000 0.4957727966696075
1.9522656250000001 0.4957797264383765
1.9523437500000000 0.4957866562058759
1.9524218750000000 0.4957935859755144
1.9525000000000001 0.4958005157436102
1.9525781250000001 0.4958074455141154
1.9526562500000000 0.4958143752828057
1.9527343750000001 0.4958213050541754
1.9528125000000001 0.4958282348234567
1.9528906250000000 0.4958351645956883
1.9529687500000001 0.4958420943655593
1.9530468750000001 0.4958490241386503
1.9531250000000000 0.4958559539091082
1.9532031250000002 0.4958628836830560
1.9532812500000001 0.4958698134540991
1.9533593750000000 0.4958767432289008
1.9534374999999999 0.4958836730005265
1.9535156250000001 0.4958906027761799
1.9535937500000000 0.4958975325483858
1.9536718749999999 0.4959044623248884
1.9537500000000001 0.4959113920976725
1.9538281250000000 0.4959183218750217
1.9539062500000000 0.4959252516483812
1.9539843750000001 0.4959321814265745
1.9540625000000000 0.4959391112005075
1.9541406250000000 0.4959460409795426
1.9542187500000001 0.4959529707540469
1.9542968750000000 0.4959599005339209
1.9543750000000000 0.4959668303089935
1.9544531250000001 0.4959737600897039
1.9545312500000001 0.4959806898653433
1.9546093750000000 0.4959876196468879
1.9546875000000001 0.4959945494230918
1.9547656250000001 0.4960014792054673
1.9548437500000000 0.4960084089822333
1.9549218750000001 0.4960153387654373
1.9550000000000001 0.4960222685427632
1.9550781250000000 0.4960291983267939
1.9551562500000002 0.4960361281046772
1.9552343750000001 0.4960430578895309
1.9553125000000000 0.4960499876679698
1.9553906249999999 0.4960569174536448
1.9554687500000001 0.4960638472326368
1.9555468750000000 0.4960707770191302
1.9556249999999999 0.4960777067986729
1.9557031250000001 0.4960846365859820
1.9557812500000000 0.4960915663660738
1.9558593750000000 0.4960984961541959
1.9559375000000001 0.4961054259348336
1.9560156250000000 0.4961123557237668
1.9560937500000000 0.4961192855049486
1.9561718750000001 0.4961262152946898
1.9562500000000000 0.4961331450764142
1.9563281250000000 0.4961400748669602
1.9564062500000001 0.4961470046492241
1.9564843750000001 0.4961539344405731
1.9565625000000000 0.4961608642233747
1.9566406250000001 0.4961677940155235
1.9567187500000001 0.4961747237988609
1.9567968750000000 0.4961816535918069
1.9568750000000001 0.4961885833756779
1.9569531250000001 0.4961955131694182
1.9570312500000000 0.4962024429538207
1.9571093750000002 0.4962093727483532
1.9571875000000001 0.4962163025332844
1.9572656250000000 0.4962232323286065
1.9573437499999999 0.4962301621140648
1.9574218750000001 0.4962370919101733
1.9575000000000000 0.4962440216961558
1.9575781249999999 0.4962509514930489
1.9576562500000001 0.4962578812795540
1.9577343750000000 0.4962648110772282
1.9578125000000000 0.4962717408642538
1.9578906250000001 0.4962786706627068
1.9579687500000000 0.4962856004502504
1.9580468750000000 0.4962925302494800
1.9581250000000001 0.4962994600375393
1.9582031250000000 0.4963063898375422
1.9582812500000000 0.4963133196261155
1.9583593750000001 0.4963202494268891
1.9584375000000001 0.4963271792159744
1.9585156250000000 0.4963341090175157
1.9585937500000001 0.4963410388071106
1.9586718750000001 0.4963479686094177
1.9587500000000000 0.4963548983995199
1.9588281250000001 0.4963618282025895
1.9589062500000001 0.4963687579931972
1.9589843750000000 0.4963756877970270
1.9590625000000002 0.4963826175881376
1.9591406250000001 0.4963895473927245
1.9592187500000000 0.4963964771843360
1.9592968749999999 0.4964034069896778
1.9593750000000001 0.4964103367817884
1.9594531250000000 0.4964172665878828
1.9595312499999999 0.4964241963804888
1.9596093750000001 0.4964311261873331
1.9596875000000000 0.4964380559804336
1.9597656250000000 0.4964449857880251
1.9598437500000001 0.4964519155816176
1.9599218750000000 0.4964588453899531
1.9600000000000000 0.4964657751840355
1.9600781250000001 0.4964727049931129
1.9601562500000000 0.4964796347876829
1.9602343750000000 0.4964865645974991
1.9603125000000001 0.4964934943925547
1.9603906250000001 0.4965004242031075
1.9604687500000000 0.4965073539986464
1.9605468750000001 0.4965142838099333
1.9606250000000001 0.4965212136059535
1.9607031250000000 0.4965281434179709
1.9607812500000001 0.4965350732144700
1.9608593750000001 0.4965420030272162
1.9609375000000000 0.4965489328241918
1.9610156250000002 0.4965558626376644
1.9610937500000001 0.4965627924351149
1.9611718750000000 0.4965697222493103
1.9612499999999999 0.4965766520472323
1.9613281250000001 0.4965835818621491
1.9614062500000000 0.4965905116605414
1.9614843749999999 0.4965974414761762
1.9615625000000001 0.4966043712750360
1.9616406250000000 0.4966113010913871
1.9617187500000000 0.4966182308907118
1.9617968750000001 0.4966251607077760
1.9618750000000000 0.4966320905075642
1.9619531250000000 0.4966390203253384
1.9620312500000001 0.4966459501255880
1.9621093750000000 0.4966528799440704
1.9621875000000000 0.4966598097447782
1.9622656250000001 0.4966667395639665
1.9623437500000001 0.4966736693651302
1.9624218750000000 0.4966805991850216
1.9625000000000001 0.4966875289866394
1.9625781250000001 0.4966944588072312
1.9626562500000000 0.4967013886093005
1.9627343750000001 0.4967083184305910
1.9628125000000001 0.4967152482331088
1.9628906250000000 0.4967221780550949
1.9629687500000002 0.4967291078580601
1.9630468750000001 0.4967360376807389
1.9631250000000000 0.4967429674841488
1.9632031249999999 0.4967498973075185
1.9632812500000001 0.4967568271113704
1.9633593750000000 0.4967637569354282
1.9634374999999999 0.4967706867397200
1.9635156250000001 0.4967776165644637
1.9635937500000000 0.4967845463691928
1.9636718750000000 0.4967914761946198
1.9637500000000001 0.4967984059997841
1.9638281250000000 0.4968053358258920
1.9639062500000000 0.4968122656314883
1.9639843750000001 0.4968191954582754
1.9640625000000000 0.4968261252643016
1.9641406250000000 0.4968330550917651
1.9642187500000001 0.4968399848982189
1.9642968750000001 0.4968469147263558
1.9643750000000000 0.4968538445332352
1.9644531250000001 0.4968607743620440
1.9645312500000001 0.4968677041693452
1.9646093750000000 0.4968746339988236
1.9646875000000001 0.4968815638065453
1.9647656250000001 0.4968884936366899
1.9648437500000000 0.4968954234448302
1.9649218750000002 0.4969023532756386
1.9650000000000001 0.4969092830841940
1.9650781250000000 0.4969162129156648
1.9651562499999999 0.4969231427246335
1.9652343750000001 0.4969300725567634
1.9653125000000000 0.4969370023661426
1.9653906249999999 0.4969439321989299
1.9654687500000001 0.4969508620087169
1.9655468750000000 0.4969577918421590
1.9656250000000000 0.4969647216523517
1.9657031250000001 0.4969716514864469
1.9657812500000000 0.4969785812970421
1.9658593750000000 0.4969855111317876
1.9659375000000001 0.4969924409427834
1.9660156250000000 0.4969993707781768
1.9660937500000000 0.4970063005895707
1.9661718750000001 0.4970132304256101
1.9662500000000001 0.4970201602373988
1.9663281250000000 0.4970270900740820
1.9664062500000001 0.4970340198862631
1.9664843750000001 0.4970409497235879
1.9665625000000000 0.4970478795361588
1.9666406250000001 0.4970548093741234
1.9667187500000001 0.4970617391870811
1.9667968750000000 0.4970686690256835
1.9668750000000002 0.4970755988390253
1.9669531250000001 0.4970825286782629
1.9670312500000000 0.4970894584919864
1.9671093749999999 0.4970963883318572
1.9671875000000001 0.4971033181459595
1.9672656250000000 0.4971102479864614
1.9673437499999999 0.4971171778009401
1.9674218750000001 0.4971241076420707
1.9675000000000000 0.4971310374569233
1.9675781250000000 0.4971379672986803
1.9676562500000001 0.4971448971139037
1.9677343750000000 0.4971518269562855
1.9678125000000000 0.4971587567718769
1.9678906250000001 0.4971656866148816
1.9679687500000000 0.4971726164308385
1.9680468750000000 0.4971795462744636
1.9681250000000001 0.4971864760907830
1.9682031250000001 0.4971934059350266
1.9682812500000000 0.4972003357517054
1.9683593750000001 0.4972072655965658
1.9684375000000001 0.4972141954136015
1.9685156250000000 0.4972211252590770
1.9685937500000001 0.4972280550764664
1.9686718750000001 0.4972349849225542
1.9687500000000000 0.4972419147402949
1.9688281250000002 0.4972488445869938
1.9689062500000001 0.4972557744050828
1.9689843750000000 0.4972627042523895
1.9690624999999999 0.4972696340708248
1.9691406250000001 0.4972765639187383
1.9692187500000000 0.4972834937375159
1.9692968749999999 0.4972904235860341
1.9693750000000001 0.4972973534051514
1.9694531250000000 0.4973042832542727
1.9695312500000000 0.4973112130737265
1.9696093750000001 0.4973181429234492
1.9696875000000000 0.4973250727432368
1.9697656250000000 0.4973320025935585
1.9698437500000001 0.4973389324136770
1.9699218750000000 0.4973458622645957
1.9700000000000000 0.4973527920850422
1.9700781250000001 0.4973597219365561
1.9701562500000001 0.4973666517573283
1.9702343750000000 0.4973735816094355
1.9703125000000001 0.4973805114305293
1.9703906250000001 0.4973874412832285
1.9704687500000000 0.4973943711046411
1.9705468750000001 0.4974013009579303
1.9706250000000001 0.4974082307796589
1.9707031250000000 0.4974151606335361
1.9707812500000002 0.4974220904555773
1.9708593750000001 0.4974290203100414
1.9709375000000000 0.4974359501323926
1.9710156249999999 0.4974428799874408
1.9710937500000001 0.4974498098100986
1.9711718750000000 0.4974567396657302
1.9712499999999999 0.4974636694886912
1.9713281250000001 0.4974705993449046
1.9714062500000000 0.4974775291681657
1.9714843750000000 0.4974844590249589
1.9715625000000001 0.4974913888485167
1.9716406250000000 0.4974983187058885
1.9717187500000000 0.4975052485297400
1.9717968750000001 0.4975121783876881
1.9718750000000000 0.4975191082118307
1.9719531250000000 0.4975260380703533
1.9720312500000001 0.4975329678947836
1.9721093750000001 0.4975398977538797
1.9721875000000000 0.4975468275785941
1.9722656250000001 0.4975537574382614
1.9723437500000001 0.4975606872632574
1.9724218750000000 0.4975676171234946
1.9725000000000001 0.4975745469487681
1.9725781250000001 0.4975814768095738
1.9726562500000000 0.4975884066351223
1.9727343750000002 0.4975953364964951
1.9728125000000001 0.4976022663223149
1.9728906250000000 0.4976091961842529
1.9729687499999999 0.4976161260103403
1.9730468750000001 0.4976230558728427
1.9731250000000000 0.4976299856991944
1.9732031249999999 0.4976369155622596
1.9732812500000001 0.4976438453888722
1.9733593750000000 0.4976507752524986
1.9734375000000000 0.4976577050793694
1.9735156250000001 0.4976646349435546
1.9735937500000000 0.4976715647706805
1.9736718750000000 0.4976784946354236
1.9737500000000001 0.4976854244628007
1.9738281250000000 0.4976923543281008
1.9739062500000000 0.4976992841557252
1.9739843750000001 0.4977062140215804
1.9740625000000001 0.4977131438494495
1.9741406250000000 0.4977200737158584
1.9742187500000001 0.4977270035439684
1.9742968750000001 0.4977339334109302
1.9743750000000000 0.4977408632392773
1.9744531250000001 0.4977477931067898
1.9745312500000001 0.4977547229353713
1.9746093750000000 0.4977616528034337
1.9746875000000002 0.4977685826322460
1.9747656250000001 0.4977755125008561
1.9748437500000000 0.4977824423298957
1.9749218749999999 0.4977893721990530
1.9750000000000001 0.4977963020283163
1.9750781250000000 0.4978032318980189
1.9751562499999999 0.4978101617275025
1.9752343750000001 0.4978170915977496
1.9753125000000000 0.4978240214274497
1.9753906250000000 0.4978309512982397
1.9754687500000001 0.4978378811281531
1.9755468750000000 0.4978448109994849
1.9756250000000000 0.4978517408296074
1.9757031250000001 0.4978586707014800
1.9757812500000000 0.4978656005318088
1.9758593750000000 0.4978725304042204
1.9759375000000001 0.4978794602347514
1.9760156250000001 0.4978863901077013
1.9760937500000000 0.4978933199384308
1.9761718750000001 0.4979002498119177
1.9762500000000001 0.4979071796428423
1.9763281250000000 0.4979141095168652
1.9764062500000001 0.4979210393479812
1.9764843750000001 0.4979279692225382
1.9765625000000000 0.4979348990538419
1.9766406250000002 0.4979418289289333
1.9767187500000001 0.4979487587604203
1.9767968750000000 0.4979556886360442
1.9768749999999999 0.4979626184677111
1.9769531250000001 0.4979695483438664
1.9770312500000000 0.4979764781757103
1.9771093749999999 0.4979834080523953
1.9771875000000001 0.4979903378844124
1.9772656250000000 0.4979972677616267
1.9773437500000000 0.4980041975938124
1.9774218750000001 0.4980111274715547
1.9775000000000000 0.4980180573039060
1.9775781250000000 0.4980249871821750
1.9776562500000001 0.4980319170146880
1.9777343750000000 0.4980388468934832
1.9778125000000000 0.4980457767261540
1.9778906250000001 0.4980527066054736
1.9779687500000001 0.4980596364382984
1.9780468750000000 0.4980665663181422
1.9781250000000001 0.4980734961511171
1.9782031250000001 0.4980804260314837
1.9782812500000000 0.4980873558646051
1.9783593750000001 0.4980942857454935
1.9784375000000001 0.4981012155787571
1.9785156250000000 0.4981081454601666
1.9785937500000002 0.4981150752935689
1.9786718750000001 0.4981220051754990
1.9787500000000000 0.4981289350090355
1.9788281249999999 0.4981358648914843
1.9789062500000001 0.4981427947251518
1.9789843750000000 0.4981497246081192
1.9790624999999999 0.4981566544419132
1.9791406250000001 0.4981635843253978
1.9792187500000000 0.4981705141593150
1.9792968750000000 0.4981774440433158
1.9793750000000001 0.4981843738773522
1.9794531250000000 0.4981913037618684
1.9795312500000000 0.4981982335960201
1.9796093750000001 0.4982051634810505
1.9796875000000000 0.4982120933153136
1.9797656250000000 0.4982190232008576
1.9798437500000001 0.4982259530352283
1.9799218750000001 0.4982328829212850
1.9800000000000000 0.4982398127557590
1.9800781250000001 0.4982467426423275
1.9801562500000001 0.4982536724769009
1.9802343750000000 0.4982606023639804
1.9803125000000001 0.4982675321986492
1.9803906250000001 0.4982744620862392
1.9804687500000000 0.4982813919209994
1.9805468750000002 0.4982883218090983
1.9806250000000001 0.4982952516439464
1.9807031250000000 0.4983021815325537
1.9807812499999999 0.4983091113674856
1.9808593750000001 0.4983160412566000
1.9809375000000000 0.4983229710916118
1.9810156249999999 0.4983299009812330
1.9810937500000001 0.4983368308163204
1.9811718750000000 0.4983437607064478
1.9812500000000000 0.4983506905416061
1.9813281250000001 0.4983576204322386
1.9814062500000000 0.4983645502674651
1.9814843750000000 0.4983714801586019
1.9815625000000001 0.4983784099938915
1.9816406250000000 0.4983853398855324
1.9817187500000000 0.4983922697208814
1.9817968750000001 0.4983991996130248
1.9818750000000001 0.4984061294484291
1.9819531250000000 0.4984130593410749
1.9820312500000001 0.4984199891765304
1.9821093750000001 0.4984269190696778
1.9821875000000000 0.4984338489051800
1.9822656250000001 0.4984407787988283
1.9823437500000001 0.4984477086343735
1.9824218750000000 0.4984546385285223
1.9825000000000002 0.4984615683641055
1.9825781250000001 0.4984684982587540
1.9826562500000000 0.4984754280943723
1.9827343749999999 0.4984823579895192
1.9828125000000001 0.4984892878251682
1.9828906250000000 0.4984962177208133
1.9829687499999999 0.4985031475564880
1.9830468750000001 0.4985100774526309
1.9831250000000000 0.4985170072883281
1.9832031250000000 0.4985239371849676
1.9832812500000001 0.4985308670206824
1.9833593750000000 0.4985377969178185
1.9834375000000000 0.4985447267535469
1.9835156250000001 0.4985516566511787
1.9835937500000000 0.4985585864869165
1.9836718750000000 0.4985655163850430
1.9837500000000001 0.4985724462207867
1.9838281250000001 0.4985793761194072
1.9839062500000000 0.4985863059551526
1.9839843750000001 0.4985932358542661
1.9840625000000001 0.4986001656900091
1.9841406250000000 0.4986070955896152
1.9842187500000001 0.4986140254253512
1.9842968750000001 0.4986209553254496
1.9843750000000000 0.4986278851611742
1.9844531250000002 0.4986348150617644
1.9845312500000001 0.4986417448974738
1.9846093750000000 0.4986486747985547
1.9846874999999999 0.4986556046342448
1.9847656250000001 0.4986625345358160
1.9848437500000000 0.4986694643714819
1.9849218749999999 0.4986763942735432
1.9850000000000001 0.4986833241091813
1.9850781250000000 0.4986902540117308
1.9851562500000000 0.4986971838473372
1.9852343750000001 0.4987041137503754
1.9853125000000000 0.4987110435859457
1.9853906250000000 0.4987179734894713
1.9854687500000001 0.4987249033250014
1.9855468750000000 0.4987318332290138
1.9856250000000000 0.4987387630644993
1.9857031250000001 0.4987456929689983
1.9857812500000001 0.4987526228044348
1.9858593750000000 0.4987595527094201
1.9859375000000001 0.4987664825448037
1.9860156250000001 0.4987734124502737
1.9860937500000000 0.4987803422856001
1.9861718750000001 0.4987872721915546
1.9862500000000001 0.4987942020268199
1.9863281250000000 0.4988011319332587
1.9864062500000002 0.4988080617684579
1.9864843750000001 0.4988149916753800
1.9865625000000000 0.4988219215105094
1.9866406249999999 0.4988288514179145
1.9867187500000001 0.4988357812529700
1.9867968750000000 0.4988427111608565
1.9868749999999999 0.4988496409958342
1.9869531250000001 0.4988565709042027
1.9870312500000000 0.4988635007390975
1.9871093750000000 0.4988704306479472
1.9871875000000001 0.4988773604827551
1.9872656250000000 0.4988842903920854
1.9873437500000000 0.4988912202268019
1.9874218750000001 0.4988981501366118
1.9875000000000000 0.4989050799712340
1.9875781250000000 0.4989120098815226
1.9876562500000001 0.4989189397160457
1.9877343750000001 0.4989258696268126
1.9878125000000000 0.4989327994612316
1.9878906250000001 0.4989397293724775
1.9879687500000001 0.4989466592067885
1.9880468750000000 0.4989535891185113
1.9881250000000001 0.4989605189527101
1.9882031250000001 0.4989674488649101
1.9882812500000000 0.4989743786989928
1.9883593750000002 0.4989813086116693
1.9884375000000001 0.4989882384456308
1.9885156250000000 0.4989951683587828
1.9885937499999999 0.4990020981926200
1.9886718750000001 0.4990090281062468
1.9887500000000000 0.4990159579399553
1.9888281249999999 0.4990228878540562
1.9889062500000001 0.4990298176876319
1.9889843750000000 0.4990367476022066
1.9890625000000000 0.4990436774356448
1.9891406250000001 0.4990506073506925
1.9892187500000000 0.4990575371839890
1.9892968750000000 0.4990644670995098
1.9893750000000001 0.4990713969326601
1.9894531250000000 0.4990783268486530
1.9895312500000000 0.4990852566816538
1.9896093750000001 0.4990921865981177
1.9896875000000001 0.4990991164309640
1.9897656250000000 0.4991060463478986
1.9898437500000001 0.4991129761805866
1.9899218750000001 0.4991199060979913
1.9900000000000000 0.4991268359305171
1.9900781250000001 0.4991337658483908
1.9901562500000001 0.4991406956807498
1.9902343750000000 0.4991476255990928
1.9903125000000002 0.4991545554312807
1.9903906250000001 0.4991614853500919
1.9904687500000000 0.4991684151821049
1.9905468749999999 0.4991753451013827
1.9906250000000001 0.4991822749332172
1.9907031250000000 0.4991892048529618
1.9907812499999999 0.4991961346846130
1.9908593750000001 0.4992030646048238
1.9909375000000000 0.4992099944362871
1.9910156250000000 0.4992169243569633
1.9910937500000001 0.4992238541882350
1.9911718750000000 0.4992307841093762
1.9912500000000000 0.4992377139404523
1.9913281250000001 0.4992446438620575
1.9914062500000000 0.4992515736929334
1.9914843750000000 0.4992585036150020
1.9915625000000001 0.4992654334456742
1.9916406250000001 0.4992723633682051
1.9917187500000000 0.4992792931986695
1.9917968750000001 0.4992862231216624
1.9918750000000001 0.4992931529519142
1.9919531250000000 0.4993000828753685
1.9920312500000001 0.4993070127054042
1.9921093750000001 0.4993139426293188
1.9921875000000000 0.4993208724591339
1.9922656250000002 0.4993278023835084
1.9923437500000001 0.4993347322130992
1.9924218750000000 0.4993416621379329
1.9924999999999999 0.4993485919672948
1.9925781250000001 0.4993555218925866
1.9926562500000000 0.4993624517217159
1.9927343749999999 0.4993693816474656
1.9928125000000001 0.4993763114763585
1.9928906250000000 0.4993832414025645
1.9929687500000000 0.4993901712312167
1.9930468750000001 0.4993971011578784
1.9931250000000000 0.4994040309862859
1.9932031250000000 0.4994109609134029
1.9932812500000001 0.4994178907415620
1.9933593750000000 0.4994248206691332
1.9934375000000000 0.4994317504970393
1.9935156250000001 0.4994386804250641
1.9935937500000001 0.4994456102527134
1.9936718750000000 0.4994525401811909
1.9937500000000001 0.4994594700085797
1.9938281250000001 0.4994663999375086
1.9939062500000000 0.4994733297646332
1.9939843750000001 0.4994802596940129
1.9940625000000001 0.4994871895208687
1.9941406250000000 0.4994941194506985
1.9942187500000002 0.4995010492772816
1.9942968750000001 0.4995079792075611
1.9943750000000000 0.4995149090338676
1.9944531249999999 0.4995218389645950
1.9945312500000001 0.4995287687906213
1.9946093750000000 0.4995356987217959
1.9946874999999999 0.4995426285475383
1.9947656250000001 0.4995495584791590
1.9948437500000000 0.4995564883046136
1.9949218750000000 0.4995634182366799
1.9950000000000001 0.4995703480618421
1.9950781250000000 0.4995772779943526
1.9951562500000000 0.4995842078192193
1.9952343750000001 0.4995911377521735
1.9953125000000000 0.4995980675767401
1.9953906250000000 0.4996049975101369
1.9954687500000001 0.4996119273344005
1.9955468750000001 0.4996188572682385
1.9956250000000000 0.4996257870921945
1.9957031250000001 0.4996327170264735
1.9957812500000001 0.4996396468501181
1.9958593750000000 0.4996465767848366
1.9959375000000001 0.4996535066081665
1.9960156250000001 0.4996604365433231
1.9960937500000000 0.4996673663663346
1.9961718750000002 0.4996742963019286
1.9962500000000001 0.4996812261246176
1.9963281250000000 0.4996881560606478
1.9964062499999999 0.4996950858830107
1.9964843750000001 0.4997020158194760
1.9965625000000000 0.4997089456415095
1.9966406249999999 0.4997158755784082
1.9967187500000001 0.4997228054001087
1.9967968750000000 0.4997297353374398
1.9968750000000000 0.4997366651588037
1.9969531250000001 0.4997435950965661
1.9970312500000000 0.4997505249175894
1.9971093750000000 0.4997574548557825
1.9971875000000001 0.4997643846764615
1.9972656250000000 0.4997713146150831
1.9973437500000000 0.4997782444354146
1.9974218750000001 0.4997851743744645
1.9975000000000001 0.4997921041944440
1.9975781250000000 0.4997990341339207
1.9976562500000001 0.4998059639535459
1.9977343750000001 0.4998128938934475
1.9978125000000000 0.4998198237127134
1.9978906250000001 0.4998267536530400
1.9979687500000001 0.4998336834719440
1.9980468750000000 0.4998406134126933
1.9981250000000002 0.4998475432312317
1.9982031250000001 0.4998544731724018
1.9982812500000000 0.4998614029905712
1.9983593749999999 0.4998683329321622
1.9984375000000001 0.4998752627499591
1.9985156250000000 0.4998821926919685
1.9985937499999999 0.4998891225093894
1.9986718750000001 0.4998960524518164
1.9987500000000000 0.4999029822688575
1.9988281250000000 0.4999099122117007
1.9989062500000001 0.4999168420283592
1.9989843750000000 0.4999237719716170
1.9990625000000000 0.4999307017878891
1.9991406250000001 0.4999376317315604
1.9992187500000000 0.4999445615474425
1.9992968750000000 0.4999514914915260
1.9993750000000001 0.4999584213070137
1.9994531250000001 0.4999653512514943
1.9995312500000000 0.4999722810664273
1.9996093750000001 0.4999792110093593
1.9996875000000001 0.4999861407997574
1.9997656250000000 0.4999930704454533
1.9998437500000001 0.4999999965649748
1.9999218750000001 0.5000068809452654
2.0000000000000000 0.5000132488434479
