0.0000000000000000 0.5000000000000000
0.0003125000000000 0.4997545631133648
0.0006250000000000 0.4995091264632887
0.0009375000000000 0.4992636902863304
0.0012500000000000 0.4990182548190485
0.0015625000000000 0.4987728202980005
0.0018750000000000 0.4985273869597432
0.0021875000000000 0.4982819550408324
0.0025000000000000 0.4980365247778222
0.0028125000000000 0.4977910964072653
0.0031250000000000 0.4975456701657126
0.0034375000000000 0.4973002462897129
0.0037500000000000 0.4970548250158127
0.0040625000000000 0.4968094065805560
0.0043750000000000 0.4965639912204841
0.0046875000000000 0.4963185791721353
0.0050000000000000 0.4960731706720448
0.0053125000000000 0.4958277659567442
0.0056250000000000 0.4955823652627616
0.0059375000000000 0.4953369688266211
0.0062500000000000 0.4950915768848429
0.0065625000000000 0.4948461896739427
0.0068750000000000 0.4946008074304316
0.0071875000000000 0.4943554303908161
0.0075000000000000 0.4941100587915975
0.0078125000000000 0.4938646928692719
0.0081250000000000 0.4936193328603301
0.0084375000000000 0.4933739790012570
0.0087500000000000 0.4931286315285316
0.0090625000000000 0.4928832906786269
0.0093750000000000 0.4926379566880092
0.0096875000000000 0.4923926297931385
0.0100000000000000 0.4921473102304679
0.0103125000000000 0.4919019982364433
0.0106250000000000 0.4916566940475035
0.0109375000000000 0.4914113979000794
0.0112500000000000 0.4911661100305947
0.0115625000000000 0.4909208306754647
0.0118750000000000 0.4906755600710966
0.0121875000000000 0.4904302984538893
0.0125000000000000 0.4901850460602328
0.0128125000000000 0.4899398031265085
0.0131250000000000 0.4896945698890884
0.0134375000000000 0.4894493465843353
0.0137500000000000 0.4892041334486024
0.0140625000000000 0.4889589307182332
0.0143750000000000 0.4887137386295609
0.0146875000000000 0.4884685574189088
0.0150000000000000 0.4882233873225894
0.0153125000000000 0.4879782285769046
0.0156250000000000 0.4877330814181455
0.0159375000000000 0.4874879460825919
0.0162500000000000 0.4872428228065121
0.0165625000000000 0.4869977118261630
0.0168750000000000 0.4867526133777895
0.0171875000000000 0.4865075276976245
0.0175000000000000 0.4862624550218886
0.0178125000000000 0.4860173955867896
0.0181250000000000 0.4857723496285231
0.0184375000000000 0.4855273173832711
0.0187500000000000 0.4852822990872027
0.0190625000000000 0.4850372949764737
0.0193750000000000 0.4847923052872258
0.0196875000000000 0.4845473302555872
0.0200000000000000 0.4843023701176716
0.0203125000000000 0.4840574251095789
0.0206250000000000 0.4838124954673938
0.0209375000000000 0.4835675814271865
0.0212500000000000 0.4833226832250123
0.0215625000000000 0.4830778010969108
0.0218750000000000 0.4828329352789066
0.0221875000000000 0.4825880860070082
0.0225000000000000 0.4823432535172083
0.0228125000000000 0.4820984380454836
0.0231250000000000 0.4818536398277940
0.0234375000000000 0.4816088591000832
0.0237500000000000 0.4813640960982776
0.0240625000000000 0.4811193510582870
0.0243750000000000 0.4808746242160034
0.0246875000000000 0.4806299158073017
0.0250000000000000 0.4803852260680387
0.0253125000000000 0.4801405552340535
0.0256250000000000 0.4798959035411666
0.0259375000000000 0.4796512712251805
0.0262500000000000 0.4794066585218786
0.0265625000000000 0.4791620656670256
0.0268750000000000 0.4789174928963672
0.0271875000000000 0.4786729404456295
0.0275000000000000 0.4784284085505192
0.0278125000000000 0.4781838974467230
0.0281250000000000 0.4779394073699076
0.0284375000000000 0.4776949385557197
0.0287500000000000 0.4774504912397852
0.0290625000000000 0.4772060656577094
0.0293750000000000 0.4769616620450766
0.0296875000000000 0.4767172806374501
0.0300000000000000 0.4764729216703714
0.0303125000000000 0.4762285853793609
0.0306250000000000 0.4759842719999167
0.0309375000000000 0.4757399817675150
0.0312500000000000 0.4754957149176098
0.0315625000000000 0.4752514716856324
0.0318750000000000 0.4750072523069914
0.0321875000000000 0.4747630570170723
0.0325000000000000 0.4745188860512375
0.0328125000000000 0.4742747396448260
0.0331250000000000 0.4740306180331530
0.0334375000000000 0.4737865214515098
0.0337500000000000 0.4735424501351638
0.0340625000000000 0.4732984043193579
0.0343750000000000 0.4730543842393102
0.0346875000000000 0.4728103901302143
0.0350000000000000 0.4725664222272387
0.0353125000000000 0.4723224807655266
0.0356250000000000 0.4720785659801957
0.0359375000000000 0.4718346781063381
0.0362500000000000 0.4715908173790197
0.0365625000000000 0.4713469840332806
0.0368750000000000 0.4711031783041343
0.0371875000000000 0.4708594004265676
0.0375000000000000 0.4706156506355406
0.0378125000000000 0.4703719291659863
0.0381250000000000 0.4701282362528105
0.0384375000000000 0.4698845721308911
0.0387500000000000 0.4696409370350788
0.0390625000000000 0.4693973312001959
0.0393750000000000 0.4691537548610367
0.0396875000000000 0.4689102082523670
0.0400000000000000 0.4686666916089239
0.0403125000000000 0.4684232051654158
0.0406250000000000 0.4681797491565217
0.0409375000000000 0.4679363238168915
0.0412500000000000 0.4676929293811456
0.0415625000000000 0.4674495660838743
0.0418750000000000 0.4672062341596382
0.0421875000000000 0.4669629338429674
0.0425000000000000 0.4667196653683619
0.0428125000000000 0.4664764289702906
0.0431250000000000 0.4662332248831917
0.0434375000000000 0.4659900533414723
0.0437500000000000 0.4657469145795080
0.0440625000000000 0.4655038088316428
0.0443750000000000 0.4652607363321891
0.0446875000000000 0.4650176973154270
0.0450000000000000 0.4647746920156043
0.0453125000000000 0.4645317206669367
0.0456250000000000 0.4642887835036067
0.0459375000000000 0.4640458807597642
0.0462500000000000 0.4638030126695256
0.0465625000000000 0.4635601794669742
0.0468750000000000 0.4633173813861596
0.0471875000000000 0.4630746186610974
0.0475000000000000 0.4628318915257693
0.0478125000000000 0.4625892002141225
0.0481250000000000 0.4623465449600700
0.0484375000000000 0.4621039259974897
0.0487500000000000 0.4618613435602247
0.0490625000000000 0.4616187978820829
0.0493750000000000 0.4613762891968367
0.0496875000000000 0.4611338177382229
0.0500000000000000 0.4608913837399423
0.0503125000000000 0.4606489874356597
0.0506250000000000 0.4604066290590038
0.0509375000000000 0.4601643088435662
0.0512500000000000 0.4599220270229022
0.0515625000000000 0.4596797838305299
0.0518750000000000 0.4594375794999301
0.0521875000000000 0.4591954142645463
0.0525000000000000 0.4589532883577843
0.0528125000000000 0.4587112020130118
0.0531250000000000 0.4584691554635587
0.0534375000000000 0.4582271489427161
0.0537500000000000 0.4579851826837371
0.0540625000000000 0.4577432569198354
0.0543750000000000 0.4575013718841860
0.0546875000000000 0.4572595278099247
0.0550000000000000 0.4570177249301476
0.0553125000000000 0.4567759634779113
0.0556250000000000 0.4565342436862322
0.0559375000000000 0.4562925657880869
0.0562500000000000 0.4560509300164114
0.0565625000000000 0.4558093366041011
0.0568750000000000 0.4555677857840105
0.0571875000000000 0.4553262777889533
0.0575000000000000 0.4550848128517019
0.0578125000000000 0.4548433912049868
0.0581250000000000 0.4546020130814973
0.0584375000000000 0.4543606787138803
0.0587500000000000 0.4541193883347409
0.0590625000000000 0.4538781421766416
0.0593750000000000 0.4536369404721023
0.0596875000000000 0.4533957834536000
0.0600000000000000 0.4531546713535688
0.0603125000000000 0.4529136044043994
0.0606250000000000 0.4526725828384390
0.0609375000000000 0.4524316068879910
0.0612500000000000 0.4521906767853149
0.0615625000000000 0.4519497927626260
0.0618750000000000 0.4517089550520952
0.0621875000000000 0.4514681638858487
0.0625000000000000 0.4512274194959680
0.0628125000000000 0.4509867221144891
0.0631250000000000 0.4507460719734034
0.0634375000000000 0.4505054693046560
0.0637500000000000 0.4502649143401469
0.0640625000000000 0.4500244073117295
0.0643750000000000 0.4497839484512117
0.0646875000000000 0.4495435379903543
0.0650000000000000 0.4493031761608719
0.0653125000000000 0.4490628631944320
0.0656250000000000 0.4488225993226551
0.0659375000000000 0.4485823847771144
0.0662500000000000 0.4483422197893355
0.0665625000000000 0.4481021045907962
0.0668750000000000 0.4478620394129264
0.0671875000000000 0.4476220244871078
0.0675000000000000 0.4473820600446736
0.0678125000000000 0.4471421463169083
0.0681250000000000 0.4469022835350477
0.0684375000000000 0.4466624719302782
0.0687500000000000 0.4464227117337373
0.0690625000000000 0.4461830031765125
0.0693750000000000 0.4459433464896418
0.0696875000000000 0.4457037419041132
0.0700000000000000 0.4454641896508644
0.0703125000000000 0.4452246899607826
0.0706250000000000 0.4449852430647044
0.0709375000000000 0.4447458491934157
0.0712500000000000 0.4445065085776510
0.0715625000000000 0.4442672214480937
0.0718750000000000 0.4440279880353754
0.0721875000000000 0.4437888085700762
0.0725000000000000 0.4435496832827241
0.0728125000000000 0.4433106124037948
0.0731250000000000 0.4430715961637116
0.0734375000000000 0.4428326347928451
0.0737500000000000 0.4425937285215133
0.0740625000000000 0.4423548775799807
0.0743750000000000 0.4421160821984587
0.0746875000000000 0.4418773426071050
0.0750000000000000 0.4416386590360237
0.0753125000000000 0.4414000317152648
0.0756250000000000 0.4411614608748241
0.0759375000000000 0.4409229467446429
0.0762500000000000 0.4406844895546081
0.0765625000000000 0.4404460895345513
0.0768750000000000 0.4402077469142495
0.0771875000000000 0.4399694619234238
0.0775000000000000 0.4397312347917404
0.0778125000000000 0.4394930657488090
0.0781250000000000 0.4392549550241840
0.0784375000000000 0.4390169028473632
0.0787500000000000 0.4387789094477881
0.0790625000000000 0.4385409750548435
0.0793750000000000 0.4383030998978573
0.0796875000000000 0.4380652842061004
0.0800000000000000 0.4378275282087863
0.0803125000000000 0.4375898321350711
0.0806250000000000 0.4373521962140529
0.0809375000000000 0.4371146206747720
0.0812500000000000 0.4368771057462105
0.0815625000000000 0.4366396516572921
0.0818750000000000 0.4364022586368818
0.0821875000000000 0.4361649269137857
0.0825000000000000 0.4359276567167508
0.0828125000000000 0.4356904482744651
0.0831250000000000 0.4354533018155566
0.0834375000000000 0.4352162175685941
0.0837500000000000 0.4349791957620859
0.0840625000000000 0.4347422366244804
0.0843750000000000 0.4345053403841657
0.0846875000000000 0.4342685072694689
0.0850000000000000 0.4340317375086568
0.0853125000000000 0.4337950313299346
0.0856250000000000 0.4335583889614466
0.0859375000000000 0.4333218106312754
0.0862500000000000 0.4330852965674419
0.0865625000000000 0.4328488469979052
0.0868750000000000 0.4326124621505620
0.0871875000000000 0.4323761422532468
0.0875000000000000 0.4321398875337314
0.0878125000000000 0.4319036982197250
0.0881250000000000 0.4316675745388733
0.0884375000000000 0.4314315167187593
0.0887500000000000 0.4311955249869021
0.0890625000000000 0.4309595995707573
0.0893750000000000 0.4307237406977166
0.0896875000000000 0.4304879485951073
0.0900000000000000 0.4302522234901927
0.0903125000000000 0.4300165656101713
0.0906250000000000 0.4297809751821769
0.0909375000000000 0.4295454524332784
0.0912500000000000 0.4293099975904792
0.0915625000000000 0.4290746108807172
0.0918750000000000 0.4288392925308652
0.0921875000000000 0.4286040427677295
0.0925000000000000 0.4283688618180505
0.0928125000000000 0.4281337499085023
0.0931250000000000 0.4278987072656925
0.0934375000000000 0.4276637341161620
0.0937500000000000 0.4274288306863844
0.0940625000000000 0.4271939972027665
0.0943750000000000 0.4269592338916474
0.0946875000000000 0.4267245409792986
0.0950000000000000 0.4264899186919240
0.0953125000000000 0.4262553672556591
0.0956250000000000 0.4260208868965713
0.0959375000000000 0.4257864778406595
0.0962500000000000 0.4255521403138537
0.0965625000000000 0.4253178745420151
0.0968750000000000 0.4250836807509358
0.0971875000000000 0.4248495591663385
0.0975000000000000 0.4246155100138761
0.0978125000000000 0.4243815335191319
0.0981250000000000 0.4241476299076191
0.0984375000000000 0.4239137994047807
0.0987500000000000 0.4236800422359891
0.0990625000000000 0.4234463586265462
0.0993750000000000 0.4232127488016830
0.0996875000000000 0.4229792129865592
0.1000000000000000 0.4227457514062631
0.1003125000000000 0.4225123642858120
0.1006250000000000 0.4222790518501507
0.1009375000000000 0.4220458143241526
0.1012500000000000 0.4218126519326185
0.1015625000000000 0.4215795649002771
0.1018750000000000 0.4213465534517843
0.1021875000000000 0.4211136178117231
0.1025000000000000 0.4208807582046035
0.1028125000000000 0.4206479748548622
0.1031250000000000 0.4204152679868626
0.1034375000000000 0.4201826378248940
0.1037500000000000 0.4199500845931721
0.1040625000000000 0.4197176085158382
0.1043750000000000 0.4194852098169595
0.1046875000000000 0.4192528887205284
0.1050000000000000 0.4190206454504627
0.1053125000000000 0.4187884802306049
0.1056250000000000 0.4185563932847225
0.1059375000000000 0.4183243848365077
0.1062500000000000 0.4180924551095766
0.1065625000000000 0.4178606043274699
0.1068750000000000 0.4176288327136517
0.1071875000000000 0.4173971404915103
0.1075000000000000 0.4171655278843572
0.1078125000000000 0.4169339951154273
0.1081250000000000 0.4167025424078784
0.1084375000000000 0.4164711699847912
0.1087500000000000 0.4162398780691690
0.1090625000000000 0.4160086668839377
0.1093750000000000 0.4157775366519450
0.1096875000000000 0.4155464875959609
0.1100000000000000 0.4153155199386772
0.1103125000000000 0.4150846339027068
0.1106250000000000 0.4148538297105845
0.1109375000000000 0.4146231075847659
0.1112500000000000 0.4143924677476275
0.1115625000000000 0.4141619104214666
0.1118750000000000 0.4139314358285008
0.1121875000000000 0.4137010441908682
0.1125000000000000 0.4134707357306268
0.1128125000000000 0.4132405106697544
0.1131250000000000 0.4130103692301484
0.1134375000000000 0.4127803116336259
0.1137500000000000 0.4125503381019228
0.1140625000000000 0.4123204488566942
0.1143750000000000 0.4120906441195138
0.1146875000000000 0.4118609241118741
0.1150000000000000 0.4116312890551857
0.1153125000000000 0.4114017391707774
0.1156250000000000 0.4111722746798960
0.1159375000000000 0.4109428958037057
0.1162500000000000 0.4107136027632887
0.1165625000000000 0.4104843957796439
0.1168750000000000 0.4102552750736876
0.1171875000000000 0.4100262408662529
0.1175000000000000 0.4097972933780896
0.1178125000000000 0.4095684328298635
0.1181250000000000 0.4093396594421572
0.1184375000000000 0.4091109734354689
0.1187500000000000 0.4088823750302126
0.1190625000000000 0.4086538644467181
0.1193750000000000 0.4084254419052303
0.1196875000000000 0.4081971076259094
0.1200000000000000 0.4079688618288305
0.1203125000000000 0.4077407047339834
0.1206250000000000 0.4075126365612723
0.1209375000000000 0.4072846575305160
0.1212500000000000 0.4070567678614470
0.1215625000000000 0.4068289677737119
0.1218750000000000 0.4066012574868709
0.1221875000000000 0.4063736372203978
0.1225000000000000 0.4061461071936793
0.1228125000000000 0.4059186676260154
0.1231250000000000 0.4056913187366188
0.1234375000000000 0.4054640607446149
0.1237500000000000 0.4052368938690414
0.1240625000000000 0.4050098183288481
0.1243750000000000 0.4047828343428971
0.1246875000000000 0.4045559421299618
0.1250000000000000 0.4043291419087275
0.1253125000000000 0.4041024338977908
0.1256250000000000 0.4038758183156591
0.1259375000000000 0.4036492953807511
0.1262500000000000 0.4034228653113960
0.1265625000000000 0.4031965283258336
0.1268750000000000 0.4029702846422139
0.1271875000000000 0.4027441344785970
0.1275000000000000 0.4025180780529529
0.1278125000000000 0.4022921155831612
0.1281250000000000 0.4020662472870110
0.1284375000000000 0.4018404733822005
0.1287500000000000 0.4016147940863372
0.1290625000000000 0.4013892096169370
0.1293750000000000 0.4011637201914248
0.1296875000000000 0.4009383260271336
0.1300000000000000 0.4007130273413049
0.1303125000000000 0.4004878243510878
0.1306250000000000 0.4002627172735395
0.1309375000000000 0.4000377063256244
0.1312500000000000 0.3998127917242147
0.1315625000000000 0.3995879736860895
0.1318750000000000 0.3993632524279346
0.1321875000000000 0.3991386281663429
0.1325000000000000 0.3989141011178138
0.1328125000000000 0.3986896714987526
0.1331250000000000 0.3984653395254710
0.1334375000000000 0.3982411054141866
0.1337500000000000 0.3980169693810227
0.1340625000000000 0.3977929316420079
0.1343750000000000 0.3975689924130762
0.1346875000000000 0.3973451519100665
0.1350000000000000 0.3971214103487228
0.1353125000000000 0.3968977679446935
0.1356250000000000 0.3966742249135315
0.1359375000000000 0.3964507814706941
0.1362500000000000 0.3962274378315422
0.1365625000000000 0.3960041942113409
0.1368750000000000 0.3957810508252588
0.1371875000000000 0.3955580078883678
0.1375000000000000 0.3953350656156430
0.1378125000000000 0.3951122242219625
0.1381250000000000 0.3948894839221073
0.1384375000000000 0.3946668449307608
0.1387500000000000 0.3944443074625086
0.1390625000000000 0.3942218717318390
0.1393750000000000 0.3939995379531416
0.1396875000000000 0.3937773063407082
0.1400000000000000 0.3935551771087318
0.1403125000000000 0.3933331504713071
0.1406250000000000 0.3931112266424295
0.1409375000000000 0.3928894058359956
0.1412500000000000 0.3926676882658025
0.1415625000000000 0.3924460741455481
0.1418750000000000 0.3922245636888302
0.1421875000000000 0.3920031571091471
0.1425000000000000 0.3917818546198965
0.1428125000000000 0.3915606564343763
0.1431250000000000 0.3913395627657834
0.1434375000000000 0.3911185738272144
0.1437500000000000 0.3908976898316645
0.1440625000000000 0.3906769109920281
0.1443750000000000 0.3904562375210981
0.1446875000000000 0.3902356696315660
0.1450000000000000 0.3900152075360213
0.1453125000000000 0.3897948514469515
0.1456250000000000 0.3895746015767423
0.1459375000000000 0.3893544581376768
0.1462500000000000 0.3891344213419354
0.1465625000000000 0.3889144914015958
0.1468750000000000 0.3886946685286329
0.1471875000000000 0.3884749529349182
0.1475000000000000 0.3882553448322197
0.1478125000000000 0.3880358444322021
0.1481250000000000 0.3878164519464261
0.1484375000000000 0.3875971675863484
0.1487500000000000 0.3873779915633214
0.1490625000000000 0.3871589240885934
0.1493750000000000 0.3869399653733078
0.1496875000000000 0.3867211156285033
0.1500000000000000 0.3865023750651133
0.1503125000000000 0.3862837438939664
0.1506250000000000 0.3860652223257854
0.1509375000000000 0.3858468105711878
0.1512500000000000 0.3856285088406849
0.1515625000000000 0.3854103173446822
0.1518750000000000 0.3851922362934788
0.1521875000000000 0.3849742658972675
0.1525000000000000 0.3847564063661344
0.1528125000000000 0.3845386579100587
0.1531250000000000 0.3843210207389125
0.1534375000000000 0.3841034950624607
0.1537500000000000 0.3838860810903609
0.1540625000000000 0.3836687790321627
0.1543750000000000 0.3834515890973080
0.1546875000000000 0.3832345114951309
0.1550000000000000 0.3830175464348566
0.1553125000000000 0.3828006941256026
0.1556250000000000 0.3825839547763770
0.1559375000000000 0.3823673285960795
0.1562500000000000 0.3821508157935006
0.1565625000000000 0.3819344165773215
0.1568750000000000 0.3817181311561138
0.1571875000000000 0.3815019597383397
0.1575000000000000 0.3812859025323514
0.1578125000000000 0.3810699597463908
0.1581250000000000 0.3808541315885898
0.1584375000000000 0.3806384182669698
0.1587500000000000 0.3804228199894414
0.1590625000000000 0.3802073369638043
0.1593750000000000 0.3799919693977472
0.1596875000000000 0.3797767174988476
0.1600000000000000 0.3795615814745712
0.1603125000000000 0.3793465615322724
0.1606250000000000 0.3791316578791935
0.1609375000000000 0.3789168707224647
0.1612500000000000 0.3787022002691041
0.1615625000000000 0.3784876467260170
0.1618750000000000 0.3782732102999964
0.1621875000000000 0.3780588911977222
0.1625000000000000 0.3778446896257613
0.1628125000000000 0.3776306057905671
0.1631250000000000 0.3774166398984798
0.1634375000000000 0.3772027921557258
0.1637500000000000 0.3769890627684178
0.1640625000000000 0.3767754519425540
0.1643750000000000 0.3765619598840187
0.1646875000000000 0.3763485867985818
0.1650000000000000 0.3761353328918981
0.1653125000000000 0.3759221983695080
0.1656250000000000 0.3757091834368365
0.1659375000000000 0.3754962882991933
0.1662500000000000 0.3752835131617732
0.1665625000000000 0.3750708582296546
0.1668750000000000 0.3748583237078005
0.1671875000000000 0.3746459098010577
0.1675000000000000 0.3744336167141569
0.1678125000000000 0.3742214446517120
0.1681250000000000 0.3740093938182206
0.1684375000000000 0.3737974644180634
0.1687500000000000 0.3735856566555039
0.1690625000000000 0.3733739707346884
0.1693750000000000 0.3731624068596459
0.1696875000000000 0.3729509652342877
0.1700000000000000 0.3727396460624072
0.1703125000000000 0.3725284495476798
0.1706250000000000 0.3723173758936629
0.1709375000000000 0.3721064253037951
0.1712500000000000 0.3718955979813967
0.1715625000000000 0.3716848941296691
0.1718750000000000 0.3714743139516946
0.1721875000000000 0.3712638576504363
0.1725000000000000 0.3710535254287382
0.1728125000000000 0.3708433174893242
0.1731250000000000 0.3706332340347989
0.1734375000000000 0.3704232752676467
0.1737500000000000 0.3702134413902318
0.1740625000000000 0.3700037326047980
0.1743750000000000 0.3697941491134688
0.1746875000000000 0.3695846911182465
0.1750000000000000 0.3693753588210128
0.1753125000000000 0.3691661524235281
0.1756250000000000 0.3689570721274316
0.1759375000000000 0.3687481181342406
0.1762500000000000 0.3685392906453511
0.1765625000000000 0.3683305898620370
0.1768750000000000 0.3681220159854499
0.1771875000000000 0.3679135692166194
0.1775000000000000 0.3677052497564524
0.1778125000000000 0.3674970578057330
0.1781250000000000 0.3672889935651226
0.1784375000000000 0.3670810572351596
0.1787500000000000 0.3668732490162587
0.1790625000000000 0.3666655691087115
0.1793750000000000 0.3664580177126859
0.1796875000000000 0.3662505950282257
0.1800000000000000 0.3660433012552509
0.1803125000000000 0.3658361365935570
0.1806250000000000 0.3656291012428153
0.1809375000000000 0.3654221954025724
0.1812500000000000 0.3652154192722500
0.1815625000000000 0.3650087730511447
0.1818750000000000 0.3648022569384283
0.1821875000000000 0.3645958711331466
0.1825000000000000 0.3643896158342204
0.1828125000000000 0.3641834912404441
0.1831250000000000 0.3639774975504868
0.1834375000000000 0.3637716349628908
0.1837500000000000 0.3635659036760726
0.1840625000000000 0.3633603038883216
0.1843750000000000 0.3631548357978008
0.1846875000000000 0.3629494996025464
0.1850000000000000 0.3627442955004671
0.1853125000000000 0.3625392236893444
0.1856250000000000 0.3623342843668325
0.1859375000000000 0.3621294777304577
0.1862500000000000 0.3619248039776184
0.1865625000000000 0.3617202633055850
0.1868750000000000 0.3615158559114998
0.1871875000000000 0.3613115819923762
0.1875000000000000 0.3611074417450995
0.1878125000000000 0.3609034353664257
0.1881250000000000 0.3606995630529819
0.1884375000000000 0.3604958250012662
0.1887500000000000 0.3602922214076471
0.1890625000000000 0.3600887524683635
0.1893750000000000 0.3598854183795246
0.1896875000000000 0.3596822193371095
0.1900000000000000 0.3594791555369674
0.1903125000000000 0.3592762271748168
0.1906250000000000 0.3590734344462458
0.1909375000000000 0.3588707775467120
0.1912500000000000 0.3586682566715418
0.1915625000000000 0.3584658720159306
0.1918750000000000 0.3582636237749424
0.1921875000000000 0.3580615121435099
0.1925000000000000 0.3578595373164341
0.1928125000000000 0.3576576994883839
0.1931250000000000 0.3574559988538965
0.1934375000000000 0.3572544356073767
0.1937500000000000 0.3570530099430970
0.1940625000000000 0.3568517220551969
0.1943750000000000 0.3566505721376836
0.1946875000000000 0.3564495603844312
0.1950000000000000 0.3562486869891803
0.1953125000000000 0.3560479521455386
0.1956250000000000 0.3558473560469801
0.1959375000000000 0.3556468988868449
0.1962500000000000 0.3554465808583392
0.1965625000000000 0.3552464021545355
0.1968750000000000 0.3550463629683716
0.1971875000000000 0.3548464634926509
0.1975000000000000 0.3546467039200424
0.1978125000000000 0.3544470844430798
0.1981250000000000 0.3542476052541623
0.1984375000000000 0.3540482665455534
0.1987500000000000 0.3538490685093816
0.1990625000000000 0.3536500113376395
0.1993750000000000 0.3534510952221842
0.1996875000000000 0.3532523203547366
0.2000000000000000 0.3530536869268817
0.2003125000000000 0.3528551951300680
0.2006250000000000 0.3526568451556075
0.2009375000000000 0.3524586371946755
0.2012500000000000 0.3522605714383106
0.2015625000000000 0.3520626480774143
0.2018750000000000 0.3518648673027506
0.2021875000000000 0.3516672293049462
0.2025000000000000 0.3514697342744904
0.2028125000000000 0.3512723824017344
0.2031250000000000 0.3510751738768917
0.2034375000000000 0.3508781088900373
0.2037500000000000 0.3506811876311082
0.2040625000000000 0.3504844102899027
0.2043750000000000 0.3502877770560804
0.2046875000000000 0.3500912881191619
0.2050000000000000 0.3498949436685290
0.2053125000000000 0.3496987438934239
0.2056250000000000 0.3495026889829497
0.2059375000000000 0.3493067791260697
0.2062500000000000 0.3491110145116071
0.2065625000000000 0.3489153953282458
0.2068750000000000 0.3487199217645289
0.2071875000000000 0.3485245940088595
0.2075000000000000 0.3483294122495001
0.2078125000000000 0.3481343766745723
0.2081250000000000 0.3479394874720569
0.2084375000000000 0.3477447448297939
0.2087500000000000 0.3475501489354816
0.2090625000000000 0.3473556999766771
0.2093750000000000 0.3471613981407959
0.2096875000000000 0.3469672436151116
0.2100000000000000 0.3467732365867559
0.2103125000000000 0.3465793772427183
0.2106250000000000 0.3463856657698459
0.2109375000000000 0.3461921023548433
0.2112500000000000 0.3459986871842725
0.2115625000000000 0.3458054204445526
0.2118750000000000 0.3456123023219596
0.2121875000000000 0.3454193330026261
0.2125000000000000 0.3452265126725415
0.2128125000000000 0.3450338415175516
0.2131250000000000 0.3448413197233582
0.2134375000000000 0.3446489474755193
0.2137500000000000 0.3444567249594490
0.2140625000000000 0.3442646523604165
0.2143750000000000 0.3440727298635470
0.2146875000000000 0.3438809576538209
0.2150000000000000 0.3436893359160738
0.2153125000000000 0.3434978648349958
0.2156250000000000 0.3433065445951326
0.2159375000000000 0.3431153753808839
0.2162500000000000 0.3429243573765041
0.2165625000000000 0.3427334907661018
0.2168750000000000 0.3425427757336396
0.2171875000000000 0.3423522124629341
0.2175000000000000 0.3421618011376556
0.2178125000000000 0.3419715419413280
0.2181250000000000 0.3417814350573285
0.2184375000000000 0.3415914806688876
0.2187500000000000 0.3414016789590886
0.2190625000000000 0.3412120301108680
0.2193750000000000 0.3410225343070146
0.2196875000000000 0.3408331917301698
0.2200000000000000 0.3406440025628276
0.2203125000000000 0.3404549669873337
0.2206250000000000 0.3402660851858860
0.2209375000000000 0.3400773573405343
0.2212500000000000 0.3398887836331798
0.2215625000000000 0.3397003642455750
0.2218750000000000 0.3395120993593242
0.2221875000000000 0.3393239891558823
0.2225000000000000 0.3391360338165553
0.2228125000000000 0.3389482335224998
0.2231250000000000 0.3387605884547232
0.2234375000000000 0.3385730987940831
0.2237500000000000 0.3383857647212875
0.2240625000000000 0.3381985864168942
0.2243750000000000 0.3380115640613109
0.2246875000000000 0.3378246978347952
0.2250000000000000 0.3376379879174541
0.2253125000000000 0.3374514344892439
0.2256250000000000 0.3372650377299700
0.2259375000000000 0.3370787978192871
0.2262500000000000 0.3368927149366983
0.2265625000000000 0.3367067892615558
0.2268750000000000 0.3365210209730600
0.2271875000000000 0.3363354102502596
0.2275000000000000 0.3361499572720515
0.2278125000000000 0.3359646622171807
0.2281250000000000 0.3357795252642397
0.2284375000000000 0.3355945465916688
0.2287500000000000 0.3354097263777557
0.2290625000000000 0.3352250648006355
0.2293750000000000 0.3350405620382901
0.2296875000000000 0.3348562182685487
0.2300000000000000 0.3346720336690870
0.2303125000000000 0.3344880084174274
0.2306250000000000 0.3343041426909386
0.2309375000000000 0.3341204366668356
0.2312500000000000 0.3339368905221796
0.2315625000000000 0.3337535044338775
0.2318750000000000 0.3335702785786822
0.2321875000000000 0.3333872131331918
0.2325000000000000 0.3332043082738501
0.2328125000000000 0.3330215641769460
0.2331250000000000 0.3328389810186134
0.2334375000000000 0.3326565589748313
0.2337500000000000 0.3324742982214230
0.2340625000000000 0.3322921989340570
0.2343750000000000 0.3321102612882454
0.2346875000000000 0.3319284854593451
0.2350000000000000 0.3317468716225567
0.2353125000000000 0.3315654199529248
0.2356250000000000 0.3313841306253378
0.2359375000000000 0.3312030038145274
0.2362500000000000 0.3310220396950688
0.2365625000000000 0.3308412384413805
0.2368750000000000 0.3306606002277237
0.2371875000000000 0.3304801252282027
0.2375000000000000 0.3302998136167646
0.2378125000000000 0.3301196655671986
0.2381250000000000 0.3299396812531368
0.2384375000000000 0.3297598608480531
0.2387500000000000 0.3295802045252634
0.2390625000000000 0.3294007124579258
0.2393750000000000 0.3292213848190397
0.2396875000000000 0.3290422217814462
0.2400000000000000 0.3288632235178278
0.2403125000000000 0.3286843902007082
0.2406250000000000 0.3285057220024518
0.2409375000000000 0.3283272190952643
0.2412500000000000 0.3281488816511918
0.2415625000000000 0.3279707098421211
0.2418750000000000 0.3277927038397792
0.2421875000000000 0.3276148638157333
0.2425000000000000 0.3274371899413907
0.2428125000000000 0.3272596823879986
0.2431250000000000 0.3270823413266438
0.2434375000000000 0.3269051669282528
0.2437500000000000 0.3267281593635910
0.2440625000000000 0.3265513188032637
0.2443750000000000 0.3263746454177146
0.2446875000000000 0.3261981393772266
0.2450000000000000 0.3260218008519215
0.2453125000000000 0.3258456300117589
0.2456250000000000 0.3256696270265378
0.2459375000000000 0.3254937920658945
0.2462500000000000 0.3253181252993039
0.2465625000000000 0.3251426268960786
0.2468750000000000 0.3249672970253691
0.2471875000000000 0.3247921358561631
0.2475000000000000 0.3246171435572861
0.2478125000000000 0.3244423202974005
0.2481250000000000 0.3242676662450060
0.2484375000000000 0.3240931815684392
0.2487500000000000 0.3239188664358734
0.2490625000000000 0.3237447210153185
0.2493750000000000 0.3235707454746207
0.2496875000000000 0.3233969399814627
0.2500000000000000 0.3232233047033631
0.2503125000000000 0.3230498398076767
0.2506250000000000 0.3228765454615936
0.2509375000000000 0.3227034218321400
0.2512500000000000 0.3225304690861774
0.2515625000000000 0.3223576873904026
0.2518750000000000 0.3221850769113475
0.2521875000000000 0.3220126378153789
0.2525000000000000 0.3218403702686987
0.2528125000000000 0.3216682744373430
0.2531250000000000 0.3214963504871829
0.2534375000000000 0.3213245985839236
0.2537500000000000 0.3211530188931043
0.2540625000000000 0.3209816115800985
0.2543750000000000 0.3208103768101134
0.2546875000000000 0.3206393147481900
0.2550000000000000 0.3204684255592028
0.2553125000000000 0.3202977094078596
0.2556250000000000 0.3201271664587015
0.2559375000000000 0.3199567968761028
0.2562500000000000 0.3197866008242704
0.2565625000000000 0.3196165784672440
0.2568750000000000 0.3194467299688961
0.2571875000000000 0.3192770554929317
0.2575000000000000 0.3191075552028877
0.2578125000000000 0.3189382292621333
0.2581250000000000 0.3187690778338697
0.2584375000000000 0.3186001010811299
0.2587500000000000 0.3184312991667784
0.2590625000000000 0.3182626722535113
0.2593750000000000 0.3180942205038563
0.2596875000000000 0.3179259440801717
0.2600000000000000 0.3177578431446471
0.2603125000000000 0.3175899178593031
0.2606250000000000 0.3174221683859909
0.2609375000000000 0.3172545948863921
0.2612500000000000 0.3170871975220189
0.2615625000000000 0.3169199764542134
0.2618750000000000 0.3167529318441484
0.2621875000000000 0.3165860638528261
0.2625000000000000 0.3164193726410786
0.2628125000000000 0.3162528583695676
0.2631250000000000 0.3160865211987844
0.2634375000000000 0.3159203612890494
0.2637500000000000 0.3157543788005123
0.2640625000000000 0.3155885738931518
0.2643750000000000 0.3154229467267752
0.2646875000000000 0.3152574974610189
0.2650000000000000 0.3150922262553476
0.2653125000000000 0.3149271332690542
0.2656250000000000 0.3147622186612602
0.2659375000000000 0.3145974825909150
0.2662500000000000 0.3144329252167958
0.2665625000000000 0.3142685466975077
0.2668750000000000 0.3141043471914834
0.2671875000000000 0.3139403268569833
0.2675000000000000 0.3137764858520945
0.2678125000000000 0.3136128243347318
0.2681250000000000 0.3134493424626369
0.2684375000000000 0.3132860403933782
0.2687500000000000 0.3131229182843508
0.2690625000000000 0.3129599762927766
0.2693750000000000 0.3127972145757036
0.2696875000000000 0.3126346332900063
0.2700000000000000 0.3124722325923851
0.2703125000000000 0.3123100126393664
0.2706250000000000 0.3121479735873025
0.2709375000000000 0.3119861155923711
0.2712500000000000 0.3118244388105758
0.2715625000000000 0.3116629433977449
0.2718750000000000 0.3115016295095326
0.2721875000000000 0.3113404973014177
0.2725000000000000 0.3111795469287041
0.2728125000000000 0.3110187785465202
0.2731250000000000 0.3108581923098193
0.2734375000000000 0.3106977883733789
0.2737500000000000 0.3105375668918008
0.2740625000000000 0.3103775280195112
0.2743750000000000 0.3102176719107601
0.2746875000000000 0.3100579987196213
0.2750000000000000 0.3098985085999922
0.2753125000000000 0.3097392017055943
0.2756250000000000 0.3095800781899719
0.2759375000000000 0.3094211382064928
0.2762500000000000 0.3092623819083478
0.2765625000000000 0.3091038094485509
0.2768750000000000 0.3089454209799387
0.2771875000000000 0.3087872166551704
0.2775000000000000 0.3086291966267279
0.2778125000000000 0.3084713610469156
0.2781250000000000 0.3083137100678596
0.2784375000000000 0.3081562438415086
0.2787500000000000 0.3079989625196331
0.2790625000000000 0.3078418662538251
0.2793750000000000 0.3076849551954986
0.2796875000000000 0.3075282294958889
0.2800000000000000 0.3073716893060527
0.2803125000000000 0.3072153347768679
0.2806250000000000 0.3070591660590334
0.2809375000000000 0.3069031833030692
0.2812500000000000 0.3067473866593158
0.2815625000000000 0.3065917762779344
0.2818750000000000 0.3064363523089068
0.2821875000000000 0.3062811149020351
0.2825000000000000 0.3061260642069414
0.2828125000000000 0.3059712003730680
0.2831250000000000 0.3058165235496772
0.2834375000000000 0.3056620338858508
0.2837500000000000 0.3055077315304904
0.2840625000000000 0.3053536166323170
0.2843750000000000 0.3051996893398708
0.2846875000000000 0.3050459498015115
0.2850000000000000 0.3048923981654176
0.2853125000000000 0.3047390345795864
0.2856250000000000 0.3045858591918342
0.2859375000000000 0.3044328721497959
0.2862500000000000 0.3042800736009246
0.2865625000000000 0.3041274636924920
0.2868750000000000 0.3039750425715878
0.2871875000000000 0.3038228103851198
0.2875000000000000 0.3036707672798138
0.2878125000000000 0.3035189134022132
0.2881250000000000 0.3033672488986792
0.2884375000000000 0.3032157739153902
0.2887500000000000 0.3030644885983423
0.2890625000000000 0.3029133930933484
0.2893750000000000 0.3027624875460388
0.2896875000000000 0.3026117721018606
0.2900000000000000 0.3024612469060775
0.2903125000000000 0.3023109121037699
0.2906250000000000 0.3021607678398349
0.2909375000000000 0.3020108142589859
0.2912500000000000 0.3018610515057523
0.2915625000000000 0.3017114797244798
0.2918750000000000 0.3015620990593297
0.2921875000000000 0.3014129096542797
0.2925000000000000 0.3012639116531225
0.2928125000000000 0.3011151051994667
0.2931250000000000 0.3009664904367363
0.2934375000000000 0.3008180675081704
0.2937500000000000 0.3006698365568232
0.2940625000000000 0.3005217977255639
0.2943750000000000 0.3003739511570767
0.2946875000000000 0.3002262969938600
0.2950000000000000 0.3000788353782274
0.2953125000000000 0.2999315664523065
0.2956250000000000 0.2997844903580392
0.2959375000000000 0.2996376072371817
0.2962500000000000 0.2994909172313042
0.2965625000000000 0.2993444204817907
0.2968750000000000 0.2991981171298388
0.2971875000000000 0.2990520073164599
0.2975000000000000 0.2989060911824789
0.2978125000000000 0.2987603688685338
0.2981250000000000 0.2986148405150759
0.2984375000000000 0.2984695062623698
0.2987500000000000 0.2983243662504925
0.2990625000000000 0.2981794206193342
0.2993750000000000 0.2980346695085977
0.2996875000000000 0.2978901130577981
0.3000000000000000 0.2977457514062631
0.3003125000000000 0.2976015846931326
0.3006250000000000 0.2974576130573586
0.3009375000000000 0.2973138366377049
0.3012500000000000 0.2971702555727475
0.3015625000000000 0.2970268700008738
0.3018750000000000 0.2968836800602830
0.3021875000000000 0.2967406858889855
0.3025000000000000 0.2965978876248033
0.3028125000000000 0.2964552854053693
0.3031250000000000 0.2963128793681277
0.3034375000000000 0.2961706696503333
0.3037500000000000 0.2960286563890522
0.3040625000000000 0.2958868397211605
0.3043750000000000 0.2957452197833454
0.3046875000000000 0.2956037967121041
0.3050000000000000 0.2954625706437441
0.3053125000000000 0.2953215417143833
0.3056250000000000 0.2951807100599493
0.3059375000000000 0.2950400758161796
0.3062500000000000 0.2948996391186216
0.3065625000000000 0.2947594001026321
0.3068750000000000 0.2946193589033775
0.3071875000000000 0.2944795156558335
0.3075000000000000 0.2943398704947850
0.3078125000000000 0.2942004235548260
0.3081250000000000 0.2940611749703594
0.3084375000000000 0.2939221248755970
0.3087500000000000 0.2937832734045591
0.3090625000000000 0.2936446206910749
0.3093750000000000 0.2935061668687817
0.3096875000000000 0.2933679120711253
0.3100000000000000 0.2932298564313596
0.3103125000000000 0.2930920000825464
0.3106250000000000 0.2929543431575559
0.3109375000000000 0.2928168857890655
0.3112500000000000 0.2926796281095606
0.3115625000000000 0.2925425702513341
0.3118750000000000 0.2924057123464862
0.3121875000000000 0.2922690545269245
0.3125000000000000 0.2921325969243637
0.3128125000000000 0.2919963396703255
0.3131250000000000 0.2918602828961385
0.3134375000000000 0.2917244267329381
0.3137500000000000 0.2915887713116664
0.3140625000000000 0.2914533167630719
0.3143750000000000 0.2913180632177096
0.3146875000000000 0.2911830108059407
0.3150000000000000 0.2910481596579325
0.3153125000000000 0.2909135099036584
0.3156250000000000 0.2907790616728977
0.3159375000000000 0.2906448150952354
0.3162500000000000 0.2905107703000622
0.3165625000000000 0.2903769274165744
0.3168750000000000 0.2902432865737734
0.3171875000000000 0.2901098479004661
0.3175000000000000 0.2899766115252645
0.3178125000000000 0.2898435775765857
0.3181250000000000 0.2897107461826515
0.3184375000000000 0.2895781174714886
0.3187500000000000 0.2894456915709284
0.3190625000000000 0.2893134686086066
0.3193750000000000 0.2891814487119636
0.3196875000000000 0.2890496320082440
0.3200000000000000 0.2889180186244962
0.3203125000000000 0.2887866086875732
0.3206250000000000 0.2886554023241316
0.3209375000000000 0.2885243996606317
0.3212500000000000 0.2883936008233378
0.3215625000000000 0.2882630059383172
0.3218750000000000 0.2881326151314414
0.3221875000000000 0.2880024285283845
0.3225000000000000 0.2878724462546240
0.3228125000000000 0.2877426684354408
0.3231250000000000 0.2876130951959183
0.3234375000000000 0.2874837266609428
0.3237500000000000 0.2873545629552035
0.3240625000000000 0.2872256042031919
0.3243750000000000 0.2870968505292023
0.3246875000000000 0.2869683020573311
0.3250000000000000 0.2868399589114770
0.3253125000000000 0.2867118212153407
0.3256250000000000 0.2865838890924249
0.3259375000000000 0.2864561626660345
0.3262500000000000 0.2863286420592756
0.3265625000000000 0.2862013273950562
0.3268750000000000 0.2860742187960860
0.3271875000000000 0.2859473163848757
0.3275000000000000 0.2858206202837376
0.3278125000000000 0.2856941306147849
0.3281250000000000 0.2855678474999320
0.3284375000000000 0.2854417710608941
0.3287500000000000 0.2853159014191874
0.3290625000000000 0.2851902386961285
0.3293750000000000 0.2850647830128347
0.3296875000000000 0.2849395344902239
0.3300000000000000 0.2848144932490141
0.3303125000000000 0.2846896594097236
0.3306250000000000 0.2845650330926709
0.3309375000000000 0.2844406144179743
0.3312500000000000 0.2843164035055521
0.3315625000000000 0.2841924004751222
0.3318750000000000 0.2840686054462025
0.3321875000000000 0.2839450185381099
0.3325000000000000 0.2838216398699612
0.3328125000000000 0.2836984695606722
0.3331250000000000 0.2835755077289579
0.3334375000000000 0.2834527544933325
0.3337500000000000 0.2833302099721089
0.3340625000000000 0.2832078742833993
0.3343750000000000 0.2830857475451140
0.3346875000000000 0.2829638298749624
0.3350000000000000 0.2828421213904522
0.3353125000000000 0.2827206222088895
0.3356250000000000 0.2825993324473786
0.3359375000000000 0.2824782522228222
0.3362500000000000 0.2823573816519206
0.3365625000000000 0.2822367208511726
0.3368750000000000 0.2821162699368743
0.3371875000000000 0.2819960290251198
0.3375000000000000 0.2818759982318008
0.3378125000000000 0.2817561776726061
0.3381250000000000 0.2816365674630226
0.3384375000000000 0.2815171677183336
0.3387500000000000 0.2813979785536203
0.3390625000000000 0.2812790000837604
0.3393750000000000 0.2811602324234289
0.3396875000000000 0.2810416756870973
0.3400000000000000 0.2809233299890341
0.3403125000000000 0.2808051954433042
0.3406250000000000 0.2806872721637689
0.3409375000000000 0.2805695602640862
0.3412500000000000 0.2804520598577102
0.3415625000000000 0.2803347710578910
0.3418750000000000 0.2802176939776749
0.3421875000000000 0.2801008287299043
0.3425000000000000 0.2799841754272170
0.3428125000000000 0.2798677341820470
0.3431250000000000 0.2797515051066235
0.3434375000000000 0.2796354883129715
0.3437500000000000 0.2795196839129113
0.3440625000000000 0.2794040920180584
0.3443750000000000 0.2792887127398236
0.3446875000000000 0.2791735461894127
0.3450000000000000 0.2790585924778266
0.3453125000000000 0.2789438517158609
0.3456250000000000 0.2788293240141061
0.3459375000000000 0.2787150094829471
0.3462500000000000 0.2786009082325636
0.3465625000000000 0.2784870203729296
0.3468750000000000 0.2783733460138134
0.3471875000000000 0.2782598852647777
0.3475000000000000 0.2781466382351792
0.3478125000000000 0.2780336050341685
0.3481250000000000 0.2779207857706903
0.3484375000000000 0.2778081805534831
0.3487500000000000 0.2776957894910789
0.3490625000000000 0.2775836126918034
0.3493750000000000 0.2774716502637758
0.3496875000000000 0.2773599023149088
0.3500000000000000 0.2772483689529081
0.3503125000000000 0.2771370502852727
0.3506250000000000 0.2770259464192948
0.3509375000000000 0.2769150574620596
0.3512500000000000 0.2768043835204448
0.3515625000000000 0.2766939247011212
0.3518750000000000 0.2765836811105521
0.3521875000000000 0.2764736528549935
0.3525000000000000 0.2763638400404937
0.3528125000000000 0.2762542427728935
0.3531250000000000 0.2761448611578258
0.3534375000000000 0.2760356953007156
0.3537500000000000 0.2759267453067804
0.3540625000000000 0.2758180112810289
0.3543750000000000 0.2757094933282623
0.3546875000000000 0.2756011915530733
0.3550000000000000 0.2754931060598461
0.3553125000000000 0.2753852369527566
0.3556250000000000 0.2752775843357723
0.3559375000000000 0.2751701483126516
0.3562500000000000 0.2750629289869446
0.3565625000000000 0.2749559264619923
0.3568750000000000 0.2748491408409267
0.3571875000000000 0.2747425722266708
0.3575000000000000 0.2746362207219386
0.3578125000000000 0.2745300864292346
0.3581250000000000 0.2744241694508541
0.3584375000000000 0.2743184698888829
0.3587500000000000 0.2742129878451972
0.3590625000000000 0.2741077234214637
0.3593750000000000 0.2740026767191391
0.3596875000000000 0.2738978478394706
0.3600000000000000 0.2737932368834951
0.3603125000000000 0.2736888439520397
0.3606250000000000 0.2735846691457212
0.3609375000000000 0.2734807125649463
0.3612500000000000 0.2733769743099113
0.3615625000000000 0.2732734544806021
0.3618750000000000 0.2731701531767941
0.3621875000000000 0.2730670704980519
0.3625000000000000 0.2729642065437297
0.3628125000000000 0.2728615614129706
0.3631250000000000 0.2727591352047068
0.3634375000000000 0.2726569280176598
0.3637500000000000 0.2725549399503397
0.3640625000000000 0.2724531711010456
0.3643750000000000 0.2723516215678650
0.3646875000000000 0.2722502914486745
0.3650000000000000 0.2721491808411387
0.3653125000000000 0.2720482898427110
0.3656250000000000 0.2719476185506331
0.3659375000000000 0.2718471670619347
0.3662500000000000 0.2717469354734339
0.3665625000000000 0.2716469238817368
0.3668750000000000 0.2715471323832372
0.3671875000000000 0.2714475610741173
0.3675000000000000 0.2713482100503466
0.3678125000000000 0.2712490794076824
0.3681250000000000 0.2711501692416698
0.3684375000000000 0.2710514796476410
0.3687500000000000 0.2709530107207160
0.3690625000000000 0.2708547625558020
0.3693750000000000 0.2707567352475932
0.3696875000000000 0.2706589288905713
0.3700000000000000 0.2705613435790047
0.3703125000000000 0.2704639794069490
0.3706250000000000 0.2703668364682466
0.3709375000000000 0.2702699148565265
0.3712500000000000 0.2701732146652045
0.3715625000000000 0.2700767359874832
0.3718750000000000 0.2699804789163513
0.3721875000000000 0.2698844435445842
0.3725000000000000 0.2697886299647434
0.3728125000000000 0.2696930382691770
0.3731250000000000 0.2695976685500188
0.3734375000000000 0.2695025208991889
0.3737500000000000 0.2694075954083933
0.3740625000000000 0.2693128921691239
0.3743750000000000 0.2692184112726584
0.3746875000000000 0.2691241528100603
0.3750000000000000 0.2690301168721783
0.3753125000000000 0.2689363035496471
0.3756250000000000 0.2688427129328868
0.3759375000000000 0.2687493451121023
0.3762500000000000 0.2686562001772845
0.3765625000000000 0.2685632782182090
0.3768750000000000 0.2684705793244367
0.3771875000000000 0.2683781035853133
0.3775000000000000 0.2682858510899698
0.3778125000000000 0.2681938219273216
0.3781250000000000 0.2681020161860690
0.3784375000000000 0.2680104339546970
0.3787500000000000 0.2679190753214753
0.3790625000000000 0.2678279403744579
0.3793750000000000 0.2677370292014831
0.3796875000000000 0.2676463418901739
0.3800000000000000 0.2675558785279372
0.3803125000000000 0.2674656392019641
0.3806250000000000 0.2673756239992299
0.3809375000000000 0.2672858330064939
0.3812500000000000 0.2671962663102991
0.3815625000000000 0.2671069239969724
0.3818750000000000 0.2670178061526247
0.3821875000000000 0.2669289128631501
0.3825000000000000 0.2668402442142265
0.3828125000000000 0.2667518002913153
0.3831250000000000 0.2666635811796613
0.3834375000000000 0.2665755869642925
0.3837500000000000 0.2664878177300204
0.3840625000000000 0.2664002735614393
0.3843750000000000 0.2663129545429269
0.3846875000000000 0.2662258607586437
0.3850000000000000 0.2661389922925332
0.3853125000000000 0.2660523492283216
0.3856250000000000 0.2659659316495181
0.3859375000000000 0.2658797396394144
0.3862500000000000 0.2657937732810847
0.3865625000000000 0.2657080326573859
0.3868750000000000 0.2656225178509571
0.3871875000000000 0.2655372289442203
0.3875000000000000 0.2654521660193789
0.3878125000000000 0.2653673291584194
0.3881250000000000 0.2652827184431097
0.3884375000000000 0.2651983339550001
0.3887500000000000 0.2651141757754227
0.3890625000000000 0.2650302439854917
0.3893750000000000 0.2649465386661028
0.3896875000000000 0.2648630598979338
0.3900000000000000 0.2647798077614436
0.3903125000000000 0.2646967823368732
0.3906250000000000 0.2646139837042448
0.3909375000000000 0.2645314119433621
0.3912500000000000 0.2644490671338101
0.3915625000000000 0.2643669493549550
0.3918750000000000 0.2642850586859443
0.3921875000000000 0.2642033952057067
0.3925000000000000 0.2641219589929516
0.3928125000000000 0.2640407501261697
0.3931250000000000 0.2639597686836322
0.3934375000000000 0.2638790147433915
0.3937500000000000 0.2637984883832805
0.3940625000000000 0.2637181896809128
0.3943750000000000 0.2636381187136826
0.3946875000000000 0.2635582755587645
0.3950000000000000 0.2634786602931137
0.3953125000000000 0.2633992729934655
0.3956250000000000 0.2633201137363359
0.3959375000000000 0.2632411825980207
0.3962500000000000 0.2631624796545959
0.3965625000000000 0.2630840049819178
0.3968750000000000 0.2630057586556224
0.3971875000000000 0.2629277407511258
0.3975000000000000 0.2628499513436239
0.3978125000000000 0.2627723905080922
0.3981250000000000 0.2626950583192862
0.3984375000000000 0.2626179548517408
0.3987500000000000 0.2625410801797706
0.3990625000000000 0.2624644343774695
0.3993750000000000 0.2623880175187109
0.3996875000000000 0.2623118296771476
0.4000000000000000 0.2622358709262116
0.4003125000000000 0.2621601413391141
0.4006250000000000 0.2620846409888454
0.4009375000000000 0.2620093699481750
0.4012500000000000 0.2619343282896511
0.4015625000000000 0.2618595160856012
0.4018750000000000 0.2617849334081312
0.4021875000000000 0.2617105803291262
0.4025000000000000 0.2616364569202497
0.4028125000000000 0.2615625632529440
0.4031250000000000 0.2614888993984299
0.4034375000000000 0.2614154654277067
0.4037500000000000 0.2613422614115523
0.4040625000000000 0.2612692874205226
0.4043750000000000 0.2611965435249521
0.4046875000000000 0.2611240297949534
0.4050000000000000 0.2610517463004175
0.4053125000000000 0.2609796931110130
0.4056250000000000 0.2609078702961870
0.4059375000000000 0.2608362779251644
0.4062500000000000 0.2607649160669477
0.4065625000000000 0.2606937847903179
0.4068750000000000 0.2606228841638331
0.4071875000000000 0.2605522142558293
0.4075000000000000 0.2604817751344202
0.4078125000000000 0.2604115668674971
0.4081250000000000 0.2603415895227288
0.4084375000000000 0.2602718431675613
0.4087500000000000 0.2602023278692182
0.4090625000000000 0.2601330436947003
0.4093750000000000 0.2600639907107857
0.4096875000000000 0.2599951689840295
0.4100000000000000 0.2599265785807642
0.4103125000000000 0.2598582195670992
0.4106250000000000 0.2597900920089207
0.4109375000000000 0.2597221959718921
0.4112500000000000 0.2596545315214535
0.4115625000000000 0.2595870987228218
0.4118750000000000 0.2595198976409908
0.4121875000000000 0.2594529283407305
0.4125000000000000 0.2593861908865882
0.4128125000000000 0.2593196853428871
0.4131250000000000 0.2592534117737272
0.4134375000000000 0.2591873702429849
0.4137500000000000 0.2591215608143128
0.4140625000000000 0.2590559835511400
0.4143750000000000 0.2589906385166718
0.4146875000000000 0.2589255257738894
0.4150000000000000 0.2588606453855505
0.4153125000000000 0.2587959974141886
0.4156250000000000 0.2587315819221132
0.4159375000000000 0.2586673989714098
0.4162500000000000 0.2586034486239399
0.4165625000000000 0.2585397309413404
0.4168750000000000 0.2584762459850245
0.4171875000000000 0.2584129938161807
0.4175000000000000 0.2583499744957732
0.4178125000000000 0.2582871880845418
0.4181250000000000 0.2582246346430019
0.4184375000000000 0.2581623142314443
0.4187500000000000 0.2581002269099351
0.4190625000000000 0.2580383727383159
0.4193750000000000 0.2579767517762034
0.4196875000000000 0.2579153640829898
0.4200000000000000 0.2578542097178422
0.4203125000000000 0.2577932887397030
0.4206250000000000 0.2577326012072895
0.4209375000000000 0.2576721471790941
0.4212500000000000 0.2576119267133841
0.4215625000000000 0.2575519398682017
0.4218750000000000 0.2574921867013640
0.4221875000000000 0.2574326672704627
0.4225000000000000 0.2573733816328644
0.4228125000000000 0.2573143298457102
0.4231250000000000 0.2572555119659160
0.4234375000000000 0.2571969280501720
0.4237500000000000 0.2571385781549432
0.4240625000000000 0.2570804623364689
0.4243750000000000 0.2570225806507627
0.4246875000000000 0.2569649331536126
0.4250000000000000 0.2569075199005809
0.4253125000000000 0.2568503409470041
0.4256250000000000 0.2567933963479930
0.4259375000000000 0.2567366861584325
0.4262500000000000 0.2566802104329813
0.4265625000000000 0.2566239692260723
0.4268750000000000 0.2565679625919126
0.4271875000000000 0.2565121905844828
0.4275000000000000 0.2564566532575376
0.4278125000000000 0.2564013506646056
0.4281250000000000 0.2563462828589887
0.4284375000000000 0.2562914498937631
0.4287500000000000 0.2562368518217782
0.4290625000000000 0.2561824886956574
0.4293750000000000 0.2561283605677972
0.4296875000000000 0.2560744674903679
0.4300000000000000 0.2560208095153131
0.4303125000000000 0.2559673866943502
0.4306250000000000 0.2559141990789692
0.4309375000000000 0.2558612467204341
0.4312500000000000 0.2558085296697818
0.4315625000000000 0.2557560479778227
0.4318750000000000 0.2557038016951399
0.4321875000000000 0.2556517908720899
0.4325000000000000 0.2556000155588023
0.4328125000000000 0.2555484758051796
0.4331250000000000 0.2554971716608972
0.4334375000000000 0.2554461031754036
0.4337500000000000 0.2553952703979200
0.4340625000000000 0.2553446733774405
0.4343750000000000 0.2552943121627319
0.4346875000000000 0.2552441868023339
0.4350000000000000 0.2551942973445586
0.4353125000000000 0.2551446438374909
0.4356250000000000 0.2550952263289884
0.4359375000000000 0.2550460448666809
0.4362500000000000 0.2549970994979711
0.4365625000000000 0.2549483902700338
0.4368750000000000 0.2548999172298164
0.4371875000000000 0.2548516804240386
0.4375000000000000 0.2548036798991924
0.4378125000000000 0.2547559157015420
0.4381250000000000 0.2547083878771240
0.4384375000000000 0.2546610964717471
0.4387500000000000 0.2546140415309919
0.4390625000000000 0.2545672231002115
0.4393750000000000 0.2545206412245307
0.4396875000000000 0.2544742959488465
0.4400000000000000 0.2544281873178278
0.4403125000000000 0.2543823153759155
0.4406250000000000 0.2543366801673220
0.4409375000000000 0.2542912817360322
0.4412500000000000 0.2542461201258021
0.4415625000000000 0.2542011953801598
0.4418750000000000 0.2541565075424053
0.4421875000000000 0.2541120566556096
0.4425000000000000 0.2540678427626161
0.4428125000000000 0.2540238659060391
0.4431250000000000 0.2539801261282649
0.4434375000000000 0.2539366234714512
0.4437500000000000 0.2538933579775271
0.4440625000000000 0.2538503296881930
0.4443750000000000 0.2538075386449208
0.4446875000000000 0.2537649848889538
0.4450000000000000 0.2537226684613065
0.4453125000000000 0.2536805894027647
0.4456250000000000 0.2536387477538853
0.4459375000000000 0.2535971435549966
0.4462500000000000 0.2535557768461978
0.4465625000000000 0.2535146476673594
0.4468750000000000 0.2534737560581228
0.4471875000000000 0.2534331020579006
0.4475000000000000 0.2533926857058761
0.4478125000000000 0.2533525070410040
0.4481250000000000 0.2533125661020094
0.4484375000000000 0.2532728629273885
0.4487500000000000 0.2532333975554086
0.4490625000000000 0.2531941700241074
0.4493750000000000 0.2531551803712935
0.4496875000000000 0.2531164286345462
0.4500000000000000 0.2530779148512156
0.4503125000000000 0.2530396390584223
0.4506250000000000 0.2530016012930578
0.4509375000000000 0.2529638015917837
0.4512500000000000 0.2529262399910327
0.4515625000000000 0.2528889165270075
0.4518750000000000 0.2528518312356817
0.4521875000000000 0.2528149841527990
0.4525000000000000 0.2527783753138739
0.4528125000000000 0.2527420047541907
0.4531250000000000 0.2527058725088047
0.4534375000000000 0.2526699786125411
0.4537500000000000 0.2526343230999954
0.4540625000000000 0.2525989060055334
0.4543750000000000 0.2525637273632911
0.4546875000000000 0.2525287872071748
0.4550000000000000 0.2524940855708606
0.4553125000000000 0.2524596224877951
0.4556250000000000 0.2524253979911948
0.4559375000000000 0.2523914121140461
0.4562500000000000 0.2523576648891057
0.4565625000000000 0.2523241563489000
0.4568750000000000 0.2522908865257257
0.4571875000000000 0.2522578554516490
0.4575000000000000 0.2522250631585063
0.4578125000000000 0.2521925096779037
0.4581250000000000 0.2521601950412172
0.4584375000000000 0.2521281192795924
0.4587500000000000 0.2520962824239452
0.4590625000000000 0.2520646845049606
0.4593750000000000 0.2520333255530935
0.4596875000000000 0.2520022055985687
0.4600000000000000 0.2519713246713805
0.4603125000000000 0.2519406828012928
0.4606250000000000 0.2519102800178391
0.4609375000000000 0.2518801163503225
0.4612500000000000 0.2518501918278155
0.4615625000000000 0.2518205064791603
0.4618750000000000 0.2517910603329685
0.4621875000000000 0.2517618534176210
0.4625000000000000 0.2517328857612684
0.4628125000000000 0.2517041573918305
0.4631250000000000 0.2516756683369965
0.4634375000000000 0.2516474186242250
0.4637500000000000 0.2516194082807439
0.4640625000000000 0.2515916373335503
0.4643750000000000 0.2515641058094106
0.4646875000000000 0.2515368137348606
0.4650000000000000 0.2515097611362050
0.4653125000000000 0.2514829480395181
0.4656250000000000 0.2514563744706430
0.4659375000000000 0.2514300404551919
0.4662500000000000 0.2514039460185465
0.4665625000000000 0.2513780911858574
0.4668750000000000 0.2513524759820440
0.4671875000000000 0.2513271004317951
0.4675000000000000 0.2513019645595684
0.4678125000000000 0.2512770683895905
0.4681250000000000 0.2512524119458570
0.4684375000000000 0.2512279952521326
0.4687500000000000 0.2512038183319508
0.4690625000000000 0.2511798812086139
0.4693750000000000 0.2511561839051932
0.4696875000000000 0.2511327264445289
0.4700000000000000 0.2511095088492300
0.4703125000000000 0.2510865311416742
0.4706250000000000 0.2510637933440081
0.4709375000000000 0.2510412954781469
0.4712500000000000 0.2510190375657749
0.4715625000000000 0.2509970196283449
0.4718750000000000 0.2509752416870782
0.4721875000000000 0.2509537037629652
0.4725000000000000 0.2509324058767647
0.4728125000000000 0.2509113480490042
0.4731250000000000 0.2508905302999798
0.4734375000000000 0.2508699526497563
0.4737500000000000 0.2508496151181671
0.4740625000000000 0.2508295177248139
0.4743750000000000 0.2508096604890673
0.4746875000000000 0.2507900434300662
0.4750000000000000 0.2507706665667180
0.4753125000000000 0.2507515299176988
0.4756250000000000 0.2507326335014530
0.4759375000000000 0.2507139773361936
0.4762500000000000 0.2506955614399018
0.4765625000000000 0.2506773858303274
0.4768750000000000 0.2506594505249887
0.4771875000000000 0.2506417555411721
0.4775000000000000 0.2506243008959325
0.4778125000000000 0.2506070866060933
0.4781250000000000 0.2505901126882460
0.4784375000000000 0.2505733791587508
0.4787500000000000 0.2505568860337357
0.4790625000000000 0.2505406333290974
0.4793750000000000 0.2505246210605006
0.4796875000000000 0.2505088492433784
0.4800000000000000 0.2504933178929321
0.4803125000000000 0.2504780270241314
0.4806250000000000 0.2504629766517139
0.4809375000000000 0.2504481667901858
0.4812500000000000 0.2504335974538210
0.4815625000000000 0.2504192686566621
0.4818750000000000 0.2504051804125194
0.4821875000000000 0.2503913327349716
0.4825000000000000 0.2503777256373655
0.4828125000000000 0.2503643591328161
0.4831250000000000 0.2503512332342063
0.4834375000000000 0.2503383479541872
0.4837500000000000 0.2503257033051781
0.4840625000000000 0.2503132992993662
0.4843750000000000 0.2503011359487069
0.4846875000000000 0.2502892132649235
0.4850000000000000 0.2502775312595075
0.4853125000000000 0.2502660899437183
0.4856250000000000 0.2502548893285834
0.4859375000000000 0.2502439294248982
0.4862500000000000 0.2502332102432263
0.4865625000000000 0.2502227317938990
0.4868750000000000 0.2502124940870158
0.4871875000000000 0.2502024971324441
0.4875000000000000 0.2501927409398192
0.4878125000000000 0.2501832255185445
0.4881250000000000 0.2501739508777913
0.4884375000000000 0.2501649170264985
0.4887500000000000 0.2501561239733733
0.4890625000000000 0.2501475717268907
0.4893750000000000 0.2501392602952937
0.4896875000000000 0.2501311896865929
0.4900000000000000 0.2501233599085671
0.4903125000000000 0.2501157709687629
0.4906250000000000 0.2501084228744947
0.4909375000000000 0.2501013156328448
0.4912500000000000 0.2500944492506633
0.4915625000000000 0.2500878237345683
0.4918750000000000 0.2500814390909456
0.4921875000000000 0.2500752953259490
0.4925000000000000 0.2500693924454999
0.4928125000000000 0.2500637304552877
0.4931250000000000 0.2500583093607697
0.4934375000000000 0.2500531291671708
0.4937500000000000 0.2500481898794838
0.4940625000000000 0.2500434915024694
0.4943750000000000 0.2500390340406560
0.4946875000000000 0.2500348174983398
0.4950000000000000 0.2500308418795849
0.4953125000000000 0.2500271071882230
0.4956250000000000 0.2500236134278537
0.4959375000000000 0.2500203606018446
0.4962500000000000 0.2500173487133307
0.4965625000000000 0.2500145777652149
0.4968750000000000 0.2500120477601680
0.4971875000000000 0.2500097587006285
0.4975000000000000 0.2500077105888026
0.4978125000000000 0.2500059034266643
0.4981250000000000 0.2500043372159556
0.4984375000000000 0.2500030119581858
0.4987500000000000 0.2500019276546324
0.4990625000000000 0.2500010843063403
0.4993750000000000 0.2500004819141226
0.4996875000000000 0.2500001204785597
0.5000000000000000 0.2500000000000000
0.5003125000000000 0.2500001204785597
0.5006250000000000 0.2500004819141226
0.5009375000000000 0.2500010843063403
0.5012500000000000 0.2500019276546324
0.5015625000000000 0.2500030119581858
0.5018750000000000 0.2500043372159556
0.5021875000000000 0.2500059034266643
0.5025000000000001 0.2500077105888026
0.5028125000000000 0.2500097587006285
0.5031250000000000 0.2500120477601680
0.5034375000000000 0.2500145777652149
0.5037500000000000 0.2500173487133307
0.5040625000000000 0.2500203606018446
0.5043750000000000 0.2500236134278537
0.5046875000000000 0.2500271071882230
0.5050000000000000 0.2500308418795849
0.5053125000000001 0.2500348174983398
0.5056250000000000 0.2500390340406560
0.5059375000000000 0.2500434915024694
0.5062500000000000 0.2500481898794838
0.5065625000000000 0.2500531291671708
0.5068750000000000 0.2500583093607697
0.5071875000000000 0.2500637304552877
0.5075000000000001 0.2500693924454999
0.5078125000000000 0.2500752953259490
0.5081250000000000 0.2500814390909456
0.5084375000000000 0.2500878237345683
0.5087500000000000 0.2500944492506633
0.5090625000000000 0.2501013156328448
0.5093750000000000 0.2501084228744947
0.5096875000000000 0.2501157709687629
0.5100000000000000 0.2501233599085671
0.5103125000000001 0.2501311896865929
0.5106250000000000 0.2501392602952937
0.5109375000000000 0.2501475717268907
0.5112500000000000 0.2501561239733733
0.5115625000000000 0.2501649170264985
0.5118750000000000 0.2501739508777913
0.5121875000000000 0.2501832255185445
0.5125000000000000 0.2501927409398192
0.5128125000000000 0.2502024971324441
0.5131250000000001 0.2502124940870158
0.5134375000000000 0.2502227317938990
0.5137500000000000 0.2502332102432263
0.5140625000000000 0.2502439294248982
0.5143750000000000 0.2502548893285834
0.5146875000000000 0.2502660899437183
0.5150000000000000 0.2502775312595075
0.5153125000000001 0.2502892132649235
0.5156250000000000 0.2503011359487069
0.5159375000000000 0.2503132992993662
0.5162500000000000 0.2503257033051781
0.5165625000000000 0.2503383479541872
0.5168750000000000 0.2503512332342063
0.5171875000000000 0.2503643591328161
0.5175000000000000 0.2503777256373655
0.5178125000000000 0.2503913327349716
0.5181250000000001 0.2504051804125194
0.5184375000000000 0.2504192686566621
0.5187500000000000 0.2504335974538210
0.5190625000000000 0.2504481667901858
0.5193750000000000 0.2504629766517139
0.5196875000000000 0.2504780270241314
0.5200000000000000 0.2504933178929321
0.5203125000000000 0.2505088492433784
0.5206250000000000 0.2505246210605006
0.5209375000000001 0.2505406333290974
0.5212500000000000 0.2505568860337357
0.5215625000000000 0.2505733791587508
0.5218750000000000 0.2505901126882460
0.5221875000000000 0.2506070866060933
0.5225000000000000 0.2506243008959325
0.5228125000000000 0.2506417555411720
0.5231250000000001 0.2506594505249887
0.5234375000000000 0.2506773858303274
0.5237500000000000 0.2506955614399018
0.5240625000000000 0.2507139773361936
0.5243750000000000 0.2507326335014530
0.5246875000000000 0.2507515299176988
0.5250000000000000 0.2507706665667180
0.5253125000000000 0.2507900434300662
0.5256250000000000 0.2508096604890673
0.5259375000000001 0.2508295177248139
0.5262500000000000 0.2508496151181671
0.5265625000000000 0.2508699526497563
0.5268750000000000 0.2508905302999798
0.5271875000000000 0.2509113480490042
0.5275000000000000 0.2509324058767647
0.5278125000000000 0.2509537037629652
0.5281250000000000 0.2509752416870782
0.5284375000000000 0.2509970196283449
0.5287500000000001 0.2510190375657749
0.5290625000000000 0.2510412954781469
0.5293750000000000 0.2510637933440080
0.5296875000000000 0.2510865311416742
0.5300000000000000 0.2511095088492300
0.5303125000000000 0.2511327264445289
0.5306250000000000 0.2511561839051932
0.5309375000000001 0.2511798812086139
0.5312500000000000 0.2512038183319508
0.5315625000000000 0.2512279952521326
0.5318750000000000 0.2512524119458570
0.5321875000000000 0.2512770683895905
0.5325000000000000 0.2513019645595684
0.5328125000000000 0.2513271004317951
0.5331250000000000 0.2513524759820440
0.5334375000000000 0.2513780911858574
0.5337500000000001 0.2514039460185465
0.5340625000000000 0.2514300404551919
0.5343750000000000 0.2514563744706430
0.5346875000000000 0.2514829480395181
0.5350000000000000 0.2515097611362050
0.5353125000000000 0.2515368137348606
0.5356250000000000 0.2515641058094106
0.5359375000000001 0.2515916373335503
0.5362500000000000 0.2516194082807439
0.5365625000000001 0.2516474186242250
0.5368750000000000 0.2516756683369965
0.5371875000000000 0.2517041573918305
0.5375000000000000 0.2517328857612684
0.5378125000000000 0.2517618534176210
0.5381250000000000 0.2517910603329685
0.5384375000000000 0.2518205064791603
0.5387500000000001 0.2518501918278155
0.5390625000000000 0.2518801163503225
0.5393750000000000 0.2519102800178391
0.5396875000000000 0.2519406828012928
0.5400000000000000 0.2519713246713806
0.5403125000000000 0.2520022055985687
0.5406250000000000 0.2520333255530935
0.5409375000000000 0.2520646845049606
0.5412500000000000 0.2520962824239452
0.5415625000000001 0.2521281192795924
0.5418750000000000 0.2521601950412172
0.5421875000000000 0.2521925096779037
0.5425000000000000 0.2522250631585063
0.5428125000000000 0.2522578554516490
0.5431250000000000 0.2522908865257257
0.5434375000000000 0.2523241563489000
0.5437500000000001 0.2523576648891057
0.5440625000000000 0.2523914121140461
0.5443750000000001 0.2524253979911948
0.5446875000000000 0.2524596224877951
0.5450000000000000 0.2524940855708606
0.5453125000000000 0.2525287872071748
0.5456250000000000 0.2525637273632911
0.5459375000000000 0.2525989060055334
0.5462500000000000 0.2526343230999954
0.5465625000000001 0.2526699786125411
0.5468750000000000 0.2527058725088047
0.5471875000000000 0.2527420047541908
0.5475000000000000 0.2527783753138738
0.5478125000000000 0.2528149841527990
0.5481250000000000 0.2528518312356817
0.5484375000000000 0.2528889165270075
0.5487500000000000 0.2529262399910326
0.5490625000000000 0.2529638015917837
0.5493750000000001 0.2530016012930578
0.5496875000000000 0.2530396390584223
0.5500000000000000 0.2530779148512156
0.5503125000000000 0.2531164286345462
0.5506250000000000 0.2531551803712935
0.5509375000000000 0.2531941700241074
0.5512500000000000 0.2532333975554086
0.5515625000000001 0.2532728629273885
0.5518750000000000 0.2533125661020094
0.5521875000000001 0.2533525070410040
0.5525000000000000 0.2533926857058761
0.5528125000000000 0.2534331020579006
0.5531250000000000 0.2534737560581228
0.5534375000000000 0.2535146476673594
0.5537500000000000 0.2535557768461978
0.5540625000000000 0.2535971435549966
0.5543750000000001 0.2536387477538853
0.5546875000000000 0.2536805894027647
0.5550000000000000 0.2537226684613065
0.5553125000000000 0.2537649848889538
0.5556250000000000 0.2538075386449208
0.5559375000000000 0.2538503296881930
0.5562500000000000 0.2538933579775271
0.5565625000000000 0.2539366234714512
0.5568750000000000 0.2539801261282649
0.5571875000000001 0.2540238659060391
0.5575000000000000 0.2540678427626161
0.5578125000000000 0.2541120566556097
0.5581250000000000 0.2541565075424053
0.5584375000000000 0.2542011953801598
0.5587500000000000 0.2542461201258021
0.5590625000000000 0.2542912817360322
0.5593750000000001 0.2543366801673221
0.5596875000000000 0.2543823153759155
0.5600000000000001 0.2544281873178278
0.5603125000000000 0.2544742959488465
0.5606250000000000 0.2545206412245307
0.5609375000000000 0.2545672231002115
0.5612500000000000 0.2546140415309919
0.5615625000000000 0.2546610964717471
0.5618750000000000 0.2547083878771240
0.5621875000000001 0.2547559157015420
0.5625000000000000 0.2548036798991924
0.5628125000000000 0.2548516804240386
0.5631250000000000 0.2548999172298164
0.5634375000000000 0.2549483902700338
0.5637500000000000 0.2549970994979711
0.5640625000000000 0.2550460448666809
0.5643750000000000 0.2550952263289883
0.5646875000000000 0.2551446438374909
0.5650000000000001 0.2551942973445586
0.5653125000000000 0.2552441868023339
0.5656250000000000 0.2552943121627319
0.5659375000000000 0.2553446733774405
0.5662500000000000 0.2553952703979200
0.5665625000000000 0.2554461031754036
0.5668750000000000 0.2554971716608972
0.5671875000000001 0.2555484758051796
0.5675000000000000 0.2556000155588023
0.5678125000000001 0.2556517908720899
0.5681250000000000 0.2557038016951399
0.5684375000000000 0.2557560479778227
0.5687500000000000 0.2558085296697818
0.5690625000000000 0.2558612467204341
0.5693750000000000 0.2559141990789692
0.5696875000000000 0.2559673866943502
0.5700000000000001 0.2560208095153131
0.5703125000000000 0.2560744674903679
0.5706250000000000 0.2561283605677972
0.5709375000000000 0.2561824886956574
0.5712500000000000 0.2562368518217782
0.5715625000000000 0.2562914498937631
0.5718750000000000 0.2563462828589887
0.5721875000000000 0.2564013506646056
0.5725000000000000 0.2564566532575376
0.5728125000000001 0.2565121905844828
0.5731250000000000 0.2565679625919126
0.5734375000000000 0.2566239692260723
0.5737500000000000 0.2566802104329813
0.5740625000000000 0.2567366861584325
0.5743750000000000 0.2567933963479930
0.5746875000000000 0.2568503409470041
0.5750000000000001 0.2569075199005809
0.5753125000000000 0.2569649331536126
0.5756250000000001 0.2570225806507627
0.5759375000000000 0.2570804623364689
0.5762500000000000 0.2571385781549432
0.5765625000000000 0.2571969280501720
0.5768750000000000 0.2572555119659160
0.5771875000000000 0.2573143298457102
0.5775000000000000 0.2573733816328644
0.5778125000000001 0.2574326672704627
0.5781250000000000 0.2574921867013640
0.5784375000000000 0.2575519398682017
0.5787500000000000 0.2576119267133841
0.5790625000000000 0.2576721471790941
0.5793750000000000 0.2577326012072895
0.5796875000000000 0.2577932887397030
0.5800000000000000 0.2578542097178422
0.5803125000000000 0.2579153640829898
0.5806250000000001 0.2579767517762034
0.5809375000000000 0.2580383727383159
0.5812500000000000 0.2581002269099351
0.5815625000000000 0.2581623142314442
0.5818750000000000 0.2582246346430019
0.5821875000000000 0.2582871880845418
0.5825000000000000 0.2583499744957732
0.5828125000000001 0.2584129938161807
0.5831250000000000 0.2584762459850245
0.5834375000000001 0.2585397309413405
0.5837500000000000 0.2586034486239399
0.5840625000000000 0.2586673989714098
0.5843750000000000 0.2587315819221132
0.5846875000000000 0.2587959974141886
0.5850000000000000 0.2588606453855504
0.5853125000000000 0.2589255257738894
0.5856250000000001 0.2589906385166718
0.5859375000000000 0.2590559835511400
0.5862500000000000 0.2591215608143128
0.5865625000000000 0.2591873702429849
0.5868750000000000 0.2592534117737272
0.5871875000000000 0.2593196853428871
0.5875000000000000 0.2593861908865882
0.5878125000000000 0.2594529283407305
0.5881250000000000 0.2595198976409908
0.5884375000000001 0.2595870987228218
0.5887500000000000 0.2596545315214535
0.5890625000000000 0.2597221959718921
0.5893750000000000 0.2597900920089207
0.5896875000000000 0.2598582195670992
0.5900000000000000 0.2599265785807642
0.5903125000000000 0.2599951689840295
0.5906250000000001 0.2600639907107857
0.5909375000000000 0.2601330436947003
0.5912500000000001 0.2602023278692182
0.5915625000000000 0.2602718431675613
0.5918750000000000 0.2603415895227288
0.5921875000000000 0.2604115668674971
0.5925000000000000 0.2604817751344202
0.5928125000000000 0.2605522142558293
0.5931250000000000 0.2606228841638331
0.5934375000000001 0.2606937847903179
0.5937500000000000 0.2607649160669477
0.5940625000000000 0.2608362779251644
0.5943750000000000 0.2609078702961870
0.5946875000000000 0.2609796931110130
0.5950000000000000 0.2610517463004174
0.5953125000000000 0.2611240297949534
0.5956250000000000 0.2611965435249520
0.5959375000000000 0.2612692874205226
0.5962500000000001 0.2613422614115523
0.5965625000000000 0.2614154654277067
0.5968750000000000 0.2614888993984299
0.5971875000000000 0.2615625632529440
0.5975000000000000 0.2616364569202497
0.5978125000000000 0.2617105803291262
0.5981250000000000 0.2617849334081312
0.5984375000000001 0.2618595160856012
0.5987500000000000 0.2619343282896511
0.5990625000000001 0.2620093699481750
0.5993750000000000 0.2620846409888454
0.5996875000000000 0.2621601413391141
0.6000000000000000 0.2622358709262116
0.6003125000000000 0.2623118296771476
0.6006250000000000 0.2623880175187109
0.6009375000000000 0.2624644343774695
0.6012500000000001 0.2625410801797706
0.6015625000000000 0.2626179548517408
0.6018750000000000 0.2626950583192862
0.6021875000000000 0.2627723905080922
0.6025000000000000 0.2628499513436239
0.6028125000000000 0.2629277407511258
0.6031250000000000 0.2630057586556224
0.6034375000000000 0.2630840049819178
0.6037500000000000 0.2631624796545959
0.6040625000000001 0.2632411825980207
0.6043750000000000 0.2633201137363359
0.6046875000000000 0.2633992729934655
0.6050000000000000 0.2634786602931136
0.6053125000000000 0.2635582755587645
0.6056250000000000 0.2636381187136826
0.6059375000000000 0.2637181896809128
0.6062500000000001 0.2637984883832805
0.6065625000000000 0.2638790147433915
0.6068750000000001 0.2639597686836322
0.6071875000000000 0.2640407501261696
0.6075000000000000 0.2641219589929516
0.6078125000000000 0.2642033952057067
0.6081250000000000 0.2642850586859443
0.6084375000000000 0.2643669493549550
0.6087500000000000 0.2644490671338101
0.6090625000000001 0.2645314119433620
0.6093750000000000 0.2646139837042448
0.6096875000000000 0.2646967823368732
0.6100000000000000 0.2647798077614436
0.6103125000000000 0.2648630598979338
0.6106250000000000 0.2649465386661028
0.6109375000000000 0.2650302439854917
0.6112500000000000 0.2651141757754227
0.6115625000000000 0.2651983339550001
0.6118750000000001 0.2652827184431097
0.6121875000000000 0.2653673291584194
0.6125000000000000 0.2654521660193790
0.6128125000000000 0.2655372289442203
0.6131250000000000 0.2656225178509571
0.6134375000000000 0.2657080326573858
0.6137500000000000 0.2657937732810846
0.6140625000000001 0.2658797396394144
0.6143750000000000 0.2659659316495181
0.6146875000000001 0.2660523492283217
0.6150000000000000 0.2661389922925331
0.6153125000000000 0.2662258607586437
0.6156250000000000 0.2663129545429269
0.6159375000000000 0.2664002735614393
0.6162500000000000 0.2664878177300204
0.6165625000000000 0.2665755869642925
0.6168750000000001 0.2666635811796613
0.6171875000000000 0.2667518002913153
0.6175000000000000 0.2668402442142265
0.6178125000000000 0.2669289128631501
0.6181250000000000 0.2670178061526247
0.6184375000000000 0.2671069239969724
0.6187500000000000 0.2671962663102991
0.6190625000000000 0.2672858330064939
0.6193750000000000 0.2673756239992299
0.6196875000000001 0.2674656392019641
0.6200000000000000 0.2675558785279372
0.6203125000000000 0.2676463418901739
0.6206250000000000 0.2677370292014831
0.6209375000000000 0.2678279403744579
0.6212500000000000 0.2679190753214753
0.6215625000000000 0.2680104339546970
0.6218750000000001 0.2681020161860690
0.6221875000000000 0.2681938219273216
0.6225000000000001 0.2682858510899698
0.6228125000000000 0.2683781035853133
0.6231250000000000 0.2684705793244367
0.6234375000000000 0.2685632782182090
0.6237500000000000 0.2686562001772845
0.6240625000000000 0.2687493451121022
0.6243750000000000 0.2688427129328867
0.6246875000000001 0.2689363035496471
0.6250000000000000 0.2690301168721783
0.6253125000000000 0.2691241528100602
0.6256250000000000 0.2692184112726584
0.6259375000000000 0.2693128921691239
0.6262500000000000 0.2694075954083933
0.6265625000000000 0.2695025208991889
0.6268750000000000 0.2695976685500188
0.6271875000000000 0.2696930382691770
0.6275000000000001 0.2697886299647435
0.6278125000000000 0.2698844435445842
0.6281250000000000 0.2699804789163512
0.6284375000000000 0.2700767359874832
0.6287500000000000 0.2701732146652045
0.6290625000000000 0.2702699148565264
0.6293750000000000 0.2703668364682466
0.6296875000000001 0.2704639794069491
0.6300000000000000 0.2705613435790047
0.6303125000000001 0.2706589288905713
0.6306250000000000 0.2707567352475932
0.6309375000000000 0.2708547625558020
0.6312500000000000 0.2709530107207160
0.6315625000000000 0.2710514796476410
0.6318750000000000 0.2711501692416697
0.6321875000000000 0.2712490794076824
0.6325000000000001 0.2713482100503466
0.6328125000000000 0.2714475610741173
0.6331250000000000 0.2715471323832373
0.6334375000000000 0.2716469238817367
0.6337500000000000 0.2717469354734339
0.6340625000000000 0.2718471670619347
0.6343750000000000 0.2719476185506331
0.6346875000000000 0.2720482898427110
0.6350000000000000 0.2721491808411387
0.6353125000000001 0.2722502914486745
0.6356250000000000 0.2723516215678650
0.6359375000000000 0.2724531711010456
0.6362500000000000 0.2725549399503397
0.6365625000000000 0.2726569280176598
0.6368750000000000 0.2727591352047068
0.6371875000000000 0.2728615614129706
0.6375000000000001 0.2729642065437297
0.6378125000000000 0.2730670704980519
0.6381250000000001 0.2731701531767941
0.6384375000000000 0.2732734544806021
0.6387500000000000 0.2733769743099113
0.6390625000000000 0.2734807125649463
0.6393750000000000 0.2735846691457212
0.6396875000000000 0.2736888439520396
0.6400000000000000 0.2737932368834951
0.6403125000000001 0.2738978478394706
0.6406250000000000 0.2740026767191391
0.6409375000000000 0.2741077234214637
0.6412500000000000 0.2742129878451972
0.6415625000000000 0.2743184698888829
0.6418750000000000 0.2744241694508541
0.6421875000000000 0.2745300864292346
0.6425000000000000 0.2746362207219385
0.6428125000000000 0.2747425722266708
0.6431250000000001 0.2748491408409267
0.6434375000000000 0.2749559264619922
0.6437500000000000 0.2750629289869447
0.6440625000000000 0.2751701483126516
0.6443750000000000 0.2752775843357723
0.6446875000000000 0.2753852369527566
0.6450000000000000 0.2754931060598461
0.6453125000000001 0.2756011915530733
0.6456250000000000 0.2757094933282623
0.6459375000000001 0.2758180112810289
0.6462500000000000 0.2759267453067803
0.6465625000000000 0.2760356953007157
0.6468750000000000 0.2761448611578258
0.6471875000000000 0.2762542427728935
0.6475000000000000 0.2763638400404937
0.6478125000000000 0.2764736528549935
0.6481250000000001 0.2765836811105521
0.6484375000000000 0.2766939247011212
0.6487500000000000 0.2768043835204448
0.6490625000000000 0.2769150574620596
0.6493750000000000 0.2770259464192948
0.6496875000000000 0.2771370502852727
0.6500000000000000 0.2772483689529081
0.6503125000000000 0.2773599023149088
0.6506250000000000 0.2774716502637758
0.6509375000000001 0.2775836126918034
0.6512500000000000 0.2776957894910789
0.6515625000000000 0.2778081805534831
0.6518750000000000 0.2779207857706903
0.6521875000000000 0.2780336050341685
0.6525000000000000 0.2781466382351792
0.6528125000000000 0.2782598852647777
0.6531250000000001 0.2783733460138134
0.6534375000000000 0.2784870203729296
0.6537500000000001 0.2786009082325636
0.6540625000000000 0.2787150094829470
0.6543750000000000 0.2788293240141061
0.6546875000000000 0.2789438517158609
0.6550000000000000 0.2790585924778266
0.6553125000000000 0.2791735461894127
0.6556250000000000 0.2792887127398236
0.6559375000000001 0.2794040920180584
0.6562500000000000 0.2795196839129113
0.6565625000000000 0.2796354883129715
0.6568750000000000 0.2797515051066234
0.6571875000000000 0.2798677341820470
0.6575000000000000 0.2799841754272170
0.6578125000000000 0.2801008287299043
0.6581250000000000 0.2802176939776749
0.6584375000000000 0.2803347710578910
0.6587500000000001 0.2804520598577102
0.6590625000000000 0.2805695602640863
0.6593750000000000 0.2806872721637690
0.6596875000000000 0.2808051954433041
0.6600000000000000 0.2809233299890341
0.6603125000000000 0.2810416756870973
0.6606250000000000 0.2811602324234289
0.6609375000000001 0.2812790000837605
0.6612500000000000 0.2813979785536203
0.6615625000000001 0.2815171677183336
0.6618750000000000 0.2816365674630226
0.6621875000000000 0.2817561776726062
0.6625000000000000 0.2818759982318007
0.6628125000000000 0.2819960290251198
0.6631250000000000 0.2821162699368743
0.6634375000000000 0.2822367208511726
0.6637500000000001 0.2823573816519206
0.6640625000000000 0.2824782522228221
0.6643750000000000 0.2825993324473786
0.6646875000000000 0.2827206222088895
0.6650000000000000 0.2828421213904522
0.6653125000000000 0.2829638298749624
0.6656250000000000 0.2830857475451140
0.6659375000000000 0.2832078742833992
0.6662500000000000 0.2833302099721089
0.6665625000000001 0.2834527544933325
0.6668750000000000 0.2835755077289579
0.6671875000000000 0.2836984695606722
0.6675000000000000 0.2838216398699612
0.6678125000000000 0.2839450185381099
0.6681250000000000 0.2840686054462024
0.6684375000000000 0.2841924004751222
0.6687500000000001 0.2843164035055521
0.6690625000000000 0.2844406144179742
0.6693750000000001 0.2845650330926709
0.6696875000000000 0.2846896594097236
0.6700000000000000 0.2848144932490141
0.6703125000000000 0.2849395344902239
0.6706250000000000 0.2850647830128347
0.6709375000000000 0.2851902386961284
0.6712500000000000 0.2853159014191873
0.6715625000000001 0.2854417710608941
0.6718750000000000 0.2855678474999320
0.6721875000000000 0.2856941306147849
0.6725000000000000 0.2858206202837376
0.6728125000000000 0.2859473163848757
0.6731250000000000 0.2860742187960860
0.6734375000000000 0.2862013273950562
0.6737500000000000 0.2863286420592755
0.6740625000000000 0.2864561626660344
0.6743750000000001 0.2865838890924249
0.6746875000000000 0.2867118212153406
0.6750000000000000 0.2868399589114770
0.6753125000000000 0.2869683020573311
0.6756250000000000 0.2870968505292023
0.6759375000000000 0.2872256042031919
0.6762500000000000 0.2873545629552035
0.6765625000000001 0.2874837266609428
0.6768750000000000 0.2876130951959183
0.6771875000000001 0.2877426684354408
0.6775000000000000 0.2878724462546240
0.6778125000000000 0.2880024285283844
0.6781250000000000 0.2881326151314414
0.6784375000000000 0.2882630059383173
0.6787500000000000 0.2883936008233376
0.6790625000000000 0.2885243996606317
0.6793750000000001 0.2886554023241316
0.6796875000000000 0.2887866086875732
0.6800000000000000 0.2889180186244963
0.6803125000000000 0.2890496320082440
0.6806250000000000 0.2891814487119636
0.6809375000000000 0.2893134686086066
0.6812500000000000 0.2894456915709284
0.6815625000000000 0.2895781174714885
0.6818750000000000 0.2897107461826515
0.6821875000000001 0.2898435775765857
0.6825000000000000 0.2899766115252645
0.6828125000000000 0.2901098479004661
0.6831250000000000 0.2902432865737734
0.6834375000000000 0.2903769274165744
0.6837500000000000 0.2905107703000622
0.6840625000000000 0.2906448150952354
0.6843750000000001 0.2907790616728977
0.6846875000000000 0.2909135099036584
0.6850000000000001 0.2910481596579325
0.6853125000000000 0.2911830108059406
0.6856250000000000 0.2913180632177096
0.6859375000000000 0.2914533167630719
0.6862500000000000 0.2915887713116664
0.6865625000000000 0.2917244267329381
0.6868750000000000 0.2918602828961385
0.6871875000000001 0.2919963396703255
0.6875000000000000 0.2921325969243637
0.6878125000000000 0.2922690545269245
0.6881250000000000 0.2924057123464862
0.6884375000000000 0.2925425702513341
0.6887500000000000 0.2926796281095606
0.6890625000000000 0.2928168857890655
0.6893750000000000 0.2929543431575559
0.6896875000000000 0.2930920000825464
0.6900000000000001 0.2932298564313596
0.6903125000000000 0.2933679120711252
0.6906250000000000 0.2935061668687817
0.6909375000000000 0.2936446206910749
0.6912500000000000 0.2937832734045591
0.6915625000000000 0.2939221248755970
0.6918750000000000 0.2940611749703594
0.6921875000000001 0.2942004235548260
0.6925000000000000 0.2943398704947850
0.6928125000000001 0.2944795156558335
0.6931250000000000 0.2946193589033775
0.6934375000000000 0.2947594001026321
0.6937500000000000 0.2948996391186216
0.6940625000000000 0.2950400758161796
0.6943750000000000 0.2951807100599493
0.6946875000000000 0.2953215417143833
0.6950000000000001 0.2954625706437441
0.6953125000000000 0.2956037967121041
0.6956250000000000 0.2957452197833454
0.6959375000000000 0.2958868397211605
0.6962500000000000 0.2960286563890522
0.6965625000000000 0.2961706696503333
0.6968750000000000 0.2963128793681276
0.6971875000000000 0.2964552854053693
0.6975000000000000 0.2965978876248032
0.6978125000000001 0.2967406858889855
0.6981250000000000 0.2968836800602830
0.6984375000000000 0.2970268700008738
0.6987500000000000 0.2971702555727475
0.6990625000000000 0.2973138366377049
0.6993750000000000 0.2974576130573585
0.6996875000000000 0.2976015846931326
0.7000000000000001 0.2977457514062631
0.7003125000000000 0.2978901130577981
0.7006250000000001 0.2980346695085977
0.7009375000000000 0.2981794206193342
0.7012500000000000 0.2983243662504925
0.7015625000000000 0.2984695062623697
0.7018750000000000 0.2986148405150760
0.7021875000000000 0.2987603688685337
0.7025000000000000 0.2989060911824789
0.7028125000000001 0.2990520073164599
0.7031250000000000 0.2991981171298388
0.7034375000000000 0.2993444204817907
0.7037500000000000 0.2994909172313042
0.7040625000000000 0.2996376072371817
0.7043750000000000 0.2997844903580391
0.7046875000000000 0.2999315664523064
0.7050000000000000 0.3000788353782273
0.7053125000000000 0.3002262969938599
0.7056250000000001 0.3003739511570766
0.7059375000000000 0.3005217977255639
0.7062500000000000 0.3006698365568232
0.7065625000000000 0.3008180675081704
0.7068750000000000 0.3009664904367364
0.7071875000000000 0.3011151051994667
0.7075000000000000 0.3012639116531224
0.7078125000000001 0.3014129096542797
0.7081250000000000 0.3015620990593297
0.7084375000000001 0.3017114797244797
0.7087500000000000 0.3018610515057523
0.7090625000000000 0.3020108142589859
0.7093750000000000 0.3021607678398349
0.7096875000000000 0.3023109121037699
0.7100000000000000 0.3024612469060773
0.7103125000000000 0.3026117721018605
0.7106250000000001 0.3027624875460388
0.7109375000000000 0.3029133930933484
0.7112500000000000 0.3030644885983423
0.7115625000000000 0.3032157739153902
0.7118750000000000 0.3033672488986792
0.7121875000000000 0.3035189134022132
0.7125000000000000 0.3036707672798138
0.7128125000000000 0.3038228103851197
0.7131250000000000 0.3039750425715877
0.7134375000000001 0.3041274636924920
0.7137500000000000 0.3042800736009246
0.7140625000000000 0.3044328721497959
0.7143750000000000 0.3045858591918342
0.7146875000000000 0.3047390345795864
0.7150000000000000 0.3048923981654175
0.7153125000000000 0.3050459498015116
0.7156250000000001 0.3051996893398708
0.7159375000000000 0.3053536166323169
0.7162500000000001 0.3055077315304904
0.7165625000000000 0.3056620338858508
0.7168750000000000 0.3058165235496772
0.7171875000000000 0.3059712003730680
0.7175000000000000 0.3061260642069414
0.7178125000000000 0.3062811149020350
0.7181250000000000 0.3064363523089069
0.7184375000000001 0.3065917762779344
0.7187500000000000 0.3067473866593157
0.7190625000000000 0.3069031833030692
0.7193750000000000 0.3070591660590334
0.7196875000000000 0.3072153347768679
0.7200000000000000 0.3073716893060527
0.7203125000000000 0.3075282294958889
0.7206250000000000 0.3076849551954985
0.7209375000000000 0.3078418662538251
0.7212500000000001 0.3079989625196331
0.7215625000000000 0.3081562438415086
0.7218750000000000 0.3083137100678596
0.7221875000000000 0.3084713610469155
0.7225000000000000 0.3086291966267279
0.7228125000000000 0.3087872166551704
0.7231250000000000 0.3089454209799387
0.7234375000000001 0.3091038094485509
0.7237500000000000 0.3092623819083478
0.7240625000000001 0.3094211382064928
0.7243750000000000 0.3095800781899719
0.7246875000000000 0.3097392017055943
0.7250000000000000 0.3098985085999922
0.7253125000000000 0.3100579987196213
0.7256250000000000 0.3102176719107601
0.7259375000000000 0.3103775280195112
0.7262500000000001 0.3105375668918009
0.7265625000000000 0.3106977883733788
0.7268750000000000 0.3108581923098193
0.7271875000000000 0.3110187785465202
0.7275000000000000 0.3111795469287041
0.7278125000000000 0.3113404973014178
0.7281250000000000 0.3115016295095326
0.7284375000000000 0.3116629433977449
0.7287500000000000 0.3118244388105758
0.7290625000000001 0.3119861155923712
0.7293750000000000 0.3121479735873025
0.7296875000000000 0.3123100126393665
0.7300000000000000 0.3124722325923851
0.7303125000000000 0.3126346332900063
0.7306250000000000 0.3127972145757036
0.7309375000000000 0.3129599762927766
0.7312500000000001 0.3131229182843508
0.7315625000000000 0.3132860403933782
0.7318750000000001 0.3134493424626369
0.7321875000000000 0.3136128243347318
0.7325000000000000 0.3137764858520945
0.7328125000000000 0.3139403268569833
0.7331250000000000 0.3141043471914834
0.7334375000000000 0.3142685466975077
0.7337500000000000 0.3144329252167958
0.7340625000000001 0.3145974825909150
0.7343750000000000 0.3147622186612603
0.7346875000000000 0.3149271332690542
0.7350000000000000 0.3150922262553475
0.7353125000000000 0.3152574974610190
0.7356250000000000 0.3154229467267752
0.7359375000000000 0.3155885738931518
0.7362500000000000 0.3157543788005123
0.7365625000000000 0.3159203612890494
0.7368750000000001 0.3160865211987844
0.7371875000000000 0.3162528583695676
0.7375000000000000 0.3164193726410787
0.7378125000000000 0.3165860638528261
0.7381250000000000 0.3167529318441484
0.7384375000000000 0.3169199764542134
0.7387500000000000 0.3170871975220188
0.7390625000000001 0.3172545948863921
0.7393750000000000 0.3174221683859909
0.7396875000000001 0.3175899178593031
0.7400000000000000 0.3177578431446472
0.7403125000000000 0.3179259440801717
0.7406250000000000 0.3180942205038563
0.7409375000000000 0.3182626722535113
0.7412500000000000 0.3184312991667784
0.7415625000000000 0.3186001010811298
0.7418750000000001 0.3187690778338697
0.7421875000000000 0.3189382292621333
0.7425000000000000 0.3191075552028877
0.7428125000000000 0.3192770554929316
0.7431250000000000 0.3194467299688962
0.7434375000000000 0.3196165784672439
0.7437500000000000 0.3197866008242702
0.7440625000000000 0.3199567968761027
0.7443750000000000 0.3201271664587015
0.7446875000000001 0.3202977094078596
0.7450000000000000 0.3204684255592028
0.7453125000000000 0.3206393147481900
0.7456250000000000 0.3208103768101134
0.7459375000000000 0.3209816115800985
0.7462500000000000 0.3211530188931042
0.7465625000000000 0.3213245985839235
0.7468750000000001 0.3214963504871830
0.7471875000000000 0.3216682744373430
0.7475000000000001 0.3218403702686986
0.7478125000000000 0.3220126378153789
0.7481250000000000 0.3221850769113475
0.7484375000000000 0.3223576873904025
0.7487500000000000 0.3225304690861774
0.7490625000000000 0.3227034218321400
0.7493750000000000 0.3228765454615935
0.7496875000000001 0.3230498398076767
0.7500000000000000 0.3232233047033631
0.7503125000000000 0.3233969399814627
0.7506250000000000 0.3235707454746207
0.7509375000000000 0.3237447210153185
0.7512500000000000 0.3239188664358734
0.7515625000000000 0.3240931815684393
0.7518750000000001 0.3242676662450061
0.7521875000000000 0.3244423202974005
0.7525000000000001 0.3246171435572861
0.7528125000000000 0.3247921358561631
0.7531250000000000 0.3249672970253691
0.7534375000000000 0.3251426268960786
0.7537500000000000 0.3253181252993039
0.7540625000000000 0.3254937920658945
0.7543750000000000 0.3256696270265378
0.7546875000000001 0.3258456300117590
0.7550000000000000 0.3260218008519214
0.7553125000000001 0.3261981393772266
0.7556250000000000 0.3263746454177145
0.7559375000000000 0.3265513188032637
0.7562500000000000 0.3267281593635910
0.7565625000000000 0.3269051669282528
0.7568750000000000 0.3270823413266438
0.7571875000000000 0.3272596823879986
0.7575000000000001 0.3274371899413908
0.7578125000000000 0.3276148638157332
0.7581250000000000 0.3277927038397791
0.7584375000000000 0.3279707098421211
0.7587500000000000 0.3281488816511918
0.7590625000000000 0.3283272190952643
0.7593750000000000 0.3285057220024518
0.7596875000000001 0.3286843902007082
0.7600000000000000 0.3288632235178278
0.7603125000000001 0.3290422217814463
0.7606250000000000 0.3292213848190396
0.7609375000000000 0.3294007124579258
0.7612500000000000 0.3295802045252634
0.7615625000000000 0.3297598608480531
0.7618750000000000 0.3299396812531368
0.7621875000000000 0.3301196655671987
0.7625000000000001 0.3302998136167646
0.7628125000000000 0.3304801252282027
0.7631250000000001 0.3306606002277237
0.7634375000000000 0.3308412384413804
0.7637500000000000 0.3310220396950688
0.7640625000000000 0.3312030038145274
0.7643750000000000 0.3313841306253378
0.7646875000000000 0.3315654199529248
0.7650000000000000 0.3317468716225567
0.7653125000000001 0.3319284854593451
0.7656250000000000 0.3321102612882454
0.7659375000000000 0.3322921989340570
0.7662500000000000 0.3324742982214230
0.7665625000000000 0.3326565589748313
0.7668750000000000 0.3328389810186134
0.7671875000000000 0.3330215641769460
0.7675000000000001 0.3332043082738501
0.7678125000000000 0.3333872131331918
0.7681250000000001 0.3335702785786822
0.7684375000000000 0.3337535044338775
0.7687500000000000 0.3339368905221796
0.7690625000000000 0.3341204366668356
0.7693750000000000 0.3343041426909386
0.7696875000000000 0.3344880084174274
0.7700000000000000 0.3346720336690870
0.7703125000000001 0.3348562182685487
0.7706250000000000 0.3350405620382902
0.7709375000000001 0.3352250648006355
0.7712500000000000 0.3354097263777557
0.7715625000000000 0.3355945465916688
0.7718750000000000 0.3357795252642396
0.7721875000000000 0.3359646622171807
0.7725000000000000 0.3361499572720515
0.7728125000000000 0.3363354102502596
0.7731250000000001 0.3365210209730600
0.7734375000000000 0.3367067892615558
0.7737500000000000 0.3368927149366984
0.7740625000000000 0.3370787978192870
0.7743750000000000 0.3372650377299700
0.7746875000000000 0.3374514344892438
0.7750000000000000 0.3376379879174540
0.7753125000000001 0.3378246978347952
0.7756250000000000 0.3380115640613109
0.7759375000000001 0.3381985864168942
0.7762500000000000 0.3383857647212876
0.7765625000000000 0.3385730987940832
0.7768750000000000 0.3387605884547232
0.7771875000000000 0.3389482335224998
0.7775000000000000 0.3391360338165552
0.7778125000000000 0.3393239891558822
0.7781250000000001 0.3395120993593242
0.7784375000000000 0.3397003642455750
0.7787500000000001 0.3398887836331798
0.7790625000000000 0.3400773573405342
0.7793750000000000 0.3402660851858861
0.7796875000000000 0.3404549669873337
0.7800000000000000 0.3406440025628276
0.7803125000000000 0.3408331917301698
0.7806250000000000 0.3410225343070146
0.7809375000000001 0.3412120301108680
0.7812500000000000 0.3414016789590886
0.7815625000000000 0.3415914806688876
0.7818750000000000 0.3417814350573284
0.7821875000000000 0.3419715419413280
0.7825000000000000 0.3421618011376555
0.7828125000000000 0.3423522124629340
0.7831250000000001 0.3425427757336396
0.7834375000000000 0.3427334907661017
0.7837500000000001 0.3429243573765041
0.7840625000000000 0.3431153753808839
0.7843750000000000 0.3433065445951327
0.7846875000000000 0.3434978648349958
0.7850000000000000 0.3436893359160738
0.7853125000000000 0.3438809576538209
0.7856250000000000 0.3440727298635470
0.7859375000000001 0.3442646523604166
0.7862500000000000 0.3444567249594489
0.7865625000000001 0.3446489474755193
0.7868750000000000 0.3448413197233582
0.7871875000000000 0.3450338415175516
0.7875000000000000 0.3452265126725415
0.7878125000000000 0.3454193330026261
0.7881250000000000 0.3456123023219595
0.7884375000000000 0.3458054204445526
0.7887500000000001 0.3459986871842725
0.7890625000000000 0.3461921023548433
0.7893750000000000 0.3463856657698459
0.7896875000000000 0.3465793772427183
0.7900000000000000 0.3467732365867559
0.7903125000000000 0.3469672436151116
0.7906250000000000 0.3471613981407959
0.7909375000000001 0.3473556999766771
0.7912500000000000 0.3475501489354815
0.7915625000000001 0.3477447448297938
0.7918750000000000 0.3479394874720569
0.7921875000000000 0.3481343766745723
0.7925000000000000 0.3483294122495001
0.7928125000000000 0.3485245940088596
0.7931250000000000 0.3487199217645289
0.7934375000000000 0.3489153953282458
0.7937500000000001 0.3491110145116072
0.7940625000000000 0.3493067791260696
0.7943750000000001 0.3495026889829497
0.7946875000000000 0.3496987438934239
0.7950000000000000 0.3498949436685290
0.7953125000000000 0.3500912881191619
0.7956250000000000 0.3502877770560804
0.7959375000000000 0.3504844102899026
0.7962500000000000 0.3506811876311082
0.7965625000000001 0.3508781088900373
0.7968750000000000 0.3510751738768916
0.7971875000000000 0.3512723824017344
0.7975000000000000 0.3514697342744904
0.7978125000000000 0.3516672293049462
0.7981250000000000 0.3518648673027505
0.7984375000000000 0.3520626480774143
0.7987500000000001 0.3522605714383107
0.7990625000000000 0.3524586371946755
0.7993750000000001 0.3526568451556075
0.7996875000000000 0.3528551951300679
0.8000000000000000 0.3530536869268817
0.8003125000000000 0.3532523203547366
0.8006250000000000 0.3534510952221842
0.8009375000000000 0.3536500113376395
0.8012500000000000 0.3538490685093816
0.8015625000000001 0.3540482665455534
0.8018750000000000 0.3542476052541622
0.8021875000000001 0.3544470844430799
0.8025000000000000 0.3546467039200423
0.8028125000000000 0.3548464634926509
0.8031250000000000 0.3550463629683716
0.8034375000000000 0.3552464021545355
0.8037500000000000 0.3554465808583391
0.8040625000000000 0.3556468988868449
0.8043750000000001 0.3558473560469801
0.8046875000000000 0.3560479521455386
0.8050000000000000 0.3562486869891804
0.8053125000000000 0.3564495603844312
0.8056250000000000 0.3566505721376836
0.8059375000000000 0.3568517220551969
0.8062500000000000 0.3570530099430970
0.8065625000000001 0.3572544356073767
0.8068750000000000 0.3574559988538966
0.8071875000000001 0.3576576994883839
0.8075000000000000 0.3578595373164339
0.8078125000000000 0.3580615121435099
0.8081250000000000 0.3582636237749424
0.8084375000000000 0.3584658720159305
0.8087500000000000 0.3586682566715418
0.8090625000000000 0.3588707775467120
0.8093750000000001 0.3590734344462458
0.8096875000000000 0.3592762271748168
0.8100000000000001 0.3594791555369674
0.8103125000000000 0.3596822193371095
0.8106250000000000 0.3598854183795245
0.8109375000000000 0.3600887524683635
0.8112500000000000 0.3602922214076471
0.8115625000000000 0.3604958250012662
0.8118750000000000 0.3606995630529819
0.8121875000000001 0.3609034353664257
0.8125000000000000 0.3611074417450995
0.8128125000000000 0.3613115819923762
0.8131250000000000 0.3615158559114997
0.8134375000000000 0.3617202633055850
0.8137500000000000 0.3619248039776183
0.8140625000000000 0.3621294777304576
0.8143750000000001 0.3623342843668325
0.8146875000000000 0.3625392236893444
0.8150000000000001 0.3627442955004671
0.8153125000000000 0.3629494996025463
0.8156250000000000 0.3631548357978009
0.8159375000000000 0.3633603038883215
0.8162500000000000 0.3635659036760725
0.8165625000000000 0.3637716349628908
0.8168750000000000 0.3639774975504868
0.8171875000000001 0.3641834912404441
0.8175000000000000 0.3643896158342203
0.8178125000000001 0.3645958711331466
0.8181250000000000 0.3648022569384282
0.8184375000000000 0.3650087730511448
0.8187500000000000 0.3652154192722499
0.8190625000000000 0.3654221954025724
0.8193750000000000 0.3656291012428153
0.8196875000000000 0.3658361365935570
0.8200000000000001 0.3660433012552509
0.8203125000000000 0.3662505950282257
0.8206250000000000 0.3664580177126859
0.8209375000000000 0.3666655691087115
0.8212500000000000 0.3668732490162587
0.8215625000000000 0.3670810572351595
0.8218750000000000 0.3672889935651226
0.8221875000000001 0.3674970578057331
0.8225000000000000 0.3677052497564524
0.8228125000000001 0.3679135692166194
0.8231250000000000 0.3681220159854499
0.8234375000000000 0.3683305898620370
0.8237500000000000 0.3685392906453511
0.8240625000000000 0.3687481181342407
0.8243750000000000 0.3689570721274315
0.8246875000000000 0.3691661524235281
0.8250000000000001 0.3693753588210128
0.8253125000000000 0.3695846911182464
0.8256250000000001 0.3697941491134688
0.8259375000000000 0.3700037326047980
0.8262500000000000 0.3702134413902318
0.8265625000000000 0.3704232752676466
0.8268750000000000 0.3706332340347990
0.8271875000000000 0.3708433174893242
0.8275000000000000 0.3710535254287381
0.8278125000000001 0.3712638576504363
0.8281250000000000 0.3714743139516946
0.8284375000000000 0.3716848941296691
0.8287500000000000 0.3718955979813968
0.8290625000000000 0.3721064253037952
0.8293750000000000 0.3723173758936629
0.8296875000000000 0.3725284495476798
0.8300000000000001 0.3727396460624072
0.8303125000000000 0.3729509652342876
0.8306250000000001 0.3731624068596459
0.8309375000000000 0.3733739707346884
0.8312500000000000 0.3735856566555039
0.8315625000000000 0.3737974644180634
0.8318750000000000 0.3740093938182206
0.8321875000000000 0.3742214446517119
0.8325000000000000 0.3744336167141568
0.8328125000000001 0.3746459098010578
0.8331250000000000 0.3748583237078005
0.8334375000000001 0.3750708582296546
0.8337500000000000 0.3752835131617732
0.8340625000000000 0.3754962882991933
0.8343750000000000 0.3757091834368363
0.8346875000000000 0.3759221983695080
0.8350000000000000 0.3761353328918980
0.8353125000000000 0.3763485867985817
0.8356250000000001 0.3765619598840188
0.8359375000000000 0.3767754519425540
0.8362500000000000 0.3769890627684177
0.8365625000000000 0.3772027921557258
0.8368750000000000 0.3774166398984798
0.8371875000000000 0.3776306057905670
0.8375000000000000 0.3778446896257613
0.8378125000000001 0.3780588911977223
0.8381250000000000 0.3782732102999964
0.8384375000000001 0.3784876467260171
0.8387500000000000 0.3787022002691040
0.8390625000000000 0.3789168707224647
0.8393750000000000 0.3791316578791935
0.8396875000000000 0.3793465615322724
0.8400000000000000 0.3795615814745711
0.8403125000000000 0.3797767174988476
0.8406250000000001 0.3799919693977473
0.8409375000000000 0.3802073369638043
0.8412500000000001 0.3804228199894414
0.8415625000000000 0.3806384182669698
0.8418750000000000 0.3808541315885898
0.8421875000000000 0.3810699597463908
0.8425000000000000 0.3812859025323513
0.8428125000000000 0.3815019597383397
0.8431250000000000 0.3817181311561139
0.8434375000000001 0.3819344165773215
0.8437500000000000 0.3821508157935005
0.8440625000000000 0.3823673285960795
0.8443750000000000 0.3825839547763770
0.8446875000000000 0.3828006941256025
0.8450000000000000 0.3830175464348566
0.8453125000000000 0.3832345114951309
0.8456250000000001 0.3834515890973081
0.8459375000000000 0.3836687790321627
0.8462500000000001 0.3838860810903609
0.8465625000000000 0.3841034950624607
0.8468750000000000 0.3843210207389124
0.8471875000000000 0.3845386579100586
0.8475000000000000 0.3847564063661344
0.8478125000000000 0.3849742658972675
0.8481250000000000 0.3851922362934788
0.8484375000000001 0.3854103173446822
0.8487500000000000 0.3856285088406848
0.8490625000000001 0.3858468105711879
0.8493750000000000 0.3860652223257854
0.8496875000000000 0.3862837438939664
0.8500000000000000 0.3865023750651133
0.8503125000000000 0.3867211156285033
0.8506250000000000 0.3869399653733078
0.8509375000000000 0.3871589240885934
0.8512500000000001 0.3873779915633215
0.8515625000000000 0.3875971675863483
0.8518750000000000 0.3878164519464261
0.8521875000000000 0.3880358444322021
0.8525000000000000 0.3882553448322197
0.8528125000000000 0.3884749529349182
0.8531250000000000 0.3886946685286329
0.8534375000000001 0.3889144914015958
0.8537500000000000 0.3891344213419354
0.8540625000000001 0.3893544581376768
0.8543750000000000 0.3895746015767423
0.8546875000000000 0.3897948514469516
0.8550000000000000 0.3900152075360211
0.8553125000000000 0.3902356696315659
0.8556250000000000 0.3904562375210981
0.8559375000000000 0.3906769109920281
0.8562500000000001 0.3908976898316645
0.8565625000000000 0.3911185738272144
0.8568750000000001 0.3913395627657835
0.8571875000000000 0.3915606564343762
0.8575000000000000 0.3917818546198966
0.8578125000000000 0.3920031571091470
0.8581250000000000 0.3922245636888302
0.8584375000000000 0.3924460741455481
0.8587500000000000 0.3926676882658025
0.8590625000000001 0.3928894058359956
0.8593750000000000 0.3931112266424295
0.8596875000000000 0.3933331504713071
0.8600000000000000 0.3935551771087318
0.8603125000000000 0.3937773063407082
0.8606250000000000 0.3939995379531416
0.8609375000000000 0.3942218717318389
0.8612500000000001 0.3944443074625086
0.8615625000000000 0.3946668449307608
0.8618750000000001 0.3948894839221073
0.8621875000000000 0.3951122242219626
0.8625000000000000 0.3953350656156430
0.8628125000000000 0.3955580078883677
0.8631250000000000 0.3957810508252587
0.8634375000000000 0.3960041942113409
0.8637500000000000 0.3962274378315422
0.8640625000000001 0.3964507814706940
0.8643750000000000 0.3966742249135315
0.8646875000000001 0.3968977679446935
0.8650000000000000 0.3971214103487228
0.8653125000000000 0.3973451519100666
0.8656250000000000 0.3975689924130761
0.8659375000000000 0.3977929316420079
0.8662500000000000 0.3980169693810227
0.8665625000000000 0.3982411054141866
0.8668750000000001 0.3984653395254710
0.8671875000000000 0.3986896714987525
0.8675000000000000 0.3989141011178138
0.8678125000000000 0.3991386281663429
0.8681250000000000 0.3993632524279347
0.8684375000000000 0.3995879736860894
0.8687500000000000 0.3998127917242147
0.8690625000000001 0.4000377063256245
0.8693750000000000 0.4002627172735394
0.8696875000000001 0.4004878243510878
0.8700000000000000 0.4007130273413049
0.8703125000000000 0.4009383260271336
0.8706250000000000 0.4011637201914247
0.8709375000000000 0.4013892096169370
0.8712500000000000 0.4016147940863371
0.8715625000000000 0.4018404733822005
0.8718750000000001 0.4020662472870111
0.8721875000000000 0.4022921155831612
0.8725000000000001 0.4025180780529529
0.8728125000000000 0.4027441344785970
0.8731250000000000 0.4029702846422139
0.8734375000000000 0.4031965283258335
0.8737500000000000 0.4034228653113960
0.8740625000000000 0.4036492953807510
0.8743750000000000 0.4038758183156591
0.8746875000000001 0.4041024338977908
0.8750000000000000 0.4043291419087275
0.8753125000000000 0.4045559421299618
0.8756250000000000 0.4047828343428971
0.8759375000000000 0.4050098183288481
0.8762500000000000 0.4052368938690413
0.8765625000000000 0.4054640607446149
0.8768750000000001 0.4056913187366188
0.8771875000000000 0.4059186676260153
0.8775000000000001 0.4061461071936793
0.8778125000000000 0.4063736372203977
0.8781250000000000 0.4066012574868709
0.8784375000000000 0.4068289677737119
0.8787500000000000 0.4070567678614470
0.8790625000000000 0.4072846575305159
0.8793750000000000 0.4075126365612723
0.8796875000000001 0.4077407047339834
0.8800000000000000 0.4079688618288305
0.8803125000000001 0.4081971076259094
0.8806250000000000 0.4084254419052303
0.8809375000000000 0.4086538644467180
0.8812500000000000 0.4088823750302126
0.8815625000000000 0.4091109734354689
0.8818750000000000 0.4093396594421571
0.8821875000000000 0.4095684328298635
0.8825000000000001 0.4097972933780896
0.8828125000000000 0.4100262408662529
0.8831250000000000 0.4102552750736876
0.8834375000000000 0.4104843957796439
0.8837500000000000 0.4107136027632887
0.8840625000000000 0.4109428958037057
0.8843750000000000 0.4111722746798960
0.8846875000000001 0.4114017391707774
0.8850000000000000 0.4116312890551856
0.8853125000000001 0.4118609241118742
0.8856250000000000 0.4120906441195138
0.8859375000000000 0.4123204488566942
0.8862500000000000 0.4125503381019228
0.8865625000000000 0.4127803116336259
0.8868750000000000 0.4130103692301484
0.8871875000000000 0.4132405106697544
0.8875000000000001 0.4134707357306268
0.8878125000000000 0.4137010441908681
0.8881250000000001 0.4139314358285008
0.8884375000000000 0.4141619104214666
0.8887500000000000 0.4143924677476275
0.8890625000000000 0.4146231075847659
0.8893750000000000 0.4148538297105845
0.8896875000000000 0.4150846339027068
0.8900000000000000 0.4153155199386772
0.8903125000000001 0.4155464875959610
0.8906250000000000 0.4157775366519449
0.8909375000000000 0.4160086668839377
0.8912500000000000 0.4162398780691690
0.8915625000000000 0.4164711699847912
0.8918750000000000 0.4167025424078784
0.8921875000000000 0.4169339951154273
0.8925000000000001 0.4171655278843572
0.8928125000000000 0.4173971404915103
0.8931250000000001 0.4176288327136518
0.8934375000000000 0.4178606043274697
0.8937500000000000 0.4180924551095767
0.8940625000000000 0.4183243848365076
0.8943750000000000 0.4185563932847225
0.8946875000000000 0.4187884802306049
0.8950000000000000 0.4190206454504626
0.8953125000000001 0.4192528887205284
0.8956250000000000 0.4194852098169595
0.8959375000000001 0.4197176085158382
0.8962500000000000 0.4199500845931720
0.8965625000000000 0.4201826378248941
0.8968750000000000 0.4204152679868625
0.8971875000000000 0.4206479748548622
0.8975000000000000 0.4208807582046035
0.8978125000000000 0.4211136178117231
0.8981250000000001 0.4213465534517843
0.8984375000000000 0.4215795649002771
0.8987500000000000 0.4218126519326186
0.8990625000000000 0.4220458143241525
0.8993750000000000 0.4222790518501507
0.8996875000000000 0.4225123642858119
0.9000000000000000 0.4227457514062631
0.9003125000000001 0.4229792129865591
0.9006250000000000 0.4232127488016830
0.9009375000000001 0.4234463586265462
0.9012500000000000 0.4236800422359892
0.9015625000000000 0.4239137994047807
0.9018750000000000 0.4241476299076190
0.9021875000000000 0.4243815335191318
0.9025000000000000 0.4246155100138760
0.9028125000000000 0.4248495591663385
0.9031250000000001 0.4250836807509358
0.9034375000000000 0.4253178745420151
0.9037500000000001 0.4255521403138537
0.9040625000000000 0.4257864778406594
0.9043750000000000 0.4260208868965714
0.9046875000000000 0.4262553672556590
0.9050000000000000 0.4264899186919240
0.9053125000000000 0.4267245409792986
0.9056250000000000 0.4269592338916474
0.9059375000000001 0.4271939972027665
0.9062500000000000 0.4274288306863844
0.9065625000000000 0.4276637341161620
0.9068750000000000 0.4278987072656925
0.9071875000000000 0.4281337499085023
0.9075000000000000 0.4283688618180503
0.9078125000000000 0.4286040427677293
0.9081250000000001 0.4288392925308653
0.9084375000000000 0.4290746108807172
0.9087500000000001 0.4293099975904791
0.9090625000000000 0.4295454524332784
0.9093750000000000 0.4297809751821770
0.9096875000000000 0.4300165656101713
0.9100000000000000 0.4302522234901927
0.9103125000000000 0.4304879485951072
0.9106250000000000 0.4307237406977165
0.9109375000000001 0.4309595995707574
0.9112500000000000 0.4311955249869021
0.9115625000000001 0.4314315167187593
0.9118750000000000 0.4316675745388733
0.9121875000000000 0.4319036982197250
0.9125000000000000 0.4321398875337313
0.9128125000000000 0.4323761422532468
0.9131250000000000 0.4326124621505619
0.9134375000000000 0.4328488469979052
0.9137500000000001 0.4330852965674419
0.9140625000000000 0.4333218106312754
0.9143750000000000 0.4335583889614466
0.9146875000000000 0.4337950313299346
0.9150000000000000 0.4340317375086568
0.9153125000000000 0.4342685072694689
0.9156250000000000 0.4345053403841657
0.9159375000000001 0.4347422366244804
0.9162500000000000 0.4349791957620858
0.9165625000000001 0.4352162175685940
0.9168750000000000 0.4354533018155566
0.9171875000000000 0.4356904482744651
0.9175000000000000 0.4359276567167508
0.9178125000000000 0.4361649269137857
0.9181250000000000 0.4364022586368817
0.9184375000000000 0.4366396516572920
0.9187500000000001 0.4368771057462106
0.9190625000000000 0.4371146206747719
0.9193750000000001 0.4373521962140528
0.9196875000000000 0.4375898321350710
0.9200000000000000 0.4378275282087863
0.9203125000000000 0.4380652842061004
0.9206250000000000 0.4383030998978573
0.9209375000000000 0.4385409750548434
0.9212500000000000 0.4387789094477881
0.9215625000000001 0.4390169028473633
0.9218750000000000 0.4392549550241840
0.9221875000000000 0.4394930657488090
0.9225000000000000 0.4397312347917403
0.9228125000000000 0.4399694619234238
0.9231250000000000 0.4402077469142494
0.9234375000000000 0.4404460895345514
0.9237500000000001 0.4406844895546081
0.9240625000000000 0.4409229467446428
0.9243750000000001 0.4411614608748241
0.9246875000000000 0.4414000317152647
0.9250000000000000 0.4416386590360236
0.9253125000000000 0.4418773426071049
0.9256250000000000 0.4421160821984587
0.9259375000000000 0.4423548775799806
0.9262500000000000 0.4425937285215133
0.9265625000000001 0.4428326347928452
0.9268750000000000 0.4430715961637115
0.9271875000000001 0.4433106124037948
0.9275000000000000 0.4435496832827240
0.9278125000000000 0.4437888085700762
0.9281250000000000 0.4440279880353754
0.9284375000000000 0.4442672214480937
0.9287500000000000 0.4445065085776509
0.9290625000000000 0.4447458491934157
0.9293750000000001 0.4449852430647044
0.9296875000000000 0.4452246899607825
0.9300000000000000 0.4454641896508644
0.9303125000000000 0.4457037419041132
0.9306250000000000 0.4459433464896418
0.9309375000000000 0.4461830031765125
0.9312500000000000 0.4464227117337373
0.9315625000000001 0.4466624719302783
0.9318750000000000 0.4469022835350477
0.9321875000000001 0.4471421463169084
0.9325000000000000 0.4473820600446735
0.9328125000000000 0.4476220244871079
0.9331250000000000 0.4478620394129263
0.9334375000000000 0.4481021045907961
0.9337500000000000 0.4483422197893354
0.9340625000000000 0.4485823847771144
0.9343750000000001 0.4488225993226551
0.9346875000000000 0.4490628631944320
0.9350000000000001 0.4493031761608719
0.9353125000000000 0.4495435379903542
0.9356250000000000 0.4497839484512116
0.9359375000000000 0.4500244073117295
0.9362500000000000 0.4502649143401468
0.9365625000000000 0.4505054693046560
0.9368750000000000 0.4507460719734034
0.9371875000000001 0.4509867221144891
0.9375000000000000 0.4512274194959678
0.9378125000000000 0.4514681638858488
0.9381250000000000 0.4517089550520952
0.9384375000000000 0.4519497927626260
0.9387500000000000 0.4521906767853149
0.9390625000000000 0.4524316068879910
0.9393750000000001 0.4526725828384390
0.9396875000000000 0.4529136044043994
0.9400000000000001 0.4531546713535688
0.9403125000000000 0.4533957834535999
0.9406250000000000 0.4536369404721023
0.9409375000000000 0.4538781421766415
0.9412500000000000 0.4541193883347409
0.9415625000000000 0.4543606787138803
0.9418750000000000 0.4546020130814972
0.9421875000000001 0.4548433912049868
0.9425000000000000 0.4550848128517019
0.9428125000000001 0.4553262777889534
0.9431250000000000 0.4555677857840104
0.9434375000000000 0.4558093366041011
0.9437500000000000 0.4560509300164113
0.9440625000000000 0.4562925657880869
0.9443750000000000 0.4565342436862322
0.9446875000000000 0.4567759634779113
0.9450000000000001 0.4570177249301476
0.9453125000000000 0.4572595278099247
0.9456250000000000 0.4575013718841860
0.9459375000000000 0.4577432569198353
0.9462500000000000 0.4579851826837371
0.9465625000000000 0.4582271489427160
0.9468750000000000 0.4584691554635586
0.9471875000000001 0.4587112020130119
0.9475000000000000 0.4589532883577843
0.9478125000000001 0.4591954142645463
0.9481250000000000 0.4594375794999301
0.9484375000000000 0.4596797838305299
0.9487500000000000 0.4599220270229021
0.9490625000000000 0.4601643088435663
0.9493750000000000 0.4604066290590038
0.9496875000000000 0.4606489874356597
0.9500000000000001 0.4608913837399423
0.9503125000000000 0.4611338177382228
0.9506250000000001 0.4613762891968367
0.9509375000000000 0.4616187978820829
0.9512500000000000 0.4618613435602247
0.9515625000000000 0.4621039259974896
0.9518750000000000 0.4623465449600700
0.9521875000000000 0.4625892002141225
0.9525000000000000 0.4628318915257692
0.9528125000000001 0.4630746186610973
0.9531250000000000 0.4633173813861595
0.9534375000000000 0.4635601794669742
0.9537500000000000 0.4638030126695256
0.9540625000000000 0.4640458807597642
0.9543750000000000 0.4642887835036066
0.9546875000000000 0.4645317206669366
0.9550000000000001 0.4647746920156044
0.9553125000000000 0.4650176973154269
0.9556250000000001 0.4652607363321891
0.9559375000000000 0.4655038088316428
0.9562500000000000 0.4657469145795080
0.9565625000000000 0.4659900533414723
0.9568750000000000 0.4662332248831917
0.9571875000000000 0.4664764289702905
0.9575000000000000 0.4667196653683618
0.9578125000000001 0.4669629338429675
0.9581250000000000 0.4672062341596381
0.9584375000000001 0.4674495660838743
0.9587500000000000 0.4676929293811456
0.9590625000000000 0.4679363238168915
0.9593750000000000 0.4681797491565216
0.9596875000000000 0.4684232051654158
0.9600000000000000 0.4686666916089239
0.9603125000000000 0.4689102082523670
0.9606250000000001 0.4691537548610368
0.9609375000000000 0.4693973312001959
0.9612500000000000 0.4696409370350788
0.9615625000000000 0.4698845721308911
0.9618750000000000 0.4701282362528105
0.9621875000000000 0.4703719291659862
0.9625000000000000 0.4706156506355406
0.9628125000000001 0.4708594004265676
0.9631250000000000 0.4711031783041342
0.9634375000000001 0.4713469840332807
0.9637500000000000 0.4715908173790197
0.9640625000000000 0.4718346781063380
0.9643750000000000 0.4720785659801957
0.9646875000000000 0.4723224807655266
0.9650000000000000 0.4725664222272386
0.9653125000000000 0.4728103901302143
0.9656250000000001 0.4730543842393102
0.9659375000000000 0.4732984043193578
0.9662500000000001 0.4735424501351639
0.9665625000000000 0.4737865214515098
0.9668750000000000 0.4740306180331529
0.9671875000000000 0.4742747396448260
0.9675000000000000 0.4745188860512375
0.9678125000000001 0.4747630570170723
0.9681250000000000 0.4750072523069914
0.9684375000000001 0.4752514716856325
0.9687500000000000 0.4754957149176098
0.9690625000000000 0.4757399817675150
0.9693750000000000 0.4759842719999167
0.9696875000000000 0.4762285853793609
0.9700000000000000 0.4764729216703714
0.9703125000000000 0.4767172806374501
0.9706250000000001 0.4769616620450767
0.9709375000000000 0.4772060656577095
0.9712500000000001 0.4774504912397853
0.9715625000000000 0.4776949385557197
0.9718750000000000 0.4779394073699076
0.9721875000000000 0.4781838974467229
0.9725000000000000 0.4784284085505192
0.9728125000000000 0.4786729404456295
0.9731250000000000 0.4789174928963672
0.9734375000000001 0.4791620656670257
0.9737500000000000 0.4794066585218785
0.9740625000000001 0.4796512712251805
0.9743750000000000 0.4798959035411666
0.9746875000000000 0.4801405552340535
0.9750000000000000 0.4803852260680387
0.9753125000000000 0.4806299158073017
0.9756250000000001 0.4808746242160034
0.9759375000000000 0.4811193510582870
0.9762500000000001 0.4813640960982776
0.9765625000000000 0.4816088591000831
0.9768750000000000 0.4818536398277941
0.9771875000000000 0.4820984380454835
0.9775000000000000 0.4823432535172083
0.9778125000000000 0.4825880860070081
0.9781250000000000 0.4828329352789065
0.9784375000000001 0.4830778010969108
0.9787500000000000 0.4833226832250123
0.9790625000000001 0.4835675814271865
0.9793750000000000 0.4838124954673937
0.9796875000000000 0.4840574251095789
0.9800000000000000 0.4843023701176716
0.9803125000000000 0.4845473302555871
0.9806250000000000 0.4847923052872258
0.9809375000000000 0.4850372949764736
0.9812500000000001 0.4852822990872027
0.9815625000000000 0.4855273173832711
0.9818750000000001 0.4857723496285231
0.9821875000000000 0.4860173955867896
0.9825000000000000 0.4862624550218886
0.9828125000000000 0.4865075276976245
0.9831250000000000 0.4867526133777895
0.9834375000000001 0.4869977118261630
0.9837500000000000 0.4872428228065121
0.9840625000000001 0.4874879460825919
0.9843750000000000 0.4877330814181455
0.9846875000000000 0.4879782285769046
0.9850000000000000 0.4882233873225892
0.9853125000000000 0.4884685574189088
0.9856250000000000 0.4887137386295609
0.9859375000000000 0.4889589307182331
0.9862500000000001 0.4892041334486024
0.9865625000000000 0.4894493465843353
0.9868750000000001 0.4896945698890884
0.9871875000000000 0.4899398031265085
0.9875000000000000 0.4901850460602329
0.9878125000000000 0.4904302984538892
0.9881250000000000 0.4906755600710966
0.9884375000000000 0.4909208306754647
0.9887500000000000 0.4911661100305947
0.9890625000000001 0.4914113979000794
0.9893750000000000 0.4916566940475035
0.9896875000000001 0.4919019982364433
0.9900000000000000 0.4921473102304679
0.9903125000000000 0.4923926297931386
0.9906250000000000 0.4926379566880091
0.9909375000000000 0.4928832906786268
0.9912500000000001 0.4931286315285317
0.9915625000000000 0.4933739790012570
0.9918750000000001 0.4936193328603301
0.9921875000000000 0.4938646928692719
0.9925000000000000 0.4941100587915975
0.9928125000000000 0.4943554303908160
0.9931250000000000 0.4946008074304316
0.9934375000000000 0.4948461896739426
0.9937500000000000 0.4950915768848428
0.9940625000000001 0.4953369688266212
0.9943750000000000 0.4955823652627616
0.9946875000000001 0.4958277659567442
0.9950000000000000 0.4960731706720448
0.9953125000000000 0.4963185791721354
0.9956250000000000 0.4965639912204841
0.9959375000000000 0.4968094065805561
0.9962500000000000 0.4970548250158126
0.9965625000000000 0.4973002462897128
0.9968750000000001 0.4975456701657127
0.9971875000000000 0.4977910964072653
0.9975000000000001 0.4980365247778221
0.9978125000000000 0.4982819550408324
0.9981250000000000 0.4985273869597432
0.9984375000000000 0.4987728202980004
0.9987500000000000 0.4990182548190485
0.9990625000000001 0.4992636902863305
0.9993750000000000 0.4995091264632887
0.9996875000000001 0.4997545631133649
1.0000000000000000 0.4999999999999999
1.0003124999999999 0.5002454368866350
1.0006250000000001 0.5004908735367113
1.0009375000000000 0.5007363097136696
1.0012500000000000 0.5009817451809514
1.0015624999999999 0.5012271797019994
1.0018750000000001 0.5014726130402568
1.0021875000000000 0.5017180449591676
1.0024999999999999 0.5019634752221778
1.0028125000000001 0.5022089035927348
1.0031250000000000 0.5024543298342874
1.0034375000000000 0.5026997537102871
1.0037499999999999 0.5029451749841872
1.0040625000000001 0.5031905934194441
1.0043750000000000 0.5034360087795159
1.0046875000000000 0.5036814208278646
1.0050000000000001 0.5039268293279552
1.0053125000000001 0.5041722340432557
1.0056250000000000 0.5044176347372383
1.0059374999999999 0.5046630311733787
1.0062500000000001 0.5049084231151570
1.0065625000000000 0.5051538103260573
1.0068750000000000 0.5053991925695683
1.0071875000000001 0.5056445696091840
1.0075000000000001 0.5058899412084026
1.0078125000000000 0.5061353071307281
1.0081249999999999 0.5063806671396698
1.0084375000000001 0.5066260209987431
1.0087500000000000 0.5068713684714683
1.0090625000000000 0.5071167093213731
1.0093749999999999 0.5073620433119906
1.0096875000000001 0.5076073702068615
1.0100000000000000 0.5078526897695320
1.0103124999999999 0.5080980017635566
1.0106250000000001 0.5083433059524967
1.0109375000000000 0.5085886020999205
1.0112500000000000 0.5088338899694053
1.0115624999999999 0.5090791693245352
1.0118750000000001 0.5093244399289034
1.0121875000000000 0.5095697015461107
1.0125000000000000 0.5098149539397671
1.0128125000000001 0.5100601968734916
1.0131250000000001 0.5103054301109117
1.0134375000000000 0.5105506534156646
1.0137499999999999 0.5107958665513975
1.0140625000000001 0.5110410692817670
1.0143750000000000 0.5112862613704391
1.0146875000000000 0.5115314425810912
1.0150000000000001 0.5117766126774107
1.0153125000000001 0.5120217714230955
1.0156250000000000 0.5122669185818545
1.0159374999999999 0.5125120539174081
1.0162500000000001 0.5127571771934880
1.0165625000000000 0.5130022881738370
1.0168750000000000 0.5132473866222105
1.0171874999999999 0.5134924723023754
1.0175000000000001 0.5137375449781114
1.0178125000000000 0.5139826044132103
1.0181249999999999 0.5142276503714769
1.0184375000000001 0.5144726826167290
1.0187500000000000 0.5147177009127973
1.0190625000000000 0.5149627050235263
1.0193749999999999 0.5152076947127741
1.0196875000000001 0.5154526697444128
1.0200000000000000 0.5156976298823284
1.0203125000000000 0.5159425748904211
1.0206250000000001 0.5161875045326062
1.0209375000000001 0.5164324185728135
1.0212500000000000 0.5166773167749876
1.0215624999999999 0.5169221989030891
1.0218750000000001 0.5171670647210935
1.0221875000000000 0.5174119139929918
1.0225000000000000 0.5176567464827917
1.0228125000000001 0.5179015619545165
1.0231250000000001 0.5181463601722059
1.0234375000000000 0.5183911408999169
1.0237499999999999 0.5186359039017223
1.0240625000000001 0.5188806489417130
1.0243750000000000 0.5191253757839965
1.0246875000000000 0.5193700841926983
1.0249999999999999 0.5196147739319611
1.0253125000000001 0.5198594447659465
1.0256250000000000 0.5201040964588334
1.0259374999999999 0.5203487287748194
1.0262500000000001 0.5205933414781214
1.0265625000000000 0.5208379343329744
1.0268750000000000 0.5210825071036327
1.0271874999999999 0.5213270595543704
1.0275000000000001 0.5215715914494810
1.0278125000000000 0.5218161025532770
1.0281250000000000 0.5220605926300924
1.0284375000000001 0.5223050614442803
1.0287500000000001 0.5225495087602148
1.0290625000000000 0.5227939343422905
1.0293749999999999 0.5230383379549233
1.0296875000000001 0.5232827193625500
1.0300000000000000 0.5235270783296285
1.0303125000000000 0.5237714146206391
1.0306250000000001 0.5240157280000834
1.0309375000000001 0.5242600182324849
1.0312500000000000 0.5245042850823901
1.0315624999999999 0.5247485283143675
1.0318750000000001 0.5249927476930086
1.0321875000000000 0.5252369429829278
1.0325000000000000 0.5254811139487624
1.0328124999999999 0.5257252603551740
1.0331250000000001 0.5259693819668471
1.0334375000000000 0.5262134785484901
1.0337499999999999 0.5264575498648361
1.0340625000000001 0.5267015956806421
1.0343750000000000 0.5269456157606899
1.0346875000000000 0.5271896098697856
1.0349999999999999 0.5274335777727612
1.0353125000000001 0.5276775192344735
1.0356250000000000 0.5279214340198043
1.0359375000000000 0.5281653218936619
1.0362500000000001 0.5284091826209804
1.0365625000000001 0.5286530159667193
1.0368750000000000 0.5288968216958657
1.0371874999999999 0.5291405995734323
1.0375000000000001 0.5293843493644594
1.0378125000000000 0.5296280708340138
1.0381250000000000 0.5298717637471895
1.0384375000000001 0.5301154278691089
1.0387500000000001 0.5303590629649211
1.0390625000000000 0.5306026687998040
1.0393749999999999 0.5308462451389632
1.0396875000000001 0.5310897917476329
1.0400000000000000 0.5313333083910761
1.0403125000000000 0.5315767948345841
1.0406249999999999 0.5318202508434782
1.0409375000000001 0.5320636761831085
1.0412500000000000 0.5323070706188544
1.0415624999999999 0.5325504339161257
1.0418750000000001 0.5327937658403619
1.0421875000000000 0.5330370661570325
1.0425000000000000 0.5332803346316380
1.0428124999999999 0.5335235710297093
1.0431250000000001 0.5337667751168083
1.0434375000000000 0.5340099466585276
1.0437500000000000 0.5342530854204920
1.0440625000000001 0.5344961911683572
1.0443750000000001 0.5347392636678109
1.0446875000000000 0.5349823026845730
1.0449999999999999 0.5352253079843956
1.0453125000000001 0.5354682793330633
1.0456250000000000 0.5357112164963933
1.0459375000000000 0.5359541192402357
1.0462500000000001 0.5361969873304745
1.0465625000000001 0.5364398205330259
1.0468750000000000 0.5366826186138404
1.0471874999999999 0.5369253813389026
1.0475000000000001 0.5371681084742308
1.0478125000000000 0.5374107997858775
1.0481250000000000 0.5376534550399299
1.0484374999999999 0.5378960740025102
1.0487500000000001 0.5381386564397753
1.0490625000000000 0.5383812021179171
1.0493749999999999 0.5386237108031633
1.0496875000000001 0.5388661822617772
1.0500000000000000 0.5391086162600577
1.0503125000000000 0.5393510125643403
1.0506249999999999 0.5395933709409961
1.0509375000000001 0.5398356911564338
1.0512500000000000 0.5400779729770978
1.0515625000000000 0.5403202161694700
1.0518750000000001 0.5405624205000700
1.0521875000000001 0.5408045857354538
1.0525000000000000 0.5410467116422157
1.0528124999999999 0.5412887979869880
1.0531250000000001 0.5415308445364415
1.0534375000000000 0.5417728510572839
1.0537500000000000 0.5420148173162629
1.0540625000000001 0.5422567430801647
1.0543750000000001 0.5424986281158141
1.0546875000000000 0.5427404721900753
1.0549999999999999 0.5429822750698523
1.0553125000000001 0.5432240365220888
1.0556250000000000 0.5434657563137677
1.0559375000000000 0.5437074342119130
1.0562499999999999 0.5439490699835885
1.0565625000000001 0.5441906633958989
1.0568750000000000 0.5444322142159895
1.0571874999999999 0.5446737222110466
1.0575000000000001 0.5449151871482982
1.0578125000000000 0.5451566087950133
1.0581250000000000 0.5453979869185027
1.0584374999999999 0.5456393212861196
1.0587500000000001 0.5458806116652590
1.0590625000000000 0.5461218578233584
1.0593750000000000 0.5463630595278977
1.0596875000000001 0.5466042165464000
1.0600000000000001 0.5468453286464312
1.0603125000000000 0.5470863955956005
1.0606249999999999 0.5473274171615610
1.0609375000000001 0.5475683931120090
1.0612500000000000 0.5478093232146850
1.0615625000000000 0.5480502072373740
1.0618750000000001 0.5482910449479049
1.0621875000000001 0.5485318361141512
1.0625000000000000 0.5487725805040321
1.0628124999999999 0.5490132778855108
1.0631250000000001 0.5492539280265967
1.0634375000000000 0.5494945306953439
1.0637500000000000 0.5497350856598531
1.0640624999999999 0.5499755926882703
1.0643750000000001 0.5502160515487883
1.0646875000000000 0.5504564620096457
1.0649999999999999 0.5506968238391280
1.0653125000000001 0.5509371368055680
1.0656250000000000 0.5511774006773449
1.0659375000000000 0.5514176152228856
1.0662499999999999 0.5516577802106645
1.0665625000000001 0.5518978954092039
1.0668750000000000 0.5521379605870735
1.0671875000000000 0.5523779755128920
1.0675000000000001 0.5526179399553265
1.0678125000000001 0.5528578536830917
1.0681250000000000 0.5530977164649522
1.0684374999999999 0.5533375280697217
1.0687500000000001 0.5535772882662627
1.0690625000000000 0.5538169968234874
1.0693750000000000 0.5540566535103582
1.0696875000000001 0.5542962580958869
1.0700000000000001 0.5545358103491356
1.0703125000000000 0.5547753100392174
1.0706249999999999 0.5550147569352955
1.0709375000000001 0.5552541508065844
1.0712500000000000 0.5554934914223491
1.0715625000000000 0.5557327785519063
1.0718750000000001 0.5559720119646246
1.0721875000000001 0.5562111914299238
1.0725000000000000 0.5564503167172759
1.0728124999999999 0.5566893875962051
1.0731250000000001 0.5569284038362885
1.0734375000000000 0.5571673652071549
1.0737500000000000 0.5574062714784866
1.0740624999999999 0.5576451224200193
1.0743750000000001 0.5578839178015415
1.0746875000000000 0.5581226573928950
1.0750000000000000 0.5583613409639763
1.0753125000000001 0.5585999682847353
1.0756250000000001 0.5588385391251760
1.0759375000000000 0.5590770532553571
1.0762499999999999 0.5593155104453919
1.0765625000000001 0.5595539104654487
1.0768750000000000 0.5597922530857505
1.0771875000000000 0.5600305380765761
1.0775000000000001 0.5602687652082597
1.0778125000000001 0.5605069342511909
1.0781250000000000 0.5607450449758160
1.0784374999999999 0.5609830971526366
1.0787500000000001 0.5612210905522119
1.0790625000000000 0.5614590249451565
1.0793750000000000 0.5616969001021426
1.0796875000000001 0.5619347157938996
1.0800000000000001 0.5621724717912138
1.0803125000000000 0.5624101678649289
1.0806249999999999 0.5626478037859471
1.0809375000000001 0.5628853793252281
1.0812500000000000 0.5631228942537895
1.0815625000000000 0.5633603483427079
1.0818749999999999 0.5635977413631181
1.0821875000000001 0.5638350730862144
1.0825000000000000 0.5640723432832491
1.0828125000000000 0.5643095517255349
1.0831250000000001 0.5645466981844434
1.0834375000000001 0.5647837824314059
1.0837500000000000 0.5650208042379141
1.0840624999999999 0.5652577633755195
1.0843750000000001 0.5654946596158343
1.0846875000000000 0.5657314927305311
1.0850000000000000 0.5659682624913431
1.0853125000000001 0.5662049686700654
1.0856250000000001 0.5664416110385535
1.0859375000000000 0.5666781893687246
1.0862499999999999 0.5669147034325580
1.0865625000000001 0.5671511530020950
1.0868750000000000 0.5673875378494380
1.0871875000000000 0.5676238577467532
1.0875000000000001 0.5678601124662686
1.0878125000000001 0.5680963017802750
1.0881250000000000 0.5683324254611266
1.0884374999999999 0.5685684832812407
1.0887500000000001 0.5688044750130979
1.0890625000000000 0.5690404004292426
1.0893750000000000 0.5692762593022834
1.0896874999999999 0.5695120514048926
1.0900000000000001 0.5697477765098073
1.0903125000000000 0.5699834343898287
1.0906250000000000 0.5702190248178229
1.0909375000000001 0.5704545475667216
1.0912500000000001 0.5706900024095209
1.0915625000000000 0.5709253891192827
1.0918749999999999 0.5711607074691347
1.0921875000000001 0.5713959572322705
1.0925000000000000 0.5716311381819495
1.0928125000000000 0.5718662500914976
1.0931250000000001 0.5721012927343075
1.0934375000000001 0.5723362658838380
1.0937500000000000 0.5725711693136155
1.0940624999999999 0.5728060027972335
1.0943750000000001 0.5730407661083528
1.0946875000000000 0.5732754590207013
1.0950000000000000 0.5735100813080760
1.0953125000000001 0.5737446327443410
1.0956250000000001 0.5739791131034286
1.0959375000000000 0.5742135221593405
1.0962499999999999 0.5744478596861462
1.0965625000000001 0.5746821254579849
1.0968750000000000 0.5749163192490641
1.0971875000000000 0.5751504408336615
1.0974999999999999 0.5753844899861238
1.0978125000000001 0.5756184664808681
1.0981250000000000 0.5758523700923809
1.0984375000000000 0.5760862005952192
1.0987500000000001 0.5763199577640109
1.0990625000000001 0.5765536413734538
1.0993750000000000 0.5767872511983170
1.0996874999999999 0.5770207870134408
1.1000000000000001 0.5772542485937370
1.1003125000000000 0.5774876357141880
1.1006250000000000 0.5777209481498493
1.1009375000000001 0.5779541856758476
1.1012500000000001 0.5781873480673815
1.1015625000000000 0.5784204350997229
1.1018749999999999 0.5786534465482156
1.1021875000000001 0.5788863821882770
1.1025000000000000 0.5791192417953965
1.1028125000000000 0.5793520251451377
1.1031250000000001 0.5795847320131375
1.1034375000000001 0.5798173621751060
1.1037500000000000 0.5800499154068279
1.1040624999999999 0.5802823914841617
1.1043750000000001 0.5805147901830405
1.1046875000000000 0.5807471112794717
1.1050000000000000 0.5809793545495373
1.1053124999999999 0.5812115197693951
1.1056250000000001 0.5814436067152775
1.1059375000000000 0.5816756151634923
1.1062500000000000 0.5819075448904233
1.1065625000000001 0.5821393956725301
1.1068750000000001 0.5823711672863483
1.1071875000000000 0.5826028595084896
1.1074999999999999 0.5828344721156427
1.1078125000000001 0.5830660048845727
1.1081250000000000 0.5832974575921216
1.1084375000000000 0.5835288300152088
1.1087500000000001 0.5837601219308310
1.1090625000000001 0.5839913331160623
1.1093750000000000 0.5842224633480551
1.1096874999999999 0.5844535124040390
1.1100000000000001 0.5846844800613229
1.1103125000000000 0.5849153660972932
1.1106250000000000 0.5851461702894154
1.1109375000000001 0.5853768924152342
1.1112500000000001 0.5856075322523725
1.1115625000000000 0.5858380895785334
1.1118749999999999 0.5860685641714991
1.1121875000000001 0.5862989558091318
1.1125000000000000 0.5865292642693732
1.1128125000000000 0.5867594893302456
1.1131249999999999 0.5869896307698514
1.1134375000000001 0.5872196883663742
1.1137500000000000 0.5874496618980771
1.1140625000000000 0.5876795511433057
1.1143750000000001 0.5879093558804862
1.1146875000000001 0.5881390758881259
1.1150000000000000 0.5883687109448142
1.1153124999999999 0.5885982608292225
1.1156250000000001 0.5888277253201041
1.1159375000000000 0.5890571041962942
1.1162500000000000 0.5892863972367113
1.1165625000000001 0.5895156042203562
1.1168750000000001 0.5897447249263124
1.1171875000000000 0.5899737591337471
1.1174999999999999 0.5902027066219103
1.1178125000000001 0.5904315671701365
1.1181250000000000 0.5906603405578428
1.1184375000000000 0.5908890265645311
1.1187500000000001 0.5911176249697875
1.1190625000000001 0.5913461355532820
1.1193750000000000 0.5915745580947697
1.1196874999999999 0.5918028923740906
1.1200000000000001 0.5920311381711696
1.1203125000000000 0.5922592952660166
1.1206250000000000 0.5924873634387275
1.1209374999999999 0.5927153424694840
1.1212500000000001 0.5929432321385530
1.1215625000000000 0.5931710322262881
1.1218750000000000 0.5933987425131291
1.1221875000000001 0.5936263627796023
1.1225000000000001 0.5938538928063207
1.1228125000000000 0.5940813323739846
1.1231249999999999 0.5943086812633811
1.1234375000000001 0.5945359392553852
1.1237500000000000 0.5947631061309586
1.1240625000000000 0.5949901816711518
1.1243750000000001 0.5952171656571029
1.1246875000000001 0.5954440578700382
1.1250000000000000 0.5956708580912724
1.1253124999999999 0.5958975661022091
1.1256250000000001 0.5961241816843409
1.1259375000000000 0.5963507046192489
1.1262500000000000 0.5965771346886040
1.1265625000000001 0.5968034716741665
1.1268750000000001 0.5970297153577862
1.1271875000000000 0.5972558655214029
1.1274999999999999 0.5974819219470471
1.1278125000000001 0.5977078844168389
1.1281250000000000 0.5979337527129890
1.1284375000000000 0.5981595266177995
1.1287499999999999 0.5983852059136627
1.1290625000000001 0.5986107903830631
1.1293750000000000 0.5988362798085752
1.1296875000000000 0.5990616739728664
1.1300000000000001 0.5992869726586952
1.1303125000000001 0.5995121756489121
1.1306250000000000 0.5997372827264605
1.1309374999999999 0.5999622936743755
1.1312500000000001 0.6001872082757852
1.1315625000000000 0.6004120263139106
1.1318750000000000 0.6006367475720653
1.1321875000000001 0.6008613718336571
1.1325000000000001 0.6010858988821863
1.1328125000000000 0.6013103285012474
1.1331249999999999 0.6015346604745290
1.1334375000000001 0.6017588945858134
1.1337500000000000 0.6019830306189773
1.1340625000000000 0.6022070683579921
1.1343750000000001 0.6024310075869239
1.1346875000000001 0.6026548480899335
1.1350000000000000 0.6028785896512772
1.1353124999999999 0.6031022320553064
1.1356250000000001 0.6033257750864685
1.1359375000000000 0.6035492185293059
1.1362500000000000 0.6037725621684578
1.1365624999999999 0.6039958057886590
1.1368750000000001 0.6042189491747412
1.1371875000000000 0.6044419921116322
1.1375000000000000 0.6046649343843570
1.1378125000000001 0.6048877757780375
1.1381250000000001 0.6051105160778928
1.1384375000000000 0.6053331550692392
1.1387499999999999 0.6055556925374913
1.1390625000000001 0.6057781282681611
1.1393750000000000 0.6060004620468584
1.1396875000000000 0.6062226936592917
1.1400000000000001 0.6064448228912682
1.1403125000000001 0.6066668495286930
1.1406250000000000 0.6068887733575704
1.1409374999999999 0.6071105941640044
1.1412500000000001 0.6073323117341975
1.1415625000000000 0.6075539258544519
1.1418750000000000 0.6077754363111698
1.1421875000000001 0.6079968428908531
1.1425000000000001 0.6082181453801034
1.1428125000000000 0.6084393435656237
1.1431249999999999 0.6086604372342165
1.1434375000000001 0.6088814261727857
1.1437500000000000 0.6091023101683356
1.1440625000000000 0.6093230890079718
1.1443749999999999 0.6095437624789017
1.1446875000000001 0.6097643303684340
1.1450000000000000 0.6099847924639787
1.1453125000000000 0.6102051485530484
1.1456250000000001 0.6104253984232577
1.1459375000000001 0.6106455418623232
1.1462500000000000 0.6108655786580646
1.1465624999999999 0.6110855085984040
1.1468750000000001 0.6113053314713671
1.1471875000000000 0.6115250470650818
1.1475000000000000 0.6117446551677803
1.1478125000000001 0.6119641555677979
1.1481250000000001 0.6121835480535739
1.1484375000000000 0.6124028324136517
1.1487499999999999 0.6126220084366785
1.1490625000000001 0.6128410759114066
1.1493750000000000 0.6130600346266921
1.1496875000000000 0.6132788843714967
1.1500000000000001 0.6134976249348868
1.1503125000000001 0.6137162561060336
1.1506250000000000 0.6139347776742146
1.1509374999999999 0.6141531894288121
1.1512500000000001 0.6143714911593151
1.1515625000000000 0.6145896826553179
1.1518750000000000 0.6148077637065211
1.1521874999999999 0.6150257341027324
1.1525000000000001 0.6152435936338656
1.1528125000000000 0.6154613420899413
1.1531250000000000 0.6156789792610875
1.1534375000000001 0.6158965049375393
1.1537500000000001 0.6161139189096392
1.1540625000000000 0.6163312209678372
1.1543749999999999 0.6165484109026919
1.1546875000000001 0.6167654885048692
1.1550000000000000 0.6169824535651433
1.1553125000000000 0.6171993058743974
1.1556250000000001 0.6174160452236230
1.1559375000000001 0.6176326714039204
1.1562500000000000 0.6178491842064994
1.1565624999999999 0.6180655834226785
1.1568750000000001 0.6182818688438863
1.1571875000000000 0.6184980402616603
1.1575000000000000 0.6187140974676486
1.1578125000000001 0.6189300402536093
1.1581250000000001 0.6191458684114102
1.1584375000000000 0.6193615817330301
1.1587499999999999 0.6195771800105585
1.1590625000000001 0.6197926630361957
1.1593750000000000 0.6200080306022528
1.1596875000000000 0.6202232825011524
1.1599999999999999 0.6204384185254288
1.1603125000000001 0.6206534384677277
1.1606250000000000 0.6208683421208065
1.1609375000000000 0.6210831292775353
1.1612500000000001 0.6212977997308960
1.1615625000000001 0.6215123532739830
1.1618750000000000 0.6217267897000035
1.1621874999999999 0.6219411088022777
1.1625000000000001 0.6221553103742388
1.1628125000000000 0.6223693942094329
1.1631250000000000 0.6225833601015202
1.1634375000000001 0.6227972078442742
1.1637500000000001 0.6230109372315822
1.1640625000000000 0.6232245480574460
1.1643749999999999 0.6234380401159811
1.1646875000000001 0.6236514132014183
1.1650000000000000 0.6238646671081018
1.1653125000000000 0.6240778016304920
1.1656250000000001 0.6242908165631637
1.1659375000000001 0.6245037117008067
1.1662500000000000 0.6247164868382268
1.1665624999999999 0.6249291417703454
1.1668750000000001 0.6251416762921995
1.1671875000000000 0.6253540901989423
1.1675000000000000 0.6255663832858431
1.1678124999999999 0.6257785553482880
1.1681250000000001 0.6259906061817794
1.1684375000000000 0.6262025355819365
1.1687500000000000 0.6264143433444961
1.1690625000000001 0.6266260292653116
1.1693750000000001 0.6268375931403540
1.1696875000000000 0.6270490347657123
1.1699999999999999 0.6272603539375927
1.1703125000000001 0.6274715504523202
1.1706250000000000 0.6276826241063371
1.1709375000000000 0.6278935746962048
1.1712500000000001 0.6281044020186033
1.1715625000000001 0.6283151058703309
1.1718750000000000 0.6285256860483054
1.1721874999999999 0.6287361423495637
1.1725000000000001 0.6289464745712620
1.1728125000000000 0.6291566825106758
1.1731250000000000 0.6293667659652010
1.1734375000000001 0.6295767247323534
1.1737500000000001 0.6297865586097682
1.1740625000000000 0.6299962673952019
1.1743749999999999 0.6302058508865311
1.1746875000000001 0.6304153088817536
1.1750000000000000 0.6306246411789872
1.1753125000000000 0.6308338475764719
1.1756249999999999 0.6310429278725683
1.1759375000000001 0.6312518818657594
1.1762500000000000 0.6314607093546489
1.1765625000000000 0.6316694101379630
1.1768750000000001 0.6318779840145501
1.1771875000000001 0.6320864307833807
1.1775000000000000 0.6322947502435476
1.1778124999999999 0.6325029421942669
1.1781250000000001 0.6327110064348774
1.1784375000000000 0.6329189427648404
1.1787500000000000 0.6331267509837413
1.1790625000000001 0.6333344308912885
1.1793750000000001 0.6335419822873141
1.1796875000000000 0.6337494049717742
1.1799999999999999 0.6339566987447491
1.1803125000000001 0.6341638634064430
1.1806250000000000 0.6343708987571847
1.1809375000000000 0.6345778045974276
1.1812500000000001 0.6347845807277501
1.1815625000000001 0.6349912269488552
1.1818750000000000 0.6351977430615718
1.1821874999999999 0.6354041288668533
1.1825000000000001 0.6356103841657798
1.1828125000000000 0.6358165087595560
1.1831250000000000 0.6360225024495132
1.1834374999999999 0.6362283650371090
1.1837500000000001 0.6364340963239274
1.1840625000000000 0.6366396961116785
1.1843750000000000 0.6368451642021991
1.1846875000000001 0.6370505003974536
1.1850000000000001 0.6372557044995329
1.1853125000000000 0.6374607763106556
1.1856249999999999 0.6376657156331675
1.1859375000000001 0.6378705222695424
1.1862500000000000 0.6380751960223816
1.1865625000000000 0.6382797366944150
1.1868750000000001 0.6384841440885003
1.1871875000000001 0.6386884180076238
1.1875000000000000 0.6388925582549005
1.1878124999999999 0.6390965646335743
1.1881250000000001 0.6393004369470181
1.1884375000000000 0.6395041749987338
1.1887500000000000 0.6397077785923528
1.1890625000000001 0.6399112475316366
1.1893750000000001 0.6401145816204754
1.1896875000000000 0.6403177806628905
1.1899999999999999 0.6405208444630326
1.1903125000000001 0.6407237728251833
1.1906250000000000 0.6409265655537542
1.1909375000000000 0.6411292224532880
1.1912499999999999 0.6413317433284582
1.1915625000000001 0.6415341279840695
1.1918750000000000 0.6417363762250576
1.1921875000000000 0.6419384878564900
1.1925000000000001 0.6421404626835661
1.1928125000000001 0.6423423005116161
1.1931250000000000 0.6425440011461034
1.1934374999999999 0.6427455643926232
1.1937500000000001 0.6429469900569031
1.1940625000000000 0.6431482779448030
1.1943750000000000 0.6433494278623163
1.1946875000000001 0.6435504396155689
1.1950000000000001 0.6437513130108197
1.1953125000000000 0.6439520478544614
1.1956249999999999 0.6441526439530199
1.1959375000000001 0.6443531011131551
1.1962500000000000 0.6445534191416608
1.1965625000000000 0.6447535978454644
1.1968750000000001 0.6449536370316284
1.1971875000000001 0.6451535365073491
1.1975000000000000 0.6453532960799576
1.1978124999999999 0.6455529155569201
1.1981250000000001 0.6457523947458377
1.1984375000000000 0.6459517334544466
1.1987500000000000 0.6461509314906183
1.1990624999999999 0.6463499886623604
1.1993750000000001 0.6465489047778158
1.1996875000000000 0.6467476796452634
1.2000000000000000 0.6469463130731182
1.2003125000000001 0.6471448048699321
1.2006250000000001 0.6473431548443925
1.2009375000000000 0.6475413628053245
1.2012499999999999 0.6477394285616893
1.2015625000000001 0.6479373519225857
1.2018750000000000 0.6481351326972495
1.2021875000000000 0.6483327706950538
1.2025000000000001 0.6485302657255096
1.2028125000000001 0.6487276175982656
1.2031250000000000 0.6489248261231083
1.2034374999999999 0.6491218911099625
1.2037500000000001 0.6493188123688918
1.2040625000000000 0.6495155897100973
1.2043750000000000 0.6497122229439196
1.2046875000000001 0.6499087118808381
1.2050000000000001 0.6501050563314711
1.2053125000000000 0.6503012561065760
1.2056249999999999 0.6504973110170502
1.2059375000000001 0.6506932208739304
1.2062500000000000 0.6508889854883928
1.2065625000000000 0.6510846046717542
1.2068749999999999 0.6512800782354710
1.2071875000000001 0.6514754059911405
1.2075000000000000 0.6516705877504998
1.2078125000000000 0.6518656233254276
1.2081250000000001 0.6520605125279431
1.2084375000000001 0.6522552551702061
1.2087500000000000 0.6524498510645185
1.2090624999999999 0.6526443000233229
1.2093750000000001 0.6528386018592041
1.2096875000000000 0.6530327563848884
1.2100000000000000 0.6532267634132440
1.2103125000000001 0.6534206227572819
1.2106250000000001 0.6536143342301542
1.2109375000000000 0.6538078976451567
1.2112499999999999 0.6540013128157274
1.2115625000000001 0.6541945795554475
1.2118750000000000 0.6543876976780404
1.2121875000000000 0.6545806669973738
1.2125000000000001 0.6547734873274585
1.2128125000000001 0.6549661584824484
1.2131250000000000 0.6551586802766418
1.2134374999999999 0.6553510525244806
1.2137500000000001 0.6555432750405511
1.2140625000000000 0.6557353476395835
1.2143750000000000 0.6559272701364529
1.2146874999999999 0.6561190423461789
1.2150000000000001 0.6563106640839262
1.2153125000000000 0.6565021351650042
1.2156250000000000 0.6566934554048673
1.2159375000000001 0.6568846246191161
1.2162500000000001 0.6570756426234959
1.2165625000000000 0.6572665092338982
1.2168749999999999 0.6574572242663603
1.2171875000000001 0.6576477875370659
1.2175000000000000 0.6578381988623444
1.2178125000000000 0.6580284580586719
1.2181250000000001 0.6582185649426715
1.2184375000000001 0.6584085193311124
1.2187500000000000 0.6585983210409113
1.2190624999999999 0.6587879698891320
1.2193750000000001 0.6589774656929855
1.2196875000000000 0.6591668082698301
1.2200000000000000 0.6593559974371724
1.2203125000000001 0.6595450330126664
1.2206250000000001 0.6597339148141139
1.2209375000000000 0.6599226426594658
1.2212499999999999 0.6601112163668202
1.2215625000000001 0.6602996357544250
1.2218750000000000 0.6604879006406758
1.2221875000000000 0.6606760108441176
1.2224999999999999 0.6608639661834446
1.2228125000000001 0.6610517664775002
1.2231250000000000 0.6612394115452768
1.2234375000000000 0.6614269012059167
1.2237500000000001 0.6616142352787124
1.2240625000000001 0.6618014135831058
1.2243750000000000 0.6619884359386891
1.2246874999999999 0.6621753021652047
1.2250000000000001 0.6623620120825460
1.2253125000000000 0.6625485655107561
1.2256250000000000 0.6627349622700300
1.2259375000000001 0.6629212021807130
1.2262500000000001 0.6631072850633017
1.2265625000000000 0.6632932107384442
1.2268749999999999 0.6634789790269400
1.2271875000000001 0.6636645897497404
1.2275000000000000 0.6638500427279485
1.2278125000000000 0.6640353377828193
1.2281250000000001 0.6642204747357604
1.2284375000000001 0.6644054534083312
1.2287500000000000 0.6645902736222442
1.2290624999999999 0.6647749351993644
1.2293750000000001 0.6649594379617099
1.2296875000000000 0.6651437817314513
1.2300000000000000 0.6653279663309130
1.2303124999999999 0.6655119915825726
1.2306250000000001 0.6656958573090614
1.2309375000000000 0.6658795633331644
1.2312500000000000 0.6660631094778203
1.2315625000000001 0.6662464955661225
1.2318750000000001 0.6664297214213178
1.2321875000000000 0.6666127868668081
1.2324999999999999 0.6667956917261498
1.2328125000000001 0.6669784358230540
1.2331250000000000 0.6671610189813866
1.2334375000000000 0.6673434410251686
1.2337500000000001 0.6675257017785770
1.2340625000000001 0.6677078010659430
1.2343750000000000 0.6678897387117546
1.2346874999999999 0.6680715145406548
1.2350000000000001 0.6682531283774433
1.2353125000000000 0.6684345800470752
1.2356250000000000 0.6686158693746622
1.2359375000000001 0.6687969961854726
1.2362500000000001 0.6689779603049312
1.2365625000000000 0.6691587615586195
1.2368749999999999 0.6693393997722763
1.2371875000000001 0.6695198747717973
1.2375000000000000 0.6697001863832355
1.2378125000000000 0.6698803344328013
1.2381249999999999 0.6700603187468631
1.2384375000000001 0.6702401391519470
1.2387500000000000 0.6704197954747365
1.2390625000000000 0.6705992875420742
1.2393750000000001 0.6707786151809604
1.2396875000000001 0.6709577782185538
1.2400000000000000 0.6711367764821722
1.2403124999999999 0.6713156097992918
1.2406250000000001 0.6714942779975482
1.2409375000000000 0.6716727809047356
1.2412500000000000 0.6718511183488081
1.2415625000000001 0.6720292901578789
1.2418750000000001 0.6722072961602208
1.2421875000000000 0.6723851361842668
1.2424999999999999 0.6725628100586092
1.2428125000000001 0.6727403176120014
1.2431250000000000 0.6729176586733562
1.2434375000000000 0.6730948330717472
1.2437500000000001 0.6732718406364090
1.2440625000000001 0.6734486811967364
1.2443750000000000 0.6736253545822855
1.2446874999999999 0.6738018606227734
1.2450000000000001 0.6739781991480787
1.2453125000000000 0.6741543699882411
1.2456250000000000 0.6743303729734622
1.2459374999999999 0.6745062079341054
1.2462500000000001 0.6746818747006961
1.2465625000000000 0.6748573731039212
1.2468750000000000 0.6750327029746308
1.2471875000000001 0.6752078641438369
1.2475000000000001 0.6753828564427139
1.2478125000000000 0.6755576797025995
1.2481249999999999 0.6757323337549939
1.2484375000000001 0.6759068184315608
1.2487500000000000 0.6760811335641266
1.2490625000000000 0.6762552789846814
1.2493750000000001 0.6764292545253793
1.2496875000000001 0.6766030600185373
1.2500000000000000 0.6767766952966369
1.2503124999999999 0.6769501601923233
1.2506250000000001 0.6771234545384064
1.2509375000000000 0.6772965781678600
1.2512500000000000 0.6774695309138226
1.2515625000000001 0.6776423126095974
1.2518750000000001 0.6778149230886525
1.2521875000000000 0.6779873621846211
1.2524999999999999 0.6781596297313013
1.2528125000000001 0.6783317255626570
1.2531250000000000 0.6785036495128171
1.2534375000000000 0.6786754014160764
1.2537499999999999 0.6788469811068957
1.2540625000000001 0.6790183884199015
1.2543750000000000 0.6791896231898866
1.2546875000000000 0.6793606852518099
1.2550000000000001 0.6795315744407973
1.2553125000000001 0.6797022905921404
1.2556250000000000 0.6798728335412985
1.2559374999999999 0.6800432031238972
1.2562500000000001 0.6802133991757298
1.2565625000000000 0.6803834215327560
1.2568750000000000 0.6805532700311038
1.2571875000000001 0.6807229445070684
1.2575000000000001 0.6808924447971123
1.2578125000000000 0.6810617707378667
1.2581249999999999 0.6812309221661303
1.2584375000000001 0.6813998989188702
1.2587500000000000 0.6815687008332216
1.2590625000000000 0.6817373277464887
1.2593750000000001 0.6819057794961438
1.2596875000000001 0.6820740559198284
1.2600000000000000 0.6822421568553528
1.2603124999999999 0.6824100821406969
1.2606250000000001 0.6825778316140092
1.2609375000000000 0.6827454051136079
1.2612500000000000 0.6829128024779811
1.2615624999999999 0.6830800235457865
1.2618750000000001 0.6832470681558516
1.2621875000000000 0.6834139361471738
1.2625000000000000 0.6835806273589213
1.2628125000000001 0.6837471416304324
1.2631250000000001 0.6839134788012157
1.2634375000000000 0.6840796387109506
1.2637499999999999 0.6842456211994876
1.2640625000000001 0.6844114261068484
1.2643750000000000 0.6845770532732247
1.2646875000000000 0.6847425025389809
1.2650000000000001 0.6849077737446524
1.2653125000000001 0.6850728667309458
1.2656250000000000 0.6852377813387397
1.2659374999999999 0.6854025174090850
1.2662500000000001 0.6855670747832043
1.2665625000000000 0.6857314533024923
1.2668750000000000 0.6858956528085165
1.2671875000000001 0.6860596731430169
1.2675000000000001 0.6862235141479055
1.2678125000000000 0.6863871756652682
1.2681249999999999 0.6865506575373630
1.2684375000000001 0.6867139596066218
1.2687500000000000 0.6868770817156492
1.2690625000000000 0.6870400237072234
1.2693749999999999 0.6872027854242962
1.2696875000000001 0.6873653667099937
1.2700000000000000 0.6875277674076149
1.2703125000000000 0.6876899873606335
1.2706250000000001 0.6878520264126975
1.2709375000000001 0.6880138844076289
1.2712500000000000 0.6881755611894242
1.2715624999999999 0.6883370566022551
1.2718750000000001 0.6884983704904675
1.2721875000000000 0.6886595026985822
1.2725000000000000 0.6888204530712959
1.2728125000000001 0.6889812214534798
1.2731250000000001 0.6891418076901807
1.2734375000000000 0.6893022116266211
1.2737499999999999 0.6894624331081992
1.2740625000000001 0.6896224719804889
1.2743750000000000 0.6897823280892399
1.2746875000000000 0.6899420012803787
1.2750000000000001 0.6901014914000078
1.2753125000000001 0.6902607982944057
1.2756250000000000 0.6904199218100280
1.2759374999999999 0.6905788617935072
1.2762500000000001 0.6907376180916522
1.2765625000000000 0.6908961905514491
1.2768750000000000 0.6910545790200613
1.2771874999999999 0.6912127833448295
1.2775000000000001 0.6913708033732719
1.2778125000000000 0.6915286389530845
1.2781250000000000 0.6916862899321403
1.2784375000000001 0.6918437561584914
1.2787500000000001 0.6920010374803669
1.2790625000000000 0.6921581337461749
1.2793749999999999 0.6923150448045012
1.2796875000000001 0.6924717705041110
1.2800000000000000 0.6926283106939474
1.2803125000000000 0.6927846652231321
1.2806250000000001 0.6929408339409666
1.2809375000000001 0.6930968166969308
1.2812500000000000 0.6932526133406842
1.2815624999999999 0.6934082237220656
1.2818750000000001 0.6935636476910932
1.2821875000000000 0.6937188850979650
1.2825000000000000 0.6938739357930586
1.2828125000000001 0.6940287996269320
1.2831250000000001 0.6941834764503227
1.2834375000000000 0.6943379661141492
1.2837499999999999 0.6944922684695096
1.2840625000000001 0.6946463833676831
1.2843750000000000 0.6948003106601292
1.2846875000000000 0.6949540501984884
1.2849999999999999 0.6951076018345823
1.2853125000000001 0.6952609654204136
1.2856250000000000 0.6954141408081658
1.2859375000000000 0.6955671278502040
1.2862500000000001 0.6957199263990754
1.2865625000000001 0.6958725363075080
1.2868750000000000 0.6960249574284122
1.2871874999999999 0.6961771896148803
1.2875000000000001 0.6963292327201863
1.2878125000000000 0.6964810865977868
1.2881250000000000 0.6966327511013208
1.2884375000000001 0.6967842260846098
1.2887500000000001 0.6969355114016577
1.2890625000000000 0.6970866069066515
1.2893749999999999 0.6972375124539612
1.2896875000000001 0.6973882278981395
1.2900000000000000 0.6975387530939225
1.2903125000000000 0.6976890878962301
1.2906250000000001 0.6978392321601651
1.2909375000000001 0.6979891857410141
1.2912500000000000 0.6981389484942477
1.2915624999999999 0.6982885202755202
1.2918750000000001 0.6984379009406703
1.2921875000000000 0.6985870903457203
1.2925000000000000 0.6987360883468774
1.2928124999999999 0.6988848948005333
1.2931250000000001 0.6990335095632637
1.2934375000000000 0.6991819324918296
1.2937500000000000 0.6993301634431768
1.2940625000000001 0.6994782022744361
1.2943750000000001 0.6996260488429233
1.2946875000000000 0.6997737030061399
1.2949999999999999 0.6999211646217727
1.2953125000000001 0.7000684335476937
1.2956250000000000 0.7002155096419609
1.2959375000000000 0.7003623927628182
1.2962500000000001 0.7005090827686958
1.2965625000000001 0.7006555795182093
1.2968750000000000 0.7008018828701612
1.2971874999999999 0.7009479926835400
1.2975000000000001 0.7010939088175212
1.2978125000000000 0.7012396311314661
1.2981250000000000 0.7013851594849240
1.2984375000000001 0.7015304937376302
1.2987500000000001 0.7016756337495075
1.2990625000000000 0.7018205793806658
1.2993749999999999 0.7019653304914023
1.2996875000000001 0.7021098869422019
1.3000000000000000 0.7022542485937369
1.3003125000000000 0.7023984153068673
1.3006249999999999 0.7025423869426415
1.3009375000000001 0.7026861633622952
1.3012500000000000 0.7028297444272525
1.3015625000000000 0.7029731299991262
1.3018750000000001 0.7031163199397170
1.3021875000000001 0.7032593141110145
1.3025000000000000 0.7034021123751968
1.3028124999999999 0.7035447145946307
1.3031250000000001 0.7036871206318724
1.3034375000000000 0.7038293303496667
1.3037500000000000 0.7039713436109478
1.3040625000000001 0.7041131602788395
1.3043750000000001 0.7042547802166546
1.3046875000000000 0.7043962032878960
1.3049999999999999 0.7045374293562559
1.3053125000000001 0.7046784582856167
1.3056250000000000 0.7048192899400507
1.3059375000000000 0.7049599241838203
1.3062500000000001 0.7051003608813784
1.3065625000000001 0.7052405998973680
1.3068750000000000 0.7053806410966225
1.3071874999999999 0.7055204843441665
1.3075000000000001 0.7056601295052150
1.3078125000000000 0.7057995764451739
1.3081250000000000 0.7059388250296404
1.3084374999999999 0.7060778751244030
1.3087500000000001 0.7062167265954409
1.3090625000000000 0.7063553793089251
1.3093750000000000 0.7064938331312183
1.3096875000000001 0.7066320879288748
1.3100000000000001 0.7067701435686404
1.3103125000000000 0.7069079999174536
1.3106249999999999 0.7070456568424441
1.3109375000000001 0.7071831142109346
1.3112500000000000 0.7073203718904394
1.3115625000000000 0.7074574297486659
1.3118750000000001 0.7075942876535137
1.3121875000000001 0.7077309454730756
1.3125000000000000 0.7078674030756363
1.3128124999999999 0.7080036603296744
1.3131250000000001 0.7081397171038615
1.3134375000000000 0.7082755732670618
1.3137500000000000 0.7084112286883335
1.3140625000000001 0.7085466832369280
1.3143750000000001 0.7086819367822905
1.3146875000000000 0.7088169891940593
1.3149999999999999 0.7089518403420675
1.3153125000000001 0.7090864900963416
1.3156250000000000 0.7092209383271023
1.3159375000000000 0.7093551849047646
1.3162499999999999 0.7094892296999378
1.3165625000000001 0.7096230725834256
1.3168750000000000 0.7097567134262266
1.3171875000000000 0.7098901520995339
1.3175000000000001 0.7100233884747355
1.3178125000000001 0.7101564224234143
1.3181250000000000 0.7102892538173485
1.3184374999999999 0.7104218825285114
1.3187500000000001 0.7105543084290716
1.3190625000000000 0.7106865313913934
1.3193750000000000 0.7108185512880363
1.3196875000000001 0.7109503679917560
1.3200000000000001 0.7110819813755038
1.3203125000000000 0.7112133913124268
1.3206249999999999 0.7113445976758683
1.3209375000000001 0.7114756003393683
1.3212500000000000 0.7116063991766622
1.3215625000000000 0.7117369940616828
1.3218750000000001 0.7118673848685587
1.3221875000000001 0.7119975714716156
1.3225000000000000 0.7121275537453760
1.3228124999999999 0.7122573315645591
1.3231250000000001 0.7123869048040817
1.3234375000000000 0.7125162733390572
1.3237500000000000 0.7126454370447965
1.3240624999999999 0.7127743957968080
1.3243750000000001 0.7129031494707977
1.3246875000000000 0.7130316979426689
1.3250000000000000 0.7131600410885229
1.3253125000000001 0.7132881787846593
1.3256250000000001 0.7134161109075752
1.3259375000000000 0.7135438373339655
1.3262499999999999 0.7136713579407244
1.3265625000000001 0.7137986726049438
1.3268750000000000 0.7139257812039139
1.3271875000000000 0.7140526836151242
1.3275000000000001 0.7141793797162623
1.3278125000000001 0.7143058693852151
1.3281250000000000 0.7144321525000680
1.3284374999999999 0.7145582289391058
1.3287500000000001 0.7146840985808126
1.3290625000000000 0.7148097613038715
1.3293750000000000 0.7149352169871653
1.3296875000000001 0.7150604655097762
1.3300000000000001 0.7151855067509859
1.3303125000000000 0.7153103405902763
1.3306249999999999 0.7154349669073290
1.3309375000000001 0.7155593855820257
1.3312500000000000 0.7156835964944480
1.3315625000000000 0.7158075995248778
1.3318749999999999 0.7159313945537975
1.3321875000000001 0.7160549814618901
1.3325000000000000 0.7161783601300387
1.3328125000000000 0.7163015304393276
1.3331250000000001 0.7164244922710421
1.3334375000000001 0.7165472455066676
1.3337500000000000 0.7166697900278910
1.3340624999999999 0.7167921257166007
1.3343750000000001 0.7169142524548859
1.3346875000000000 0.7170361701250376
1.3350000000000000 0.7171578786095478
1.3353125000000001 0.7172793777911106
1.3356250000000001 0.7174006675526214
1.3359375000000000 0.7175217477771778
1.3362499999999999 0.7176426183480793
1.3365625000000001 0.7177632791488274
1.3368750000000000 0.7178837300631257
1.3371875000000000 0.7180039709748802
1.3375000000000001 0.7181240017681993
1.3378125000000001 0.7182438223273939
1.3381250000000000 0.7183634325369774
1.3384374999999999 0.7184828322816663
1.3387500000000001 0.7186020214463797
1.3390625000000000 0.7187209999162396
1.3393750000000000 0.7188397675765711
1.3396874999999999 0.7189583243129026
1.3400000000000001 0.7190766700109659
1.3403125000000000 0.7191948045566958
1.3406250000000000 0.7193127278362310
1.3409375000000001 0.7194304397359138
1.3412500000000001 0.7195479401422898
1.3415625000000000 0.7196652289421089
1.3418749999999999 0.7197823060223250
1.3421875000000001 0.7198991712700957
1.3425000000000000 0.7200158245727829
1.3428125000000000 0.7201322658179531
1.3431250000000001 0.7202484948933766
1.3434375000000001 0.7203645116870285
1.3437500000000000 0.7204803160870887
1.3440624999999999 0.7205959079819415
1.3443750000000001 0.7207112872601764
1.3446875000000000 0.7208264538105873
1.3450000000000000 0.7209414075221734
1.3453125000000001 0.7210561482841391
1.3456250000000001 0.7211706759858939
1.3459375000000000 0.7212849905170529
1.3462499999999999 0.7213990917674363
1.3465625000000001 0.7215129796270705
1.3468750000000000 0.7216266539861866
1.3471875000000000 0.7217401147352223
1.3474999999999999 0.7218533617648207
1.3478125000000001 0.7219663949658315
1.3481250000000000 0.7220792142293095
1.3484375000000000 0.7221918194465169
1.3487500000000001 0.7223042105089211
1.3490625000000001 0.7224163873081966
1.3493750000000000 0.7225283497362242
1.3496874999999999 0.7226400976850912
1.3500000000000001 0.7227516310470919
1.3503125000000000 0.7228629497147273
1.3506250000000000 0.7229740535807051
1.3509375000000001 0.7230849425379404
1.3512500000000001 0.7231956164795552
1.3515625000000000 0.7233060752988788
1.3518749999999999 0.7234163188894478
1.3521875000000001 0.7235263471450064
1.3525000000000000 0.7236361599595063
1.3528125000000000 0.7237457572271064
1.3531250000000001 0.7238551388421743
1.3534375000000001 0.7239643046992843
1.3537500000000000 0.7240732546932196
1.3540624999999999 0.7241819887189711
1.3543750000000001 0.7242905066717378
1.3546875000000000 0.7243988084469267
1.3550000000000000 0.7245068939401539
1.3553124999999999 0.7246147630472433
1.3556250000000001 0.7247224156642277
1.3559375000000000 0.7248298516873483
1.3562500000000000 0.7249370710130554
1.3565625000000001 0.7250440735380077
1.3568750000000001 0.7251508591590734
1.3571875000000000 0.7252574277733291
1.3574999999999999 0.7253637792780614
1.3578125000000001 0.7254699135707654
1.3581250000000000 0.7255758305491460
1.3584375000000000 0.7256815301111170
1.3587500000000001 0.7257870121548028
1.3590625000000001 0.7258922765785363
1.3593750000000000 0.7259973232808608
1.3596874999999999 0.7261021521605294
1.3600000000000001 0.7262067631165050
1.3603125000000000 0.7263111560479604
1.3606250000000000 0.7264153308542788
1.3609375000000001 0.7265192874350537
1.3612500000000001 0.7266230256900886
1.3615625000000000 0.7267265455193979
1.3618749999999999 0.7268298468232059
1.3621875000000001 0.7269329295019481
1.3625000000000000 0.7270357934562703
1.3628125000000000 0.7271384385870294
1.3631249999999999 0.7272408647952930
1.3634375000000001 0.7273430719823402
1.3637500000000000 0.7274450600496603
1.3640625000000000 0.7275468288989544
1.3643750000000001 0.7276483784321350
1.3646875000000001 0.7277497085513256
1.3650000000000000 0.7278508191588613
1.3653124999999999 0.7279517101572889
1.3656250000000001 0.7280523814493670
1.3659375000000000 0.7281528329380653
1.3662500000000000 0.7282530645265660
1.3665625000000001 0.7283530761182633
1.3668750000000001 0.7284528676167628
1.3671875000000000 0.7285524389258826
1.3674999999999999 0.7286517899496534
1.3678125000000001 0.7287509205923176
1.3681250000000000 0.7288498307583302
1.3684375000000000 0.7289485203523589
1.3687500000000001 0.7290469892792840
1.3690625000000001 0.7291452374441980
1.3693750000000000 0.7292432647524068
1.3696874999999999 0.7293410711094287
1.3700000000000001 0.7294386564209954
1.3703125000000000 0.7295360205930510
1.3706250000000000 0.7296331635317534
1.3709374999999999 0.7297300851434735
1.3712500000000001 0.7298267853347955
1.3715625000000000 0.7299232640125168
1.3718750000000000 0.7300195210836486
1.3721875000000001 0.7301155564554158
1.3725000000000001 0.7302113700352566
1.3728125000000000 0.7303069617308230
1.3731249999999999 0.7304023314499812
1.3734375000000001 0.7304974791008112
1.3737500000000000 0.7305924045916067
1.3740625000000000 0.7306871078308761
1.3743750000000001 0.7307815887273416
1.3746875000000001 0.7308758471899397
1.3750000000000000 0.7309698831278216
1.3753124999999999 0.7310636964503529
1.3756250000000001 0.7311572870671134
1.3759375000000000 0.7312506548878976
1.3762500000000000 0.7313437998227155
1.3765625000000001 0.7314367217817910
1.3768750000000001 0.7315294206755633
1.3771875000000000 0.7316218964146867
1.3774999999999999 0.7317141489100302
1.3778125000000001 0.7318061780726784
1.3781250000000000 0.7318979838139310
1.3784375000000000 0.7319895660453029
1.3787499999999999 0.7320809246785247
1.3790625000000001 0.7321720596255422
1.3793750000000000 0.7322629707985169
1.3796875000000000 0.7323536581098261
1.3800000000000001 0.7324441214720628
1.3803125000000001 0.7325343607980359
1.3806250000000000 0.7326243760007700
1.3809374999999999 0.7327141669935061
1.3812500000000001 0.7328037336897009
1.3815625000000000 0.7328930760030274
1.3818750000000000 0.7329821938473753
1.3821875000000001 0.7330710871368500
1.3825000000000001 0.7331597557857735
1.3828125000000000 0.7332481997086847
1.3831249999999999 0.7333364188203387
1.3834375000000001 0.7334244130357075
1.3837500000000000 0.7335121822699796
1.3840625000000000 0.7335997264385606
1.3843750000000001 0.7336870454570731
1.3846875000000001 0.7337741392413564
1.3850000000000000 0.7338610077074669
1.3853124999999999 0.7339476507716783
1.3856250000000001 0.7340340683504819
1.3859375000000000 0.7341202603605856
1.3862500000000000 0.7342062267189153
1.3865624999999999 0.7342919673426141
1.3868750000000001 0.7343774821490429
1.3871875000000000 0.7344627710557797
1.3875000000000000 0.7345478339806211
1.3878125000000001 0.7346326708415807
1.3881250000000001 0.7347172815568903
1.3884375000000000 0.7348016660450000
1.3887499999999999 0.7348858242245773
1.3890625000000001 0.7349697560145083
1.3893750000000000 0.7350534613338970
1.3896875000000000 0.7351369401020662
1.3900000000000001 0.7352201922385564
1.3903125000000001 0.7353032176631268
1.3906250000000000 0.7353860162957552
1.3909374999999999 0.7354685880566378
1.3912500000000001 0.7355509328661900
1.3915625000000000 0.7356330506450450
1.3918750000000000 0.7357149413140556
1.3921875000000001 0.7357966047942933
1.3925000000000001 0.7358780410070485
1.3928125000000000 0.7359592498738303
1.3931249999999999 0.7360402313163678
1.3934375000000001 0.7361209852566085
1.3937500000000000 0.7362015116167195
1.3940625000000000 0.7362818103190872
1.3943749999999999 0.7363618812863174
1.3946875000000001 0.7364417244412356
1.3950000000000000 0.7365213397068864
1.3953125000000000 0.7366007270065345
1.3956250000000001 0.7366798862636641
1.3959375000000001 0.7367588174019792
1.3962500000000000 0.7368375203454041
1.3965624999999999 0.7369159950180821
1.3968750000000001 0.7369942413443776
1.3971875000000000 0.7370722592488742
1.3975000000000000 0.7371500486563761
1.3978125000000001 0.7372276094919078
1.3981250000000001 0.7373049416807138
1.3984375000000000 0.7373820451482591
1.3987499999999999 0.7374589198202294
1.3990625000000001 0.7375355656225305
1.3993750000000000 0.7376119824812891
1.3996875000000000 0.7376881703228524
1.4000000000000001 0.7377641290737884
1.4003125000000001 0.7378398586608859
1.4006250000000000 0.7379153590111546
1.4009374999999999 0.7379906300518250
1.4012500000000001 0.7380656717103489
1.4015625000000000 0.7381404839143988
1.4018750000000000 0.7382150665918688
1.4021874999999999 0.7382894196708738
1.4025000000000001 0.7383635430797504
1.4028125000000000 0.7384374367470560
1.4031250000000000 0.7385111006015701
1.4034375000000001 0.7385845345722932
1.4037500000000001 0.7386577385884479
1.4040625000000000 0.7387307125794774
1.4043749999999999 0.7388034564750479
1.4046875000000001 0.7388759702050466
1.4050000000000000 0.7389482536995825
1.4053125000000000 0.7390203068889869
1.4056250000000001 0.7390921297038130
1.4059375000000001 0.7391637220748357
1.4062500000000000 0.7392350839330522
1.4065624999999999 0.7393062152096821
1.4068750000000001 0.7393771158361669
1.4071875000000000 0.7394477857441707
1.4075000000000000 0.7395182248655798
1.4078125000000001 0.7395884331325029
1.4081250000000001 0.7396584104772712
1.4084375000000000 0.7397281568324388
1.4087499999999999 0.7397976721307817
1.4090625000000001 0.7398669563052997
1.4093750000000000 0.7399360092892143
1.4096875000000000 0.7400048310159705
1.4099999999999999 0.7400734214192357
1.4103125000000001 0.7401417804329009
1.4106250000000000 0.7402099079910793
1.4109375000000000 0.7402778040281078
1.4112500000000001 0.7403454684785464
1.4115625000000001 0.7404129012771782
1.4118750000000000 0.7404801023590093
1.4121874999999999 0.7405470716592695
1.4125000000000001 0.7406138091134118
1.4128125000000000 0.7406803146571129
1.4131250000000000 0.7407465882262728
1.4134375000000001 0.7408126297570152
1.4137500000000001 0.7408784391856872
1.4140625000000000 0.7409440164488600
1.4143749999999999 0.7410093614833282
1.4146875000000001 0.7410744742261106
1.4150000000000000 0.7411393546144495
1.4153125000000000 0.7412040025858114
1.4156250000000001 0.7412684180778869
1.4159375000000001 0.7413326010285902
1.4162500000000000 0.7413965513760601
1.4165624999999999 0.7414602690586595
1.4168750000000001 0.7415237540149755
1.4171875000000000 0.7415870061838193
1.4175000000000000 0.7416500255042269
1.4178124999999999 0.7417128119154581
1.4181250000000001 0.7417753653569981
1.4184375000000000 0.7418376857685558
1.4187500000000000 0.7418997730900649
1.4190625000000001 0.7419616272616841
1.4193750000000001 0.7420232482237966
1.4196875000000000 0.7420846359170102
1.4199999999999999 0.7421457902821578
1.4203125000000001 0.7422067112602970
1.4206250000000000 0.7422673987927104
1.4209375000000000 0.7423278528209059
1.4212500000000001 0.7423880732866159
1.4215625000000001 0.7424480601317982
1.4218750000000000 0.7425078132986360
1.4221874999999999 0.7425673327295372
1.4225000000000001 0.7426266183671356
1.4228125000000000 0.7426856701542899
1.4231250000000000 0.7427444880340840
1.4234375000000001 0.7428030719498280
1.4237500000000001 0.7428614218450568
1.4240625000000000 0.7429195376635311
1.4243749999999999 0.7429774193492373
1.4246875000000001 0.7430350668463874
1.4250000000000000 0.7430924800994192
1.4253125000000000 0.7431496590529959
1.4256249999999999 0.7432066036520069
1.4259375000000001 0.7432633138415675
1.4262500000000000 0.7433197895670187
1.4265625000000000 0.7433760307739277
1.4268750000000001 0.7434320374080874
1.4271875000000001 0.7434878094155172
1.4275000000000000 0.7435433467424624
1.4278124999999999 0.7435986493353944
1.4281250000000001 0.7436537171410113
1.4284375000000000 0.7437085501062368
1.4287500000000000 0.7437631481782218
1.4290625000000001 0.7438175113043426
1.4293750000000001 0.7438716394322028
1.4296875000000000 0.7439255325096321
1.4299999999999999 0.7439791904846869
1.4303125000000001 0.7440326133056498
1.4306250000000000 0.7440858009210308
1.4309375000000000 0.7441387532795659
1.4312500000000001 0.7441914703302182
1.4315625000000001 0.7442439520221773
1.4318750000000000 0.7442961983048600
1.4321874999999999 0.7443482091279101
1.4325000000000001 0.7443999844411977
1.4328125000000000 0.7444515241948204
1.4331250000000000 0.7445028283391028
1.4334374999999999 0.7445538968245964
1.4337500000000001 0.7446047296020800
1.4340625000000000 0.7446553266225595
1.4343750000000000 0.7447056878372681
1.4346875000000001 0.7447558131976661
1.4350000000000001 0.7448057026554414
1.4353125000000000 0.7448553561625091
1.4356249999999999 0.7449047736710116
1.4359375000000001 0.7449539551333191
1.4362500000000000 0.7450029005020289
1.4365625000000000 0.7450516097299662
1.4368750000000001 0.7451000827701836
1.4371875000000001 0.7451483195759614
1.4375000000000000 0.7451963201008076
1.4378124999999999 0.7452440842984579
1.4381250000000001 0.7452916121228760
1.4384375000000000 0.7453389035282529
1.4387500000000000 0.7453859584690081
1.4390625000000001 0.7454327768997886
1.4393750000000001 0.7454793587754693
1.4396875000000000 0.7455257040511535
1.4399999999999999 0.7455718126821722
1.4403125000000001 0.7456176846240845
1.4406250000000000 0.7456633198326780
1.4409375000000000 0.7457087182639678
1.4412499999999999 0.7457538798741978
1.4415625000000001 0.7457988046198402
1.4418750000000000 0.7458434924575947
1.4421875000000000 0.7458879433443903
1.4425000000000001 0.7459321572373840
1.4428125000000001 0.7459761340939609
1.4431250000000000 0.7460198738717350
1.4434374999999999 0.7460633765285487
1.4437500000000001 0.7461066420224729
1.4440625000000000 0.7461496703118070
1.4443750000000000 0.7461924613550792
1.4446875000000001 0.7462350151110462
1.4450000000000001 0.7462773315386935
1.4453125000000000 0.7463194105972353
1.4456249999999999 0.7463612522461147
1.4459375000000001 0.7464028564450034
1.4462500000000000 0.7464442231538022
1.4465625000000000 0.7464853523326406
1.4468750000000001 0.7465262439418772
1.4471875000000001 0.7465668979420994
1.4475000000000000 0.7466073142941239
1.4478124999999999 0.7466474929589960
1.4481250000000001 0.7466874338979906
1.4484375000000000 0.7467271370726114
1.4487500000000000 0.7467666024445914
1.4490624999999999 0.7468058299758926
1.4493750000000001 0.7468448196287065
1.4496875000000000 0.7468835713654538
1.4500000000000000 0.7469220851487844
1.4503125000000001 0.7469603609415777
1.4506250000000001 0.7469983987069422
1.4509375000000000 0.7470361984082162
1.4512499999999999 0.7470737600089673
1.4515625000000001 0.7471110834729925
1.4518750000000000 0.7471481687643183
1.4521875000000000 0.7471850158472010
1.4525000000000001 0.7472216246861262
1.4528125000000001 0.7472579952458092
1.4531250000000000 0.7472941274911953
1.4534374999999999 0.7473300213874589
1.4537500000000001 0.7473656769000047
1.4540625000000000 0.7474010939944666
1.4543750000000000 0.7474362726367089
1.4546875000000001 0.7474712127928252
1.4550000000000001 0.7475059144291394
1.4553125000000000 0.7475403775122049
1.4556249999999999 0.7475746020088052
1.4559375000000001 0.7476085878859540
1.4562500000000000 0.7476423351108943
1.4565625000000000 0.7476758436511000
1.4568749999999999 0.7477091134742743
1.4571875000000001 0.7477421445483510
1.4575000000000000 0.7477749368414937
1.4578125000000000 0.7478074903220964
1.4581250000000001 0.7478398049587829
1.4584375000000001 0.7478718807204076
1.4587500000000000 0.7479037175760548
1.4590624999999999 0.7479353154950394
1.4593750000000001 0.7479666744469066
1.4596875000000000 0.7479977944014313
1.4600000000000000 0.7480286753286194
1.4603125000000001 0.7480593171987071
1.4606250000000001 0.7480897199821608
1.4609375000000000 0.7481198836496775
1.4612499999999999 0.7481498081721845
1.4615625000000001 0.7481794935208397
1.4618750000000000 0.7482089396670315
1.4621875000000000 0.7482381465823790
1.4625000000000001 0.7482671142387316
1.4628125000000001 0.7482958426081695
1.4631250000000000 0.7483243316630035
1.4634374999999999 0.7483525813757750
1.4637500000000001 0.7483805917192561
1.4640625000000000 0.7484083626664497
1.4643750000000000 0.7484358941905893
1.4646874999999999 0.7484631862651394
1.4650000000000001 0.7484902388637950
1.4653125000000000 0.7485170519604819
1.4656250000000000 0.7485436255293570
1.4659375000000001 0.7485699595448081
1.4662500000000001 0.7485960539814535
1.4665625000000000 0.7486219088141426
1.4668749999999999 0.7486475240179560
1.4671875000000001 0.7486728995682049
1.4675000000000000 0.7486980354404316
1.4678125000000000 0.7487229316104095
1.4681250000000001 0.7487475880541430
1.4684375000000001 0.7487720047478674
1.4687500000000000 0.7487961816680493
1.4690624999999999 0.7488201187913861
1.4693750000000001 0.7488438160948068
1.4696875000000000 0.7488672735554711
1.4700000000000000 0.7488904911507700
1.4703125000000001 0.7489134688583259
1.4706250000000001 0.7489362066559919
1.4709375000000000 0.7489587045218531
1.4712499999999999 0.7489809624342251
1.4715625000000001 0.7490029803716551
1.4718750000000000 0.7490247583129218
1.4721875000000000 0.7490462962370348
1.4724999999999999 0.7490675941232353
1.4728125000000001 0.7490886519509958
1.4731250000000000 0.7491094697000202
1.4734375000000000 0.7491300473502437
1.4737500000000001 0.7491503848818329
1.4740625000000001 0.7491704822751861
1.4743750000000000 0.7491903395109327
1.4746874999999999 0.7492099565699338
1.4750000000000001 0.7492293334332820
1.4753125000000000 0.7492484700823012
1.4756250000000000 0.7492673664985470
1.4759375000000001 0.7492860226638064
1.4762500000000001 0.7493044385600982
1.4765625000000000 0.7493226141696725
1.4768749999999999 0.7493405494750114
1.4771875000000001 0.7493582444588280
1.4775000000000000 0.7493756991040675
1.4778125000000000 0.7493929133939067
1.4781250000000001 0.7494098873117540
1.4784375000000001 0.7494266208412492
1.4787500000000000 0.7494431139662643
1.4790624999999999 0.7494593666709026
1.4793750000000001 0.7494753789394994
1.4796875000000000 0.7494911507566216
1.4800000000000000 0.7495066821070679
1.4803124999999999 0.7495219729758686
1.4806250000000001 0.7495370233482861
1.4809375000000000 0.7495518332098142
1.4812500000000000 0.7495664025461790
1.4815625000000001 0.7495807313433379
1.4818750000000001 0.7495948195874806
1.4821875000000000 0.7496086672650284
1.4824999999999999 0.7496222743626345
1.4828125000000001 0.7496356408671839
1.4831250000000000 0.7496487667657937
1.4834375000000000 0.7496616520458128
1.4837500000000001 0.7496742966948219
1.4840625000000001 0.7496867007006338
1.4843750000000000 0.7496988640512932
1.4846874999999999 0.7497107867350765
1.4850000000000001 0.7497224687404925
1.4853125000000000 0.7497339100562816
1.4856250000000000 0.7497451106714166
1.4859375000000001 0.7497560705751019
1.4862500000000001 0.7497667897567737
1.4865625000000000 0.7497772682061010
1.4868749999999999 0.7497875059129842
1.4871875000000001 0.7497975028675559
1.4875000000000000 0.7498072590601808
1.4878125000000000 0.7498167744814555
1.4881249999999999 0.7498260491222087
1.4884375000000001 0.7498350829735015
1.4887500000000000 0.7498438760266267
1.4890625000000000 0.7498524282731094
1.4893750000000001 0.7498607397047063
1.4896875000000001 0.7498688103134071
1.4900000000000000 0.7498766400914330
1.4903124999999999 0.7498842290312371
1.4906250000000001 0.7498915771255052
1.4909375000000000 0.7498986843671552
1.4912500000000000 0.7499055507493367
1.4915625000000001 0.7499121762654317
1.4918750000000001 0.7499185609090544
1.4921875000000000 0.7499247046740510
1.4924999999999999 0.7499306075545001
1.4928125000000001 0.7499362695447123
1.4931250000000000 0.7499416906392303
1.4934375000000000 0.7499468708328292
1.4937500000000001 0.7499518101205163
1.4940625000000001 0.7499565084975306
1.4943750000000000 0.7499609659593440
1.4946874999999999 0.7499651825016602
1.4950000000000001 0.7499691581204151
1.4953125000000000 0.7499728928117770
1.4956250000000000 0.7499763865721463
1.4959375000000001 0.7499796393981554
1.4962500000000001 0.7499826512866693
1.4965625000000000 0.7499854222347850
1.4968750000000000 0.7499879522398321
1.4971875000000001 0.7499902412993715
1.4975000000000001 0.7499922894111974
1.4978125000000000 0.7499940965733356
1.4981249999999999 0.7499956627840445
1.4984375000000001 0.7499969880418142
1.4987500000000000 0.7499980723453676
1.4990625000000000 0.7499989156936597
1.4993750000000001 0.7499995180858774
1.4996875000000001 0.7499998795214403
1.5000000000000000 0.7500000000000000
1.5003124999999999 0.7499998795214403
1.5006250000000001 0.7499995180858774
1.5009375000000000 0.7499989156936597
1.5012500000000000 0.7499980723453676
1.5015625000000001 0.7499969880418142
1.5018750000000001 0.7499956627840445
1.5021875000000000 0.7499940965733356
1.5024999999999999 0.7499922894111974
1.5028125000000001 0.7499902412993715
1.5031250000000000 0.7499879522398321
1.5034375000000000 0.7499854222347850
1.5037500000000001 0.7499826512866693
1.5040625000000001 0.7499796393981554
1.5043750000000000 0.7499763865721463
1.5046875000000000 0.7499728928117770
1.5050000000000001 0.7499691581204151
1.5053125000000001 0.7499651825016602
1.5056250000000000 0.7499609659593440
1.5059374999999999 0.7499565084975306
1.5062500000000001 0.7499518101205163
1.5065625000000000 0.7499468708328292
1.5068750000000000 0.7499416906392303
1.5071875000000001 0.7499362695447123
1.5075000000000001 0.7499306075545001
1.5078125000000000 0.7499247046740510
1.5081249999999999 0.7499185609090544
1.5084375000000001 0.7499121762654317
1.5087500000000000 0.7499055507493367
1.5090625000000000 0.7498986843671552
1.5093750000000001 0.7498915771255052
1.5096875000000001 0.7498842290312371
1.5100000000000000 0.7498766400914330
1.5103124999999999 0.7498688103134071
1.5106250000000001 0.7498607397047063
1.5109375000000000 0.7498524282731094
1.5112500000000000 0.7498438760266267
1.5115625000000001 0.7498350829735015
1.5118750000000001 0.7498260491222087
1.5121875000000000 0.7498167744814555
1.5125000000000000 0.7498072590601808
1.5128125000000001 0.7497975028675559
1.5131250000000001 0.7497875059129842
1.5134375000000000 0.7497772682061010
1.5137499999999999 0.7497667897567737
1.5140625000000001 0.7497560705751019
1.5143750000000000 0.7497451106714166
1.5146875000000000 0.7497339100562816
1.5150000000000001 0.7497224687404924
1.5153125000000001 0.7497107867350765
1.5156250000000000 0.7496988640512932
1.5159374999999999 0.7496867007006338
1.5162500000000001 0.7496742966948219
1.5165625000000000 0.7496616520458128
1.5168750000000000 0.7496487667657937
1.5171875000000001 0.7496356408671839
1.5175000000000001 0.7496222743626345
1.5178125000000000 0.7496086672650284
1.5181249999999999 0.7495948195874806
1.5184375000000001 0.7495807313433379
1.5187500000000000 0.7495664025461790
1.5190625000000000 0.7495518332098142
1.5193750000000001 0.7495370233482861
1.5196875000000001 0.7495219729758686
1.5200000000000000 0.7495066821070679
1.5203125000000000 0.7494911507566216
1.5206250000000001 0.7494753789394994
1.5209375000000001 0.7494593666709026
1.5212500000000000 0.7494431139662643
1.5215624999999999 0.7494266208412492
1.5218750000000001 0.7494098873117540
1.5221875000000000 0.7493929133939067
1.5225000000000000 0.7493756991040675
1.5228125000000001 0.7493582444588279
1.5231250000000001 0.7493405494750114
1.5234375000000000 0.7493226141696725
1.5237499999999999 0.7493044385600982
1.5240625000000001 0.7492860226638064
1.5243750000000000 0.7492673664985470
1.5246875000000000 0.7492484700823012
1.5250000000000001 0.7492293334332820
1.5253125000000001 0.7492099565699338
1.5256250000000000 0.7491903395109327
1.5259374999999999 0.7491704822751861
1.5262500000000001 0.7491503848818329
1.5265625000000000 0.7491300473502437
1.5268750000000000 0.7491094697000202
1.5271875000000001 0.7490886519509958
1.5275000000000001 0.7490675941232353
1.5278125000000000 0.7490462962370348
1.5281250000000000 0.7490247583129218
1.5284375000000001 0.7490029803716551
1.5287500000000001 0.7489809624342251
1.5290625000000000 0.7489587045218531
1.5293749999999999 0.7489362066559919
1.5296875000000001 0.7489134688583259
1.5300000000000000 0.7488904911507700
1.5303125000000000 0.7488672735554711
1.5306250000000001 0.7488438160948068
1.5309375000000001 0.7488201187913861
1.5312500000000000 0.7487961816680493
1.5315624999999999 0.7487720047478674
1.5318750000000001 0.7487475880541430
1.5321875000000000 0.7487229316104096
1.5325000000000000 0.7486980354404316
1.5328125000000001 0.7486728995682048
1.5331250000000001 0.7486475240179560
1.5334375000000000 0.7486219088141426
1.5337499999999999 0.7485960539814535
1.5340625000000001 0.7485699595448081
1.5343750000000000 0.7485436255293570
1.5346875000000000 0.7485170519604819
1.5350000000000001 0.7484902388637950
1.5353125000000001 0.7484631862651394
1.5356250000000000 0.7484358941905893
1.5359375000000000 0.7484083626664497
1.5362500000000001 0.7483805917192561
1.5365625000000001 0.7483525813757750
1.5368750000000000 0.7483243316630035
1.5371874999999999 0.7482958426081695
1.5375000000000001 0.7482671142387316
1.5378125000000000 0.7482381465823790
1.5381250000000000 0.7482089396670315
1.5384375000000001 0.7481794935208397
1.5387500000000001 0.7481498081721845
1.5390625000000000 0.7481198836496775
1.5393749999999999 0.7480897199821609
1.5396875000000001 0.7480593171987071
1.5400000000000000 0.7480286753286195
1.5403125000000000 0.7479977944014313
1.5406250000000001 0.7479666744469065
1.5409375000000001 0.7479353154950394
1.5412500000000000 0.7479037175760548
1.5415624999999999 0.7478718807204076
1.5418750000000001 0.7478398049587829
1.5421875000000000 0.7478074903220964
1.5425000000000000 0.7477749368414937
1.5428125000000001 0.7477421445483510
1.5431250000000001 0.7477091134742743
1.5434375000000000 0.7476758436511000
1.5437500000000000 0.7476423351108943
1.5440625000000001 0.7476085878859539
1.5443750000000001 0.7475746020088052
1.5446875000000000 0.7475403775122049
1.5449999999999999 0.7475059144291394
1.5453125000000001 0.7474712127928252
1.5456250000000000 0.7474362726367089
1.5459375000000000 0.7474010939944666
1.5462500000000001 0.7473656769000045
1.5465625000000001 0.7473300213874590
1.5468750000000000 0.7472941274911953
1.5471874999999999 0.7472579952458093
1.5475000000000001 0.7472216246861261
1.5478125000000000 0.7471850158472010
1.5481250000000000 0.7471481687643183
1.5484375000000001 0.7471110834729925
1.5487500000000001 0.7470737600089674
1.5490625000000000 0.7470361984082163
1.5493749999999999 0.7469983987069423
1.5496875000000001 0.7469603609415777
1.5500000000000000 0.7469220851487844
1.5503125000000000 0.7468835713654538
1.5506250000000001 0.7468448196287065
1.5509375000000001 0.7468058299758926
1.5512500000000000 0.7467666024445914
1.5515625000000000 0.7467271370726114
1.5518750000000001 0.7466874338979906
1.5521875000000001 0.7466474929589961
1.5525000000000000 0.7466073142941239
1.5528124999999999 0.7465668979420994
1.5531250000000001 0.7465262439418772
1.5534375000000000 0.7464853523326406
1.5537500000000000 0.7464442231538022
1.5540625000000001 0.7464028564450034
1.5543750000000001 0.7463612522461147
1.5546875000000000 0.7463194105972353
1.5549999999999999 0.7462773315386935
1.5553125000000001 0.7462350151110462
1.5556250000000000 0.7461924613550792
1.5559375000000000 0.7461496703118070
1.5562500000000001 0.7461066420224729
1.5565625000000001 0.7460633765285487
1.5568750000000000 0.7460198738717351
1.5571874999999999 0.7459761340939609
1.5575000000000001 0.7459321572373839
1.5578125000000000 0.7458879433443903
1.5581250000000000 0.7458434924575947
1.5584375000000001 0.7457988046198402
1.5587500000000001 0.7457538798741978
1.5590625000000000 0.7457087182639678
1.5593750000000000 0.7456633198326780
1.5596875000000001 0.7456176846240845
1.5600000000000001 0.7455718126821722
1.5603125000000000 0.7455257040511535
1.5606249999999999 0.7454793587754693
1.5609375000000001 0.7454327768997886
1.5612500000000000 0.7453859584690081
1.5615625000000000 0.7453389035282529
1.5618750000000001 0.7452916121228760
1.5621875000000001 0.7452440842984580
1.5625000000000000 0.7451963201008076
1.5628124999999999 0.7451483195759614
1.5631250000000001 0.7451000827701836
1.5634375000000000 0.7450516097299662
1.5637500000000000 0.7450029005020289
1.5640625000000001 0.7449539551333191
1.5643750000000001 0.7449047736710116
1.5646875000000000 0.7448553561625091
1.5649999999999999 0.7448057026554414
1.5653125000000001 0.7447558131976661
1.5656250000000000 0.7447056878372681
1.5659375000000000 0.7446553266225595
1.5662500000000001 0.7446047296020799
1.5665625000000001 0.7445538968245964
1.5668750000000000 0.7445028283391028
1.5671875000000000 0.7444515241948204
1.5675000000000001 0.7443999844411977
1.5678125000000001 0.7443482091279101
1.5681250000000000 0.7442961983048602
1.5684374999999999 0.7442439520221773
1.5687500000000001 0.7441914703302182
1.5690625000000000 0.7441387532795659
1.5693750000000000 0.7440858009210308
1.5696875000000001 0.7440326133056498
1.5700000000000001 0.7439791904846869
1.5703125000000000 0.7439255325096321
1.5706249999999999 0.7438716394322029
1.5709375000000001 0.7438175113043426
1.5712500000000000 0.7437631481782218
1.5715625000000000 0.7437085501062368
1.5718750000000001 0.7436537171410113
1.5721875000000001 0.7435986493353944
1.5725000000000000 0.7435433467424624
1.5728124999999999 0.7434878094155172
1.5731250000000001 0.7434320374080874
1.5734375000000000 0.7433760307739277
1.5737500000000000 0.7433197895670187
1.5740625000000001 0.7432633138415675
1.5743750000000001 0.7432066036520070
1.5746875000000000 0.7431496590529959
1.5750000000000000 0.7430924800994192
1.5753125000000001 0.7430350668463874
1.5756250000000001 0.7429774193492373
1.5759375000000000 0.7429195376635311
1.5762499999999999 0.7428614218450568
1.5765625000000001 0.7428030719498280
1.5768750000000000 0.7427444880340840
1.5771875000000000 0.7426856701542899
1.5775000000000001 0.7426266183671356
1.5778125000000001 0.7425673327295372
1.5781250000000000 0.7425078132986360
1.5784374999999999 0.7424480601317983
1.5787500000000001 0.7423880732866159
1.5790625000000000 0.7423278528209060
1.5793750000000000 0.7422673987927105
1.5796875000000001 0.7422067112602970
1.5800000000000001 0.7421457902821578
1.5803125000000000 0.7420846359170102
1.5806249999999999 0.7420232482237966
1.5809375000000001 0.7419616272616842
1.5812500000000000 0.7418997730900649
1.5815625000000000 0.7418376857685558
1.5818750000000001 0.7417753653569981
1.5821875000000001 0.7417128119154582
1.5825000000000000 0.7416500255042269
1.5828125000000000 0.7415870061838193
1.5831250000000001 0.7415237540149755
1.5834375000000001 0.7414602690586596
1.5837500000000000 0.7413965513760601
1.5840624999999999 0.7413326010285902
1.5843750000000001 0.7412684180778868
1.5846875000000000 0.7412040025858115
1.5850000000000000 0.7411393546144496
1.5853125000000001 0.7410744742261106
1.5856250000000001 0.7410093614833282
1.5859375000000000 0.7409440164488600
1.5862499999999999 0.7408784391856872
1.5865625000000001 0.7408126297570151
1.5868750000000000 0.7407465882262728
1.5871875000000000 0.7406803146571129
1.5875000000000001 0.7406138091134118
1.5878125000000001 0.7405470716592695
1.5881250000000000 0.7404801023590093
1.5884374999999999 0.7404129012771782
1.5887500000000001 0.7403454684785465
1.5890625000000000 0.7402778040281079
1.5893750000000000 0.7402099079910793
1.5896875000000001 0.7401417804329008
1.5900000000000001 0.7400734214192357
1.5903125000000000 0.7400048310159705
1.5906250000000000 0.7399360092892143
1.5909375000000001 0.7398669563052996
1.5912500000000001 0.7397976721307817
1.5915625000000000 0.7397281568324388
1.5918749999999999 0.7396584104772712
1.5921875000000001 0.7395884331325029
1.5925000000000000 0.7395182248655798
1.5928125000000000 0.7394477857441708
1.5931250000000001 0.7393771158361669
1.5934375000000001 0.7393062152096821
1.5937500000000000 0.7392350839330523
1.5940624999999999 0.7391637220748357
1.5943750000000001 0.7390921297038130
1.5946875000000000 0.7390203068889869
1.5950000000000000 0.7389482536995825
1.5953125000000001 0.7388759702050465
1.5956250000000001 0.7388034564750479
1.5959375000000000 0.7387307125794775
1.5962499999999999 0.7386577385884479
1.5965625000000001 0.7385845345722933
1.5968750000000000 0.7385111006015701
1.5971875000000000 0.7384374367470561
1.5975000000000001 0.7383635430797503
1.5978125000000001 0.7382894196708738
1.5981250000000000 0.7382150665918688
1.5984375000000000 0.7381404839143988
1.5987500000000001 0.7380656717103489
1.5990625000000001 0.7379906300518250
1.5993750000000000 0.7379153590111546
1.5996874999999999 0.7378398586608860
1.6000000000000001 0.7377641290737884
1.6003125000000000 0.7376881703228524
1.6006250000000000 0.7376119824812891
1.6009375000000001 0.7375355656225305
1.6012500000000001 0.7374589198202294
1.6015625000000000 0.7373820451482592
1.6018749999999999 0.7373049416807138
1.6021875000000001 0.7372276094919078
1.6025000000000000 0.7371500486563761
1.6028125000000000 0.7370722592488742
1.6031250000000001 0.7369942413443775
1.6034375000000001 0.7369159950180822
1.6037500000000000 0.7368375203454041
1.6040624999999999 0.7367588174019793
1.6043750000000001 0.7366798862636641
1.6046875000000000 0.7366007270065345
1.6050000000000000 0.7365213397068864
1.6053125000000001 0.7364417244412355
1.6056250000000001 0.7363618812863174
1.6059375000000000 0.7362818103190872
1.6062500000000000 0.7362015116167195
1.6065625000000001 0.7361209852566084
1.6068750000000001 0.7360402313163679
1.6071875000000000 0.7359592498738304
1.6074999999999999 0.7358780410070485
1.6078125000000001 0.7357966047942933
1.6081250000000000 0.7357149413140556
1.6084375000000000 0.7356330506450450
1.6087500000000001 0.7355509328661899
1.6090625000000001 0.7354685880566380
1.6093750000000000 0.7353860162957553
1.6096874999999999 0.7353032176631268
1.6100000000000001 0.7352201922385564
1.6103125000000000 0.7351369401020662
1.6106250000000000 0.7350534613338972
1.6109375000000001 0.7349697560145083
1.6112500000000001 0.7348858242245773
1.6115625000000000 0.7348016660450000
1.6118749999999999 0.7347172815568903
1.6121875000000001 0.7346326708415806
1.6125000000000000 0.7345478339806211
1.6128125000000000 0.7344627710557798
1.6131250000000001 0.7343774821490429
1.6134375000000001 0.7342919673426143
1.6137500000000000 0.7342062267189153
1.6140625000000000 0.7341202603605856
1.6143750000000001 0.7340340683504819
1.6146875000000001 0.7339476507716785
1.6150000000000000 0.7338610077074669
1.6153124999999999 0.7337741392413564
1.6156250000000001 0.7336870454570731
1.6159375000000000 0.7335997264385606
1.6162500000000000 0.7335121822699797
1.6165625000000001 0.7334244130357075
1.6168750000000001 0.7333364188203387
1.6171875000000000 0.7332481997086848
1.6174999999999999 0.7331597557857735
1.6178125000000001 0.7330710871368499
1.6181250000000000 0.7329821938473753
1.6184375000000000 0.7328930760030276
1.6187500000000001 0.7328037336897009
1.6190625000000001 0.7327141669935061
1.6193750000000000 0.7326243760007700
1.6196874999999999 0.7325343607980359
1.6200000000000001 0.7324441214720628
1.6203125000000000 0.7323536581098261
1.6206250000000000 0.7322629707985169
1.6209375000000001 0.7321720596255421
1.6212500000000001 0.7320809246785247
1.6215625000000000 0.7319895660453030
1.6218750000000000 0.7318979838139310
1.6221875000000001 0.7318061780726784
1.6225000000000001 0.7317141489100303
1.6228125000000000 0.7316218964146867
1.6231249999999999 0.7315294206755634
1.6234375000000001 0.7314367217817910
1.6237500000000000 0.7313437998227155
1.6240625000000000 0.7312506548878978
1.6243750000000001 0.7311572870671132
1.6246875000000001 0.7310636964503529
1.6250000000000000 0.7309698831278216
1.6253124999999999 0.7308758471899397
1.6256250000000001 0.7307815887273414
1.6259375000000000 0.7306871078308761
1.6262500000000000 0.7305924045916068
1.6265625000000001 0.7304974791008111
1.6268750000000001 0.7304023314499812
1.6271875000000000 0.7303069617308230
1.6274999999999999 0.7302113700352566
1.6278125000000001 0.7301155564554158
1.6281250000000000 0.7300195210836488
1.6284375000000000 0.7299232640125168
1.6287500000000001 0.7298267853347955
1.6290625000000001 0.7297300851434735
1.6293750000000000 0.7296331635317534
1.6296875000000000 0.7295360205930510
1.6300000000000001 0.7294386564209953
1.6303125000000001 0.7293410711094288
1.6306250000000000 0.7292432647524069
1.6309374999999999 0.7291452374441980
1.6312500000000001 0.7290469892792839
1.6315625000000000 0.7289485203523590
1.6318750000000000 0.7288498307583303
1.6321875000000001 0.7287509205923175
1.6325000000000001 0.7286517899496534
1.6328125000000000 0.7285524389258826
1.6331249999999999 0.7284528676167628
1.6334375000000001 0.7283530761182632
1.6337500000000000 0.7282530645265661
1.6340625000000000 0.7281528329380653
1.6343750000000001 0.7280523814493669
1.6346875000000001 0.7279517101572890
1.6350000000000000 0.7278508191588613
1.6353124999999999 0.7277497085513256
1.6356250000000001 0.7276483784321349
1.6359375000000000 0.7275468288989544
1.6362500000000000 0.7274450600496603
1.6365625000000001 0.7273430719823402
1.6368750000000001 0.7272408647952932
1.6371875000000000 0.7271384385870294
1.6375000000000000 0.7270357934562703
1.6378125000000001 0.7269329295019481
1.6381250000000001 0.7268298468232059
1.6384375000000000 0.7267265455193979
1.6387499999999999 0.7266230256900887
1.6390625000000001 0.7265192874350537
1.6393750000000000 0.7264153308542788
1.6396875000000000 0.7263111560479604
1.6400000000000001 0.7262067631165049
1.6403125000000001 0.7261021521605294
1.6406250000000000 0.7259973232808609
1.6409374999999999 0.7258922765785363
1.6412500000000001 0.7257870121548028
1.6415625000000000 0.7256815301111171
1.6418750000000000 0.7255758305491460
1.6421875000000001 0.7254699135707654
1.6425000000000001 0.7253637792780614
1.6428125000000000 0.7252574277733292
1.6431249999999999 0.7251508591590734
1.6434375000000001 0.7250440735380077
1.6437500000000000 0.7249370710130554
1.6440625000000000 0.7248298516873484
1.6443750000000001 0.7247224156642276
1.6446875000000001 0.7246147630472433
1.6450000000000000 0.7245068939401539
1.6453125000000000 0.7243988084469268
1.6456250000000001 0.7242905066717377
1.6459375000000001 0.7241819887189711
1.6462500000000000 0.7240732546932196
1.6465624999999999 0.7239643046992844
1.6468750000000001 0.7238551388421742
1.6471875000000000 0.7237457572271065
1.6475000000000000 0.7236361599595064
1.6478125000000001 0.7235263471450065
1.6481250000000001 0.7234163188894478
1.6484375000000000 0.7233060752988788
1.6487499999999999 0.7231956164795552
1.6490625000000001 0.7230849425379404
1.6493750000000000 0.7229740535807052
1.6496875000000000 0.7228629497147274
1.6500000000000001 0.7227516310470921
1.6503125000000001 0.7226400976850912
1.6506250000000000 0.7225283497362242
1.6509374999999999 0.7224163873081967
1.6512500000000001 0.7223042105089211
1.6515625000000000 0.7221918194465169
1.6518750000000000 0.7220792142293095
1.6521875000000001 0.7219663949658314
1.6525000000000001 0.7218533617648208
1.6528125000000000 0.7217401147352223
1.6531250000000000 0.7216266539861866
1.6534375000000001 0.7215129796270705
1.6537500000000001 0.7213990917674364
1.6540625000000000 0.7212849905170529
1.6543749999999999 0.7211706759858940
1.6546875000000001 0.7210561482841391
1.6550000000000000 0.7209414075221734
1.6553125000000000 0.7208264538105873
1.6556250000000001 0.7207112872601764
1.6559375000000001 0.7205959079819416
1.6562500000000000 0.7204803160870887
1.6565624999999999 0.7203645116870285
1.6568750000000001 0.7202484948933765
1.6571875000000000 0.7201322658179531
1.6575000000000000 0.7200158245727830
1.6578125000000001 0.7198991712700956
1.6581250000000001 0.7197823060223250
1.6584375000000000 0.7196652289421090
1.6587499999999999 0.7195479401422898
1.6590625000000001 0.7194304397359137
1.6593750000000000 0.7193127278362311
1.6596875000000000 0.7191948045566958
1.6600000000000001 0.7190766700109659
1.6603125000000001 0.7189583243129026
1.6606250000000000 0.7188397675765712
1.6609375000000000 0.7187209999162396
1.6612500000000001 0.7186020214463797
1.6615625000000001 0.7184828322816663
1.6618750000000000 0.7183634325369774
1.6621874999999999 0.7182438223273939
1.6625000000000001 0.7181240017681992
1.6628125000000000 0.7180039709748802
1.6631250000000000 0.7178837300631257
1.6634375000000001 0.7177632791488273
1.6637500000000001 0.7176426183480793
1.6640625000000000 0.7175217477771778
1.6643749999999999 0.7174006675526214
1.6646875000000001 0.7172793777911105
1.6650000000000000 0.7171578786095478
1.6653125000000000 0.7170361701250376
1.6656250000000001 0.7169142524548859
1.6659375000000001 0.7167921257166008
1.6662500000000000 0.7166697900278911
1.6665624999999999 0.7165472455066676
1.6668750000000001 0.7164244922710421
1.6671875000000000 0.7163015304393278
1.6675000000000000 0.7161783601300388
1.6678125000000001 0.7160549814618900
1.6681250000000001 0.7159313945537975
1.6684375000000000 0.7158075995248778
1.6687500000000000 0.7156835964944480
1.6690625000000001 0.7155593855820257
1.6693750000000001 0.7154349669073291
1.6696875000000000 0.7153103405902764
1.6699999999999999 0.7151855067509860
1.6703125000000001 0.7150604655097761
1.6706250000000000 0.7149352169871653
1.6709375000000000 0.7148097613038715
1.6712500000000001 0.7146840985808126
1.6715625000000001 0.7145582289391059
1.6718750000000000 0.7144321525000681
1.6721874999999999 0.7143058693852152
1.6725000000000001 0.7141793797162624
1.6728125000000000 0.7140526836151242
1.6731250000000000 0.7139257812039140
1.6734375000000001 0.7137986726049437
1.6737500000000001 0.7136713579407244
1.6740625000000000 0.7135438373339656
1.6743749999999999 0.7134161109075752
1.6746875000000001 0.7132881787846594
1.6750000000000000 0.7131600410885230
1.6753125000000000 0.7130316979426690
1.6756250000000001 0.7129031494707976
1.6759375000000001 0.7127743957968081
1.6762500000000000 0.7126454370447965
1.6765625000000000 0.7125162733390572
1.6768750000000001 0.7123869048040816
1.6771875000000001 0.7122573315645592
1.6775000000000000 0.7121275537453760
1.6778124999999999 0.7119975714716156
1.6781250000000001 0.7118673848685586
1.6784375000000000 0.7117369940616828
1.6787500000000000 0.7116063991766622
1.6790625000000001 0.7114756003393682
1.6793750000000001 0.7113445976758684
1.6796875000000000 0.7112133913124268
1.6799999999999999 0.7110819813755038
1.6803125000000001 0.7109503679917561
1.6806250000000000 0.7108185512880363
1.6809375000000000 0.7106865313913934
1.6812500000000001 0.7105543084290715
1.6815625000000001 0.7104218825285114
1.6818750000000000 0.7102892538173485
1.6821874999999999 0.7101564224234143
1.6825000000000001 0.7100233884747353
1.6828125000000000 0.7098901520995339
1.6831250000000000 0.7097567134262266
1.6834375000000001 0.7096230725834256
1.6837500000000001 0.7094892296999378
1.6840625000000000 0.7093551849047647
1.6843750000000000 0.7092209383271023
1.6846875000000001 0.7090864900963416
1.6850000000000001 0.7089518403420676
1.6853125000000000 0.7088169891940594
1.6856249999999999 0.7086819367822905
1.6859375000000001 0.7085466832369282
1.6862500000000000 0.7084112286883335
1.6865625000000000 0.7082755732670619
1.6868750000000001 0.7081397171038615
1.6871875000000001 0.7080036603296745
1.6875000000000000 0.7078674030756363
1.6878124999999999 0.7077309454730756
1.6881250000000001 0.7075942876535138
1.6884375000000000 0.7074574297486659
1.6887500000000000 0.7073203718904394
1.6890625000000001 0.7071831142109345
1.6893750000000001 0.7070456568424441
1.6896875000000000 0.7069079999174537
1.6899999999999999 0.7067701435686404
1.6903125000000001 0.7066320879288747
1.6906250000000000 0.7064938331312183
1.6909375000000000 0.7063553793089251
1.6912500000000001 0.7062167265954409
1.6915625000000001 0.7060778751244030
1.6918750000000000 0.7059388250296406
1.6921875000000000 0.7057995764451740
1.6925000000000001 0.7056601295052150
1.6928125000000001 0.7055204843441665
1.6931250000000000 0.7053806410966226
1.6934374999999999 0.7052405998973680
1.6937500000000001 0.7051003608813784
1.6940625000000000 0.7049599241838204
1.6943750000000000 0.7048192899400507
1.6946875000000001 0.7046784582856167
1.6950000000000001 0.7045374293562559
1.6953125000000000 0.7043962032878960
1.6956249999999999 0.7042547802166546
1.6959375000000001 0.7041131602788394
1.6962500000000000 0.7039713436109478
1.6965625000000000 0.7038293303496667
1.6968750000000001 0.7036871206318723
1.6971875000000001 0.7035447145946307
1.6975000000000000 0.7034021123751968
1.6978124999999999 0.7032593141110145
1.6981250000000001 0.7031163199397170
1.6984375000000000 0.7029731299991262
1.6987500000000000 0.7028297444272525
1.6990625000000001 0.7026861633622951
1.6993750000000001 0.7025423869426415
1.6996875000000000 0.7023984153068673
1.7000000000000000 0.7022542485937369
1.7003125000000001 0.7021098869422018
1.7006250000000001 0.7019653304914023
1.7009375000000000 0.7018205793806658
1.7012499999999999 0.7016756337495075
1.7015625000000001 0.7015304937376301
1.7018750000000000 0.7013851594849241
1.7021875000000000 0.7012396311314663
1.7025000000000001 0.7010939088175211
1.7028125000000001 0.7009479926835401
1.7031250000000000 0.7008018828701613
1.7034374999999999 0.7006555795182093
1.7037500000000001 0.7005090827686957
1.7040625000000000 0.7003623927628183
1.7043750000000000 0.7002155096419609
1.7046875000000001 0.7000684335476935
1.7050000000000001 0.6999211646217727
1.7053125000000000 0.6997737030061399
1.7056249999999999 0.6996260488429235
1.7059375000000001 0.6994782022744360
1.7062500000000000 0.6993301634431768
1.7065625000000000 0.6991819324918296
1.7068750000000001 0.6990335095632636
1.7071875000000001 0.6988848948005333
1.7075000000000000 0.6987360883468775
1.7078125000000000 0.6985870903457204
1.7081250000000001 0.6984379009406703
1.7084375000000001 0.6982885202755202
1.7087500000000000 0.6981389484942477
1.7090624999999999 0.6979891857410141
1.7093750000000001 0.6978392321601650
1.7096875000000000 0.6976890878962301
1.7100000000000000 0.6975387530939227
1.7103125000000001 0.6973882278981394
1.7106250000000001 0.6972375124539612
1.7109375000000000 0.6970866069066515
1.7112499999999999 0.6969355114016578
1.7115625000000001 0.6967842260846098
1.7118750000000000 0.6966327511013208
1.7121875000000000 0.6964810865977868
1.7125000000000001 0.6963292327201862
1.7128125000000001 0.6961771896148803
1.7131250000000000 0.6960249574284123
1.7134374999999999 0.6958725363075081
1.7137500000000001 0.6957199263990754
1.7140625000000000 0.6955671278502041
1.7143750000000000 0.6954141408081658
1.7146875000000001 0.6952609654204136
1.7150000000000001 0.6951076018345823
1.7153125000000000 0.6949540501984885
1.7156250000000000 0.6948003106601293
1.7159375000000001 0.6946463833676830
1.7162500000000001 0.6944922684695096
1.7165625000000000 0.6943379661141493
1.7168749999999999 0.6941834764503229
1.7171875000000001 0.6940287996269319
1.7175000000000000 0.6938739357930586
1.7178125000000000 0.6937188850979650
1.7181250000000001 0.6935636476910931
1.7184375000000001 0.6934082237220657
1.7187500000000000 0.6932526133406842
1.7190624999999999 0.6930968166969309
1.7193750000000001 0.6929408339409665
1.7196875000000000 0.6927846652231321
1.7200000000000000 0.6926283106939474
1.7203125000000001 0.6924717705041111
1.7206250000000001 0.6923150448045013
1.7209375000000000 0.6921581337461749
1.7212499999999999 0.6920010374803670
1.7215625000000001 0.6918437561584914
1.7218750000000000 0.6916862899321404
1.7221875000000000 0.6915286389530846
1.7225000000000001 0.6913708033732721
1.7228125000000001 0.6912127833448296
1.7231250000000000 0.6910545790200614
1.7234375000000000 0.6908961905514492
1.7237500000000001 0.6907376180916522
1.7240625000000001 0.6905788617935074
1.7243750000000000 0.6904199218100281
1.7246874999999999 0.6902607982944058
1.7250000000000001 0.6901014914000076
1.7253125000000000 0.6899420012803787
1.7256250000000000 0.6897823280892400
1.7259375000000001 0.6896224719804888
1.7262500000000001 0.6894624331081992
1.7265625000000000 0.6893022116266212
1.7268749999999999 0.6891418076901807
1.7271875000000001 0.6889812214534797
1.7275000000000000 0.6888204530712959
1.7278125000000000 0.6886595026985823
1.7281250000000001 0.6884983704904674
1.7284375000000001 0.6883370566022551
1.7287500000000000 0.6881755611894242
1.7290624999999999 0.6880138844076289
1.7293750000000001 0.6878520264126975
1.7296875000000000 0.6876899873606337
1.7300000000000000 0.6875277674076149
1.7303125000000001 0.6873653667099936
1.7306250000000001 0.6872027854242964
1.7309375000000000 0.6870400237072234
1.7312500000000000 0.6868770817156493
1.7315625000000001 0.6867139596066218
1.7318750000000001 0.6865506575373632
1.7321875000000000 0.6863871756652682
1.7324999999999999 0.6862235141479056
1.7328125000000001 0.6860596731430167
1.7331250000000000 0.6858956528085166
1.7334375000000000 0.6857314533024924
1.7337500000000001 0.6855670747832042
1.7340625000000001 0.6854025174090850
1.7343750000000000 0.6852377813387398
1.7346874999999999 0.6850728667309458
1.7350000000000001 0.6849077737446524
1.7353125000000000 0.6847425025389811
1.7356250000000000 0.6845770532732249
1.7359375000000001 0.6844114261068481
1.7362500000000001 0.6842456211994876
1.7365625000000000 0.6840796387109506
1.7368749999999999 0.6839134788012157
1.7371875000000001 0.6837471416304324
1.7375000000000000 0.6835806273589214
1.7378125000000000 0.6834139361471738
1.7381250000000001 0.6832470681558515
1.7384375000000001 0.6830800235457866
1.7387500000000000 0.6829128024779813
1.7390625000000000 0.6827454051136080
1.7393750000000001 0.6825778316140092
1.7396875000000001 0.6824100821406968
1.7400000000000000 0.6822421568553529
1.7403124999999999 0.6820740559198284
1.7406250000000001 0.6819057794961437
1.7409375000000000 0.6817373277464887
1.7412500000000000 0.6815687008332217
1.7415625000000001 0.6813998989188702
1.7418750000000001 0.6812309221661303
1.7421875000000000 0.6810617707378668
1.7424999999999999 0.6808924447971124
1.7428125000000001 0.6807229445070683
1.7431250000000000 0.6805532700311039
1.7434375000000000 0.6803834215327560
1.7437500000000001 0.6802133991757295
1.7440625000000001 0.6800432031238972
1.7443750000000000 0.6798728335412985
1.7446874999999999 0.6797022905921405
1.7450000000000001 0.6795315744407973
1.7453125000000000 0.6793606852518099
1.7456250000000000 0.6791896231898866
1.7459375000000001 0.6790183884199015
1.7462500000000001 0.6788469811068957
1.7465625000000000 0.6786754014160765
1.7468750000000000 0.6785036495128172
1.7471875000000001 0.6783317255626570
1.7475000000000001 0.6781596297313013
1.7478125000000000 0.6779873621846211
1.7481249999999999 0.6778149230886527
1.7484375000000001 0.6776423126095974
1.7487500000000000 0.6774695309138227
1.7490625000000000 0.6772965781678599
1.7493750000000001 0.6771234545384064
1.7496875000000001 0.6769501601923233
1.7500000000000000 0.6767766952966370
1.7503124999999999 0.6766030600185374
1.7506250000000001 0.6764292545253793
1.7509375000000000 0.6762552789846816
1.7512500000000000 0.6760811335641266
1.7515625000000001 0.6759068184315606
1.7518750000000001 0.6757323337549940
1.7521875000000000 0.6755576797025995
1.7524999999999999 0.6753828564427140
1.7528125000000001 0.6752078641438369
1.7531250000000000 0.6750327029746308
1.7534375000000000 0.6748573731039214
1.7537500000000001 0.6746818747006960
1.7540625000000001 0.6745062079341055
1.7543750000000000 0.6743303729734623
1.7546875000000000 0.6741543699882412
1.7550000000000001 0.6739781991480784
1.7553125000000001 0.6738018606227734
1.7556250000000000 0.6736253545822855
1.7559374999999999 0.6734486811967364
1.7562500000000001 0.6732718406364090
1.7565625000000000 0.6730948330717473
1.7568750000000000 0.6729176586733562
1.7571875000000001 0.6727403176120013
1.7575000000000001 0.6725628100586093
1.7578125000000000 0.6723851361842668
1.7581249999999999 0.6722072961602210
1.7584375000000001 0.6720292901578789
1.7587500000000000 0.6718511183488081
1.7590625000000000 0.6716727809047357
1.7593750000000001 0.6714942779975481
1.7596875000000001 0.6713156097992918
1.7600000000000000 0.6711367764821723
1.7603124999999999 0.6709577782185540
1.7606250000000001 0.6707786151809604
1.7609375000000000 0.6705992875420742
1.7612500000000000 0.6704197954747366
1.7615625000000001 0.6702401391519468
1.7618750000000001 0.6700603187468632
1.7621875000000000 0.6698803344328015
1.7625000000000000 0.6697001863832355
1.7628125000000001 0.6695198747717972
1.7631250000000001 0.6693393997722763
1.7634375000000000 0.6691587615586196
1.7637499999999999 0.6689779603049313
1.7640625000000001 0.6687969961854726
1.7643750000000000 0.6686158693746622
1.7646875000000000 0.6684345800470752
1.7650000000000001 0.6682531283774433
1.7653125000000001 0.6680715145406549
1.7656250000000000 0.6678897387117546
1.7659374999999999 0.6677078010659432
1.7662500000000001 0.6675257017785770
1.7665625000000000 0.6673434410251686
1.7668750000000000 0.6671610189813866
1.7671875000000001 0.6669784358230539
1.7675000000000001 0.6667956917261499
1.7678125000000000 0.6666127868668084
1.7681249999999999 0.6664297214213178
1.7684375000000001 0.6662464955661224
1.7687500000000000 0.6660631094778204
1.7690625000000000 0.6658795633331644
1.7693750000000001 0.6656958573090614
1.7696875000000001 0.6655119915825727
1.7700000000000000 0.6653279663309131
1.7703125000000000 0.6651437817314513
1.7706250000000001 0.6649594379617098
1.7709375000000001 0.6647749351993645
1.7712500000000000 0.6645902736222443
1.7715624999999999 0.6644054534083313
1.7718750000000001 0.6642204747357604
1.7721875000000000 0.6640353377828193
1.7725000000000000 0.6638500427279486
1.7728125000000001 0.6636645897497404
1.7731250000000001 0.6634789790269400
1.7734375000000000 0.6632932107384443
1.7737499999999999 0.6631072850633017
1.7740625000000001 0.6629212021807129
1.7743750000000000 0.6627349622700300
1.7746875000000000 0.6625485655107562
1.7750000000000001 0.6623620120825459
1.7753125000000001 0.6621753021652048
1.7756250000000000 0.6619884359386892
1.7759374999999999 0.6618014135831058
1.7762500000000001 0.6616142352787124
1.7765625000000000 0.6614269012059169
1.7768750000000000 0.6612394115452769
1.7771875000000001 0.6610517664775002
1.7775000000000001 0.6608639661834448
1.7778125000000000 0.6606760108441176
1.7781250000000000 0.6604879006406759
1.7784375000000001 0.6602996357544249
1.7787500000000001 0.6601112163668202
1.7790625000000000 0.6599226426594658
1.7793749999999999 0.6597339148141141
1.7796875000000001 0.6595450330126664
1.7800000000000000 0.6593559974371724
1.7803125000000000 0.6591668082698302
1.7806250000000001 0.6589774656929854
1.7809375000000001 0.6587879698891321
1.7812500000000000 0.6585983210409114
1.7815624999999999 0.6584085193311124
1.7818750000000001 0.6582185649426714
1.7821875000000000 0.6580284580586719
1.7825000000000000 0.6578381988623445
1.7828125000000001 0.6576477875370659
1.7831250000000001 0.6574572242663606
1.7834375000000000 0.6572665092338982
1.7837499999999999 0.6570756426234959
1.7840625000000001 0.6568846246191160
1.7843750000000000 0.6566934554048673
1.7846875000000000 0.6565021351650042
1.7850000000000001 0.6563106640839262
1.7853125000000001 0.6561190423461791
1.7856250000000000 0.6559272701364529
1.7859375000000000 0.6557353476395835
1.7862500000000001 0.6555432750405510
1.7865625000000001 0.6553510525244807
1.7868750000000000 0.6551586802766419
1.7871874999999999 0.6549661584824484
1.7875000000000001 0.6547734873274584
1.7878125000000000 0.6545806669973739
1.7881250000000000 0.6543876976780405
1.7884375000000001 0.6541945795554474
1.7887500000000001 0.6540013128157275
1.7890625000000000 0.6538078976451569
1.7893749999999999 0.6536143342301541
1.7896875000000001 0.6534206227572816
1.7900000000000000 0.6532267634132441
1.7903125000000000 0.6530327563848886
1.7906250000000001 0.6528386018592041
1.7909375000000001 0.6526443000233230
1.7912500000000000 0.6524498510645185
1.7915624999999999 0.6522552551702062
1.7918750000000001 0.6520605125279431
1.7921875000000000 0.6518656233254277
1.7925000000000000 0.6516705877505000
1.7928125000000001 0.6514754059911405
1.7931250000000001 0.6512800782354710
1.7934375000000000 0.6510846046717542
1.7937500000000000 0.6508889854883929
1.7940625000000001 0.6506932208739303
1.7943750000000001 0.6504973110170503
1.7946875000000000 0.6503012561065762
1.7949999999999999 0.6501050563314710
1.7953125000000001 0.6499087118808380
1.7956250000000000 0.6497122229439196
1.7959375000000000 0.6495155897100974
1.7962500000000001 0.6493188123688918
1.7965625000000001 0.6491218911099628
1.7968750000000000 0.6489248261231083
1.7971874999999999 0.6487276175982657
1.7975000000000001 0.6485302657255095
1.7978125000000000 0.6483327706950539
1.7981250000000000 0.6481351326972495
1.7984375000000001 0.6479373519225857
1.7987500000000001 0.6477394285616894
1.7990625000000000 0.6475413628053245
1.7993749999999999 0.6473431548443926
1.7996875000000001 0.6471448048699320
1.8000000000000000 0.6469463130731183
1.8003125000000000 0.6467476796452635
1.8006250000000001 0.6465489047778158
1.8009375000000001 0.6463499886623604
1.8012500000000000 0.6461509314906184
1.8015625000000000 0.6459517334544467
1.8018750000000001 0.6457523947458377
1.8021875000000001 0.6455529155569202
1.8025000000000000 0.6453532960799576
1.8028124999999999 0.6451535365073491
1.8031250000000001 0.6449536370316283
1.8034375000000000 0.6447535978454645
1.8037500000000000 0.6445534191416609
1.8040625000000001 0.6443531011131551
1.8043750000000001 0.6441526439530200
1.8046875000000000 0.6439520478544614
1.8049999999999999 0.6437513130108197
1.8053125000000001 0.6435504396155688
1.8056250000000000 0.6433494278623164
1.8059375000000000 0.6431482779448032
1.8062500000000001 0.6429469900569031
1.8065625000000001 0.6427455643926232
1.8068750000000000 0.6425440011461034
1.8071874999999999 0.6423423005116162
1.8075000000000001 0.6421404626835659
1.8078125000000000 0.6419384878564902
1.8081250000000000 0.6417363762250577
1.8084375000000001 0.6415341279840695
1.8087500000000001 0.6413317433284582
1.8090625000000000 0.6411292224532881
1.8093750000000000 0.6409265655537543
1.8096875000000001 0.6407237728251832
1.8100000000000001 0.6405208444630327
1.8103125000000000 0.6403177806628905
1.8106249999999999 0.6401145816204755
1.8109375000000001 0.6399112475316364
1.8112500000000000 0.6397077785923529
1.8115625000000000 0.6395041749987339
1.8118750000000001 0.6393004369470181
1.8121875000000001 0.6390965646335743
1.8125000000000000 0.6388925582549005
1.8128124999999999 0.6386884180076239
1.8131250000000001 0.6384841440885003
1.8134375000000000 0.6382797366944151
1.8137500000000000 0.6380751960223818
1.8140625000000001 0.6378705222695424
1.8143750000000001 0.6376657156331674
1.8146875000000000 0.6374607763106557
1.8149999999999999 0.6372557044995331
1.8153125000000001 0.6370505003974536
1.8156250000000000 0.6368451642021993
1.8159375000000000 0.6366396961116785
1.8162500000000001 0.6364340963239273
1.8165625000000001 0.6362283650371091
1.8168750000000000 0.6360225024495133
1.8171875000000000 0.6358165087595560
1.8175000000000001 0.6356103841657796
1.8178125000000001 0.6354041288668535
1.8181250000000000 0.6351977430615717
1.8184374999999999 0.6349912269488553
1.8187500000000001 0.6347845807277500
1.8190625000000000 0.6345778045974277
1.8193750000000000 0.6343708987571848
1.8196875000000001 0.6341638634064430
1.8200000000000001 0.6339566987447491
1.8203125000000000 0.6337494049717743
1.8206249999999999 0.6335419822873142
1.8209375000000001 0.6333344308912885
1.8212500000000000 0.6331267509837414
1.8215625000000000 0.6329189427648404
1.8218750000000001 0.6327110064348772
1.8221875000000001 0.6325029421942669
1.8225000000000000 0.6322947502435476
1.8228124999999999 0.6320864307833807
1.8231250000000001 0.6318779840145501
1.8234375000000000 0.6316694101379632
1.8237500000000000 0.6314607093546489
1.8240625000000001 0.6312518818657593
1.8243750000000001 0.6310429278725684
1.8246875000000000 0.6308338475764720
1.8250000000000000 0.6306246411789873
1.8253125000000001 0.6304153088817536
1.8256250000000001 0.6302058508865311
1.8259375000000000 0.6299962673952020
1.8262499999999999 0.6297865586097683
1.8265625000000001 0.6295767247323533
1.8268750000000000 0.6293667659652011
1.8271875000000000 0.6291566825106760
1.8275000000000001 0.6289464745712620
1.8278125000000001 0.6287361423495637
1.8281250000000000 0.6285256860483055
1.8284374999999999 0.6283151058703310
1.8287500000000001 0.6281044020186033
1.8290625000000000 0.6278935746962049
1.8293750000000000 0.6276826241063371
1.8296875000000001 0.6274715504523201
1.8300000000000001 0.6272603539375928
1.8303125000000000 0.6270490347657124
1.8306249999999999 0.6268375931403543
1.8309375000000001 0.6266260292653116
1.8312500000000000 0.6264143433444961
1.8315625000000000 0.6262025355819366
1.8318750000000001 0.6259906061817793
1.8321875000000001 0.6257785553482880
1.8325000000000000 0.6255663832858432
1.8328125000000000 0.6253540901989424
1.8331250000000001 0.6251416762921995
1.8334375000000001 0.6249291417703453
1.8337500000000000 0.6247164868382269
1.8340624999999999 0.6245037117008068
1.8343750000000001 0.6242908165631637
1.8346875000000000 0.6240778016304922
1.8350000000000000 0.6238646671081018
1.8353125000000001 0.6236514132014181
1.8356250000000001 0.6234380401159813
1.8359375000000000 0.6232245480574461
1.8362499999999999 0.6230109372315824
1.8365625000000001 0.6227972078442742
1.8368750000000000 0.6225833601015203
1.8371875000000000 0.6223693942094329
1.8375000000000001 0.6221553103742387
1.8378125000000001 0.6219411088022777
1.8381250000000000 0.6217267897000036
1.8384374999999999 0.6215123532739831
1.8387500000000001 0.6212977997308960
1.8390625000000000 0.6210831292775353
1.8393750000000000 0.6208683421208065
1.8396875000000001 0.6206534384677276
1.8400000000000001 0.6204384185254288
1.8403125000000000 0.6202232825011526
1.8406250000000000 0.6200080306022527
1.8409375000000001 0.6197926630361956
1.8412500000000001 0.6195771800105586
1.8415625000000000 0.6193615817330302
1.8418749999999999 0.6191458684114103
1.8421875000000001 0.6189300402536092
1.8425000000000000 0.6187140974676488
1.8428125000000000 0.6184980402616603
1.8431250000000001 0.6182818688438860
1.8434375000000001 0.6180655834226785
1.8437500000000000 0.6178491842064995
1.8440624999999999 0.6176326714039206
1.8443750000000001 0.6174160452236230
1.8446875000000000 0.6171993058743974
1.8450000000000000 0.6169824535651434
1.8453125000000001 0.6167654885048690
1.8456250000000001 0.6165484109026920
1.8459375000000000 0.6163312209678374
1.8462499999999999 0.6161139189096393
1.8465625000000001 0.6158965049375393
1.8468750000000000 0.6156789792610875
1.8471875000000000 0.6154613420899414
1.8475000000000001 0.6152435936338655
1.8478125000000001 0.6150257341027325
1.8481250000000000 0.6148077637065213
1.8484375000000000 0.6145896826553179
1.8487500000000001 0.6143714911593150
1.8490625000000001 0.6141531894288121
1.8493750000000000 0.6139347776742147
1.8496874999999999 0.6137162561060338
1.8500000000000001 0.6134976249348867
1.8503125000000000 0.6132788843714967
1.8506250000000000 0.6130600346266922
1.8509375000000001 0.6128410759114065
1.8512500000000001 0.6126220084366786
1.8515625000000000 0.6124028324136518
1.8518749999999999 0.6121835480535741
1.8521875000000001 0.6119641555677979
1.8525000000000000 0.6117446551677802
1.8528125000000000 0.6115250470650819
1.8531250000000001 0.6113053314713670
1.8534375000000001 0.6110855085984042
1.8537500000000000 0.6108655786580647
1.8540624999999999 0.6106455418623232
1.8543750000000001 0.6104253984232575
1.8546875000000000 0.6102051485530484
1.8550000000000000 0.6099847924639789
1.8553125000000001 0.6097643303684340
1.8556250000000001 0.6095437624789020
1.8559375000000000 0.6093230890079721
1.8562500000000000 0.6091023101683355
1.8565625000000001 0.6088814261727855
1.8568750000000001 0.6086604372342166
1.8571875000000000 0.6084393435656238
1.8574999999999999 0.6082181453801037
1.8578125000000001 0.6079968428908530
1.8581250000000000 0.6077754363111697
1.8584375000000000 0.6075539258544520
1.8587500000000001 0.6073323117341974
1.8590625000000001 0.6071105941640045
1.8593750000000000 0.6068887733575706
1.8596874999999999 0.6066668495286929
1.8600000000000001 0.6064448228912680
1.8603125000000000 0.6062226936592918
1.8606250000000000 0.6060004620468584
1.8609375000000001 0.6057781282681610
1.8612500000000001 0.6055556925374914
1.8615625000000000 0.6053331550692393
1.8618749999999999 0.6051105160778927
1.8621875000000001 0.6048877757780374
1.8625000000000000 0.6046649343843570
1.8628125000000000 0.6044419921116323
1.8631250000000001 0.6042189491747412
1.8634375000000001 0.6039958057886592
1.8637500000000000 0.6037725621684578
1.8640625000000000 0.6035492185293060
1.8643750000000001 0.6033257750864685
1.8646875000000001 0.6031022320553066
1.8650000000000000 0.6028785896512773
1.8653124999999999 0.6026548480899336
1.8656250000000001 0.6024310075869237
1.8659375000000000 0.6022070683579921
1.8662500000000000 0.6019830306189774
1.8665625000000001 0.6017588945858133
1.8668750000000001 0.6015346604745291
1.8671875000000000 0.6013103285012475
1.8674999999999999 0.6010858988821863
1.8678125000000001 0.6008613718336570
1.8681250000000000 0.6006367475720653
1.8684375000000000 0.6004120263139106
1.8687500000000001 0.6001872082757852
1.8690625000000001 0.5999622936743756
1.8693750000000000 0.5997372827264605
1.8696874999999999 0.5995121756489122
1.8700000000000001 0.5992869726586951
1.8703125000000000 0.5990616739728665
1.8706250000000000 0.5988362798085753
1.8709375000000001 0.5986107903830630
1.8712500000000001 0.5983852059136630
1.8715625000000000 0.5981595266177995
1.8718750000000000 0.5979337527129891
1.8721875000000001 0.5977078844168388
1.8725000000000001 0.5974819219470471
1.8728125000000000 0.5972558655214031
1.8731249999999999 0.5970297153577862
1.8734375000000001 0.5968034716741664
1.8737500000000000 0.5965771346886040
1.8740625000000000 0.5963507046192490
1.8743750000000001 0.5961241816843409
1.8746875000000001 0.5958975661022093
1.8750000000000000 0.5956708580912726
1.8753124999999999 0.5954440578700382
1.8756250000000001 0.5952171656571028
1.8759375000000000 0.5949901816711519
1.8762500000000000 0.5947631061309587
1.8765625000000001 0.5945359392553852
1.8768750000000001 0.5943086812633813
1.8771875000000000 0.5940813323739846
1.8774999999999999 0.5938538928063208
1.8778125000000001 0.5936263627796022
1.8781250000000000 0.5933987425131291
1.8784375000000000 0.5931710322262882
1.8787500000000001 0.5929432321385530
1.8790625000000001 0.5927153424694840
1.8793750000000000 0.5924873634387277
1.8796875000000000 0.5922592952660167
1.8800000000000001 0.5920311381711695
1.8803125000000001 0.5918028923740907
1.8806250000000000 0.5915745580947699
1.8809374999999999 0.5913461355532820
1.8812500000000001 0.5911176249697874
1.8815625000000000 0.5908890265645311
1.8818750000000000 0.5906603405578429
1.8821875000000001 0.5904315671701365
1.8825000000000001 0.5902027066219105
1.8828125000000000 0.5899737591337471
1.8831249999999999 0.5897447249263124
1.8834375000000001 0.5895156042203560
1.8837500000000000 0.5892863972367114
1.8840625000000000 0.5890571041962944
1.8843750000000001 0.5888277253201041
1.8846875000000001 0.5885982608292225
1.8850000000000000 0.5883687109448142
1.8853124999999999 0.5881390758881260
1.8856250000000001 0.5879093558804861
1.8859375000000000 0.5876795511433058
1.8862500000000000 0.5874496618980773
1.8865625000000001 0.5872196883663742
1.8868750000000001 0.5869896307698514
1.8871875000000000 0.5867594893302457
1.8875000000000000 0.5865292642693734
1.8878125000000001 0.5862989558091318
1.8881250000000001 0.5860685641714993
1.8884375000000000 0.5858380895785333
1.8887499999999999 0.5856075322523725
1.8890625000000001 0.5853768924152341
1.8893750000000000 0.5851461702894155
1.8896875000000000 0.5849153660972932
1.8900000000000001 0.5846844800613229
1.8903125000000001 0.5844535124040392
1.8906250000000000 0.5842224633480551
1.8909374999999999 0.5839913331160624
1.8912500000000001 0.5837601219308309
1.8915625000000000 0.5835288300152088
1.8918750000000000 0.5832974575921217
1.8921875000000001 0.5830660048845727
1.8925000000000001 0.5828344721156427
1.8928125000000000 0.5826028595084897
1.8931249999999999 0.5823711672863484
1.8934375000000001 0.5821393956725301
1.8937500000000000 0.5819075448904234
1.8940625000000000 0.5816756151634923
1.8943750000000001 0.5814436067152773
1.8946875000000001 0.5812115197693950
1.8950000000000000 0.5809793545495374
1.8953125000000000 0.5807471112794718
1.8956250000000001 0.5805147901830405
1.8959375000000001 0.5802823914841619
1.8962500000000000 0.5800499154068279
1.8965624999999999 0.5798173621751062
1.8968750000000001 0.5795847320131374
1.8971875000000000 0.5793520251451378
1.8975000000000000 0.5791192417953966
1.8978125000000001 0.5788863821882769
1.8981250000000001 0.5786534465482156
1.8984375000000000 0.5784204350997229
1.8987499999999999 0.5781873480673816
1.8990625000000001 0.5779541856758474
1.8993750000000000 0.5777209481498493
1.8996875000000000 0.5774876357141883
1.9000000000000001 0.5772542485937369
1.9003125000000001 0.5770207870134408
1.9006250000000000 0.5767872511983171
1.9009374999999999 0.5765536413734539
1.9012500000000001 0.5763199577640109
1.9015625000000000 0.5760862005952194
1.9018750000000000 0.5758523700923809
1.9021875000000001 0.5756184664808680
1.9025000000000001 0.5753844899861239
1.9028125000000000 0.5751504408336616
1.9031250000000000 0.5749163192490643
1.9034375000000001 0.5746821254579849
1.9037500000000001 0.5744478596861462
1.9040625000000000 0.5742135221593405
1.9043749999999999 0.5739791131034288
1.9046875000000001 0.5737446327443408
1.9050000000000000 0.5735100813080760
1.9053125000000000 0.5732754590207015
1.9056250000000001 0.5730407661083526
1.9059375000000001 0.5728060027972335
1.9062500000000000 0.5725711693136156
1.9065624999999999 0.5723362658838381
1.9068750000000001 0.5721012927343074
1.9071875000000000 0.5718662500914978
1.9075000000000000 0.5716311381819495
1.9078125000000001 0.5713959572322704
1.9081250000000001 0.5711607074691348
1.9084375000000000 0.5709253891192828
1.9087499999999999 0.5706900024095211
1.9090625000000001 0.5704545475667216
1.9093750000000000 0.5702190248178232
1.9096875000000000 0.5699834343898287
1.9100000000000001 0.5697477765098072
1.9103125000000001 0.5695120514048927
1.9106250000000000 0.5692762593022835
1.9109375000000000 0.5690404004292429
1.9112500000000001 0.5688044750130979
1.9115625000000001 0.5685684832812407
1.9118750000000000 0.5683324254611267
1.9121874999999999 0.5680963017802751
1.9125000000000001 0.5678601124662686
1.9128125000000000 0.5676238577467533
1.9131250000000000 0.5673875378494380
1.9134375000000001 0.5671511530020947
1.9137500000000001 0.5669147034325580
1.9140625000000000 0.5666781893687246
1.9143749999999999 0.5664416110385535
1.9146875000000001 0.5662049686700654
1.9150000000000000 0.5659682624913434
1.9153125000000000 0.5657314927305310
1.9156250000000001 0.5654946596158342
1.9159375000000001 0.5652577633755196
1.9162500000000000 0.5650208042379142
1.9165624999999999 0.5647837824314061
1.9168750000000001 0.5645466981844434
1.9171875000000000 0.5643095517255349
1.9175000000000000 0.5640723432832492
1.9178125000000001 0.5638350730862143
1.9181250000000001 0.5635977413631182
1.9184375000000000 0.5633603483427080
1.9187500000000000 0.5631228942537897
1.9190625000000001 0.5628853793252281
1.9193750000000001 0.5626478037859471
1.9196875000000000 0.5624101678649290
1.9199999999999999 0.5621724717912139
1.9203125000000001 0.5619347157938996
1.9206250000000000 0.5616969001021428
1.9209375000000000 0.5614590249451565
1.9212500000000001 0.5612210905522118
1.9215625000000001 0.5609830971526367
1.9218750000000000 0.5607450449758160
1.9221874999999999 0.5605069342511911
1.9225000000000001 0.5602687652082597
1.9228125000000000 0.5600305380765761
1.9231250000000000 0.5597922530857505
1.9234375000000001 0.5595539104654486
1.9237500000000001 0.5593155104453920
1.9240625000000000 0.5590770532553572
1.9243749999999999 0.5588385391251761
1.9246875000000001 0.5585999682847353
1.9250000000000000 0.5583613409639763
1.9253125000000000 0.5581226573928951
1.9256250000000001 0.5578839178015413
1.9259375000000001 0.5576451224200193
1.9262500000000000 0.5574062714784869
1.9265625000000000 0.5571673652071548
1.9268750000000001 0.5569284038362883
1.9271875000000001 0.5566893875962052
1.9275000000000000 0.5564503167172760
1.9278125000000002 0.5562111914299237
1.9281250000000001 0.5559720119646246
1.9284375000000000 0.5557327785519065
1.9287500000000000 0.5554934914223491
1.9290625000000001 0.5552541508065842
1.9293750000000001 0.5550147569352956
1.9296875000000000 0.5547753100392175
1.9299999999999999 0.5545358103491358
1.9303125000000001 0.5542962580958868
1.9306250000000000 0.5540566535103580
1.9309375000000000 0.5538169968234875
1.9312500000000001 0.5535772882662626
1.9315625000000001 0.5533375280697217
1.9318750000000000 0.5530977164649524
1.9321874999999999 0.5528578536830917
1.9325000000000001 0.5526179399553263
1.9328125000000000 0.5523779755128921
1.9331250000000000 0.5521379605870737
1.9334375000000001 0.5518978954092038
1.9337500000000001 0.5516577802106646
1.9340625000000000 0.5514176152228858
1.9343750000000000 0.5511774006773449
1.9346875000000001 0.5509371368055679
1.9350000000000001 0.5506968238391281
1.9353125000000000 0.5504564620096458
1.9356250000000002 0.5502160515487883
1.9359375000000001 0.5499755926882705
1.9362500000000000 0.5497350856598531
1.9365625000000000 0.5494945306953440
1.9368750000000001 0.5492539280265966
1.9371875000000001 0.5490132778855109
1.9375000000000000 0.5487725805040322
1.9378124999999999 0.5485318361141515
1.9381250000000001 0.5482910449479048
1.9384375000000000 0.5480502072373740
1.9387500000000000 0.5478093232146851
1.9390625000000001 0.5475683931120089
1.9393750000000001 0.5473274171615610
1.9396875000000000 0.5470863955956007
1.9399999999999999 0.5468453286464312
1.9403125000000001 0.5466042165463999
1.9406250000000000 0.5463630595278978
1.9409375000000000 0.5461218578233585
1.9412500000000001 0.5458806116652590
1.9415625000000001 0.5456393212861198
1.9418750000000000 0.5453979869185027
1.9421875000000000 0.5451566087950133
1.9425000000000001 0.5449151871482980
1.9428125000000001 0.5446737222110467
1.9431250000000000 0.5444322142159896
1.9434375000000002 0.5441906633958989
1.9437500000000001 0.5439490699835887
1.9440625000000000 0.5437074342119130
1.9443750000000000 0.5434657563137678
1.9446875000000001 0.5432240365220886
1.9450000000000001 0.5429822750698524
1.9453125000000000 0.5427404721900755
1.9456249999999999 0.5424986281158140
1.9459375000000001 0.5422567430801646
1.9462500000000000 0.5420148173162630
1.9465625000000000 0.5417728510572840
1.9468750000000001 0.5415308445364413
1.9471875000000001 0.5412887979869883
1.9475000000000000 0.5410467116422158
1.9478124999999999 0.5408045857354538
1.9481250000000001 0.5405624205000699
1.9484375000000000 0.5403202161694701
1.9487500000000000 0.5400779729770979
1.9490625000000001 0.5398356911564337
1.9493750000000001 0.5395933709409964
1.9496875000000000 0.5393510125643401
1.9500000000000000 0.5391086162600578
1.9503125000000001 0.5388661822617771
1.9506250000000001 0.5386237108031633
1.9509375000000000 0.5383812021179172
1.9512500000000002 0.5381386564397753
1.9515625000000001 0.5378960740025102
1.9518750000000000 0.5376534550399300
1.9521875000000000 0.5374107997858776
1.9525000000000001 0.5371681084742307
1.9528125000000001 0.5369253813389027
1.9531250000000000 0.5366826186138406
1.9534374999999999 0.5364398205330259
1.9537500000000001 0.5361969873304744
1.9540625000000000 0.5359541192402358
1.9543750000000000 0.5357112164963934
1.9546875000000001 0.5354682793330633
1.9550000000000001 0.5352253079843957
1.9553125000000000 0.5349823026845730
1.9556249999999999 0.5347392636678110
1.9559375000000001 0.5344961911683571
1.9562500000000000 0.5342530854204920
1.9565625000000000 0.5340099466585279
1.9568750000000001 0.5337667751168083
1.9571875000000001 0.5335235710297095
1.9575000000000000 0.5332803346316380
1.9578125000000000 0.5330370661570326
1.9581250000000001 0.5327937658403618
1.9584375000000001 0.5325504339161258
1.9587500000000000 0.5323070706188546
1.9590625000000002 0.5320636761831085
1.9593750000000001 0.5318202508434782
1.9596875000000000 0.5315767948345842
1.9600000000000000 0.5313333083910762
1.9603125000000001 0.5310897917476329
1.9606250000000001 0.5308462451389633
1.9609375000000000 0.5306026687998040
1.9612499999999999 0.5303590629649212
1.9615625000000001 0.5301154278691088
1.9618750000000000 0.5298717637471896
1.9621875000000000 0.5296280708340138
1.9625000000000001 0.5293843493644594
1.9628125000000001 0.5291405995734325
1.9631250000000000 0.5288968216958657
1.9634374999999999 0.5286530159667194
1.9637500000000001 0.5284091826209802
1.9640625000000000 0.5281653218936621
1.9643750000000000 0.5279214340198044
1.9646875000000001 0.5276775192344735
1.9650000000000001 0.5274335777727612
1.9653125000000000 0.5271896098697857
1.9656250000000000 0.5269456157606900
1.9659375000000001 0.5267015956806421
1.9662500000000001 0.5264575498648362
1.9665625000000000 0.5262134785484903
1.9668750000000002 0.5259693819668471
1.9671875000000001 0.5257252603551740
1.9675000000000000 0.5254811139487625
1.9678125000000000 0.5252369429829279
1.9681250000000001 0.5249927476930086
1.9684375000000001 0.5247485283143677
1.9687500000000000 0.5245042850823901
1.9690624999999999 0.5242600182324850
1.9693750000000001 0.5240157280000832
1.9696875000000000 0.5237714146206391
1.9700000000000000 0.5235270783296287
1.9703125000000001 0.5232827193625500
1.9706250000000001 0.5230383379549233
1.9709375000000000 0.5227939343422906
1.9712499999999999 0.5225495087602149
1.9715625000000001 0.5223050614442802
1.9718750000000000 0.5220605926300924
1.9721875000000000 0.5218161025532773
1.9725000000000001 0.5215715914494808
1.9728125000000001 0.5213270595543704
1.9731250000000000 0.5210825071036328
1.9734375000000000 0.5208379343329745
1.9737500000000001 0.5205933414781214
1.9740625000000001 0.5203487287748196
1.9743750000000000 0.5201040964588334
1.9746875000000002 0.5198594447659464
1.9750000000000001 0.5196147739319612
1.9753125000000000 0.5193700841926984
1.9756250000000000 0.5191253757839968
1.9759375000000001 0.5188806489417130
1.9762500000000001 0.5186359039017225
1.9765625000000000 0.5183911408999169
1.9768749999999999 0.5181463601722061
1.9771875000000001 0.5179015619545164
1.9775000000000000 0.5176567464827917
1.9778125000000000 0.5174119139929920
1.9781250000000001 0.5171670647210935
1.9784375000000001 0.5169221989030891
1.9787500000000000 0.5166773167749877
1.9790624999999999 0.5164324185728136
1.9793750000000001 0.5161875045326062
1.9796875000000000 0.5159425748904212
1.9800000000000000 0.5156976298823284
1.9803125000000001 0.5154526697444127
1.9806250000000001 0.5152076947127742
1.9809375000000000 0.5149627050235264
1.9812500000000000 0.5147177009127974
1.9815625000000001 0.5144726826167290
1.9818750000000001 0.5142276503714770
1.9821875000000000 0.5139826044132103
1.9825000000000002 0.5137375449781113
1.9828125000000001 0.5134924723023755
1.9831250000000000 0.5132473866222106
1.9834375000000000 0.5130022881738372
1.9837500000000001 0.5127571771934879
1.9840625000000001 0.5125120539174081
1.9843750000000000 0.5122669185818545
1.9846874999999999 0.5120217714230956
1.9850000000000001 0.5117766126774107
1.9853125000000000 0.5115314425810914
1.9856250000000000 0.5112862613704393
1.9859375000000001 0.5110410692817667
1.9862500000000001 0.5107958665513975
1.9865625000000000 0.5105506534156647
1.9868749999999999 0.5103054301109118
1.9871875000000001 0.5100601968734915
1.9875000000000000 0.5098149539397673
1.9878125000000000 0.5095697015461107
1.9881250000000001 0.5093244399289032
1.9884375000000001 0.5090791693245352
1.9887500000000000 0.5088338899694054
1.9890625000000000 0.5085886020999207
1.9893750000000001 0.5083433059524965
1.9896875000000001 0.5080980017635566
1.9900000000000000 0.5078526897695321
1.9903125000000002 0.5076073702068613
1.9906250000000001 0.5073620433119908
1.9909375000000000 0.5071167093213732
1.9912500000000000 0.5068713684714685
1.9915625000000001 0.5066260209987431
1.9918750000000001 0.5063806671396698
1.9921875000000000 0.5061353071307281
1.9924999999999999 0.5058899412084027
1.9928125000000001 0.5056445696091839
1.9931250000000000 0.5053991925695686
1.9934375000000000 0.5051538103260573
1.9937500000000001 0.5049084231151569
1.9940625000000001 0.5046630311733789
1.9943750000000000 0.5044176347372384
1.9946874999999999 0.5041722340432560
1.9950000000000001 0.5039268293279552
1.9953125000000000 0.5036814208278646
1.9956250000000000 0.5034360087795159
1.9959375000000001 0.5031905934194438
1.9962500000000001 0.5029451749841873
1.9965625000000000 0.5026997537102872
1.9968750000000000 0.5024543298342876
1.9971875000000001 0.5022089035927347
1.9975000000000001 0.5019634752221778
1.9978125000000000 0.5017180449591676
1.9981250000000002 0.5014726130402567
1.9984375000000001 0.5012271797019995
1.9987500000000000 0.5009817451809516
1.9990625000000000 0.5007363097136696
1.9993750000000001 0.5004908735367112
1.9996875000000001 0.5002454368866351
2.0000000000000000 0.5000000000000001
