0.0000000000000000 0.5000832122530222
0.0003125000000000 0.5001108243721536
0.0006250000000000 0.5001386459172871
0.0009375000000000 0.5001662568283736
0.0012500000000000 0.5001940795848433
0.0015625000000000 0.5002216892860436
0.0018750000000000 0.5002495132359795
0.0021875000000000 0.5002771217518206
0.0025000000000000 0.5003049468868784
0.0028125000000000 0.5003325542109230
0.0031250000000000 0.5003603805397472
0.0034375000000000 0.5003879866677283
0.0037500000000000 0.5004158141884261
0.0040625000000000 0.5004434191253345
0.0043750000000000 0.5004712478331571
0.0046875000000000 0.5004988515814767
0.0050000000000000 0.5005266814752389
0.0053125000000000 0.5005542840355137
0.0056250000000000 0.5005821151135855
0.0059375000000000 0.5006097164878985
0.0062500000000000 0.5006375487472242
0.0065625000000000 0.5006651489382502
0.0068750000000000 0.5006929823758892
0.0071875000000000 0.5007205813861015
0.0075000000000000 0.5007484159991139
0.0078125000000000 0.5007760138313960
0.0081250000000000 0.5008038496162790
0.0084375000000000 0.5008314462741351
0.0087500000000000 0.5008592832268536
0.0090625000000000 0.5008868787142761
0.0093750000000000 0.5009147168303042
0.0096875000000000 0.5009423111517963
0.0100000000000000 0.5009701504260604
0.0103125000000000 0.5009977435866715
0.0106250000000000 0.5010255840135779
0.0109375000000000 0.5010531760188026
0.0112500000000000 0.5010810175923737
0.0115625000000000 0.5011086084480411
0.0118750000000000 0.5011364511620026
0.0121875000000000 0.5011640408742083
0.0125000000000000 0.5011918847220364
0.0128125000000000 0.5012194732971180
0.0131250000000000 0.5012473182720592
0.0134375000000000 0.5012749057165843
0.0137500000000000 0.5013027518116459
0.0140625000000000 0.5013303381324347
0.0143750000000000 0.5013581853403595
0.0146875000000000 0.5013857705445099
0.0150000000000000 0.5014136188577505
0.0153125000000000 0.5014412029526657
0.0156250000000000 0.5014690523633540
0.0159375000000000 0.5014966353567603
0.0162500000000000 0.5015244858566983
0.0165625000000000 0.5015520677566577
0.0168750000000000 0.5015799193373024
0.0171875000000000 0.5016075001522218
0.0175000000000000 0.5016353528046767
0.0178125000000000 0.5016629325433193
0.0181250000000000 0.5016907862583291
0.0184375000000000 0.5017183649298131
0.0187500000000000 0.5017462196977630
0.0190625000000000 0.5017737973115697
0.0193750000000000 0.5018016531224829
0.0196875000000000 0.5018292296884529
0.0200000000000000 0.5018570865319949
0.0203125000000000 0.5018846620603226
0.0206250000000000 0.5019125199258130
0.0209375000000000 0.5019400944270347
0.0212500000000000 0.5019679533034593
0.0215625000000000 0.5019955267884370
0.0218750000000000 0.5020233866644673
0.0221875000000000 0.5020509591443715
0.0225000000000000 0.5020788200083803
0.0228125000000000 0.5021063914946754
0.0231250000000000 0.5021342533347490
0.0234375000000000 0.5021618238391783
0.0237500000000000 0.5021896866431357
0.0240625000000000 0.5022172561777112
0.0243750000000000 0.5022451199331002
0.0246875000000000 0.5022726885101011
0.0250000000000000 0.5023005532042076
0.0253125000000000 0.5023281208361768
0.0256250000000000 0.5023559864560179
0.0259375000000000 0.5023835531557684
0.0262500000000000 0.5024114196880859
0.0265625000000000 0.5024389854687038
0.0268750000000000 0.5024668528999620
0.0271875000000000 0.5024944177748157
0.0275000000000000 0.5025222860911889
0.0278125000000000 0.5025498500739317
0.0281250000000000 0.5025777192613057
0.0284375000000000 0.5026052823658814
0.0287500000000000 0.5026331524098477
0.0290625000000000 0.5026607146504902
0.0293750000000000 0.5026885855363497
0.0296875000000000 0.5027161469275852
0.0300000000000000 0.5027440186403493
0.0303125000000000 0.5027715791969908
0.0306250000000000 0.5027994517213836
0.0309375000000000 0.5028270114585315
0.0312500000000000 0.5028548847789988
0.0315625000000000 0.5028824437120312
0.0318750000000000 0.5029103178127469
0.0321875000000000 0.5029378759573108
0.0325000000000000 0.5029657508221846
0.0328125000000000 0.5029933081941926
0.0331250000000000 0.5030211838068778
0.0334375000000000 0.5030487404224938
0.0337500000000000 0.5030766167663963
0.0340625000000000 0.5031041726420304
0.0343750000000000 0.5031320497003173
0.0346875000000000 0.5031596048526157
0.0350000000000000 0.5031874826082210
0.0353125000000000 0.5032150370540599
0.0356250000000000 0.5032429154896945
0.0359375000000000 0.5032704692461655
0.0362500000000000 0.5032983483443272
0.0365625000000000 0.5033259014287328
0.0368750000000000 0.5033537811717114
0.0371875000000000 0.5033813336015571
0.0375000000000000 0.5034092139714426
0.0378125000000000 0.5034367657644266
0.0381250000000000 0.5034646467431185
0.0384375000000000 0.5034921979171272
0.0387500000000000 0.5035200794863364
0.0390625000000000 0.5035476300594384
0.0393750000000000 0.5035755122006973
0.0396875000000000 0.5036030621911337
0.0400000000000000 0.5036309448858022
0.0403125000000000 0.5036584943119877
0.0406250000000000 0.5036863775412519
0.0409375000000000 0.5037139264217684
0.0412500000000000 0.5037418101666514
0.0415625000000000 0.5037693585202427
0.0418750000000000 0.5037972427616031
0.0421875000000000 0.5038247906071758
0.0425000000000000 0.5038526753257188
0.0428125000000000 0.5038802226823331
0.0431250000000000 0.5039081078586033
0.0434375000000000 0.5039356547454790
0.0437500000000000 0.5039635403598716
0.0440625000000000 0.5039910867963744
0.0443750000000000 0.5040189728291413
0.0446875000000000 0.5040465188347840
0.0450000000000000 0.5040744052660280
0.0453125000000000 0.5041019508604695
0.0456250000000000 0.5041298376701544
0.0459375000000000 0.5041573828731913
0.0462500000000000 0.5041852700411449
0.0465625000000000 0.5042128148727112
0.0468750000000000 0.5042407023786238
0.0471875000000000 0.5042682468587864
0.0475000000000000 0.5042961346822207
0.0478125000000000 0.5043236788311728
0.0481250000000000 0.5043515669515629
0.0484375000000000 0.5043791107896234
0.0487500000000000 0.5044069991862834
0.0490625000000000 0.5044345427338875
0.0493750000000000 0.5044624313860167
0.0496875000000000 0.5044899746637089
0.0500000000000000 0.5045178635504005
0.0503125000000000 0.5045454065788285
0.0506250000000000 0.5045732956790763
0.0509375000000000 0.5046008384789796
0.0512500000000000 0.5046287277716930
0.0515625000000000 0.5046562703638906
0.0518750000000000 0.5046841598279059
0.0521875000000000 0.5047117022332804
0.0525000000000000 0.5047395918473755
0.0528125000000000 0.5047671340868648
0.0531250000000000 0.5047950238297697
0.0534375000000000 0.5048225659243518
0.0537500000000000 0.5048504557747637
0.0540625000000000 0.5048779977454413
0.0543750000000000 0.5049058876820407
0.0546875000000000 0.5049334295498303
0.0550000000000000 0.5049613195512850
0.0553125000000000 0.5049888613372088
0.0556250000000000 0.5050167513821877
0.0559375000000000 0.5050442931072643
0.0562500000000000 0.5050721831744461
0.0565625000000000 0.5050997248596787
0.0568750000000000 0.5051276149277557
0.0571875000000000 0.5051551565941297
0.0575000000000000 0.5051830466418199
0.0578125000000000 0.5052105883102898
0.0581250000000000 0.5052384783163424
0.0584375000000000 0.5052660200078298
0.0587500000000000 0.5052939099510307
0.0590625000000000 0.5053214516864161
0.0593750000000000 0.5053493415455955
0.0596875000000000 0.5053768833457080
0.0600000000000000 0.5054047730997522
0.0603125000000000 0.5054323149853638
0.0606250000000000 0.5054602046132215
0.0609375000000000 0.5054877466050338
0.0612500000000000 0.5055156360857271
0.0615625000000000 0.5055431782043671
0.0618750000000000 0.5055710675169979
0.0621875000000000 0.5055986097830057
0.0625000000000000 0.5056264989067690
0.0628125000000000 0.5056540413405908
0.0631250000000000 0.5056819302547808
0.0634375000000000 0.5057094728767536
0.0637500000000000 0.5057373615607792
0.0640625000000000 0.5057649043911275
0.0643750000000000 0.5057927928245114
0.0646875000000000 0.5058203358833417
0.0650000000000000 0.5058482240457334
0.0653125000000000 0.5058757673530204
0.0656250000000000 0.5059036552242049
0.0659375000000000 0.5059311987997818
0.0662500000000000 0.5059590863596887
0.0665625000000000 0.5059866302232447
0.0668750000000000 0.5060145174519549
0.0671875000000000 0.5060420616230192
0.0675000000000000 0.5060699485007760
0.0678125000000000 0.5060974929987136
0.0681250000000000 0.5061253795059313
0.0684375000000000 0.5061529243499292
0.0687500000000000 0.5061808104672078
0.0690625000000000 0.5062083556762562
0.0693750000000000 0.5062362413843998
0.0696875000000000 0.5062637869772797
0.0700000000000000 0.5062916722573122
0.0703125000000000 0.5063192182525708
0.0706250000000000 0.5063471030857609
0.0709375000000000 0.5063746495016879
0.0712500000000000 0.5064025338695743
0.0715625000000000 0.5064300807241766
0.0718750000000000 0.5064579646085945
0.0721875000000000 0.5064855119195671
0.0725000000000000 0.5065133953026829
0.0728125000000000 0.5065409430873684
0.0731250000000000 0.5065688259517129
0.0734375000000000 0.5065963742270769
0.0737500000000000 0.5066242565555780
0.0740625000000000 0.5066518053381699
0.0743750000000000 0.5066796871141838
0.0746875000000000 0.5067072364201128
0.0750000000000000 0.5067351176274462
0.0753125000000000 0.5067626674723636
0.0756250000000000 0.5067905480952873
0.0759375000000000 0.5068180984943743
0.0762500000000000 0.5068459785176272
0.0765625000000000 0.5068735294856066
0.0768750000000000 0.5069014088943735
0.0771875000000000 0.5069289604455357
0.0775000000000000 0.5069568392254133
0.0778125000000000 0.5069843913736652
0.0781250000000000 0.5070122695105997
0.0784375000000000 0.5070398222695413
0.0787500000000000 0.5070676997497350
0.0790625000000000 0.5070952531327626
0.0793750000000000 0.5071231299425667
0.0796875000000000 0.5071506839629889
0.0800000000000000 0.5071785600887727
0.0803125000000000 0.5072061147599578
0.0806250000000000 0.5072339901879570
0.0809375000000000 0.5072615455234747
0.0812500000000000 0.5072894202396494
0.0815625000000000 0.5073169762534270
0.0818750000000000 0.5073448502433058
0.0821875000000000 0.5073724069497658
0.0825000000000000 0.5074002801983248
0.0828125000000000 0.5074278376124955
0.0831250000000000 0.5074557101040614
0.0834375000000000 0.5074832682416532
0.0837500000000000 0.5075111399598471
0.0840625000000000 0.5075386988372866
0.0843750000000000 0.5075665697650233
0.0846875000000000 0.5075941293994194
0.0850000000000000 0.5076219995189650
0.0853125000000000 0.5076495599280294
0.0856250000000000 0.5076774292211113
0.0859375000000000 0.5077049904230133
0.0862500000000000 0.5077328588709931
0.0865625000000000 0.5077604208841693
0.0868750000000000 0.5077882884682494
0.0871875000000000 0.5078158513111745
0.0875000000000000 0.5078437180126486
0.0878125000000000 0.5078712817035764
0.0881250000000000 0.5078991475040839
0.0884375000000000 0.5079267120607958
0.0887500000000000 0.5079545769425784
0.0890625000000000 0.5079821423821312
0.0893750000000000 0.5080100063282657
0.0896875000000000 0.5080375726667795
0.0900000000000000 0.5080654356613691
0.0903125000000000 0.5080930029138561
0.0906250000000000 0.5081208649421801
0.0909375000000000 0.5081484331224290
0.0912500000000000 0.5081762941710234
0.0915625000000000 0.5082038632915429
0.0918750000000000 0.5082317233482291
0.0921875000000000 0.5082592934202533
0.0925000000000000 0.5082871524741044
0.0928125000000000 0.5083147235076494
0.0931250000000000 0.5083425815489085
0.0934375000000000 0.5083701535528796
0.0937500000000000 0.5083980105728403
0.0940625000000000 0.5084255835551599
0.0943750000000000 0.5084534395460175
0.0946875000000000 0.5084810135137882
0.0950000000000000 0.5085088684684808
0.0953125000000000 0.5085364434281421
0.0956250000000000 0.5085642973401887
0.0959375000000000 0.5085918732976756
0.0962500000000000 0.5086197261610290
0.0965625000000000 0.5086473031219103
0.0968750000000000 0.5086751549308294
0.0971875000000000 0.5087027329004254
0.0975000000000000 0.5087305836493602
0.0978125000000000 0.5087581626328436
0.0981250000000000 0.5087860123163639
0.0984375000000000 0.5088135923188164
0.0987500000000000 0.5088414409315523
0.0990625000000000 0.5088690219580136
0.0993750000000000 0.5088968694946289
0.0996875000000000 0.5089244515501142
0.1000000000000000 0.5089522980052923
0.1003125000000000 0.5089798810947940
0.1006250000000000 0.5090077264632477
0.1009375000000000 0.5090353105917207
0.1012500000000000 0.5090631548682082
0.1015625000000000 0.5090907400405525
0.1018750000000000 0.5091185832199011
0.1021875000000000 0.5091461694409330
0.1025000000000000 0.5091740115180657
0.1028125000000000 0.5092015987924916
0.1031250000000000 0.5092294397624604
0.1034375000000000 0.5092570280948444
0.1037500000000000 0.5092848679528497
0.1040625000000000 0.5093124573475943
0.1043750000000000 0.5093402960890164
0.1046875000000000 0.5093678865503322
0.1050000000000000 0.5093957241707496
0.1053125000000000 0.5094233157026422
0.1056250000000000 0.5094511521978500
0.1059375000000000 0.5094787448040971
0.1062500000000000 0.5095065801701220
0.1065625000000000 0.5095341738542661
0.1068750000000000 0.5095620080873777
0.1071875000000000 0.5095896028527144
0.1075000000000000 0.5096174359494317
0.1078125000000000 0.5096450317990009
0.1081250000000000 0.5096728637561014
0.1084375000000000 0.5097004606926855
0.1087500000000000 0.5097282915072067
0.1090625000000000 0.5097558895333221
0.1093750000000000 0.5097837192025693
0.1096875000000000 0.5098113183204658
0.1100000000000000 0.5098391468420131
0.1103125000000000 0.5098667470536686
0.1106250000000000 0.5098945744253595
0.1109375000000000 0.5099221757324841
0.1112500000000000 0.5099500019524323
0.1115625000000000 0.5099776043564633
0.1118750000000000 0.5100054294230558
0.1121875000000000 0.5100330329251594
0.1125000000000000 0.5100608568370504
0.1128125000000000 0.5100884614381257
0.1131250000000000 0.5101162841942385
0.1134375000000000 0.5101438898949137
0.1137500000000000 0.5101717114944428
0.1140625000000000 0.5101993182950773
0.1143750000000000 0.5102271387374846
0.1146875000000000 0.5102547466381703
0.1150000000000000 0.5102825659231836
0.1153125000000000 0.5103101749237489
0.1156250000000000 0.5103379930513582
0.1159375000000000 0.5103656031513684
0.1162500000000000 0.5103934201218266
0.1165625000000000 0.5104210313205865
0.1168750000000000 0.5104488471344064
0.1171875000000000 0.5104764594309621
0.1175000000000000 0.5105042740889122
0.1178125000000000 0.5105318874820568
0.1181250000000000 0.5105597009851561
0.1184375000000000 0.5105873154734341
0.1187500000000000 0.5106151278229542
0.1190625000000000 0.5106427434046567
0.1193750000000000 0.5106705546021139
0.1196875000000000 0.5106981712752917
0.1200000000000000 0.5107259813224457
0.1203125000000000 0.5107535990849081
0.1206250000000000 0.5107814079837555
0.1209375000000000 0.5108090268330761
0.1212500000000000 0.5108368345858491
0.1215625000000000 0.5108644545193670
0.1218750000000000 0.5108922611285293
0.1221875000000000 0.5109198821433594
0.1225000000000000 0.5109476876115964
0.1228125000000000 0.5109753097046252
0.1231250000000000 0.5110031140348519
0.1234375000000000 0.5110307372027458
0.1237500000000000 0.5110585403980884
0.1240625000000000 0.5110861646373024
0.1243750000000000 0.5111139667011022
0.1246875000000000 0.5111415920078798
0.1250000000000000 0.5111693929436844
0.1253125000000000 0.5111970193140586
0.1256250000000000 0.5112248191256258
0.1259375000000000 0.5112524465554322
0.1262500000000000 0.5112802452467119
0.1265625000000000 0.5113078737315856
0.1268750000000000 0.5113356713067275
0.1271875000000000 0.5113633008421131
0.1275000000000000 0.5113910973054553
0.1278125000000000 0.5114187278866069
0.1281250000000000 0.5114465232426749
0.1284375000000000 0.5114741548646641
0.1287500000000000 0.5115019491181635
0.1290625000000000 0.5115295817758827
0.1293750000000000 0.5115573749316948
0.1296875000000000 0.5115850086198646
0.1300000000000000 0.5116128006830388
0.1303125000000000 0.5116404353962155
0.1306250000000000 0.5116682263719656
0.1309375000000000 0.5116958621045402
0.1312500000000000 0.5117236519982407
0.1315625000000000 0.5117512887444479
0.1318750000000000 0.5117790775616258
0.1321875000000000 0.5118067153155507
0.1325000000000000 0.5118345030618827
0.1328125000000000 0.5118621418174657
0.1331250000000000 0.5118899284987668
0.1334375000000000 0.5119175682498096
0.1337500000000000 0.5119453538720329
0.1340625000000000 0.5119729946122046
0.1343750000000000 0.5120007791814318
0.1346875000000000 0.5120284209042746
0.1350000000000000 0.5120562044267128
0.1353125000000000 0.5120838471256461
0.1356250000000000 0.5121116296076209
0.1359375000000000 0.5121392732759514
0.1362500000000000 0.5121670547238977
0.1365625000000000 0.5121946993548211
0.1368750000000000 0.5122224797752856
0.1371875000000000 0.5122501253618930
0.1375000000000000 0.5122779047615219
0.1378125000000000 0.5123055512968012
0.1381250000000000 0.5123333296823429
0.1384375000000000 0.5123609771591887
0.1387500000000000 0.5123887545374815
0.1390625000000000 0.5124164029486961
0.1393750000000000 0.5124441793266700
0.1396875000000000 0.5124718286649684
0.1400000000000000 0.5124996040496381
0.1403125000000000 0.5125272543076478
0.1406250000000000 0.5125550287061145
0.1409375000000000 0.5125826798763842
0.1412500000000000 0.5126104532958273
0.1415625000000000 0.5126381053708253
0.1418750000000000 0.5126658778184990
0.1421875000000000 0.5126935307906201
0.1425000000000000 0.5127213022738549
0.1428125000000000 0.5127489561354185
0.1431250000000000 0.5127767266616201
0.1434375000000000 0.5128043814048706
0.1437500000000000 0.5128321509815166
0.1440625000000000 0.5128598065986291
0.1443750000000000 0.5128875752332660
0.1446875000000000 0.5129152317163462
0.1450000000000000 0.5129429994165877
0.1453125000000000 0.5129706567576741
0.1456250000000000 0.5129984235312032
0.1459375000000000 0.5130260817222666
0.1462500000000000 0.5130538475768318
0.1465625000000000 0.5130815066097775
0.1468750000000000 0.5131092715531917
0.1471875000000000 0.5131369314198617
0.1475000000000000 0.5131646954600015
0.1478125000000000 0.5131923561521743
0.1481250000000000 0.5132201192969778
0.1484375000000000 0.5132477808063708
0.1487500000000000 0.5132755430638397
0.1490625000000000 0.5133032053821062
0.1493750000000000 0.5133309667603039
0.1496875000000000 0.5133586298790358
0.1500000000000000 0.5133863903860871
0.1503125000000000 0.5134140542968163
0.1506250000000000 0.5134418139409053
0.1509375000000000 0.5134694786351033
0.1512500000000000 0.5134972374244787
0.1515625000000000 0.5135249028935510
0.1518750000000000 0.5135526608365231
0.1521875000000000 0.5135803270718159
0.1525000000000000 0.5136080841767587
0.1528125000000000 0.5136357511695478
0.1531250000000000 0.5136635074449056
0.1534375000000000 0.5136911751864005
0.1537500000000000 0.5137189306406871
0.1540625000000000 0.5137465991220226
0.1543750000000000 0.5137743537638252
0.1546875000000000 0.5138020229760620
0.1550000000000000 0.5138297768140477
0.1553125000000000 0.5138574467481630
0.1556250000000000 0.5138851997910852
0.1559375000000000 0.5139128704379661
0.1562500000000000 0.5139406226946692
0.1565625000000000 0.5139682940451096
0.1568750000000000 0.5139960455245370
0.1571875000000000 0.5140237175692278
0.1575000000000000 0.5140514682804286
0.1578125000000000 0.5140791410099527
0.1581250000000000 0.5141068909620853
0.1584375000000000 0.5141345643669100
0.1587500000000000 0.5141623135692549
0.1590625000000000 0.5141899876397251
0.1593750000000000 0.5142177361016859
0.1596875000000000 0.5142454108280201
0.1600000000000000 0.5142731585591258
0.1603125000000000 0.5143008339314189
0.1606250000000000 0.5143285809413256
0.1609375000000000 0.5143562569495438
0.1612500000000000 0.5143840032480316
0.1615625000000000 0.5144116798820204
0.1618750000000000 0.5144394254789889
0.1621875000000000 0.5144671027284811
0.1625000000000000 0.5144948476339321
0.1628125000000000 0.5145225254885638
0.1631250000000000 0.5145502697125899
0.1634375000000000 0.5145779481619184
0.1637500000000000 0.5146056917146770
0.1640625000000000 0.5146333707482103
0.1643750000000000 0.5146611136398942
0.1646875000000000 0.5146887932471199
0.1650000000000000 0.5147165354879181
0.1653125000000000 0.5147442156583507
0.1656250000000000 0.5147719572584080
0.1659375000000000 0.5147996379816286
0.1662500000000000 0.5148273789509953
0.1665625000000000 0.5148550602167077
0.1668750000000000 0.5148828005652853
0.1671875000000000 0.5149104823633682
0.1675000000000000 0.5149382221008518
0.1678125000000000 0.5149659044214225
0.1681250000000000 0.5149936435572403
0.1684375000000000 0.5150213263907129
0.1687500000000000 0.5150490649339654
0.1690625000000000 0.5150767482711108
0.1693750000000000 0.5151044862305113
0.1696875000000000 0.5151321700625151
0.1700000000000000 0.5151599074463374
0.1703125000000000 0.5151875917648505
0.1706250000000000 0.5152153285808816
0.1709375000000000 0.5152430133780620
0.1712500000000000 0.5152707496335590
0.1715625000000000 0.5152984349021091
0.1718750000000000 0.5153261706037773
0.1721875000000000 0.5153538563369603
0.1725000000000000 0.5153815914909379
0.1728125000000000 0.5154092776825845
0.1731250000000000 0.5154370122944433
0.1734375000000000 0.5154646989389452
0.1737500000000000 0.5154924330137078
0.1740625000000000 0.5155201201059910
0.1743750000000000 0.5155478536481635
0.1746875000000000 0.5155755411836476
0.1750000000000000 0.5156032741972691
0.1753125000000000 0.5156309621718115
0.1756250000000000 0.5156586946605148
0.1759375000000000 0.5156863830703432
0.1762500000000000 0.5157141150374324
0.1765625000000000 0.5157418038790612
0.1768750000000000 0.5157695353275956
0.1771875000000000 0.5157972245977371
0.1775000000000000 0.5158249555306246
0.1778125000000000 0.5158526452260968
0.1781250000000000 0.5158803756461890
0.1784375000000000 0.5159080657638189
0.1787500000000000 0.5159357956740043
0.1790625000000000 0.5159634862105322
0.1793750000000000 0.5159912156138347
0.1796875000000000 0.5160189065658213
0.1800000000000000 0.5160466354654839
0.1803125000000000 0.5160743268292336
0.1806250000000000 0.5161020552287937
0.1809375000000000 0.5161297470002834
0.1812500000000000 0.5161574749036308
0.1815625000000000 0.5161851670784574
0.1818750000000000 0.5162128944898926
0.1821875000000000 0.5162405870632233
0.1825000000000000 0.5162683139874849
0.1828125000000000 0.5162960069540398
0.1831250000000000 0.5163237333963222
0.1834375000000000 0.5163514267503628
0.1837500000000000 0.5163791527163127
0.1840625000000000 0.5164068464516548
0.1843750000000000 0.5164345719473638
0.1846875000000000 0.5164622660573871
0.1850000000000000 0.5164899910893620
0.1853125000000000 0.5165176855670528
0.1856250000000000 0.5165454101421721
0.1859375000000000 0.5165731049801678
0.1862500000000000 0.5166008291056362
0.1865625000000000 0.5166285242962735
0.1868750000000000 0.5166562479795654
0.1871875000000000 0.5166839435149425
0.1875000000000000 0.5167116667637429
0.1878125000000000 0.5167393626357779
0.1881250000000000 0.5167670854579194
0.1884375000000000 0.5167947816584118
0.1887500000000000 0.5168225040618151
0.1890625000000000 0.5168502005825062
0.1893750000000000 0.5168779225751252
0.1896875000000000 0.5169056194077505
0.1900000000000000 0.5169333409975132
0.1903125000000000 0.5169610381338599
0.1906250000000000 0.5169887593286251
0.1909375000000000 0.5170164567605672
0.1912500000000000 0.5170441775680852
0.1915625000000000 0.5170718752876272
0.1918750000000000 0.5170995957155002
0.1921875000000000 0.5171272937148053
0.1925000000000000 0.5171550137704679
0.1928125000000000 0.5171827120418799
0.1931250000000000 0.5172104317325749
0.1934375000000000 0.5172381302686333
0.1937500000000000 0.5172658496014020
0.1940625000000000 0.5172935483948552
0.1943750000000000 0.5173212673765293
0.1946875000000000 0.5173489664203358
0.1950000000000000 0.5173766850575326
0.1953125000000000 0.5174043843448639
0.1956250000000000 0.5174321026439956
0.1959375000000000 0.5174598021682260
0.1962500000000000 0.5174875201354978
0.1965625000000000 0.5175152198902068
0.1968750000000000 0.5175429375316267
0.1971875000000000 0.5175706375105829
0.1975000000000000 0.5175983548319759
0.1978125000000000 0.5176260550291304
0.1981250000000000 0.5176537720361400
0.1984375000000000 0.5176814724456148
0.1987500000000000 0.5177091891437232
0.1990625000000000 0.5177368897598004
0.1993750000000000 0.5177646061543340
0.1996875000000000 0.5177923069714417
0.2000000000000000 0.5178200230675847
0.2003125000000000 0.5178477240802914
0.2006250000000000 0.5178754398830941
0.2009375000000000 0.5179031410860978
0.2012500000000000 0.5179308566004852
0.2015625000000000 0.5179585579886016
0.2018750000000000 0.5179862732193854
0.2021875000000000 0.5180139747875416
0.2025000000000000 0.5180416897394240
0.2028125000000000 0.5180693914826550
0.2031250000000000 0.5180971061602346
0.2034375000000000 0.5181248080736702
0.2037500000000000 0.5181525224814568
0.2040625000000000 0.5181802245603183
0.2043750000000000 0.5182079387027266
0.2046875000000000 0.5182356409423260
0.2050000000000000 0.5182633548236879
0.2053125000000000 0.5182910572194158
0.2056250000000000 0.5183187708439839
0.2059375000000000 0.5183464733913107
0.2062500000000000 0.5183741867632601
0.2065625000000000 0.5184018894577321
0.2068750000000000 0.5184296025811622
0.2071875000000000 0.5184573054183977
0.2075000000000000 0.5184850182973397
0.2078125000000000 0.5185127212730259
0.2081250000000000 0.5185404339114436
0.2084375000000000 0.5185681370213305
0.2087500000000000 0.5185958494231250
0.2090625000000000 0.5186235526630276
0.2093750000000000 0.5186512648320353
0.2096875000000000 0.5186789681978293
0.2100000000000000 0.5187066801378297
0.2103125000000000 0.5187343836254480
0.2106250000000000 0.5187620953401613
0.2109375000000000 0.5187897989455955
0.2112500000000000 0.5188175104386883
0.2115625000000000 0.5188452141579795
0.2118750000000000 0.5188729254330661
0.2121875000000000 0.5189006292623106
0.2125000000000000 0.5189283403229517
0.2128125000000000 0.5189560442582948
0.2131250000000000 0.5189837551080059
0.2134375000000000 0.5190114591456395
0.2137500000000000 0.5190391697878860
0.2140625000000000 0.5190668739240523
0.2143750000000000 0.5190945843622528
0.2146875000000000 0.5191222885932365
0.2150000000000000 0.5191499988307666
0.2153125000000000 0.5191777031528994
0.2156250000000000 0.5192054131930867
0.2159375000000000 0.5192331176027458
0.2162500000000000 0.5192608274488744
0.2165625000000000 0.5192885319424775
0.2168750000000000 0.5193162415977929
0.2171875000000000 0.5193439461718014
0.2175000000000000 0.5193716556395006
0.2178125000000000 0.5193993602904178
0.2181250000000000 0.5194270695736620
0.2184375000000000 0.5194547742980326
0.2187500000000000 0.5194824833999369
0.2190625000000000 0.5195101881943494
0.2193750000000000 0.5195378971179879
0.2196875000000000 0.5195656019790709
0.2200000000000000 0.5195933107274727
0.2203125000000000 0.5196210156519045
0.2206250000000000 0.5196487242280543
0.2209375000000000 0.5196764292125503
0.2212500000000000 0.5197041376193939
0.2215625000000000 0.5197318426607141
0.2218750000000000 0.5197595509011507
0.2221875000000000 0.5197872559961001
0.2225000000000000 0.5198149640729837
0.2228125000000000 0.5198426692184153
0.2231250000000000 0.5198703771345523
0.2234375000000000 0.5198980823273643
0.2237500000000000 0.5199257900855146
0.2240625000000000 0.5199534953226538
0.2243750000000000 0.5199812029255291
0.2246875000000000 0.5200089082039909
0.2250000000000000 0.5200366156542524
0.2253125000000000 0.5200643209710810
0.2256250000000000 0.5200920282713420
0.2259375000000000 0.5201197336236334
0.2262500000000000 0.5201474407764544
0.2265625000000000 0.5201751461613555
0.2268750000000000 0.5202028531692428
0.2271875000000000 0.5202305585839566
0.2275000000000000 0.5202582654493640
0.2278125000000000 0.5202859708911461
0.2281250000000000 0.5203136776164720
0.2284375000000000 0.5203413830826321
0.2287500000000000 0.5203690896702216
0.2290625000000000 0.5203967951581269
0.2293750000000000 0.5204245016102642
0.2296875000000000 0.5204522071173394
0.2300000000000000 0.5204799134362544
0.2303125000000000 0.5205076189599800
0.2306250000000000 0.5205353251478445
0.2309375000000000 0.5205630306857607
0.2312500000000000 0.5205907367446855
0.2315625000000000 0.5206184422943925
0.2318750000000000 0.5206461482264313
0.2321875000000000 0.5206738537855851
0.2325000000000000 0.5207015595927332
0.2328125000000000 0.5207292651590510
0.2331250000000000 0.5207569708432422
0.2334375000000000 0.5207846764145023
0.2337500000000000 0.5208123819776108
0.2340625000000000 0.5208400875516490
0.2343750000000000 0.5208677929954907
0.2346875000000000 0.5208954985702010
0.2350000000000000 0.5209232038965346
0.2353125000000000 0.5209509094698700
0.2356250000000000 0.5209786146803935
0.2359375000000000 0.5210063202503665
0.2362500000000000 0.5210340253467202
0.2365625000000000 0.5210617309113996
0.2368750000000000 0.5210894358951683
0.2371875000000000 0.5211171414526780
0.2375000000000000 0.5211448463253917
0.2378125000000000 0.5211725518739112
0.2381250000000000 0.5212002566370437
0.2384375000000000 0.5212279621748073
0.2387500000000000 0.5212556668297773
0.2390625000000000 0.5212833723550730
0.2393750000000000 0.5213110769032492
0.2396875000000000 0.5213387824144178
0.2400000000000000 0.5213664868571134
0.2403125000000000 0.5213941923525452
0.2406250000000000 0.5214218966910248
0.2409375000000000 0.5214496021691628
0.2412500000000000 0.5214773064046423
0.2415625000000000 0.5215050118639755
0.2418750000000000 0.5215327159976197
0.2421875000000000 0.5215604214366879
0.2425000000000000 0.5215881254696164
0.2428125000000000 0.5216158308870043
0.2431250000000000 0.5216435348202886
0.2434375000000000 0.5216712402146290
0.2437500000000000 0.5216989440492936
0.2440625000000000 0.5217266494192651
0.2443750000000000 0.5217543531562904
0.2446875000000000 0.5217820585006145
0.2450000000000000 0.5218097621409374
0.2453125000000000 0.5218374674583831
0.2456250000000000 0.5218651710028922
0.2459375000000000 0.5218928762922699
0.2462500000000000 0.5219205797418144
0.2465625000000000 0.5219482850019803
0.2468750000000000 0.5219759883573607
0.2471875000000000 0.5220036935872150
0.2475000000000000 0.5220313968491928
0.2478125000000000 0.5220591020476769
0.2481250000000000 0.5220868052169657
0.2484375000000000 0.5221145103830680
0.2487500000000000 0.5221422134603385
0.2490625000000000 0.5221699185930921
0.2493750000000000 0.5221976215789694
0.2496875000000000 0.5222253266774511
0.2500000000000000 0.5222530295725167
0.2503125000000000 0.5222807346358491
0.2506250000000000 0.5223084374406358
0.2509375000000000 0.5223361424679873
0.2512500000000000 0.5223638451829852
0.2515625000000000 0.5223915501735725
0.2518750000000000 0.5224192527992186
0.2521875000000000 0.5224469577523077
0.2525000000000000 0.5224746602889939
0.2528125000000000 0.5225023652038969
0.2531250000000000 0.5225300676519645
0.2534375000000000 0.5225577725280457
0.2537500000000000 0.5225854748877842
0.2540625000000000 0.5226131797244630
0.2543750000000000 0.5226408819961073
0.2546875000000000 0.5226685867928521
0.2550000000000000 0.5226962889765857
0.2553125000000000 0.5227239937329220
0.2556250000000000 0.5227516958288715
0.2559375000000000 0.5227794005443813
0.2562500000000000 0.5228071025526158
0.2565625000000000 0.5228348072269391
0.2568750000000000 0.5228625091474653
0.2571875000000000 0.5228902137803063
0.2575000000000000 0.5229179156130703
0.2578125000000000 0.5229456202041947
0.2581250000000000 0.5229733219490779
0.2584375000000000 0.5230010264983144
0.2587500000000000 0.5230287281551351
0.2590625000000000 0.5230564326623791
0.2593750000000000 0.5230841342308868
0.2596875000000000 0.5231118386961051
0.2600000000000000 0.5231395401759771
0.2603125000000000 0.5231672445992033
0.2606250000000000 0.5231949459900505
0.2609375000000000 0.5232226503713927
0.2612500000000000 0.5232503516727476
0.2615625000000000 0.5232780560123887
0.2618750000000000 0.5233057572237122
0.2621875000000000 0.5233334615219069
0.2625000000000000 0.5233611626425847
0.2628125000000000 0.5233888668996665
0.2631250000000000 0.5234165679290049
0.2634375000000000 0.5234442721453842
0.2637500000000000 0.5234719730826144
0.2640625000000000 0.5234996772587792
0.2643750000000000 0.5235273781030507
0.2646875000000000 0.5235550822395704
0.2650000000000000 0.5235827829899541
0.2653125000000000 0.5236104870874744
0.2656250000000000 0.5236381877429649
0.2659375000000000 0.5236658918022117
0.2662500000000000 0.5236935923617226
0.2665625000000000 0.5237212963834970
0.2668750000000000 0.5237489968458666
0.2671875000000000 0.5237767008310500
0.2675000000000000 0.5238044011950386
0.2678125000000000 0.5238321051445857
0.2681250000000000 0.5238598054088791
0.2684375000000000 0.5238875093238217
0.2687500000000000 0.5239152094870304
0.2690625000000000 0.5239429133684682
0.2693750000000000 0.5239706134291396
0.2696875000000000 0.5239983172782396
0.2700000000000000 0.5240260172348473
0.2703125000000000 0.5240537210528496
0.2706250000000000 0.5240814209038019
0.2709375000000000 0.5241091246920052
0.2712500000000000 0.5241368244356516
0.2715625000000000 0.5241645281954146
0.2718750000000000 0.5241922278300460
0.2721875000000000 0.5242199315627850
0.2725000000000000 0.5242476310866361
0.2728125000000000 0.5242753347938188
0.2731250000000000 0.5243030342050771
0.2734375000000000 0.5243307378882197
0.2737500000000000 0.5243584371850226
0.2740625000000000 0.5243861408456880
0.2743750000000000 0.5244138400261270
0.2746875000000000 0.5244415436659239
0.2750000000000000 0.5244692427280511
0.2753125000000000 0.5244969463486227
0.2756250000000000 0.5245246452904545
0.2759375000000000 0.5245523488934808
0.2762500000000000 0.5245800477129970
0.2765625000000000 0.5246077513001930
0.2768750000000000 0.5246354499953413
0.2771875000000000 0.5246631535684527
0.2775000000000000 0.5246908521371507
0.2778125000000000 0.5247185556979503
0.2781250000000000 0.5247462541380892
0.2784375000000000 0.5247739576883795
0.2787500000000000 0.5248016559978201
0.2790625000000000 0.5248293595394292
0.2793750000000000 0.5248570577160122
0.2796875000000000 0.5248847612507893
0.2800000000000000 0.5249124592923264
0.2803125000000000 0.5249401628221511
0.2806250000000000 0.5249678607264310
0.2809375000000000 0.5249955642532025
0.2812500000000000 0.5250232620179917
0.2815625000000000 0.5250509655436345
0.2818750000000000 0.5250786631666720
0.2821875000000000 0.5251063666931352
0.2825000000000000 0.5251340641721387
0.2828125000000000 0.5251617677013966
0.2831250000000000 0.5251894650340564
0.2834375000000000 0.5252171685681046
0.2837500000000000 0.5252448657520908
0.2840625000000000 0.5252725692929539
0.2843750000000000 0.5253002663259048
0.2846875000000000 0.5253279698756314
0.2850000000000000 0.5253556667551628
0.2853125000000000 0.5253833703158283
0.2856250000000000 0.5254110670395302
0.2859375000000000 0.5254387706132347
0.2862500000000000 0.5254664671786689
0.2865625000000000 0.5254941707675425
0.2868750000000000 0.5255218671722443
0.2871875000000000 0.5255495707784408
0.2875000000000000 0.5255772670199186
0.2878125000000000 0.5256049706456174
0.2881250000000000 0.5256326667213584
0.2884375000000000 0.5256603703687651
0.2887500000000000 0.5256880662762256
0.2890625000000000 0.5257157699475715
0.2893750000000000 0.5257434656841878
0.2896875000000000 0.5257711693817241
0.2900000000000000 0.5257988649449089
0.2903125000000000 0.5258265686709123
0.2906250000000000 0.5258542640580551
0.2909375000000000 0.5258819678148190
0.2912500000000000 0.5259096630232968
0.2915625000000000 0.5259373668131305
0.2918750000000000 0.5259650618403005
0.2921875000000000 0.5259927656655307
0.2925000000000000 0.5260204605087374
0.2928125000000000 0.5260481643717024
0.2931250000000000 0.5260758590282786
0.2934375000000000 0.5261035629313249
0.2937500000000000 0.5261312573985973
0.2940625000000000 0.5261589613440774
0.2943750000000000 0.5261866556193681
0.2946875000000000 0.5262143596096356
0.2950000000000000 0.5262420536902691
0.2953125000000000 0.5262697577276759
0.2956250000000000 0.5262974516109770
0.2959375000000000 0.5263251556978721
0.2962500000000000 0.5263528493811707
0.2965625000000000 0.5263805535198951
0.2968750000000000 0.5264082470005342
0.2971875000000000 0.5264359511934124
0.2975000000000000 0.5264636444687526
0.2978125000000000 0.5264913487180909
0.2981250000000000 0.5265190417855099
0.2984375000000000 0.5265467460935976
0.2987500000000000 0.5265744389504935
0.2990625000000000 0.5266021433195950
0.2993750000000000 0.5266298359633943
0.2996875000000000 0.5266575403957444
0.3000000000000000 0.5266852328239018
0.3003125000000000 0.5267129373217052
0.3006250000000000 0.5267406295317101
0.3009375000000000 0.5267683340971355
0.3012500000000000 0.5267960260865115
0.3015625000000000 0.5268237307216910
0.3018750000000000 0.5268514224880047
0.3021875000000000 0.5268791271950255
0.3025000000000000 0.5269068187358875
0.3028125000000000 0.5269345235167922
0.3031250000000000 0.5269622148298579
0.3034375000000000 0.5269899196866404
0.3037500000000000 0.5270176107696185
0.3040625000000000 0.5270453157042206
0.3043750000000000 0.5270730065548695
0.3046875000000000 0.5271007115691805
0.3050000000000000 0.5271284021853178
0.3053125000000000 0.5271561072811654
0.3056250000000000 0.5271837976606636
0.3059375000000000 0.5272115028398229
0.3062500000000000 0.5272391929806158
0.3065625000000000 0.5272668982447937
0.3068750000000000 0.5272945881448823
0.3071875000000000 0.5273222934957216
0.3075000000000000 0.5273499831531696
0.3078125000000000 0.5273776885922485
0.3081250000000000 0.5274053780051889
0.3084375000000000 0.5274330835340107
0.3087500000000000 0.5274607727006508
0.3090625000000000 0.5274884783206500
0.3093750000000000 0.5275161672392675
0.3096875000000000 0.5275438729518018
0.3100000000000000 0.5275715616207524
0.3103125000000000 0.5275992674271029
0.3106250000000000 0.5276269558448191
0.3109375000000000 0.5276546617461874
0.3112500000000000 0.5276823499111839
0.3115625000000000 0.5277100559086900
0.3118750000000000 0.5277377438195605
0.3121875000000000 0.5277654499142428
0.3125000000000000 0.5277931375696688
0.3128125000000000 0.5278208437624767
0.3131250000000000 0.5278485311612255
0.3134375000000000 0.5278762374530218
0.3137500000000000 0.5279039245939521
0.3140625000000000 0.5279316309855067
0.3143750000000000 0.5279593178675687
0.3146875000000000 0.5279870243595584
0.3150000000000000 0.5280147109817964
0.3153125000000000 0.5280424175748041
0.3156250000000000 0.5280701039363588
0.3159375000000000 0.5280978106308672
0.3162500000000000 0.5281254967309807
0.3165625000000000 0.5281532035273732
0.3168750000000000 0.5281808893653869
0.3171875000000000 0.5282085962639418
0.3175000000000000 0.5282362818393040
0.3178125000000000 0.5282639888401954
0.3181250000000000 0.5282916741524596
0.3184375000000000 0.5283193812557528
0.3187500000000000 0.5283470663045841
0.3190625000000000 0.5283747735102333
0.3193750000000000 0.5284024582954073
0.3196875000000000 0.5284301656032510
0.3200000000000000 0.5284578501246601
0.3203125000000000 0.5284855575344244
0.3206250000000000 0.5285132417920749
0.3209375000000000 0.5285409493033670
0.3212500000000000 0.5285686332973856
0.3215625000000000 0.5285963409096914
0.3218750000000000 0.5286240246403254
0.3221875000000000 0.5286517323530106
0.3225000000000000 0.5286794158206327
0.3228125000000000 0.5287071236329345
0.3231250000000000 0.5287348068380400
0.3234375000000000 0.5287625147490745
0.3237500000000000 0.5287901976922886
0.3240625000000000 0.5288179057010380
0.3243750000000000 0.5288455883831139
0.3246875000000000 0.5288732964884350
0.3250000000000000 0.5289009789102554
0.3253125000000000 0.5289286871108719
0.3256250000000000 0.5289563692734519
0.3259375000000000 0.5289840775679562
0.3262500000000000 0.5290117594724428
0.3265625000000000 0.5290394678592942
0.3268750000000000 0.5290671495069692
0.3271875000000000 0.5290948579844914
0.3275000000000000 0.5291225393767701
0.3278125000000000 0.5291502479431534
0.3281250000000000 0.5291779290815863
0.3284375000000000 0.5292056377348863
0.3287500000000000 0.5292333186211593
0.3290625000000000 0.5292610273592939
0.3293750000000000 0.5292887079952281
0.3296875000000000 0.5293164168159834
0.3300000000000000 0.5293440972035327
0.3303125000000000 0.5293718061045596
0.3306250000000000 0.5293994862458126
0.3309375000000000 0.5294271952246293
0.3312500000000000 0.5294548751218076
0.3315625000000000 0.5294825841757979
0.3318750000000000 0.5295102638312551
0.3321875000000000 0.5295379729576730
0.3325000000000000 0.5295656523738916
0.3328125000000000 0.5295933615698644
0.3331250000000000 0.5296210407494550
0.3334375000000000 0.5296487500119780
0.3337500000000000 0.5296764289576811
0.3340625000000000 0.5297041382836233
0.3343750000000000 0.5297318169983045
0.3346875000000000 0.5297595263844118
0.3350000000000000 0.5297872048710579
0.3353125000000000 0.5298149143139559
0.3356250000000000 0.5298425925756741
0.3359375000000000 0.5298703020718668
0.3362500000000000 0.5298979801118829
0.3365625000000000 0.5299256896577587
0.3368750000000000 0.5299533674794144
0.3371875000000000 0.5299810770712496
0.3375000000000000 0.5300087546779955
0.3378125000000000 0.5300364643119529
0.3381250000000000 0.5300641417073527
0.3384375000000000 0.5300918513794896
0.3387500000000000 0.5301195285672116
0.3390625000000000 0.5301472382734772
0.3393750000000000 0.5301749152572940
0.3396875000000000 0.5302026249935388
0.3400000000000000 0.5302303017773211
0.3403125000000000 0.5302580115392967
0.3406250000000000 0.5302856881270119
0.3409375000000000 0.5303133979103756
0.3412500000000000 0.5303410743060857
0.3415625000000000 0.5303687841064005
0.3418750000000000 0.5303964603142569
0.3421875000000000 0.5304241701270013
0.3425000000000000 0.5304518461512401
0.3428125000000000 0.5304795559718060
0.3431250000000000 0.5305072318167479
0.3434375000000000 0.5305349416404461
0.3437500000000000 0.5305626173104899
0.3440625000000000 0.5305903271325556
0.3443750000000000 0.5306180026321753
0.3446875000000000 0.5306457124477676
0.3450000000000000 0.5306733877815104
0.3453125000000000 0.5307010975857188
0.3456250000000000 0.5307287727582007
0.3459375000000000 0.5307564825460468
0.3462500000000000 0.5307841575619492
0.3465625000000000 0.5308118673283946
0.3468750000000000 0.5308395421924545
0.3471875000000000 0.5308672519324008
0.3475000000000000 0.5308949266494171
0.3478125000000000 0.5309226363577102
0.3481250000000000 0.5309503109325345
0.3484375000000000 0.5309780206039689
0.3487500000000000 0.5310056950415015
0.3490625000000000 0.5310334046708224
0.3493750000000000 0.5310610789760103
0.3496875000000000 0.5310887885579216
0.3500000000000000 0.5311164627357513
0.3503125000000000 0.5311441722649191
0.3506250000000000 0.5311718463204121
0.3509375000000000 0.5311995557914654
0.3512500000000000 0.5312272297296822
0.3515625000000000 0.5312549391372169
0.3518750000000000 0.5312826129632445
0.3521875000000000 0.5313103223018312
0.3525000000000000 0.5313379960207799
0.3528125000000000 0.5313657052849692
0.3531250000000000 0.5313933789019686
0.3534375000000000 0.5314210880862905
0.3537500000000000 0.5314487616064900
0.3540625000000000 0.5314764707054594
0.3543750000000000 0.5315041441340159
0.3546875000000000 0.5315318531421439
0.3550000000000000 0.5315595264842204
0.3553125000000000 0.5315872353960112
0.3556250000000000 0.5316149086567731
0.3559375000000000 0.5316426174667321
0.3562500000000000 0.5316702906513424
0.3565625000000000 0.5316979993539809
0.3568750000000000 0.5317256724675928
0.3571875000000000 0.5317533810574321
0.3575000000000000 0.5317810541051866
0.3578125000000000 0.5318087625767629
0.3581250000000000 0.5318364355637858
0.3584375000000000 0.5318641439116565
0.3587500000000000 0.5318918168430448
0.3590625000000000 0.5319195250617927
0.3593750000000000 0.5319471979426208
0.3596875000000000 0.5319749060268580
0.3600000000000000 0.5320025788621637
0.3603125000000000 0.5320302868065430
0.3606250000000000 0.5320579596013237
0.3609375000000000 0.5320856674005354
0.3612500000000000 0.5321133401597483
0.3615625000000000 0.5321410478085283
0.3618750000000000 0.5321687205370825
0.3621875000000000 0.5321964280302184
0.3625000000000000 0.5322241007329666
0.3628125000000000 0.5322518080652995
0.3631250000000000 0.5322794807470405
0.3634375000000000 0.5323071879134761
0.3637500000000000 0.5323348605789405
0.3640625000000000 0.5323625675744476
0.3643750000000000 0.5323902402283017
0.3646875000000000 0.5324179470479187
0.3650000000000000 0.5324456196947582
0.3653125000000000 0.5324733263335953
0.3656250000000000 0.5325009989779365
0.3659375000000000 0.5325287054311875
0.3662500000000000 0.5325563780774674
0.3665625000000000 0.5325840843404034
0.3668750000000000 0.5326117569929754
0.3671875000000000 0.5326394630609567
0.3675000000000000 0.5326671357240840
0.3678125000000000 0.5326948415925602
0.3681250000000000 0.5327225142704163
0.3684375000000000 0.5327502199349317
0.3687500000000000 0.5327778926315919
0.3690625000000000 0.5328055980877847
0.3693750000000000 0.5328332708072302
0.3696875000000000 0.5328609760508424
0.3700000000000000 0.5328886487969462
0.3703125000000000 0.5329163538238219
0.3706250000000000 0.5329440266003563
0.3709375000000000 0.5329717314064468
0.3712500000000000 0.5329994042170737
0.3715625000000000 0.5330271087984385
0.3718750000000000 0.5330547816467112
0.3721875000000000 0.5330824859995215
0.3725000000000000 0.5331101588888810
0.3728125000000000 0.5331378630094187
0.3731250000000000 0.5331655359431934
0.3734375000000000 0.5331932398278580
0.3737500000000000 0.5332209128092569
0.3740625000000000 0.5332486164545654
0.3743750000000000 0.5332762894866793
0.3746875000000000 0.5333039928892680
0.3750000000000000 0.5333316659750705
0.3753125000000000 0.5333593691316932
0.3756250000000000 0.5333870422740342
0.3759375000000000 0.5334147451815707
0.3762500000000000 0.5334424183831792
0.3765625000000000 0.5334701210386267
0.3768750000000000 0.5334977943021108
0.3771875000000000 0.5335254967025914
0.3775000000000000 0.5335531700304328
0.3778125000000000 0.5335808721731951
0.3781250000000000 0.5336085455677507
0.3784375000000000 0.5336362474501679
0.3787500000000000 0.5336639209136679
0.3790625000000000 0.5336916225332384
0.3793750000000000 0.5337192960677897
0.3796875000000000 0.5337469974221383
0.3800000000000000 0.5337746710297194
0.3803125000000000 0.5338023721165939
0.3806250000000000 0.5338300457990605
0.3809375000000000 0.5338577466163411
0.3812500000000000 0.5338854203754146
0.3815625000000000 0.5339131209211055
0.3818750000000000 0.5339407947583882
0.3821875000000000 0.5339684950306186
0.3825000000000000 0.5339961689475818
0.3828125000000000 0.5340238689446114
0.3831250000000000 0.5340515429425989
0.3834375000000000 0.5340792426628125
0.3837500000000000 0.5341069167430440
0.3840625000000000 0.5341346161849514
0.3843750000000000 0.5341622903485190
0.3846875000000000 0.5341899895107588
0.3850000000000000 0.5342176637586276
0.3853125000000000 0.5342453626399623
0.3856250000000000 0.5342730369729736
0.3859375000000000 0.5343007355722903
0.3862500000000000 0.5343284099911615
0.3865625000000000 0.5343561083074713
0.3868750000000000 0.5343837828127935
0.3871875000000000 0.5344114808452340
0.3875000000000000 0.5344391554374766
0.3878125000000000 0.5344668531853037
0.3881250000000000 0.5344945278648134
0.3884375000000000 0.5345222253274095
0.3887500000000000 0.5345499000944105
0.3890625000000000 0.5345775972712739
0.3893750000000000 0.5346052721258746
0.3896875000000000 0.5346329690166232
0.3900000000000000 0.5346606439588111
0.3903125000000000 0.5346883405631827
0.3906250000000000 0.5347160155928272
0.3909375000000000 0.5347437119106743
0.3912500000000000 0.5347713870275324
0.3915625000000000 0.5347990830588214
0.3918750000000000 0.5348267582625350
0.3921875000000000 0.5348544540073448
0.3925000000000000 0.5348821292974432
0.3928125000000000 0.5349098247559640
0.3931250000000000 0.5349375001318697
0.3934375000000000 0.5349651953043997
0.3937500000000000 0.5349928707654259
0.3940625000000000 0.5350205656523688
0.3943750000000000 0.5350482411977238
0.3946875000000000 0.5350759357995881
0.3950000000000000 0.5351036114283794
0.3953125000000000 0.5351313057457711
0.3956250000000000 0.5351589814570055
0.3959375000000000 0.5351866754906348
0.3962500000000000 0.5352143512832197
0.3965625000000000 0.5352420450338892
0.3968750000000000 0.5352697209066392
0.3971875000000000 0.5352974143752479
0.3975000000000000 0.5353250903268834
0.3978125000000000 0.5353527835144176
0.3981250000000000 0.5353804595435733
0.3984375000000000 0.5354081524511063
0.3987500000000000 0.5354358285563300
0.3990625000000000 0.5354635211850222
0.3993750000000000 0.5354911973647779
0.3996875000000000 0.5355188897158669
0.4000000000000000 0.5355465659685421
0.4003125000000000 0.5355742580433452
0.4006250000000000 0.5356019343672480
0.4009375000000000 0.5356296261671560
0.4012500000000000 0.5356573025605262
0.4015625000000000 0.5356849940869997
0.4018750000000000 0.5357126705480046
0.4021875000000000 0.5357403618025730
0.4025000000000000 0.5357680383293159
0.4028125000000000 0.5357957293135719
0.4031250000000000 0.5358234059040919
0.4034375000000000 0.5358510966196905
0.4037500000000000 0.5358787732719673
0.4040625000000000 0.5359064637206219
0.4043750000000000 0.5359341404325790
0.4046875000000000 0.5359618306160543
0.4050000000000000 0.5359895073855643
0.4053125000000000 0.5360171973056792
0.4056250000000000 0.5360448741305602
0.4059375000000000 0.5360725637891831
0.4062500000000000 0.5361002406672091
0.4065625000000000 0.5361279300662499
0.4068750000000000 0.5361556069951546
0.4071875000000000 0.5361832961365641
0.4075000000000000 0.5362109731140375
0.4078125000000000 0.5362386619998093
0.4081250000000000 0.5362663390235047
0.4084375000000000 0.5362940276556640
0.4087500000000000 0.5363217047232007
0.4090625000000000 0.5363493931038115
0.4093750000000000 0.5363770702127715
0.4096875000000000 0.5364047583439264
0.4100000000000000 0.5364324354918696
0.4103125000000000 0.5364601233756854
0.4106250000000000 0.5364878005601420
0.4109375000000000 0.5365154881987660
0.4112500000000000 0.5365431654172418
0.4115625000000000 0.5365708528128399
0.4118750000000000 0.5365985300628182
0.4121875000000000 0.5366262172175806
0.4125000000000000 0.5366538944965276
0.4128125000000000 0.5366815814126588
0.4131250000000000 0.5367092587180241
0.4134375000000000 0.5367369453977429
0.4137500000000000 0.5367646227269623
0.4140625000000000 0.5367923091725045
0.4143750000000000 0.5368199865230012
0.4146875000000000 0.5368476727366069
0.4150000000000000 0.5368753501057967
0.4153125000000000 0.5369030360897182
0.4156250000000000 0.5369307134750088
0.4159375000000000 0.5369583992315028
0.4162500000000000 0.5369860766302980
0.4165625000000000 0.5370137621616232
0.4168750000000000 0.5370414395713259
0.4171875000000000 0.5370691248797419
0.4175000000000000 0.5370968022977550
0.4178125000000000 0.5371244873855195
0.4181250000000000 0.5371521648092482
0.4184375000000000 0.5371798496786154
0.4187500000000000 0.5372075271054714
0.4190625000000000 0.5372352117586854
0.4193750000000000 0.5372628891860913
0.4196875000000000 0.5372905736253888
0.4200000000000000 0.5373182510507740
0.4203125000000000 0.5373459352783790
0.4206250000000000 0.5373736126991885
0.4209375000000000 0.5374012967173111
0.4212500000000000 0.5374289741310044
0.4215625000000000 0.5374566579418351
0.4218750000000000 0.5374843353458940
0.4221875000000000 0.5375120189516023
0.4225000000000000 0.5375396963435299
0.4228125000000000 0.5375673797462621
0.4231250000000000 0.5375950571235857
0.4234375000000000 0.5376227403254609
0.4237500000000000 0.5376504176857376
0.4240625000000000 0.5376781006888449
0.4243750000000000 0.5377057780296622
0.4246875000000000 0.5377334608360578
0.4250000000000000 0.5377611381550383
0.4253125000000000 0.5377888207667427
0.4256250000000000 0.5378164980615459
0.4259375000000000 0.5378441804805387
0.4262500000000000 0.5378718577488675
0.4265625000000000 0.5378995399770848
0.4268750000000000 0.5379272172166866
0.4271875000000000 0.5379548992560172
0.4275000000000000 0.5379825764646898
0.4278125000000000 0.5380102583169700
0.4281250000000000 0.5380379354925644
0.4284375000000000 0.5380656171595742
0.4287500000000000 0.5380932942999994
0.4290625000000000 0.5381209757834610
0.4293750000000000 0.5381486528866878
0.4296875000000000 0.5381763341882587
0.4300000000000000 0.5382040112523213
0.4303125000000000 0.5382316923735910
0.4306250000000000 0.5382593693965969
0.4309375000000000 0.5382870503390842
0.4312500000000000 0.5383147273192109
0.4315625000000000 0.5383424080843562
0.4318750000000000 0.5383700850198658
0.4321875000000000 0.5383977656090265
0.4325000000000000 0.5384254424982619
0.4328125000000000 0.5384531229127127
0.4331250000000000 0.5384807997541039
0.4334375000000000 0.5385084799950270
0.4337500000000000 0.5385361567870972
0.4340625000000000 0.5385638368555835
0.4343750000000000 0.5385915135969502
0.4346875000000000 0.5386191934939901
0.4350000000000000 0.5386468701833735
0.4353125000000000 0.5386745499098560
0.4356250000000000 0.5387022265460787
0.4359375000000000 0.5387299061027864
0.4362500000000000 0.5387575826847778
0.4365625000000000 0.5387852620723875
0.4368750000000000 0.5388129385991848
0.4371875000000000 0.5388406178182616
0.4375000000000000 0.5388682942890169
0.4378125000000000 0.5388959733400115
0.4381250000000000 0.5389236497539873
0.4384375000000000 0.5389513286372398
0.4387500000000000 0.5389790049938135
0.4390625000000000 0.5390066837095463
0.4393750000000000 0.5390343600082109
0.4396875000000000 0.5390620385565362
0.4400000000000000 0.5390897147968937
0.4403125000000000 0.5391173931778120
0.4406250000000000 0.5391450693595765
0.4409375000000000 0.5391727475729738
0.4412500000000000 0.5392004236959713
0.4415625000000000 0.5392281017416326
0.4418750000000000 0.5392557778057862
0.4421875000000000 0.5392834556833941
0.4425000000000000 0.5393111316887289
0.4428125000000000 0.5393388093978712
0.4431250000000000 0.5393664853445013
0.4434375000000000 0.5393941628846793
0.4437500000000000 0.5394218387728031
0.4440625000000000 0.5394495161434405
0.4443750000000000 0.5394771919733241
0.4446875000000000 0.5395048691737789
0.4450000000000000 0.5395325449457550
0.4453125000000000 0.5395602219753266
0.4456250000000000 0.5395878976897734
0.4459375000000000 0.5396155745477237
0.4462500000000000 0.5396432502050538
0.4465625000000000 0.5396709268906146
0.4468750000000000 0.5396986024912608
0.4471875000000000 0.5397262790036562
0.4475000000000000 0.5397539545480499
0.4478125000000000 0.5397816308865109
0.4481250000000000 0.5398093063750683
0.4484375000000000 0.5398369825388517
0.4487500000000000 0.5398646579719539
0.4490625000000000 0.5398923339603597
0.4493750000000000 0.5399200093383328
0.4496875000000000 0.5399476851507288
0.4500000000000000 0.5399753604738229
0.4503125000000000 0.5400030361096605
0.4506250000000000 0.5400307113780304
0.4509375000000000 0.5400583868368676
0.4512500000000000 0.5400860620505523
0.4515625000000000 0.5401137373320736
0.4518750000000000 0.5401414124909729
0.4521875000000000 0.5401690875950111
0.4525000000000000 0.5401967626988683
0.4528125000000000 0.5402244376254240
0.4531250000000000 0.5402521126738049
0.4534375000000000 0.5402797874230619
0.4537500000000000 0.5403074624153400
0.4540625000000000 0.5403351369876859
0.4543750000000000 0.5403628119230219
0.4546875000000000 0.5403904863190648
0.4550000000000000 0.5404181611963925
0.4553125000000000 0.5404458354169729
0.4556250000000000 0.5404735102349880
0.4559375000000000 0.5405011842811880
0.4562500000000000 0.5405288590383371
0.4565625000000000 0.5405565329114956
0.4568750000000000 0.5405842076059691
0.4571875000000000 0.5406118813076822
0.4575000000000000 0.5406395559374068
0.4578125000000000 0.5406672294695339
0.4581250000000000 0.5406949040321767
0.4584375000000000 0.5407225773968383
0.4587500000000000 0.5407502518898030
0.4590625000000000 0.5407779250893806
0.4593750000000000 0.5408055995098142
0.4596875000000000 0.5408332725469414
0.4600000000000000 0.5408609468917447
0.4603125000000000 0.5408886197692940
0.4606250000000000 0.5409162940351343
0.4609375000000000 0.5409439667562070
0.4612500000000000 0.5409716409395295
0.4615625000000000 0.5409993135074410
0.4618750000000000 0.5410269876044853
0.4621875000000000 0.5410546600227439
0.4625000000000000 0.5410823340295720
0.4628125000000000 0.5411100063018514
0.4631250000000000 0.5411376802143684
0.4634375000000000 0.5411653523444883
0.4637500000000000 0.5411930261584664
0.4640625000000000 0.5412206981503636
0.4643750000000000 0.5412483718614768
0.4646875000000000 0.5412760437191712
0.4650000000000000 0.5413037173230216
0.4653125000000000 0.5413313890505891
0.4656250000000000 0.5413590625427400
0.4659375000000000 0.5413867341442824
0.4662500000000000 0.5414144075202858
0.4665625000000000 0.5414420789998944
0.4668750000000000 0.5414697522553326
0.4671875000000000 0.5414974236170542
0.4675000000000000 0.5415250967475672
0.4678125000000000 0.5415527679953746
0.4681250000000000 0.5415804409966944
0.4684375000000000 0.5416081121344528
0.4687500000000000 0.5416357850024338
0.4690625000000000 0.5416634560338706
0.4693750000000000 0.5416911287645200
0.4696875000000000 0.5417187996931925
0.4700000000000000 0.5417464722827009
0.4703125000000000 0.5417741431119741
0.4706250000000000 0.5418018155567352
0.4709375000000000 0.5418294862897580
0.4712500000000000 0.5418571585863950
0.4715625000000000 0.5418848292260718
0.4718750000000000 0.5419125013714657
0.4721875000000000 0.5419401719204389
0.4725000000000000 0.5419678439117329
0.4728125000000000 0.5419955143723735
0.4731250000000000 0.5420231862069923
0.4734375000000000 0.5420508565813852
0.4737500000000000 0.5420785282570451
0.4740625000000000 0.5421061985469769
0.4743750000000000 0.5421338700616971
0.4746875000000000 0.5421615402686498
0.4750000000000000 0.5421892116207512
0.4753125000000000 0.5422168817459062
0.4756250000000000 0.5422445529340129
0.4759375000000000 0.5422722229782464
0.4762500000000000 0.5422998940012860
0.4765625000000000 0.5423275639651767
0.4768750000000000 0.5423552348223699
0.4771875000000000 0.5423829047062050
0.4775000000000000 0.5424105753970558
0.4778125000000000 0.5424382452008475
0.4781250000000000 0.5424659157251345
0.4784375000000000 0.5424935854486227
0.4787500000000000 0.5425212558063862
0.4790625000000000 0.5425489254490604
0.4793750000000000 0.5425765956405810
0.4796875000000000 0.5426042652016978
0.4800000000000000 0.5426319352274848
0.4803125000000000 0.5426596047060795
0.4806250000000000 0.5426872745668498
0.4809375000000000 0.5427149439617660
0.4812500000000000 0.5427426136584175
0.4815625000000000 0.5427702829683206
0.4818750000000000 0.5427979525019208
0.4821875000000000 0.5428256217253217
0.4825000000000000 0.5428532910970797
0.4828125000000000 0.5428809602323588
0.4831250000000000 0.5429086294436049
0.4834375000000000 0.5429362984890307
0.4837500000000000 0.5429639675411957
0.4840625000000000 0.5429916364949459
0.4843750000000000 0.5430193053895408
0.4846875000000000 0.5430469742497238
0.4850000000000000 0.5430746429883200
0.4853125000000000 0.5431023117529942
0.4856250000000000 0.5431299803372016
0.4859375000000000 0.5431576490043946
0.4862500000000000 0.5431853174358463
0.4865625000000000 0.5432129860035714
0.4868750000000000 0.5432406542839061
0.4871875000000000 0.5432683227501793
0.4875000000000000 0.5432959908810258
0.4878125000000000 0.5433236592438780
0.4881250000000000 0.5433513272268433
0.4884375000000000 0.5433789954843364
0.4887500000000000 0.5434066633209901
0.4890625000000000 0.5434343314712257
0.4893750000000000 0.5434619991630919
0.4896875000000000 0.5434896672042250
0.4900000000000000 0.5435173347527712
0.4903125000000000 0.5435450026830160
0.4906250000000000 0.5435726700896472
0.4909375000000000 0.5436003379072810
0.4912500000000000 0.5436280051733338
0.4915625000000000 0.5436556728767079
0.4918750000000000 0.5436833400034449
0.4921875000000000 0.5437110075909863
0.4925000000000000 0.5437386745795922
0.4928125000000000 0.5437663420498031
0.4931250000000000 0.5437940089013847
0.4934375000000000 0.5438216762528522
0.4937500000000000 0.5438493429684328
0.4940625000000000 0.5438770101998218
0.4943750000000000 0.5439046767803462
0.4946875000000000 0.5439323438904021
0.4950000000000000 0.5439600103367358
0.4953125000000000 0.5439876773242813
0.4956250000000000 0.5440153436372129
0.4959375000000000 0.5440430105011484
0.4962500000000000 0.5440706766813880
0.4965625000000000 0.5440983434206914
0.4968750000000000 0.5441260094688760
0.4971875000000000 0.5441536760825919
0.4975000000000000 0.5441813419992912
0.4978125000000000 0.5442090084865340
0.4981250000000000 0.5442366742722500
0.4984375000000000 0.5442643406322009
0.4987500000000000 0.5442920062873718
0.4990625000000000 0.5443196725192676
0.4993750000000000 0.5443473380442766
0.4996875000000000 0.5443750041474147
0.5000000000000000 0.5444026695425856
0.5003125000000000 0.5444303355163145
0.5006250000000000 0.5444580007819240
0.5009375000000000 0.5444856666256415
0.5012500000000000 0.5445133317619170
0.5015625000000000 0.5445409974750652
0.5018750000000000 0.5445686624821928
0.5021875000000000 0.5445963280642547
0.5025000000000001 0.5446239929423807
0.5028125000000000 0.5446516583928761
0.5031250000000000 0.5446793231421124
0.5034375000000000 0.5447069884605940
0.5037500000000000 0.5447346530810205
0.5040625000000000 0.5447623182670701
0.5043750000000000 0.5447899827587405
0.5046875000000000 0.5448176478119693
0.5050000000000000 0.5448453121749061
0.5053125000000001 0.5448729770949488
0.5056250000000000 0.5449006413291552
0.5059375000000000 0.5449283061156678
0.5062500000000000 0.5449559702211251
0.5065625000000000 0.5449836348737831
0.5068750000000000 0.5450112988504545
0.5071875000000000 0.5450389633689513
0.5075000000000001 0.5450666272167852
0.5078125000000000 0.5450942916008262
0.5081250000000000 0.5451219553197565
0.5084375000000000 0.5451496195690630
0.5087500000000000 0.5451772831590109
0.5090625000000000 0.5452049472733130
0.5093750000000000 0.5452326107341918
0.5096875000000000 0.5452602747132275
0.5100000000000000 0.5452879380449401
0.5103125000000001 0.5453156018884584
0.5106250000000000 0.5453432650909011
0.5109375000000000 0.5453709287986569
0.5112500000000000 0.5453985918717174
0.5115625000000000 0.5454262554434713
0.5118750000000000 0.5454539183870344
0.5121875000000000 0.5454815818225515
0.5125000000000000 0.5455092446364973
0.5128125000000000 0.5455369079355448
0.5131250000000001 0.5455645706197497
0.5134375000000000 0.5455922337820998
0.5137500000000000 0.5456198963364386
0.5140625000000000 0.5456475593618632
0.5143750000000000 0.5456752217862095
0.5146875000000000 0.5457028846744817
0.5150000000000000 0.5457305469687099
0.5153125000000001 0.5457582097196010
0.5156250000000000 0.5457858718835871
0.5159375000000000 0.5458135344968648
0.5162500000000000 0.5458411965304875
0.5165625000000000 0.5458688590059181
0.5168750000000000 0.5458965209090603
0.5171875000000000 0.5459241832464052
0.5175000000000000 0.5459518450189531
0.5178125000000000 0.5459795072179665
0.5181250000000001 0.5460071688598163
0.5184375000000000 0.5460348309202466
0.5187500000000000 0.5460624924312999
0.5190625000000000 0.5460901543528847
0.5193750000000000 0.5461178157330540
0.5196875000000000 0.5461454775155196
0.5200000000000000 0.5461731387647294
0.5203125000000000 0.5462008004077928
0.5206250000000000 0.5462284615259781
0.5209375000000001 0.5462561230293400
0.5212500000000000 0.5462837840164571
0.5215625000000000 0.5463114453797978
0.5218750000000000 0.5463391062358171
0.5221875000000000 0.5463667674588014
0.5225000000000000 0.5463944281837155
0.5228125000000000 0.5464220892659815
0.5231250000000001 0.5464497498598092
0.5234375000000000 0.5464774108009757
0.5237500000000000 0.5465050712637561
0.5240625000000000 0.5465327320634110
0.5243750000000000 0.5465603923952144
0.5246875000000000 0.5465880530529149
0.5250000000000000 0.5466157132538492
0.5253125000000000 0.5466433737691171
0.5256250000000000 0.5466710338393187
0.5259375000000001 0.5466986942116406
0.5262500000000000 0.5467263541512906
0.5265625000000000 0.5467540143801084
0.5268750000000000 0.5467816741894302
0.5271875000000000 0.5468093342741427
0.5275000000000000 0.5468369939534060
0.5278125000000000 0.5468646538933604
0.5281250000000000 0.5468923134428878
0.5284375000000000 0.5469199732373804
0.5287500000000001 0.5469476326575480
0.5290625000000000 0.5469752923058141
0.5293750000000000 0.5470029515970600
0.5296875000000000 0.5470306110982781
0.5300000000000000 0.5470582702610999
0.5303125000000000 0.5470859296143767
0.5306250000000000 0.5471135886493479
0.5309375000000001 0.5471412478537220
0.5312500000000000 0.5471689067614796
0.5315625000000000 0.5471965658159186
0.5318750000000000 0.5472242245971801
0.5321875000000000 0.5472518835005692
0.5325000000000000 0.5472795421561322
0.5328125000000000 0.5473072009072766
0.5331250000000000 0.5473348594380213
0.5334375000000000 0.5473625180356390
0.5337500000000001 0.5473901764425332
0.5340625000000000 0.5474178348852582
0.5343750000000000 0.5474454931693544
0.5346875000000000 0.5474731514557288
0.5350000000000000 0.5475008096181750
0.5353125000000000 0.5475284677466487
0.5356250000000000 0.5475561257886831
0.5359375000000001 0.5475837837576140
0.5362500000000000 0.5476114416805666
0.5365625000000001 0.5476390994882196
0.5368750000000000 0.5476667572935154
0.5371875000000000 0.5476944149380631
0.5375000000000000 0.5477220726272166
0.5378125000000000 0.5477497301067394
0.5381250000000000 0.5477773876813574
0.5384375000000000 0.5478050449938479
0.5387500000000001 0.5478327024556217
0.5390625000000000 0.5478603595989894
0.5393750000000000 0.5478880169496915
0.5396875000000000 0.5479156739217660
0.5400000000000000 0.5479433311632480
0.5403125000000000 0.5479709879617820
0.5406250000000000 0.5479986450959626
0.5409375000000000 0.5480263017186512
0.5412500000000000 0.5480539587475080
0.5415625000000001 0.5480816151919866
0.5418750000000000 0.5481092721175491
0.5421875000000000 0.5481369283814075
0.5425000000000000 0.5481645852057458
0.5428125000000000 0.5481922412865403
0.5431250000000000 0.5482198980117494
0.5434375000000000 0.5482475539070195
0.5437500000000001 0.5482752105352054
0.5440625000000000 0.5483028662424848
0.5443750000000001 0.5483305227757512
0.5446875000000000 0.5483581782925864
0.5450000000000000 0.5483858347330134
0.5453125000000000 0.5484134900569807
0.5456250000000000 0.5484411464066117
0.5459375000000000 0.5484688015353354
0.5462500000000000 0.5484964577961531
0.5465625000000001 0.5485241127273316
0.5468750000000000 0.5485517689012374
0.5471875000000000 0.5485794236326524
0.5475000000000000 0.5486070797214490
0.5478125000000000 0.5486347342510005
0.5481250000000000 0.5486623902563652
0.5484375000000000 0.5486900445820847
0.5487500000000000 0.5487177005055500
0.5490625000000000 0.5487453546256252
0.5493750000000001 0.5487730104685565
0.5496875000000000 0.5488006643813562
0.5500000000000000 0.5488283201449260
0.5503125000000000 0.5488559738490204
0.5506250000000000 0.5488836295341876
0.5509375000000000 0.5489112830283726
0.5512500000000000 0.5489389386358626
0.5515625000000001 0.5489665919191768
0.5518750000000000 0.5489942474494587
0.5521875000000001 0.5490219005212080
0.5525000000000000 0.5490495559744768
0.5528125000000000 0.5490772088342480
0.5531250000000000 0.5491048642104059
0.5534375000000000 0.5491325168580917
0.5537500000000000 0.5491601721567297
0.5540625000000000 0.5491878245925339
0.5543750000000001 0.5492154798129243
0.5546875000000000 0.5492431320373816
0.5550000000000000 0.5492707871784597
0.5553125000000000 0.5492984391924435
0.5556250000000000 0.5493260942528024
0.5559375000000000 0.5493537460575317
0.5562500000000000 0.5493814010354171
0.5565625000000000 0.5494090526324591
0.5568750000000000 0.5494367075257642
0.5571875000000001 0.5494643589170417
0.5575000000000000 0.5494920137233084
0.5578125000000000 0.5495196649110916
0.5581250000000000 0.5495473196275132
0.5584375000000000 0.5495749706144182
0.5587500000000000 0.5496026252378496
0.5590625000000000 0.5496302760268245
0.5593750000000001 0.5496579305537909
0.5596875000000000 0.5496855811481091
0.5600000000000001 0.5497132355748200
0.5603125000000000 0.5497408859780600
0.5606250000000000 0.5497685403004284
0.5609375000000000 0.5497961905164565
0.5612500000000000 0.5498238447301177
0.5615625000000000 0.5498514947630653
0.5618750000000000 0.5498791488634006
0.5621875000000001 0.5499067987176416
0.5625000000000000 0.5499344526998070
0.5628125000000000 0.5499621023799226
0.5631250000000000 0.5499897562388797
0.5634375000000000 0.5500174057496320
0.5637500000000000 0.5500450594801765
0.5640625000000000 0.5500727088264792
0.5643750000000000 0.5501003624232732
0.5646875000000000 0.5501280116101500
0.5650000000000001 0.5501556650677628
0.5653125000000000 0.5501833141003184
0.5656250000000000 0.5502109674132566
0.5659375000000000 0.5502386162966355
0.5662500000000000 0.5502662694593848
0.5665625000000000 0.5502939181987351
0.5668750000000000 0.5503215712057965
0.5671875000000001 0.5503492198062317
0.5675000000000000 0.5503768726521580
0.5678125000000001 0.5504045211187218
0.5681250000000000 0.5504321737981567
0.5684375000000000 0.5504598221357825
0.5687500000000000 0.5504874746434917
0.5690625000000000 0.5505151228569759
0.5693750000000000 0.5505427751878865
0.5696875000000000 0.5505704232818434
0.5700000000000001 0.5505980754310755
0.5703125000000000 0.5506257234099141
0.5706250000000000 0.5506533753728101
0.5709375000000000 0.5506810232407027
0.5712500000000000 0.5507086750128518
0.5715625000000000 0.5507363227737083
0.5718750000000000 0.5507639743509799
0.5721875000000000 0.5507916220084190
0.5725000000000000 0.5508192733869801
0.5728125000000001 0.5508469209443150
0.5731250000000000 0.5508745721206466
0.5734375000000000 0.5509022195808680
0.5737500000000000 0.5509298705517838
0.5740625000000000 0.5509575179175417
0.5743750000000000 0.5509851686801983
0.5746875000000000 0.5510128159537940
0.5750000000000001 0.5510404665057040
0.5753125000000000 0.5510681136890837
0.5756250000000001 0.5510957640281118
0.5759375000000000 0.5511234111228630
0.5762500000000000 0.5511510612472380
0.5765625000000000 0.5511787082545899
0.5768750000000000 0.5512063581628934
0.5771875000000000 0.5512340050837208
0.5775000000000000 0.5512616547748883
0.5778125000000001 0.5512893016097170
0.5781250000000000 0.5513169510830260
0.5784375000000000 0.5513445978320456
0.5787500000000000 0.5513722470871056
0.5790625000000000 0.5513998937501775
0.5793750000000000 0.5514275427869193
0.5796875000000000 0.5514551893635952
0.5800000000000000 0.5514828381822483
0.5803125000000000 0.5515104846717869
0.5806250000000001 0.5515381332728666
0.5809375000000000 0.5515657796742508
0.5812500000000000 0.5515934280585364
0.5815625000000000 0.5516210743704970
0.5818750000000000 0.5516487225390103
0.5821875000000000 0.5516763687600443
0.5825000000000000 0.5517040167140318
0.5828125000000001 0.5517316628424237
0.5831250000000000 0.5517593105833259
0.5834375000000001 0.5517869566171800
0.5837500000000000 0.5518146041466133
0.5840625000000000 0.5518422500838647
0.5843750000000000 0.5518698974035950
0.5846875000000000 0.5518975432420464
0.5850000000000000 0.5519251903539691
0.5853125000000000 0.5519528360913005
0.5856250000000001 0.5519804829974139
0.5859375000000000 0.5520081286312185
0.5862500000000000 0.5520357753336020
0.5865625000000000 0.5520634208613970
0.5868750000000000 0.5520910673621923
0.5871875000000000 0.5521187127814470
0.5875000000000000 0.5521463590828352
0.5878125000000000 0.5521740043909876
0.5881250000000000 0.5522016504951692
0.5884375000000001 0.5522292956896487
0.5887500000000000 0.5522569415988252
0.5890625000000000 0.5522845866770669
0.5893750000000000 0.5523122323934253
0.5896875000000000 0.5523398773528861
0.5900000000000000 0.5523675228785841
0.5903125000000000 0.5523951677167597
0.5906250000000001 0.5524228130539106
0.5909375000000000 0.5524504577683436
0.5912500000000001 0.5524781029190080
0.5915625000000000 0.5525057475073004
0.5918750000000000 0.5525333924734709
0.5921875000000000 0.5525610369332993
0.5925000000000000 0.5525886817168937
0.5928125000000000 0.5526163260460102
0.5931250000000000 0.5526439706488649
0.5934375000000001 0.5526716148451079
0.5937500000000000 0.5526992592689706
0.5940625000000000 0.5527269033302676
0.5943750000000000 0.5527545475767948
0.5946875000000000 0.5527821915011690
0.5950000000000000 0.5528098355719190
0.5953125000000000 0.5528374793574917
0.5956250000000000 0.5528651232539239
0.5959375000000000 0.5528927668989143
0.5962500000000001 0.5529204106223911
0.5965625000000000 0.5529480541251172
0.5968750000000000 0.5529756976769019
0.5971875000000000 0.5530033410357778
0.5975000000000000 0.5530309844170366
0.5978125000000000 0.5530586276305753
0.5981250000000000 0.5530862708423786
0.5984375000000001 0.5531139139091863
0.5987500000000000 0.5531415569525091
0.5990625000000001 0.5531691998712861
0.5993750000000000 0.5531968427470147
0.5996875000000000 0.5532244855165499
0.6000000000000000 0.5532521282254798
0.6003125000000000 0.5532797708446467
0.6006250000000000 0.5533074133874916
0.6009375000000000 0.5533350558552484
0.6012500000000001 0.5533626982326425
0.6015625000000000 0.5533903405480202
0.6018750000000000 0.5534179827605221
0.6021875000000000 0.5534456249226291
0.6025000000000000 0.5534732669707257
0.6028125000000000 0.5535009089787351
0.6031250000000000 0.5535285508628494
0.6034375000000000 0.5535561927160000
0.6037500000000000 0.5535838344364913
0.6040625000000001 0.5536114761340807
0.6043750000000000 0.5536391176912513
0.6046875000000000 0.5536667592326331
0.6050000000000000 0.5536944006267324
0.6053125000000000 0.5537220420113094
0.6056250000000000 0.5537496832425380
0.6059375000000000 0.5537773244697601
0.6062500000000001 0.5538049655382765
0.6065625000000000 0.5538326066076347
0.6068750000000001 0.5538602475135546
0.6071875000000000 0.5538878884245790
0.6075000000000000 0.5539155291679824
0.6078125000000000 0.5539431699202381
0.6081250000000000 0.5539708105011709
0.6084375000000000 0.5539984510942558
0.6087500000000000 0.5540260915127337
0.6090625000000001 0.5540537319462696
0.6093750000000000 0.5540813722022849
0.6096875000000000 0.5541090124759230
0.6100000000000000 0.5541366525694416
0.6103125000000000 0.5541642926828495
0.6106250000000000 0.5541919326138195
0.6109375000000000 0.5542195725666893
0.6112500000000000 0.5542472123350367
0.6115625000000000 0.5542748521270755
0.6118750000000001 0.5543024917327122
0.6121875000000000 0.5543301313636416
0.6125000000000000 0.5543577708064662
0.6128125000000000 0.5543854102760225
0.6131250000000000 0.5544130495559194
0.6134375000000000 0.5544406888638452
0.6137500000000000 0.5544683279806946
0.6140625000000001 0.5544959671267442
0.6143750000000000 0.5545236060804127
0.6146875000000001 0.5545512450643468
0.6150000000000000 0.5545788838546986
0.6153125000000000 0.5546065226762819
0.6156250000000000 0.5546341613031731
0.6159375000000000 0.5546617999621780
0.6162500000000000 0.5546894384254638
0.6165625000000000 0.5547170769216609
0.6168750000000001 0.5547447152211934
0.6171875000000000 0.5547723535543571
0.6175000000000000 0.5547999916899869
0.6178125000000000 0.5548276298598918
0.6181250000000000 0.5548552678314718
0.6184375000000000 0.5548829058378887
0.6187500000000000 0.5549105436452730
0.6190625000000000 0.5549381814879715
0.6193750000000000 0.5549658191310188
0.6196875000000001 0.5549934568097633
0.6200000000000000 0.5550210942883351
0.6203125000000000 0.5550487318028865
0.6206250000000000 0.5550763691168501
0.6209375000000000 0.5551040064669610
0.6212500000000000 0.5551316436161935
0.6215625000000000 0.5551592808016083
0.6218750000000001 0.5551869177859922
0.6221875000000000 0.5552145548064472
0.6225000000000001 0.5552421916258767
0.6228125000000000 0.5552698284810976
0.6231250000000000 0.5552974651354763
0.6234375000000000 0.5553251018251764
0.6237500000000000 0.5553527383144230
0.6240625000000000 0.5553803748383001
0.6243750000000000 0.5554080111623448
0.6246875000000001 0.5554356475200872
0.6250000000000000 0.5554632836788771
0.6253125000000000 0.5554909198701508
0.6256250000000000 0.5555185558636486
0.6259375000000000 0.5555461918881066
0.6262500000000000 0.5555738277162952
0.6265625000000000 0.5556014635735667
0.6268750000000000 0.5556290992364488
0.6271875000000000 0.5556567349261448
0.6275000000000001 0.5556843704237443
0.6278125000000000 0.5557120059454516
0.6281250000000000 0.5557396412778168
0.6284375000000000 0.5557672766310983
0.6287500000000000 0.5557949117983005
0.6290625000000000 0.5558225469826927
0.6293750000000000 0.5558501819848339
0.6296875000000001 0.5558778169998458
0.6300000000000000 0.5559054518370531
0.6303125000000001 0.5559330866821630
0.6306250000000000 0.5559607213545957
0.6309375000000000 0.5559883560292515
0.6312500000000000 0.5560159905370999
0.6315625000000000 0.5560436250407169
0.6318750000000000 0.5560712593842062
0.6321875000000000 0.5560988937161637
0.6325000000000001 0.5561265278955526
0.6328125000000000 0.5561541620551971
0.6331250000000000 0.5561817960707781
0.6334375000000000 0.5562094300574211
0.6337500000000000 0.5562370639095242
0.6340625000000000 0.5562646977224359
0.6343750000000000 0.5562923314114302
0.6346875000000000 0.5563199650498457
0.6350000000000000 0.5563475985761380
0.6353125000000001 0.5563752320392525
0.6356250000000000 0.5564028654032869
0.6359375000000000 0.5564304986902576
0.6362500000000000 0.5564581318925172
0.6365625000000000 0.5564857650024632
0.6368750000000000 0.5565133980434691
0.6371875000000000 0.5565410309754730
0.6375000000000001 0.5565686638557831
0.6378125000000000 0.5565962966088848
0.6381250000000001 0.5566239293290952
0.6384375000000000 0.5566515619023054
0.6387500000000000 0.5566791944630453
0.6390625000000000 0.5567068268553376
0.6393750000000000 0.5567344592572695
0.6396875000000000 0.5567620914675846
0.6400000000000000 0.5567897237114020
0.6403125000000001 0.5568173557386555
0.6406250000000000 0.5568449878250765
0.6409375000000000 0.5568726196681539
0.6412500000000000 0.5569002515979234
0.6415625000000000 0.5569278832556936
0.6418750000000000 0.5569555150295730
0.6421875000000000 0.5569831465008811
0.6425000000000000 0.5570107781196518
0.6428125000000000 0.5570384094033333
0.6431250000000001 0.5570660408677826
0.6434375000000000 0.5570936719626678
0.6437500000000000 0.5571213032735857
0.6440625000000000 0.5571489341785006
0.6443750000000000 0.5571765653366801
0.6446875000000000 0.5572041960504558
0.6450000000000000 0.5572318270566787
0.6453125000000001 0.5572594575781610
0.6456250000000000 0.5572870884331892
0.6459375000000001 0.5573147187612447
0.6462500000000000 0.5573423494658185
0.6465625000000000 0.5573699795993412
0.6468750000000000 0.5573976101541690
0.6471875000000000 0.5574252400920876
0.6475000000000000 0.5574528704978352
0.6478125000000000 0.5574805002391250
0.6481250000000001 0.5575081304964128
0.6484375000000000 0.5575357600401010
0.6487500000000000 0.5575633901494852
0.6490625000000000 0.5575910194946665
0.6493750000000000 0.5576186494566380
0.6496875000000000 0.5576462786024762
0.6500000000000000 0.5576739084174495
0.6503125000000000 0.5577015373631883
0.6506250000000000 0.5577291670314923
0.6509375000000001 0.5577567957764686
0.6512500000000000 0.5577844252983334
0.6515625000000000 0.5578120538419863
0.6518750000000000 0.5578396832175381
0.6521875000000000 0.5578673115594124
0.6525000000000000 0.5578949407886661
0.6528125000000000 0.5579225689284242
0.6531250000000001 0.5579501980112739
0.6534375000000000 0.5579778259487009
0.6537500000000001 0.5580054548849112
0.6540625000000000 0.5580330826199279
0.6543750000000000 0.5580607114091262
0.6546875000000000 0.5580883389417923
0.6550000000000000 0.5581159675834639
0.6553125000000000 0.5581435949139819
0.6556250000000000 0.5581712234074664
0.6559375000000001 0.5581988505361883
0.6562500000000000 0.5582264788806749
0.6565625000000000 0.5582541058081061
0.6568750000000000 0.5582817340026249
0.6571875000000000 0.5583093607294305
0.6575000000000000 0.5583369887728536
0.6578125000000000 0.5583646152998554
0.6581250000000000 0.5583922431908986
0.6584375000000000 0.5584198695190775
0.6587500000000001 0.5584474972562947
0.6590625000000000 0.5584751233867898
0.6593750000000000 0.5585027509685774
0.6596875000000000 0.5585303769026883
0.6600000000000000 0.5585580043272858
0.6603125000000000 0.5585856300664631
0.6606250000000000 0.5586132573319594
0.6609375000000001 0.5586408828778029
0.6612500000000000 0.5586685099821405
0.6615625000000001 0.5586961353363961
0.6618750000000000 0.5587237622773730
0.6621875000000000 0.5587513874419233
0.6625000000000000 0.5587790142172069
0.6628125000000000 0.5588066391940623
0.6631250000000000 0.5588342658011967
0.6634375000000000 0.5588618905924860
0.6637500000000001 0.5588895170289000
0.6640625000000000 0.5589171416368627
0.6643750000000000 0.5589447678998793
0.6646875000000000 0.5589723923268526
0.6650000000000000 0.5590000184137073
0.6653125000000000 0.5590276426621099
0.6656250000000000 0.5590552685699589
0.6659375000000000 0.5590828926422838
0.6662500000000000 0.5591105183682176
0.6665625000000001 0.5591381422670141
0.6668750000000000 0.5591657678080730
0.6671875000000000 0.5591933915359356
0.6675000000000000 0.5592210168891216
0.6678125000000000 0.5592486404486708
0.6681250000000000 0.5592762656109699
0.6684375000000000 0.5593038890048401
0.6687500000000001 0.5593315139732306
0.6690625000000000 0.5593591372040509
0.6693750000000001 0.5593867619755210
0.6696875000000000 0.5594143850459072
0.6700000000000000 0.5594420096174704
0.6703125000000000 0.5594696325300020
0.6706250000000000 0.5594972568987127
0.6709375000000000 0.5595248796559235
0.6712500000000000 0.5595525038188898
0.6715625000000001 0.5595801264232497
0.6718750000000000 0.5596077503776503
0.6721875000000000 0.5596353728315531
0.6725000000000000 0.5596629965746486
0.6728125000000000 0.5596906188804004
0.6731250000000000 0.5597182424095462
0.6734375000000000 0.5597458645693533
0.6737500000000000 0.5597734878820072
0.6740625000000000 0.5598011098979644
0.6743750000000001 0.5598287329917062
0.6746875000000000 0.5598563548657824
0.6750000000000000 0.5598839777383171
0.6753125000000000 0.5599115994723524
0.6756250000000000 0.5599392221215210
0.6759375000000000 0.5599668437172158
0.6762500000000000 0.5599944661409997
0.6765625000000001 0.5600220875999111
0.6768750000000000 0.5600497097964393
0.6771875000000001 0.5600773311199714
0.6775000000000000 0.5601049530875281
0.6778125000000000 0.5601325742769283
0.6781250000000000 0.5601601960139549
0.6784375000000000 0.5601878170703177
0.6787500000000000 0.5602154385754086
0.6790625000000000 0.5602430594996688
0.6793750000000001 0.5602706807715782
0.6796875000000000 0.5602983015645125
0.6800000000000000 0.5603259226021522
0.6803125000000000 0.5603535432643819
0.6806250000000000 0.5603811640668197
0.6809375000000000 0.5604087845988075
0.6812500000000000 0.5604364051652660
0.6815625000000000 0.5604640255673279
0.6818750000000000 0.5604916458971732
0.6821875000000001 0.5605192661694768
0.6825000000000000 0.5605468862622237
0.6828125000000000 0.5605745064047947
0.6831250000000000 0.5606021262600930
0.6834375000000000 0.5606297462728257
0.6837500000000000 0.5606573658904562
0.6840625000000000 0.5606849857731158
0.6843750000000001 0.5607126051529823
0.6846875000000000 0.5607402249052135
0.6850000000000001 0.5607678440473375
0.6853125000000000 0.5607954636686743
0.6856250000000000 0.5608230825731826
0.6859375000000000 0.5608507020630560
0.6862500000000000 0.5608783207301735
0.6865625000000000 0.5609059400879227
0.6868750000000000 0.5609335585179627
0.6871875000000001 0.5609611777428400
0.6875000000000000 0.5609887959361968
0.6878125000000000 0.5610164150273793
0.6881250000000000 0.5610440329845170
0.6884375000000000 0.5610716519411189
0.6887500000000000 0.5610992696625615
0.6890625000000000 0.5611268884836367
0.6893750000000000 0.5611545059699635
0.6896875000000000 0.5611821246545190
0.6900000000000001 0.5612097419063494
0.6903125000000000 0.5612373604533550
0.6906250000000000 0.5612649774713444
0.6909375000000000 0.5612925958797357
0.6912500000000000 0.5613202126645669
0.6915625000000000 0.5613478309332595
0.6918750000000000 0.5613754474856341
0.6921875000000001 0.5614030656135260
0.6925000000000000 0.5614306819341555
0.6928125000000001 0.5614582999201391
0.6931250000000000 0.5614859160097401
0.6934375000000000 0.5615135338527050
0.6937500000000000 0.5615411497119929
0.6940625000000000 0.5615687674108333
0.6943750000000000 0.5615963830405178
0.6946875000000000 0.5616240005941353
0.6950000000000001 0.5616516159949116
0.6953125000000000 0.5616792334022246
0.6956250000000000 0.5617068485747719
0.6959375000000000 0.5617344658347192
0.6962500000000000 0.5617620807796936
0.6965625000000000 0.5617896978912339
0.6968750000000000 0.5618173126092698
0.6971875000000000 0.5618449295713898
0.6975000000000000 0.5618725440630928
0.6978125000000001 0.5619001608748052
0.6981250000000000 0.5619277751407530
0.6984375000000000 0.5619553918011005
0.6987500000000000 0.5619830058418379
0.6990625000000000 0.5620106223498976
0.6993750000000000 0.5620382361659390
0.6996875000000000 0.5620658525208171
0.7000000000000001 0.5620934661126432
0.7003125000000000 0.5621210823134802
0.7006250000000001 0.5621486956815392
0.7009375000000000 0.5621763117275071
0.7012500000000000 0.5622039248722143
0.7015625000000000 0.5622315407625199
0.7018750000000000 0.5622591536842571
0.7021875000000000 0.5622867694181389
0.7025000000000000 0.5623143821172549
0.7028125000000001 0.5623419976939831
0.7031250000000000 0.5623696101707978
0.7034375000000000 0.5623972255896712
0.7037500000000000 0.5624248378444736
0.7040625000000000 0.5624524531048207
0.7043750000000000 0.5624800651378732
0.7046875000000000 0.5625076802390490
0.7050000000000000 0.5625352920505866
0.7053125000000000 0.5625629069919720
0.7056250000000001 0.5625905185822051
0.7059375000000000 0.5626181333632044
0.7062500000000000 0.5626457447323210
0.7065625000000000 0.5626733593523591
0.7068750000000000 0.5627009705005256
0.7071875000000000 0.5627285849590486
0.7075000000000000 0.5627561958864156
0.7078125000000001 0.5627838101828841
0.7081250000000000 0.5628114208895828
0.7084375000000001 0.5628390350234755
0.7087500000000000 0.5628666455096234
0.7090625000000000 0.5628942594804321
0.7093750000000000 0.5629218697461330
0.7096875000000000 0.5629494835533632
0.7100000000000000 0.5629770935987082
0.7103125000000000 0.5630047072418732
0.7106250000000001 0.5630323170669487
0.7109375000000000 0.5630599305455666
0.7112500000000000 0.5630875401504514
0.7115625000000000 0.5631151534640503
0.7118750000000000 0.5631427628488151
0.7121875000000000 0.5631703759969260
0.7125000000000000 0.5631979851616417
0.7128125000000000 0.5632255981437950
0.7131250000000000 0.5632532070885310
0.7134375000000001 0.5632808199042604
0.7137500000000000 0.5633084286290829
0.7140625000000000 0.5633360412779205
0.7143750000000000 0.5633636497829023
0.7146875000000000 0.5633912622643759
0.7150000000000000 0.5634188705495892
0.7153125000000000 0.5634464828632226
0.7156250000000001 0.5634740909287482
0.7159375000000000 0.5635017030740606
0.7162500000000001 0.5635293109199823
0.7165625000000000 0.5635569228964851
0.7168750000000000 0.5635845305228949
0.7171875000000000 0.5636121423300908
0.7175000000000000 0.5636397497370919
0.7178125000000000 0.5636673613744756
0.7181250000000000 0.5636949685621776
0.7184375000000001 0.5637225800292305
0.7187500000000000 0.5637501869977568
0.7190625000000000 0.5637777982939512
0.7193750000000000 0.5638054050434355
0.7196875000000000 0.5638330161682300
0.7200000000000000 0.5638606226988192
0.7203125000000000 0.5638882336516586
0.7206250000000000 0.5639158399635139
0.7209375000000000 0.5639434507438308
0.7212500000000001 0.5639710568371252
0.7215625000000000 0.5639986674443345
0.7218750000000000 0.5640262733192606
0.7221875000000000 0.5640538837527623
0.7225000000000000 0.5640814894095286
0.7228125000000000 0.5641090996687037
0.7231250000000000 0.5641367051075312
0.7234375000000001 0.5641643151917491
0.7237500000000000 0.5641919204128795
0.7240625000000001 0.5642195303214873
0.7243750000000000 0.5642471353251793
0.7246875000000000 0.5642747450575057
0.7250000000000000 0.5643023498440374
0.7253125000000000 0.5643299593993920
0.7256250000000000 0.5643575639690630
0.7259375000000000 0.5643851733467338
0.7262500000000001 0.5644127776998628
0.7265625000000000 0.5644403868991181
0.7268750000000000 0.5644679910360467
0.7271875000000000 0.5644956000561303
0.7275000000000000 0.5645232039772198
0.7278125000000000 0.5645508128173576
0.7281250000000000 0.5645784165229941
0.7284375000000000 0.5646060251823826
0.7287500000000000 0.5646336286729756
0.7290625000000001 0.5646612371507903
0.7293750000000000 0.5646888404267740
0.7296875000000000 0.5647164487221668
0.7300000000000000 0.5647440517839971
0.7303125000000000 0.5647716598960948
0.7306250000000000 0.5647992627442560
0.7309375000000000 0.5648268706721569
0.7312500000000001 0.5648544733071569
0.7315625000000000 0.5648820810499346
0.7318750000000001 0.5649096834723112
0.7321875000000000 0.5649372910290117
0.7325000000000000 0.5649648932393294
0.7328125000000000 0.5649925006089680
0.7331250000000000 0.5650201026078188
0.7334375000000000 0.5650477097893858
0.7337500000000000 0.5650753115773899
0.7340625000000001 0.5651029185698463
0.7343750000000000 0.5651305201476513
0.7346875000000000 0.5651581269499292
0.7350000000000000 0.5651857283182118
0.7353125000000000 0.5652133349292148
0.7356250000000000 0.5652409360886833
0.7359375000000000 0.5652685425072841
0.7362500000000000 0.5652961434586714
0.7365625000000000 0.5653237496837165
0.7368750000000001 0.5653513504277874
0.7371875000000000 0.5653789564580907
0.7375000000000000 0.5654065569956390
0.7378125000000000 0.5654341628299867
0.7381250000000000 0.5654617631618356
0.7384375000000000 0.5654893687989860
0.7387500000000000 0.5655169689259808
0.7390625000000001 0.5655445743646696
0.7393750000000000 0.5655721742876830
0.7396875000000001 0.5655997795266154
0.7400000000000000 0.5656273792465497
0.7403125000000000 0.5656549842844053
0.7406250000000000 0.5656825838021857
0.7409375000000000 0.5657101886376208
0.7412500000000000 0.5657377879541953
0.7415625000000000 0.5657653925858440
0.7418750000000001 0.5657929917021802
0.7421875000000000 0.5658205961286594
0.7425000000000000 0.5658481950457430
0.7428125000000000 0.5658757992656491
0.7431250000000000 0.5659033979844837
0.7434375000000000 0.5659310019963992
0.7437500000000000 0.5659586005180005
0.7440625000000000 0.5659862043204974
0.7443750000000000 0.5660138026458899
0.7446875000000001 0.5660414062375309
0.7450000000000000 0.5660690043677482
0.7453125000000000 0.5660966077470904
0.7456250000000000 0.5661242056831661
0.7459375000000000 0.5661518088487657
0.7462500000000000 0.5661794065917347
0.7465625000000000 0.5662070095421543
0.7468750000000001 0.5662346070930406
0.7471875000000000 0.5662622098268499
0.7475000000000001 0.5662898071866691
0.7478125000000000 0.5663174097024536
0.7481250000000000 0.5663450068721997
0.7484375000000000 0.5663726091685670
0.7487500000000000 0.5664002061492129
0.7490625000000000 0.5664278082247921
0.7493750000000000 0.5664554050172853
0.7496875000000001 0.5664830068707369
0.7500000000000000 0.5665106034759871
0.7503125000000000 0.5665382051060124
0.7506250000000000 0.5665658015248871
0.7509375000000000 0.5665934029302333
0.7512500000000000 0.5666209991635504
0.7515625000000000 0.5666486003430132
0.7518750000000001 0.5666761963915365
0.7521875000000000 0.5667037973439767
0.7525000000000001 0.5667313932084058
0.7528125000000000 0.5667589939327435
0.7531250000000000 0.5667865896137084
0.7534375000000000 0.5668141901089438
0.7537500000000000 0.5668417856069945
0.7540625000000000 0.5668693858722080
0.7543750000000000 0.5668969811878113
0.7546875000000001 0.5669245812221686
0.7550000000000000 0.5669521763556988
0.7553125000000001 0.5669797761584647
0.7556250000000000 0.5670073711101954
0.7559375000000000 0.5670349706807374
0.7562500000000000 0.5670625654508368
0.7565625000000000 0.5670901647886298
0.7568750000000000 0.5671177593771511
0.7571875000000000 0.5671453584817923
0.7575000000000001 0.5671729528886663
0.7578125000000000 0.5672005517598726
0.7581250000000000 0.5672281459849069
0.7584375000000000 0.5672557446225253
0.7587500000000000 0.5672833386653927
0.7590625000000000 0.5673109370694069
0.7593750000000000 0.5673385309296405
0.7596875000000001 0.5673661291001776
0.7600000000000000 0.5673937227771654
0.7603125000000001 0.5674213207144956
0.7606250000000000 0.5674489142074818
0.7609375000000000 0.5674765119120245
0.7612500000000000 0.5675041052200976
0.7615625000000000 0.5675317026924271
0.7618750000000000 0.5675592958145248
0.7621875000000000 0.5675868930553708
0.7625000000000001 0.5676144859902682
0.7628125000000000 0.5676420830005201
0.7631250000000001 0.5676696757468358
0.7634375000000000 0.5676972725275410
0.7637500000000000 0.5677248650837330
0.7640625000000000 0.5677524616361010
0.7643750000000000 0.5677800540004661
0.7646875000000000 0.5678076503258642
0.7650000000000000 0.5678352424965408
0.7653125000000001 0.5678628385964960
0.7656250000000000 0.5678904305714648
0.7659375000000000 0.5679180264476611
0.7662500000000000 0.5679456182247457
0.7665625000000000 0.5679732138790212
0.7668750000000000 0.5680008054558914
0.7671875000000000 0.5680284008902350
0.7675000000000001 0.5680559922644151
0.7678125000000000 0.5680835874809612
0.7681250000000001 0.5681111786498299
0.7684375000000000 0.5681387736508536
0.7687500000000000 0.5681663646116508
0.7690625000000000 0.5681939593995640
0.7693750000000000 0.5682215501493988
0.7696875000000000 0.5682491447267406
0.7700000000000000 0.5682767352625945
0.7703125000000001 0.5683043296320257
0.7706250000000000 0.5683319199507655
0.7709375000000001 0.5683595141150614
0.7712500000000000 0.5683871042134415
0.7715625000000000 0.5684146981754803
0.7718750000000000 0.5684422880501576
0.7721875000000000 0.5684698818129157
0.7725000000000000 0.5684974714604495
0.7728125000000000 0.5685250650269921
0.7731250000000001 0.5685526544438616
0.7734375000000000 0.5685802478173319
0.7737500000000000 0.5686078369999411
0.7740625000000000 0.5686354301835513
0.7743750000000000 0.5686630191282395
0.7746875000000000 0.5686906121252612
0.7750000000000000 0.5687182008283131
0.7753125000000001 0.5687457936420693
0.7756250000000000 0.5687733820997223
0.7759375000000001 0.5688009747335746
0.7762500000000000 0.5688285629420332
0.7765625000000000 0.5688561553993775
0.7768750000000000 0.5688837433548150
0.7771875000000000 0.5689113356390662
0.7775000000000000 0.5689389233376414
0.7778125000000000 0.5689665154522314
0.7781250000000001 0.5689941028900898
0.7784375000000000 0.5690216948384569
0.7787500000000001 0.5690492820117415
0.7790625000000000 0.5690768737973199
0.7793750000000000 0.5691044607021816
0.7796875000000000 0.5691320523283960
0.7800000000000000 0.5691596389609991
0.7803125000000000 0.5691872304312589
0.7806250000000000 0.5692148167877843
0.7809375000000001 0.5692424081054782
0.7812500000000000 0.5692699941821304
0.7815625000000000 0.5692975853506179
0.7818750000000000 0.5693251711436329
0.7821875000000000 0.5693527621662466
0.7825000000000000 0.5693803476718887
0.7828125000000000 0.5694079385519222
0.7831250000000001 0.5694355237664968
0.7834375000000000 0.5694631145072083
0.7837500000000001 0.5694906994270557
0.7840625000000000 0.5695182900316634
0.7843750000000000 0.5695458746531666
0.7846875000000000 0.5695734651248469
0.7850000000000000 0.5696010494444282
0.7853125000000000 0.5696286397863164
0.7856250000000000 0.5696562238004439
0.7859375000000001 0.5696838140156292
0.7862500000000000 0.5697113977208103
0.7865625000000001 0.5697389878123469
0.7868750000000000 0.5697665712051256
0.7871875000000000 0.5697941611760271
0.7875000000000000 0.5698217442529872
0.7878125000000000 0.5698493341062317
0.7881250000000000 0.5698769168639931
0.7884375000000000 0.5699045066025210
0.7887500000000001 0.5699320890377337
0.7890625000000000 0.5699596786644604
0.7893750000000000 0.5699872607738016
0.7896875000000000 0.5700148502916138
0.7900000000000000 0.5700424320717858
0.7903125000000000 0.5700700214835495
0.7906250000000000 0.5700976029312734
0.7909375000000001 0.5701251922398375
0.7912500000000000 0.5701527733518476
0.7915625000000001 0.5701803625600491
0.7918750000000000 0.5702079433330898
0.7921875000000000 0.5702355324437579
0.7925000000000000 0.5702631128745781
0.7928125000000000 0.5702907018905434
0.7931250000000000 0.5703182819758867
0.7934375000000000 0.5703458708999838
0.7937500000000001 0.5703734506365887
0.7940625000000000 0.5704010394716617
0.7943750000000001 0.5704286188562528
0.7946875000000000 0.5704562076051629
0.7950000000000000 0.5704837866344425
0.7953125000000000 0.5705113753000741
0.7956250000000000 0.5705389539707236
0.7959375000000000 0.5705665425559862
0.7962500000000000 0.5705941208646549
0.7965625000000001 0.5706217093724919
0.7968750000000000 0.5706492873157922
0.7971875000000000 0.5706768757491864
0.7975000000000000 0.5707044533236906
0.7978125000000000 0.5707320416856672
0.7981250000000000 0.5707596188879041
0.7984375000000000 0.5707872071815316
0.7987500000000001 0.5708147840079795
0.7990625000000000 0.5708423722363829
0.7993750000000001 0.5708699486834661
0.7996875000000000 0.5708975368498220
0.8000000000000000 0.5709251129139076
0.8003125000000000 0.5709527010214545
0.8006250000000000 0.5709802766988491
0.8009375000000000 0.5710078647508852
0.8012500000000000 0.5710354400378318
0.8015625000000001 0.5710630280377195
0.8018750000000000 0.5710906029303977
0.8021875000000001 0.5711181908815658
0.8025000000000000 0.5711457653760844
0.8028125000000000 0.5711733532820317
0.8031250000000000 0.5712009273744331
0.8034375000000000 0.5712285152387244
0.8037500000000000 0.5712560889249810
0.8040625000000000 0.5712836767512509
0.8043750000000001 0.5713112500272689
0.8046875000000000 0.5713388378192205
0.8050000000000000 0.5713664106808299
0.8053125000000000 0.5713939984422401
0.8056250000000000 0.5714215708852060
0.8059375000000000 0.5714491586199152
0.8062500000000000 0.5714767306399335
0.8065625000000001 0.5715043183518546
0.8068750000000000 0.5715318899445522
0.8071875000000001 0.5715594776376606
0.8075000000000000 0.5715870487986018
0.8078125000000000 0.5716146364769357
0.8081250000000000 0.5716422072016212
0.8084375000000000 0.5716697948692839
0.8087500000000000 0.5716973651531542
0.8090625000000000 0.5717249528143069
0.8093750000000001 0.5717525226527419
0.8096875000000000 0.5717801103116017
0.8100000000000001 0.5718076796999294
0.8103125000000000 0.5718352673607662
0.8106250000000000 0.5718628362942618
0.8109375000000000 0.5718904239613928
0.8112500000000000 0.5719179924352883
0.8115625000000000 0.5719455801130765
0.8118750000000000 0.5719731481225570
0.8121875000000001 0.5720007358154066
0.8125000000000000 0.5720283033556181
0.8128125000000000 0.5720558910679709
0.8131250000000000 0.5720834581340274
0.8134375000000000 0.5721110458703544
0.8137500000000000 0.5721386124573394
0.8140625000000000 0.5721662002221409
0.8143750000000001 0.5721937663251113
0.8146875000000000 0.5722213541229098
0.8150000000000001 0.5722489197369020
0.8153125000000000 0.5722765075722405
0.8156250000000000 0.5723040726922735
0.8159375000000000 0.5723316605697045
0.8162500000000000 0.5723592251907931
0.8165625000000000 0.5723868131148755
0.8168750000000000 0.5724143772320255
0.8171875000000001 0.5724419652073210
0.8175000000000000 0.5724695288155424
0.8178125000000001 0.5724971168466076
0.8181250000000000 0.5725246799409148
0.8184375000000000 0.5725522680322974
0.8187500000000000 0.5725798306077164
0.8190625000000000 0.5726074187639513
0.8193750000000000 0.5726349808155254
0.8196875000000000 0.5726625690411262
0.8200000000000001 0.5726901305639215
0.8203125000000000 0.5727177188633750
0.8206250000000000 0.5727452798524878
0.8209375000000000 0.5727728682302482
0.8212500000000000 0.5728004286808086
0.8215625000000000 0.5728280171412945
0.8218750000000000 0.5728555770484715
0.8221875000000001 0.5728831655960570
0.8225000000000000 0.5729107249550685
0.8228125000000001 0.5729383135940784
0.8231250000000000 0.5729658724001905
0.8234375000000000 0.5729934611348970
0.8237500000000000 0.5730210193834354
0.8240625000000000 0.5730486082180466
0.8243750000000000 0.5730761659044002
0.8246875000000000 0.5731037548430614
0.8250000000000001 0.5731313119626852
0.8253125000000000 0.5731589010094694
0.8256250000000001 0.5731864575578958
0.8259375000000000 0.5732140467167959
0.8262500000000000 0.5732416026896372
0.8265625000000000 0.5732691919645653
0.8268750000000000 0.5732967473575189
0.8271875000000000 0.5733243367522963
0.8275000000000000 0.5733518915611527
0.8278125000000001 0.5733794810795059
0.8281250000000000 0.5734070353001532
0.8284375000000000 0.5734346249457082
0.8287500000000000 0.5734621785741345
0.8290625000000000 0.5734897683504134
0.8293750000000000 0.5735173213827174
0.8296875000000000 0.5735449112931329
0.8300000000000001 0.5735724637255241
0.8303125000000000 0.5736000537733661
0.8306250000000001 0.5736276056021782
0.8309375000000000 0.5736551957906176
0.8312500000000000 0.5736827470123074
0.8315625000000000 0.5737103373443859
0.8318750000000000 0.5737378879555409
0.8321875000000000 0.5737654784341664
0.8325000000000000 0.5737930284315107
0.8328125000000001 0.5738206190594526
0.8331250000000000 0.5738481684398513
0.8334375000000001 0.5738757592197342
0.8337500000000000 0.5739033079801991
0.8340625000000000 0.5739308989144990
0.8343750000000000 0.5739584470521925
0.8346875000000000 0.5739860381432303
0.8350000000000000 0.5740135856554740
0.8353125000000000 0.5740411769054103
0.8356250000000001 0.5740687237896877
0.8359375000000000 0.5740963152005182
0.8362500000000000 0.5741238614544787
0.8365625000000000 0.5741514530280297
0.8368750000000000 0.5741789986494965
0.8371875000000000 0.5742065903874186
0.8375000000000000 0.5742341353743901
0.8378125000000001 0.5742617272781572
0.8381250000000000 0.5742892716288139
0.8384375000000001 0.5743168636997107
0.8387500000000000 0.5743444074124213
0.8390625000000000 0.5743719996515471
0.8393750000000000 0.5743995427248695
0.8396875000000000 0.5744271351331286
0.8400000000000000 0.5744546775658180
0.8403125000000000 0.5744822701439177
0.8406250000000001 0.5745098119349261
0.8409375000000000 0.5745374046833717
0.8412500000000001 0.5745649458318575
0.8415625000000000 0.5745925387509476
0.8418750000000000 0.5746200792562745
0.8421875000000000 0.5746476723461009
0.8425000000000000 0.5746752122078442
0.8428125000000000 0.5747028054682811
0.8431250000000000 0.5747303446862340
0.8434375000000001 0.5747579381169415
0.8437500000000000 0.5747854766911122
0.8440625000000000 0.5748130702915305
0.8443750000000000 0.5748406082221473
0.8446875000000000 0.5748682019914939
0.8450000000000000 0.5748957392790124
0.8453125000000000 0.5749233332162778
0.8456250000000001 0.5749508698613791
0.8459375000000000 0.5749784639653244
0.8462500000000001 0.5750059999689197
0.8465625000000000 0.5750335942380795
0.8468750000000000 0.5750611296013095
0.8471875000000000 0.5750887240339808
0.8475000000000000 0.5751162587582225
0.8478125000000000 0.5751438533524705
0.8481250000000000 0.5751713874393340
0.8484375000000001 0.5751989821929879
0.8487500000000000 0.5752265156443203
0.8490625000000001 0.5752541105549704
0.8493750000000000 0.5752816433728567
0.8496875000000000 0.5753092384378549
0.8500000000000000 0.5753367706246201
0.8503125000000000 0.5753643658410806
0.8506250000000000 0.5753918973992858
0.8509375000000000 0.5754194927640824
0.8512500000000001 0.5754470236965312
0.8515625000000000 0.5754746192062986
0.8518750000000000 0.5755021495160313
0.8521875000000000 0.5755297451671644
0.8525000000000000 0.5755572748574602
0.8528125000000000 0.5755848706461169
0.8531250000000000 0.5756123997204948
0.8534375000000001 0.5756399956425925
0.8537500000000000 0.5756675241048065
0.8540625000000001 0.5756951201560286
0.8543750000000000 0.5757226480100680
0.8546875000000000 0.5757502441858633
0.8550000000000000 0.5757777714359533
0.8553125000000000 0.5758053677315367
0.8556250000000000 0.5758328943821295
0.8559375000000000 0.5758604907924868
0.8562500000000001 0.5758880168482655
0.8565625000000000 0.5759156133681556
0.8568750000000001 0.5759431388340307
0.8571875000000000 0.5759707354579843
0.8575000000000000 0.5759982603390884
0.8578125000000000 0.5760258570614182
0.8581250000000000 0.5760533813631011
0.8584375000000000 0.5760809781778998
0.8587500000000000 0.5761085019057310
0.8590625000000001 0.5761360988068779
0.8593750000000000 0.5761636219666370
0.8596875000000000 0.5761912189478016
0.8600000000000000 0.5762187415454740
0.8603125000000000 0.5762463386001213
0.8606250000000000 0.5762738606418970
0.8609375000000000 0.5763014577632891
0.8612500000000001 0.5763289792555555
0.8615625000000000 0.5763565764367620
0.8618750000000001 0.5763840973860997
0.8621875000000000 0.5764116946199960
0.8625000000000000 0.5764392150331727
0.8628125000000000 0.5764668123124520
0.8631250000000000 0.5764943321964182
0.8634375000000000 0.5765219295135923
0.8637500000000000 0.5765494488754760
0.8640625000000001 0.5765770462228832
0.8643750000000000 0.5766045650699816
0.8646875000000001 0.5766321624397910
0.8650000000000000 0.5766596807795675
0.8653125000000000 0.5766872781637862
0.8656250000000000 0.5767147960038644
0.8659375000000000 0.5767423933943450
0.8662500000000000 0.5767699107424966
0.8665625000000000 0.5767975081309423
0.8668750000000001 0.5768250249950887
0.8671875000000000 0.5768526223730576
0.8675000000000000 0.5768801387612591
0.8678125000000000 0.5769077361201735
0.8681250000000000 0.5769352520406250
0.8684375000000000 0.5769628493717741
0.8687500000000000 0.5769903648327985
0.8690625000000001 0.5770179621273497
0.8693750000000000 0.5770454771373890
0.8696875000000001 0.5770730743863896
0.8700000000000000 0.5771005889540026
0.8703125000000000 0.5771281861483870
0.8706250000000000 0.5771557002822421
0.8709375000000000 0.5771832974128404
0.8712500000000000 0.5772108111217064
0.8715625000000000 0.5772384081792484
0.8718750000000001 0.5772659214719932
0.8721875000000000 0.5772935184471122
0.8725000000000001 0.5773210313326937
0.8728125000000000 0.5773486282159378
0.8731250000000000 0.5773761407033988
0.8734375000000000 0.5774037374852317
0.8737500000000000 0.5774312495836945
0.8740625000000000 0.5774588462545056
0.8743750000000000 0.5774863579731655
0.8746875000000001 0.5775139545232694
0.8750000000000000 0.5775414658713929
0.8753125000000000 0.5775690622910409
0.8756250000000000 0.5775965732779519
0.8759375000000000 0.5776241695573364
0.8762500000000000 0.5776516801924202
0.8765625000000000 0.5776792763216743
0.8768750000000001 0.5777067866143691
0.8771875000000000 0.5777343825835785
0.8775000000000001 0.5777618925433685
0.8778125000000000 0.5777894883425723
0.8781250000000000 0.5778169979789851
0.8784375000000000 0.5778445935981821
0.8787500000000000 0.5778721029207817
0.8790625000000000 0.5778996983499357
0.8793750000000000 0.5779272073683220
0.8796875000000001 0.5779548025973658
0.8800000000000000 0.5779823113211640
0.8803125000000001 0.5780099063400015
0.8806250000000000 0.5780374147788636
0.8809375000000000 0.5780650095773809
0.8812500000000000 0.5780925177409761
0.8815625000000000 0.5781201123090386
0.8818750000000000 0.5781476202070528
0.8821875000000000 0.5781752145345116
0.8825000000000001 0.5782027221766449
0.8828125000000000 0.5782303162533419
0.8831250000000000 0.5782578236492963
0.8834375000000000 0.5782854174650728
0.8837500000000000 0.5783129246245513
0.8840625000000000 0.5783405181692469
0.8843750000000000 0.5783680251019536
0.8846875000000001 0.5783956183654115
0.8850000000000000 0.5784231250810431
0.8853125000000001 0.5784507180531134
0.8856250000000000 0.5784782245613539
0.8859375000000000 0.5785058172319046
0.8862500000000000 0.5785333235424228
0.8865625000000000 0.5785609159013352
0.8868750000000000 0.5785884220237822
0.8871875000000000 0.5786160140609600
0.8875000000000001 0.5786435200049593
0.8878125000000000 0.5786711117103366
0.8881250000000001 0.5786986174854828
0.8884375000000000 0.5787262088490227
0.8887500000000000 0.5787537144648758
0.8890625000000000 0.5787813054765789
0.8893750000000000 0.5788088109426570
0.8896875000000000 0.5788364015925702
0.8900000000000000 0.5788639069183467
0.8903125000000001 0.5788914971965630
0.8906250000000000 0.5789190023914598
0.8909375000000000 0.5789465922881225
0.8912500000000000 0.5789740973615080
0.8915625000000000 0.5790016868668226
0.8918750000000000 0.5790291918279981
0.8921875000000000 0.5790567809322350
0.8925000000000001 0.5790842857904396
0.8928125000000000 0.5791118744839368
0.8931250000000001 0.5791393792483335
0.8934375000000000 0.5791669675215068
0.8937500000000000 0.5791944722011773
0.8940625000000000 0.5792220600445286
0.8943750000000000 0.5792495646484660
0.8946875000000000 0.5792771520525862
0.8950000000000000 0.5793046565896943
0.8953125000000001 0.5793322435452657
0.8956250000000000 0.5793597480243505
0.8959375000000001 0.5793873345221608
0.8962500000000000 0.5794148389519174
0.8965625000000000 0.5794424249828645
0.8968750000000000 0.5794699293718781
0.8971875000000000 0.5794975149269740
0.8975000000000000 0.5795250192837108
0.8978125000000000 0.5795526043540887
0.8981250000000001 0.5795801086868887
0.8984375000000000 0.5796076932638126
0.8987500000000000 0.5796351975808834
0.8990625000000000 0.5796627816557525
0.8993750000000000 0.5796902859651631
0.8996875000000000 0.5797178695295160
0.9000000000000000 0.5797453738391879
0.9003125000000001 0.5797729568847189
0.9006250000000000 0.5798004612024199
0.9009375000000001 0.5798280437209735
0.9012500000000000 0.5798555480543159
0.9015625000000000 0.5798831300379012
0.9018750000000000 0.5799106343943278
0.9021875000000000 0.5799382158351211
0.9025000000000000 0.5799657202219055
0.9028125000000000 0.5799933011122574
0.9031250000000001 0.5800208055364960
0.9034375000000000 0.5800483858689380
0.9037500000000001 0.5800758903375425
0.9040625000000000 0.5801034701047919
0.9043750000000000 0.5801309746244847
0.9046875000000000 0.5801585538194517
0.9050000000000000 0.5801860583967595
0.9053125000000000 0.5802136370125509
0.9056250000000000 0.5802411416538020
0.9059375000000001 0.5802687196837258
0.9062500000000000 0.5802962243950441
0.9065625000000000 0.5803238018326154
0.9068750000000000 0.5803513066199151
0.9071875000000000 0.5803788834588598
0.9075000000000000 0.5804063883278405
0.9078125000000000 0.5804339645621038
0.9081250000000001 0.5804614695182455
0.9084375000000000 0.5804890451419894
0.9087500000000001 0.5805165501905516
0.9090625000000000 0.5805441251981623
0.9093750000000000 0.5805716303441800
0.9096875000000000 0.5805992047302719
0.9100000000000000 0.5806267099785476
0.9103125000000000 0.5806542837379655
0.9106250000000000 0.5806817890930722
0.9109375000000001 0.5807093622208912
0.9112500000000000 0.5807368676871689
0.9115625000000001 0.5807644401786995
0.9118750000000000 0.5807919457602529
0.9121875000000000 0.5808195176110428
0.9125000000000000 0.5808470233117362
0.9128125000000000 0.5808745945175715
0.9131250000000000 0.5809021003410311
0.9134375000000000 0.5809296708979361
0.9137500000000001 0.5809571768475497
0.9140625000000000 0.5809847467517878
0.9143750000000000 0.5810122528307021
0.9146875000000000 0.5810398220787817
0.9150000000000000 0.5810673282898980
0.9153125000000000 0.5810948968785665
0.9156250000000000 0.5811224032245493
0.9159375000000001 0.5811499711507929
0.9162500000000000 0.5811774776340650
0.9165625000000001 0.5812050448951137
0.9168750000000000 0.5812325515178560
0.9171875000000000 0.5812601181111768
0.9175000000000000 0.5812876248753326
0.9178125000000000 0.5813151907986315
0.9181250000000000 0.5813426977059047
0.9184375000000000 0.5813702629571263
0.9187500000000001 0.5813977700089854
0.9190625000000000 0.5814253345863076
0.9193750000000001 0.5814528417839852
0.9196875000000000 0.5814804056858205
0.9200000000000000 0.5815079130303185
0.9203125000000000 0.5815354762553092
0.9206250000000000 0.5815629837473972
0.9209375000000000 0.5815905462944181
0.9212500000000000 0.5816180539346386
0.9215625000000001 0.5816456158027864
0.9218750000000000 0.5816731235914580
0.9221875000000000 0.5817006847800524
0.9225000000000000 0.5817281927172724
0.9228125000000000 0.5817557532258538
0.9231250000000000 0.5817832613115006
0.9234375000000000 0.5818108211398267
0.9237500000000001 0.5818383293735635
0.9240625000000000 0.5818658885216043
0.9243750000000001 0.5818933969028831
0.9246875000000000 0.5819209553708155
0.9250000000000000 0.5819484638988836
0.9253125000000000 0.5819760216870909
0.9256250000000000 0.5820035303609882
0.9259375000000000 0.5820310874700565
0.9262500000000000 0.5820585962886269
0.9265625000000001 0.5820861527193355
0.9268750000000000 0.5821136616812272
0.9271875000000001 0.5821412174345501
0.9275000000000000 0.5821687265382207
0.9278125000000000 0.5821962816153181
0.9281250000000000 0.5822237908590402
0.9284375000000000 0.5822513452612583
0.9287500000000000 0.5822788546431209
0.9290625000000000 0.5823064083719810
0.9293750000000001 0.5823339178899006
0.9296875000000000 0.5823614709471007
0.9300000000000000 0.5823889805988175
0.9303125000000000 0.5824165329862240
0.9306250000000000 0.5824440427693151
0.9309375000000000 0.5824715944889557
0.9312500000000000 0.5824991044008346
0.9315625000000001 0.5825266554549006
0.9318750000000000 0.5825541654928243
0.9321875000000001 0.5825817158836566
0.9325000000000000 0.5826092260447329
0.9328125000000000 0.5826367757748215
0.9331250000000000 0.5826642860560093
0.9334375000000000 0.5826918351279898
0.9337500000000000 0.5827193455261082
0.9340625000000000 0.5827468939427527
0.9343750000000001 0.5827744044544843
0.9346875000000000 0.5828019522186986
0.9350000000000001 0.5828294628405946
0.9353125000000000 0.5828570099554128
0.9356250000000000 0.5828845206838998
0.9359375000000000 0.5829120671524792
0.9362500000000000 0.5829395779838632
0.9365625000000000 0.5829671238094754
0.9368750000000000 0.5829946347399491
0.9371875000000001 0.5830221799259792
0.9375000000000000 0.5830496909516241
0.9378125000000000 0.5830772355015648
0.9381250000000000 0.5831047466183589
0.9384375000000000 0.5831322905358027
0.9387500000000000 0.5831598017396241
0.9390625000000000 0.5831873450282606
0.9393750000000001 0.5832148563148946
0.9396875000000000 0.5832423989785060
0.9400000000000001 0.5832699103436463
0.9403125000000000 0.5832974523860983
0.9406250000000000 0.5833249638253567
0.9409375000000000 0.5833525052506009
0.9412500000000000 0.5833800167595086
0.9415625000000000 0.5834075575715677
0.9418750000000000 0.5834350691455847
0.9421875000000001 0.5834626093485537
0.9425000000000000 0.5834901209830706
0.9428125000000001 0.5835176605811101
0.9431250000000000 0.5835451722714529
0.9434375000000000 0.5835727112687864
0.9437500000000000 0.5836002230102210
0.9440625000000000 0.5836277614111287
0.9443750000000000 0.5836552731988661
0.9446875000000000 0.5836828110076803
0.9450000000000001 0.5837103228368842
0.9453125000000000 0.5837378600579806
0.9456250000000000 0.5837653719237695
0.9459375000000000 0.5837929085615685
0.9462500000000000 0.5838204204590198
0.9465625000000000 0.5838479565179800
0.9468750000000000 0.5838754684421370
0.9471875000000001 0.5839030039267467
0.9475000000000000 0.5839305158726209
0.9478125000000001 0.5839580507874002
0.9481250000000000 0.5839855627499764
0.9484375000000000 0.5840130970994674
0.9487500000000000 0.5840406090737098
0.9490625000000000 0.5840681428624752
0.9493750000000000 0.5840956548433254
0.9496875000000000 0.5841231880759463
0.9500000000000001 0.5841507000583356
0.9503125000000000 0.5841782327394009
0.9506250000000001 0.5842057447182504
0.9509375000000000 0.5842332768523599
0.9512500000000000 0.5842607888225814
0.9515625000000000 0.5842883204143376
0.9518750000000000 0.5843158323708448
0.9521875000000000 0.5843433634248498
0.9525000000000000 0.5843708753625546
0.9528125000000001 0.5843984058834074
0.9531250000000000 0.5844259177972286
0.9534375000000000 0.5844534477895204
0.9537500000000000 0.5844809596743870
0.9540625000000000 0.5845084891426980
0.9543750000000000 0.5845360009935466
0.9546875000000000 0.5845635299424468
0.9550000000000001 0.5845910417542322
0.9553125000000000 0.5846185701882700
0.9556250000000001 0.5846460819559639
0.9559375000000000 0.5846736098796717
0.9562500000000000 0.5847011215982685
0.9565625000000000 0.5847286490161501
0.9568750000000000 0.5847561606806688
0.9571875000000000 0.5847836875972067
0.9575000000000000 0.5848111992026911
0.9578125000000001 0.5848387256223373
0.9581250000000000 0.5848662371638648
0.9584375000000001 0.5848937630910382
0.9587500000000000 0.5849212745637180
0.9590625000000000 0.5849488000028019
0.9593750000000000 0.5849763114017791
0.9596875000000000 0.5850038363571234
0.9600000000000000 0.5850313476775779
0.9603125000000000 0.5850588721534924
0.9606250000000001 0.5850863833906469
0.9609375000000000 0.5851139073913993
0.9612500000000000 0.5851414185405165
0.9615625000000000 0.5851689420703334
0.9618750000000000 0.5851964531267205
0.9621875000000000 0.5852239761897811
0.9625000000000000 0.5852514871487907
0.9628125000000001 0.5852790097492284
0.9631250000000000 0.5853065206062608
0.9634375000000001 0.5853340427481615
0.9637500000000000 0.5853615534986653
0.9640625000000000 0.5853890751860631
0.9643750000000000 0.5854165858255390
0.9646875000000000 0.5854441070624163
0.9650000000000000 0.5854716175864176
0.9653125000000000 0.5854991383767043
0.9656250000000001 0.5855266487808335
0.9659375000000000 0.5855541691284082
0.9662500000000001 0.5855816794083266
0.9665625000000000 0.5856091993170058
0.9668750000000000 0.5856367094684298
0.9671875000000000 0.5856642289419802
0.9675000000000000 0.5856917389606775
0.9678125000000001 0.5857192580028097
0.9681250000000000 0.5857467678846087
0.9684375000000001 0.5857742864989695
0.9687500000000000 0.5858017962397579
0.9690625000000000 0.5858293144299408
0.9693750000000000 0.5858568240256609
0.9696875000000000 0.5858843417951973
0.9700000000000000 0.5859118512418541
0.9703125000000000 0.5859393685942150
0.9706250000000001 0.5859668778878713
0.9709375000000000 0.5859943948264693
0.9712500000000001 0.5860219039632456
0.9715625000000000 0.5860494204914311
0.9718750000000000 0.5860769294675084
0.9721875000000000 0.5861044455885706
0.9725000000000000 0.5861319544001853
0.9728125000000000 0.5861594701173476
0.9731250000000000 0.5861869787607934
0.9734375000000001 0.5862144940772117
0.9737500000000000 0.5862420025488317
0.9740625000000001 0.5862695174675866
0.9743750000000000 0.5862970257637661
0.9746875000000000 0.5863245402878483
0.9750000000000000 0.5863520484049911
0.9753125000000000 0.5863795625372797
0.9756250000000001 0.5864070704717739
0.9759375000000000 0.5864345842149786
0.9762500000000001 0.5864620919631247
0.9765625000000000 0.5864896053196865
0.9768750000000000 0.5865171128775520
0.9771875000000000 0.5865446258494459
0.9775000000000000 0.5865721332125879
0.9778125000000000 0.5865996458009305
0.9781250000000000 0.5866271529638517
0.9784375000000001 0.5866546651681458
0.9787500000000000 0.5866821721232282
0.9790625000000001 0.5867096839398711
0.9793750000000000 0.5867371906752975
0.9796875000000000 0.5867647020946746
0.9800000000000000 0.5867922085903635
0.9803125000000000 0.5868197195911627
0.9806250000000000 0.5868472258108108
0.9809375000000000 0.5868747363489069
0.9812500000000001 0.5869022422244461
0.9815625000000000 0.5869297522111558
0.9818750000000001 0.5869572576123535
0.9821875000000000 0.5869847668719318
0.9825000000000000 0.5870122715469421
0.9828125000000000 0.5870397797334527
0.9831250000000000 0.5870672831925768
0.9834375000000001 0.5870947896273426
0.9837500000000000 0.5871222909157084
0.9840625000000001 0.5871497942694202
0.9843750000000000 0.5871772915224344
0.9846875000000000 0.5872047891934817
0.9850000000000000 0.5872322787674532
0.9853125000000000 0.5872597656661126
0.9856250000000000 0.5872872404379555
0.9859375000000000 0.5873147066085641
0.9862500000000001 0.5873421526504028
0.9865625000000000 0.5873695786207466
0.9868750000000001 0.5873969686959578
0.9871875000000000 0.5874243163813180
0.9875000000000000 0.5874515972235437
0.9878125000000000 0.5874787921359791
0.9881250000000000 0.5875058595682111
0.9884375000000000 0.5875327560198793
0.9887500000000000 0.5875594062907133
0.9890625000000001 0.5875857193378144
0.9893750000000000 0.5876115539476133
0.9896875000000001 0.5876367262982770
0.9900000000000000 0.5876609658919076
0.9903125000000000 0.5876839076868189
0.9906250000000000 0.5877050282508427
0.9909375000000000 0.5877236085277998
0.9912500000000001 0.5877386307083096
0.9915625000000000 0.5877486845449322
0.9918750000000001 0.5877517872204637
0.9921875000000000 0.5877451809877541
0.9925000000000000 0.5877250038217061
0.9928125000000000 0.5876858792108990
0.9931250000000000 0.5876203022307542
0.9934375000000000 0.5875178388616856
0.9937500000000000 0.5873639847700862
0.9940625000000001 0.5871386592990505
0.9943750000000000 0.5868141431952384
0.9946875000000001 0.5863524044224541
0.9950000000000000 0.5857016297597337
0.9953125000000000 0.5847919974051281
0.9956250000000000 0.5835307757148619
0.9959375000000000 0.5817973545291982
0.9962500000000000 0.5794393486931270
0.9965625000000000 0.5762720483833627
0.9968750000000001 0.5720845452289591
0.9971875000000000 0.5666568165964253
0.9975000000000001 0.5597912330107980
0.9978125000000000 0.5513584411386629
0.9981250000000000 0.5413502418719408
0.9984375000000000 0.5299235842685954
0.9987500000000000 0.5174151661466757
0.9990625000000001 0.5043120249642196
0.9993750000000000 0.4911799308454519
0.9996875000000001 0.4785705811493616
1.0000000000000000 0.4669377389798822
1.0003124999999999 0.4565863557557509
1.0006250000000001 0.4476620921486943
1.0009375000000000 0.4401731539469944
1.0012500000000000 0.4340287682668861
1.0015624999999999 0.4290799210714815
1.0018750000000001 0.4251532721691179
1.0021875000000000 0.4220750353640423
1.0024999999999999 0.4196852054057303
1.0028125000000001 0.4178444151702121
1.0031250000000000 0.4164357917831635
1.0034375000000000 0.4153639716330600
1.0037499999999999 0.4145526426045736
1.0040625000000001 0.4139416376058754
1.0043750000000000 0.4134840079585195
1.0046875000000000 0.4131434308675451
1.0050000000000001 0.4128919543371016
1.0053125000000001 0.4127081827710381
1.0056250000000000 0.4125757764910352
1.0059374999999999 0.4124823063204769
1.0062500000000001 0.4124183182519243
1.0065625000000000 0.4123766489297414
1.0068750000000000 0.4123518593290166
1.0071875000000001 0.4123398400714227
1.0075000000000001 0.4123374713749043
1.0078125000000000 0.4123424026263875
1.0081249999999999 0.4123528467046935
1.0084375000000001 0.4123674618493672
1.0087500000000000 0.4123852244381890
1.0090625000000000 0.4124053701119100
1.0093749999999999 0.4124273119475380
1.0096875000000001 0.4124506156380275
1.0100000000000000 0.4124749438160075
1.0103124999999999 0.4125000507048979
1.0106250000000001 0.4125257414823115
1.0109375000000000 0.4125518780198005
1.0112500000000000 0.4125783468995117
1.0115624999999999 0.4126050714437156
1.0118750000000001 0.4126319847212206
1.0121875000000000 0.4126590451274221
1.0125000000000000 0.4126862122796872
1.0128125000000001 0.4127134645884616
1.0131250000000001 0.4127407768355229
1.0134375000000000 0.4127681388513508
1.0137499999999999 0.4127955340816220
1.0140625000000001 0.4128229588715645
1.0143750000000000 0.4128504016181596
1.0146875000000000 0.4128778623824887
1.0150000000000001 0.4129053323917155
1.0153125000000001 0.4129328138264042
1.0156250000000000 0.4129602995312570
1.0159374999999999 0.4129877928965094
1.0162500000000001 0.4130152876903466
1.0165625000000000 0.4130427879948839
1.0168750000000000 0.4130702881037532
1.0171874999999999 0.4130977924970352
1.0175000000000001 0.4131252957647355
1.0178125000000000 0.4131528026188558
1.0181249999999999 0.4131803078131388
1.0184375000000001 0.4132078161985213
1.0187500000000000 0.4132353226148681
1.0190625000000000 0.4132628320008324
1.0193749999999999 0.4132903392361590
1.0196875000000001 0.4133178493199025
1.0200000000000000 0.4133453571433019
1.0203125000000000 0.4133728677522246
1.0206250000000001 0.4134003760311254
1.0209375000000001 0.4134278870670433
1.0212500000000000 0.4134553957250209
1.0215624999999999 0.4134829071323108
1.0218750000000001 0.4135104161249699
1.0221875000000000 0.4135379278723844
1.0225000000000000 0.4135654371735671
1.0228125000000001 0.4135929492438601
1.0231250000000001 0.4136204588377486
1.0234375000000000 0.4136479712217647
1.0237499999999999 0.4136754810983539
1.0240625000000001 0.4137029937916678
1.0243750000000000 0.4137305039441595
1.0246875000000000 0.4137580169451684
1.0249999999999999 0.4137855273684710
1.0253125000000001 0.4138130406773249
1.0256250000000000 0.4138405513671771
1.0259374999999999 0.4138680649851713
1.0262500000000001 0.4138955759376393
1.0265625000000000 0.4139230898668788
1.0268750000000000 0.4139506010780572
1.0271874999999999 0.4139781153212720
1.0275000000000001 0.4140056267871086
1.0278125000000000 0.4140331413475463
1.0281250000000000 0.4140606530637453
1.0284375000000001 0.4140881679451108
1.0287500000000001 0.4141156799070773
1.0290625000000000 0.4141431951134945
1.0293749999999999 0.4141707073163060
1.0296875000000001 0.4141982228522917
1.0300000000000000 0.4142257352906929
1.0303125000000000 0.4142532511611304
1.0306250000000001 0.4142807638295330
1.0309375000000001 0.4143082800396533
1.0312500000000000 0.4143357929321495
1.0315624999999999 0.4143633094875075
1.0318750000000001 0.4143908225978840
1.0321875000000000 0.4144183395043369
1.0325000000000000 0.4144458528260953
1.0328124999999999 0.4144733700897791
1.0331250000000001 0.4145008836161578
1.0334375000000000 0.4145284012434626
1.0337499999999999 0.4145559149674578
1.0340625000000001 0.4145834329650058
1.0343750000000000 0.4146109468793974
1.0346875000000000 0.4146384652540139
1.0349999999999999 0.4146659793513927
1.0353125000000001 0.4146934981100811
1.0356250000000000 0.4147210123828732
1.0359375000000000 0.4147485315327867
1.0362500000000001 0.4147760459732843
1.0365625000000001 0.4148035655216970
1.0368750000000000 0.4148310801220861
1.0371874999999999 0.4148586000763618
1.0375000000000001 0.4148861148287557
1.0378125000000000 0.4149136351963156
1.0381250000000000 0.4149411500927876
1.0384375000000001 0.4149686708810749
1.0387500000000001 0.4149961859136937
1.0390625000000000 0.4150237071301397
1.0393749999999999 0.4150512222910052
1.0396875000000001 0.4150787439429919
1.0400000000000000 0.4151062592242698
1.0403125000000000 0.4151337813190956
1.0406249999999999 0.4151612967130567
1.0409375000000001 0.4151888192578949
1.0412500000000000 0.4152163347569520
1.0415624999999999 0.4152438577588189
1.0418750000000001 0.4152713733555600
1.0421875000000000 0.4152988968212783
1.0425000000000000 0.4153264125085014
1.0428124999999999 0.4153539364446681
1.0431250000000001 0.4153814522154151
1.0434375000000000 0.4154089766283670
1.0437500000000000 0.4154364924759540
1.0440625000000001 0.4154640173717418
1.0443750000000001 0.4154915332897846
1.0446875000000000 0.4155190586741440
1.0449999999999999 0.4155465746565872
1.0453125000000001 0.4155741005349153
1.0456250000000000 0.4156016165760534
1.0459375000000000 0.4156291429533859
1.0462500000000001 0.4156566590478852
1.0465625000000001 0.4156841859288767
1.0468750000000000 0.4157117020717952
1.0471874999999999 0.4157392294607000
1.0475000000000001 0.4157667456475029
1.0478125000000000 0.4157942735481603
1.0481250000000000 0.4158217897747392
1.0484374999999999 0.4158493181905528
1.0487500000000001 0.4158768344532424
1.0490625000000000 0.4159043633871654
1.0493749999999999 0.4159318796827588
1.0496875000000001 0.4159594091372774
1.0500000000000000 0.4159869254630460
1.0503125000000000 0.4160144554401585
1.0506249999999999 0.4160419717938695
1.0509375000000001 0.4160695022950695
1.0512500000000000 0.4160970186750078
1.0515625000000000 0.4161245497012599
1.0518750000000001 0.4161520661062488
1.0521875000000001 0.4161795976579671
1.0525000000000000 0.4162071140873961
1.0528124999999999 0.4162346461644169
1.0531250000000001 0.4162621626182629
1.0534375000000000 0.4162896952198215
1.0537500000000000 0.4163172116986807
1.0540625000000001 0.4163447448233772
1.0543750000000001 0.4163722613284946
1.0546875000000000 0.4163997949742675
1.0549999999999999 0.4164273115075645
1.0553125000000001 0.4164548456716598
1.0556250000000000 0.4164823622357671
1.0559375000000000 0.4165098969147078
1.0562499999999999 0.4165374135129923
1.0565625000000001 0.4165649487025496
1.0568750000000000 0.4165924653391461
1.0571874999999999 0.4166200010343111
1.0575000000000001 0.4166475177141463
1.0578125000000000 0.4166750539091078
1.0581250000000000 0.4167025706379220
1.0584374999999999 0.4167301073260428
1.0587500000000001 0.4167576241104113
1.0590625000000000 0.4167851612842154
1.0593750000000000 0.4168126781315577
1.0596875000000001 0.4168402157827205
1.0600000000000001 0.4168677327013061
1.0603125000000000 0.4168952708206534
1.0606249999999999 0.4169227878195995
1.0609375000000001 0.4169503263971144
1.0612500000000000 0.4169778434863753
1.0615625000000000 0.4170053825112137
1.0618750000000001 0.4170328997015577
1.0621875000000001 0.4170604391620769
1.0625000000000000 0.4170879564650525
1.0628124999999999 0.4171154963488521
1.0631250000000001 0.4171430137767413
1.0634375000000000 0.4171705540707152
1.0637500000000000 0.4171980716364739
1.0640624999999999 0.4172256123268798
1.0643750000000001 0.4172531300440604
1.0646875000000000 0.4172806711166004
1.0649999999999999 0.4173081889992647
1.0653125000000001 0.4173357304391870
1.0656250000000000 0.4173632485017925
1.0659375000000000 0.4173907902940083
1.0662499999999999 0.4174183085512866
1.0665625000000001 0.4174458506805044
1.0668750000000000 0.4174733691473134
1.0671875000000000 0.4175009115981948
1.0675000000000001 0.4175284302893567
1.0678125000000001 0.4175559730466895
1.0681250000000000 0.4175834919768043
1.0684374999999999 0.4176110350256972
1.0687500000000001 0.4176385542089416
1.0690625000000000 0.4176660975350374
1.0693750000000000 0.4176936169849381
1.0696875000000001 0.4177211605746498
1.0700000000000001 0.4177486803038393
1.0703125000000000 0.4177762241446026
1.0706249999999999 0.4178037441645562
1.0709375000000001 0.4178312882451057
1.0712500000000000 0.4178588085658565
1.0715625000000000 0.4178863528765169
1.0718750000000001 0.4179138735063538
1.0721875000000001 0.4179414180393518
1.0725000000000000 0.4179689389845008
1.0728124999999999 0.4179964837342935
1.0731250000000001 0.4180240049985803
1.0734375000000000 0.4180515499621963
1.0737500000000000 0.4180790715467010
1.0740624999999999 0.4181066167240956
1.0743750000000001 0.4181341386267875
1.0746875000000000 0.4181616840212103
1.0750000000000000 0.4181892062365805
1.0753125000000001 0.4182167518549492
1.0756250000000001 0.4182442743736291
1.0759375000000000 0.4182718202269094
1.0762499999999999 0.4182993430352941
1.0765625000000001 0.4183268891388832
1.0768750000000000 0.4183544122187428
1.0771875000000000 0.4183819585928510
1.0775000000000001 0.4184094819209540
1.0778125000000001 0.4184370285909827
1.0781250000000000 0.4184645521387224
1.0784374999999999 0.4184920991356310
1.0787500000000001 0.4185196228686611
1.0790625000000000 0.4185471702293272
1.0793750000000000 0.4185746941072099
1.0796875000000001 0.4186022418747714
1.0800000000000001 0.4186297658506463
1.0803125000000000 0.4186573140748210
1.0806249999999999 0.4186848380950940
1.0809375000000001 0.4187123868324826
1.0812500000000000 0.4187399108365382
1.0815625000000000 0.4187674601508933
1.0818749999999999 0.4187949840708403
1.0821875000000001 0.4188225340333074
1.0825000000000000 0.4188500577937531
1.0828125000000000 0.4188776084830789
1.0831250000000001 0.4189051320009408
1.0834375000000001 0.4189326835036417
1.0837500000000000 0.4189602066879978
1.0840624999999999 0.4189877590984878
1.0843750000000001 0.4190152818504718
1.0846875000000000 0.4190428352711477
1.0850000000000000 0.4190703574838844
1.0853125000000001 0.4190979120251649
1.0856250000000001 0.4191254335837561
1.0859375000000000 0.4191529893640740
1.0862499999999999 0.4191805101456296
1.0865625000000001 0.4192080672913754
1.0868750000000000 0.4192355871650943
1.0871875000000000 0.4192631458105095
1.0875000000000001 0.4192906646378137
1.0878125000000001 0.4193182249248310
1.0881250000000000 0.4193457425595485
1.0884374999999999 0.4193733046375863
1.0887500000000001 0.4194008209261836
1.0890625000000000 0.4194283849518842
1.0893750000000000 0.4194558997337516
1.0896874999999999 0.4194834658706749
1.0900000000000001 0.4195109789784581
1.0903125000000000 0.4195385473967236
1.0906250000000000 0.4195660586567050
1.0909375000000001 0.4195936295325893
1.0912500000000001 0.4196211387651124
1.0915625000000000 0.4196487122806011
1.0918749999999999 0.4196762193005417
1.0921875000000001 0.4197037956428387
1.0925000000000000 0.4197313002601149
1.0928125000000000 0.4197588796211104
1.0931250000000001 0.4197863816412319
1.0934375000000001 0.4198139642169394
1.0937500000000000 0.4198414634415905
1.0940624999999999 0.4198690494315434
1.0943750000000001 0.4198965456591994
1.0946875000000000 0.4199241352658224
1.0950000000000000 0.4199516282923940
1.0953125000000001 0.4199792217203440
1.0956250000000001 0.4200067113398469
1.0959375000000000 0.4200343087953344
1.0962499999999999 0.4200617948005774
1.0965625000000001 0.4200893964906681
1.0968750000000000 0.4201168786739626
1.0971875000000000 0.4201444848058602
1.0974999999999999 0.4201719629597405
1.0978125000000001 0.4201995737400618
1.0981250000000000 0.4202270476580168
1.0984375000000000 0.4202546632920555
1.0987500000000001 0.4202821327692687
1.0990625000000001 0.4203097534602523
1.0993750000000000 0.4203372182943423
1.0996874999999999 0.4203648442426940
1.1000000000000001 0.4203923042344564
1.1003125000000000 0.4204199356370520
1.1006250000000000 0.4204473905911978
1.1009375000000001 0.4204750276406321
1.1012500000000001 0.4205024773665174
1.1015625000000000 0.4205301202503759
1.1018749999999999 0.4205575645627289
1.1021875000000001 0.4205852134628710
1.1025000000000000 0.4206126521824965
1.1028125000000000 0.4206403072743533
1.1031250000000001 0.4206677402288325
1.1034375000000001 0.4206954016807196
1.1037500000000000 0.4207228287050843
1.1040624999999999 0.4207504966775342
1.1043750000000001 0.4207779176149273
1.1046875000000000 0.4208055922600422
1.1050000000000000 0.4208330069623498
1.1053124999999999 0.4208606884231790
1.1056250000000001 0.4208880967516447
1.1059375000000000 0.4209157851615854
1.1062500000000000 0.4209431869873940
1.1065625000000001 0.4209708824696188
1.1068750000000001 0.4209982776744545
1.1071875000000000 0.4210259803413723
1.1074999999999999 0.4210533688179408
1.1078125000000001 0.4210810787706863
1.1081250000000000 0.4211084604232131
1.1084375000000000 0.4211361777511665
1.1087500000000001 0.4211635524958569
1.1090625000000001 0.4211912772762025
1.1093750000000000 0.4212186450416672
1.1096874999999999 0.4212463773389843
1.1100000000000001 0.4212737380666274
1.1103125000000000 0.4213014779325219
1.1106250000000000 0.4213288315768940
1.1109375000000001 0.4213565790496643
1.1112500000000001 0.4213839255787750
1.1115625000000000 0.4214116806831180
1.1118749999999999 0.4214390200787090
1.1121875000000001 0.4214667828254707
1.1125000000000000 0.4214941150832455
1.1128125000000000 0.4215218854692105
1.1131249999999999 0.4215492105990241
1.1134375000000001 0.4215769886067442
1.1137500000000000 0.4216043066327529
1.1140625000000000 0.4216320922304239
1.1143750000000001 0.4216594031911877
1.1146875000000001 0.4216871963325642
1.1150000000000000 0.4217145002811098
1.1153124999999999 0.4217423009054651
1.1156250000000001 0.4217695979093043
1.1159375000000000 0.4217974059414350
1.1162500000000000 0.4218246960825379
1.1165625000000001 0.4218525114328118
1.1168750000000001 0.4218797948075386
1.1171875000000000 0.4219076173719828
1.1174999999999999 0.4219348940909745
1.1178125000000001 0.4219627237514069
1.1181250000000000 0.4219899939394307
1.1184375000000000 0.4220178305636351
1.1187500000000001 0.4220450943593924
1.1190625000000001 0.4220729378013327
1.1193750000000000 0.4221001953572201
1.1196874999999999 0.4221280454572958
1.1200000000000001 0.4221552969391339
1.1203125000000000 0.4221831535244741
1.1206250000000000 0.4222103991111914
1.1209374999999999 0.4222382619959879
1.1212500000000001 0.4222655018792712
1.1215625000000000 0.4222933708651473
1.1218750000000000 0.4223206052490548
1.1221875000000001 0.4223484801254683
1.1225000000000001 0.4223757092260075
1.1228125000000000 0.4224035897706920
1.1231249999999999 0.4224308138153626
1.1234375000000001 0.4224586997947982
1.1237500000000000 0.4224859190221089
1.1240625000000000 0.4225138101920230
1.1243750000000001 0.4225410248509699
1.1246875000000001 0.4225689209568720
1.1250000000000000 0.4225961313063947
1.1253124999999999 0.4226240320841350
1.1256250000000001 0.4226512383925409
1.1259375000000000 0.4226791435688982
1.1262500000000000 0.4227063461132648
1.1265625000000001 0.4227342554065583
1.1268750000000001 0.4227614544721061
1.1271875000000000 0.4227893675928310
1.1274999999999999 0.4228165634722808
1.1278125000000001 0.4228444801237654
1.1281250000000000 0.4228716731166670
1.1284375000000000 0.4228995929957517
1.1287499999999999 0.4229267834077969
1.1290625000000001 0.4229547062055317
1.1293750000000000 0.4229818943478488
1.1296875000000000 0.4230098197502047
1.1300000000000001 0.4230370059386387
1.1303125000000001 0.4230649336272387
1.1306250000000000 0.4230921181816114
1.1309374999999999 0.4231200478344732
1.1312500000000001 0.4231472310778372
1.1315625000000000 0.4231751623701292
1.1318750000000000 0.4232023446280042
1.1321875000000001 0.4232302772328099
1.1325000000000001 0.4232574588324154
1.1328125000000000 0.4232853924215068
1.1331249999999999 0.4233125736909844
1.1334375000000001 0.4233405079356035
1.1337500000000000 0.4233676892032338
1.1340625000000000 0.4233956237748749
1.1343750000000001 0.4234228053682926
1.1346875000000001 0.4234507399394893
1.1350000000000000 0.4234779221848995
1.1353124999999999 0.4235058564300070
1.1356250000000001 0.4235330396513995
1.1359375000000000 0.4235609732473808
1.1362500000000000 0.4235881577657507
1.1365624999999999 0.4236160903929482
1.1368750000000001 0.4236432765255260
1.1371875000000000 0.4236712078684319
1.1375000000000000 0.4236983959279171
1.1378125000000001 0.4237263256759307
1.1381250000000001 0.4237535159697453
1.1384375000000000 0.4237814438179123
1.1387499999999999 0.4238086366474648
1.1390625000000001 0.4238365622972061
1.1393750000000000 0.4238637579571775
1.1396875000000000 0.4238916811169889
1.1400000000000001 0.4239188798946401
1.1403125000000001 0.4239468002807794
1.1406250000000000 0.4239740024552777
1.1409374999999999 0.4240019197924170
1.1412500000000001 0.4240291256341998
1.1415625000000000 0.4240570396560530
1.1418750000000000 0.4240842494262145
1.1421875000000001 0.4241121598761306
1.1425000000000001 0.4241393738258470
1.1428125000000000 0.4241672804573691
1.1431249999999999 0.4241944988273553
1.1434375000000001 0.4242224014047421
1.1437500000000000 0.4242496244247539
1.1440625000000000 0.4242775227234607
1.1443749999999999 0.4243047506118321
1.1446875000000001 0.4243326444189481
1.1450000000000000 0.4243598773821772
1.1453125000000000 0.4243877664968205
1.1456250000000001 0.4244150047291960
1.1459375000000001 0.4244428889628610
1.1462500000000000 0.4244701326461410
1.1465624999999999 0.4244980118229973
1.1468750000000001 0.4245252611261332
1.1471875000000000 0.4245531350832763
1.1475000000000000 0.4245803901621870
1.1478125000000001 0.4246082587498380
1.1481250000000001 0.4246355197472372
1.1484375000000000 0.4246633828288911
1.1487499999999999 0.4246906498741619
1.1490625000000001 0.4247185073266876
1.1493750000000000 0.4247457805358103
1.1496875000000000 0.4247736322494974
1.1500000000000001 0.4248009117250269
1.1503125000000001 0.4248287576035815
1.1506250000000000 0.4248560434346773
1.1509374999999999 0.4248838833951705
1.1512500000000001 0.4249111756576701
1.1515625000000000 0.4249390096304372
1.1518750000000000 0.4249663083869840
1.1521874999999999 0.4249941363154749
1.1525000000000001 0.4250214416156888
1.1528125000000000 0.4250492634562761
1.1531250000000000 0.4250765753369681
1.1534375000000001 0.4251043910587068
1.1537500000000001 0.4251317095441405
1.1540625000000000 0.4251595191284911
1.1543749999999999 0.4251868442306773
1.1546875000000001 0.4252146476711895
1.1550000000000000 0.4252419793902227
1.1553125000000000 0.4252697766921825
1.1556250000000001 0.4252971150166110
1.1559375000000001 0.4253249061966533
1.1562500000000000 0.4253522511038794
1.1565624999999999 0.4253800361895737
1.1568750000000001 0.4254073876462861
1.1571875000000000 0.4254351666756916
1.1575000000000000 0.4254625246383176
1.1578125000000001 0.4254902976595182
1.1581250000000001 0.4255176620747047
1.1584375000000000 0.4255454291453182
1.1587499999999999 0.4255727999504281
1.1590625000000001 0.4256005611371022
1.1593750000000000 0.4256279382607266
1.1596875000000000 0.4256556936386195
1.1599999999999999 0.4256830770011043
1.1603125000000001 0.4257108266533539
1.1606250000000000 0.4257382161673335
1.1609375000000000 0.4257659601845173
1.1612500000000001 0.4257933557554584
1.1615625000000001 0.4258210942350509
1.1618750000000000 0.4258484957617973
1.1621874999999999 0.4258762288076208
1.1625000000000001 0.4259036361829422
1.1628125000000000 0.4259313639046231
1.1631250000000000 0.4259587770157559
1.1634375000000001 0.4259864995281808
1.1637500000000001 0.4260139182573727
1.1640625000000000 0.4260416356801492
1.1643749999999999 0.4260690599051939
1.1646875000000001 0.4260967723621206
1.1650000000000000 0.4261242019568814
1.1653125000000000 0.4261519095754268
1.1656250000000001 0.4261793444103543
1.1659375000000001 0.4262070473211487
1.1662500000000000 0.4262344872637812
1.1665624999999999 0.4262621856001196
1.1668750000000001 0.4262896305155747
1.1671875000000000 0.4263173244129345
1.1675000000000000 0.4263447741643824
1.1678124999999999 0.4263724637599575
1.1681250000000001 0.4263999182090777
1.1684375000000000 0.4264276036413318
1.1687500000000000 0.4264550626487529
1.1690625000000001 0.4264827440569865
1.1693750000000001 0.4265102074827078
1.1696875000000000 0.4265378850066492
1.1699999999999999 0.4265653527104416
1.1703125000000001 0.4265930264898520
1.1706250000000000 0.4266204983316418
1.1709375000000000 0.4266481685059459
1.1712500000000001 0.4266756443461763
1.1715625000000001 0.4267033110541067
1.1718750000000000 0.4267307907540789
1.1721874999999999 0.4267584541333485
1.1725000000000001 0.4267859375555438
1.1728125000000000 0.4268135977425320
1.1731250000000000 0.4268410847509124
1.1734375000000001 0.4268687418803774
1.1737500000000001 0.4268962323406622
1.1740625000000000 0.4269238865454714
1.1743749999999999 0.4269513803253995
1.1746875000000001 0.4269790317362798
1.1750000000000000 0.4270065287058473
1.1753125000000000 0.4270341774511562
1.1756249999999999 0.4270616774828364
1.1759375000000001 0.4270893236883515
1.1762500000000000 0.4271168266572941
1.1765625000000000 0.4271444704460263
1.1768750000000001 0.4271719762302358
1.1771875000000001 0.4271996177222572
1.1775000000000000 0.4272271262027571
1.1778124999999999 0.4272547655150464
1.1781250000000001 0.4272822765760211
1.1784375000000000 0.4273099138223336
1.1787500000000000 0.4273374273512528
1.1790625000000001 0.4273650626420000
1.1793750000000001 0.4273925785297301
1.1796875000000000 0.4274202119718795
1.1799999999999999 0.4274477301127743
1.1803125000000001 0.4274753618097674
1.1806250000000000 0.4275028821017431
1.1809375000000000 0.4275305121534256
1.1812500000000001 0.4275580344980242
1.1815625000000001 0.4275856630005910
1.1818750000000000 0.4276131873030265
1.1821874999999999 0.4276408143489828
1.1825000000000001 0.4276683405181743
1.1828125000000000 0.4276959661963090
1.1831250000000000 0.4277234941448992
1.1834374999999999 0.4277511185402738
1.1837500000000001 0.4277786481846358
1.1840625000000000 0.4278062713785804
1.1843750000000000 0.4278338026388149
1.1846875000000001 0.4278614247089413
1.1850000000000001 0.4278889575088585
1.1853125000000000 0.4279165785290802
1.1856249999999999 0.4279441127961733
1.1859375000000001 0.4279717328367371
1.1862500000000000 0.4279992685021482
1.1865625000000000 0.4280268876296756
1.1868750000000001 0.4280544246281470
1.1871875000000001 0.4280820429056845
1.1875000000000000 0.4281095811755055
1.1878124999999999 0.4281371986625842
1.1881250000000001 0.4281647381455292
1.1884375000000000 0.4281923548982275
1.1887500000000000 0.4282198955394868
1.1890625000000001 0.4282475116105064
1.1893750000000001 0.4282750533586087
1.1896875000000000 0.4283026687973530
1.1899999999999999 0.4283302116040831
1.1903125000000001 0.4283578264567424
1.1906250000000000 0.4283853702770545
1.1909375000000000 0.4284129845866967
1.1912499999999999 0.4284405293786195
1.1915625000000001 0.4284681431852859
1.1918750000000000 0.4284956889098273
1.1921875000000000 0.4285233022506308
1.1925000000000001 0.4285508488716742
1.1928125000000001 0.4285784617809039
1.1931250000000000 0.4286060092651063
1.1934374999999999 0.4286336217743309
1.1937500000000001 0.4286611700910142
1.1940625000000000 0.4286887822291932
1.1943750000000000 0.4287163313502348
1.1946875000000001 0.4287439431438270
1.1950000000000001 0.4287714930435484
1.1953125000000000 0.4287991045166256
1.1956249999999999 0.4288266551716798
1.1959375000000001 0.4288542663460386
1.1962500000000000 0.4288818177352972
1.1965625000000000 0.4289094286305735
1.1968750000000001 0.4289369807350103
1.1971875000000001 0.4289645913687948
1.1975000000000000 0.4289921441713740
1.1978124999999999 0.4290197545593240
1.1981250000000001 0.4290473080448855
1.1984375000000000 0.4290749182008406
1.1987500000000000 0.4291024723559854
1.1990624999999999 0.4291300822920790
1.1993750000000001 0.4291576371050596
1.1996875000000000 0.4291852468318300
1.2000000000000000 0.4292128022924381
1.2003125000000001 0.4292404118189404
1.2006250000000001 0.4292679679183964
1.2009375000000000 0.4292955772523104
1.2012499999999999 0.4293231339831574
1.2015625000000001 0.4293507431308924
1.2018750000000000 0.4293783004868927
1.2021875000000000 0.4294059094536921
1.2025000000000001 0.4294334674297217
1.2028125000000001 0.4294610762197655
1.2031250000000000 0.4294886348117141
1.2034374999999999 0.4295162434282170
1.2037500000000001 0.4295438026328929
1.2040625000000000 0.4295714110781993
1.2043750000000000 0.4295989708932336
1.2046875000000001 0.4296265791689119
1.2050000000000001 0.4296541395926669
1.2053125000000000 0.4296817476995975
1.2056249999999999 0.4297093087310800
1.2059375000000001 0.4297369166695434
1.2062500000000000 0.4297644783083192
1.2065625000000000 0.4297920860780762
1.2068749999999999 0.4298196483241900
1.2071875000000001 0.4298472559245626
1.2075000000000000 0.4298748187784610
1.2078125000000000 0.4299024262084068
1.2081250000000001 0.4299299896708636
1.2084375000000001 0.4299575969290490
1.2087500000000000 0.4299851610010957
1.2090624999999999 0.4300127680859624
1.2093750000000001 0.4300403327688224
1.2096875000000000 0.4300679396786522
1.2100000000000000 0.4300955049736785
1.2103125000000001 0.4301231117066538
1.2106250000000001 0.4301506776152701
1.2109375000000000 0.4301782841695312
1.2112499999999999 0.4302058506931758
1.2115625000000001 0.4302334570668738
1.2118750000000000 0.4302610242069511
1.2121875000000000 0.4302886303982946
1.2125000000000001 0.4303161981561276
1.2128125000000001 0.4303438041634308
1.2131250000000000 0.4303713725402144
1.2134374999999999 0.4303989783619399
1.2137500000000001 0.4304265473587037
1.2140625000000000 0.4304541529934974
1.2143750000000000 0.4304817226110677
1.2146874999999999 0.4305093280577956
1.2150000000000001 0.4305368982967646
1.2153125000000000 0.4305645035545441
1.2156250000000000 0.4305920744152379
1.2159375000000001 0.4306196794834646
1.2162500000000001 0.4306472509659177
1.2165625000000000 0.4306748558442919
1.2168749999999999 0.4307024279482241
1.2171875000000001 0.4307300326367707
1.2175000000000000 0.4307576053615682
1.2178125000000000 0.4307852098606543
1.2181250000000001 0.4308127832053510
1.2184375000000001 0.4308403875157060
1.2187500000000000 0.4308679614789697
1.2190624999999999 0.4308955656016922
1.2193750000000001 0.4309231401818140
1.2196875000000000 0.4309507441183868
1.2200000000000000 0.4309783193132709
1.2203125000000001 0.4310059230655661
1.2206250000000001 0.4310334988727250
1.2209375000000000 0.4310611024430093
1.2212499999999999 0.4310886788595578
1.2215625000000001 0.4311162822504975
1.2218750000000000 0.4311438592731509
1.2221875000000000 0.4311714624878122
1.2224999999999999 0.4311990401128872
1.2228125000000001 0.4312266431547334
1.2231250000000000 0.4312542213781497
1.2234375000000000 0.4312818242510413
1.2237500000000001 0.4313094030683234
1.2240625000000001 0.4313370057765131
1.2243750000000000 0.4313645851827981
1.2246874999999999 0.4313921877309227
1.2250000000000001 0.4314197677209650
1.2253125000000000 0.4314473701140424
1.2256250000000000 0.4314749506822206
1.2259375000000001 0.4315025529256376
1.2262500000000001 0.4315301340659658
1.2265625000000000 0.4315577361654724
1.2268749999999999 0.4315853178716065
1.2271875000000001 0.4316129198333029
1.2275000000000000 0.4316405020985555
1.2278125000000000 0.4316681039288811
1.2281250000000001 0.4316956867462297
1.2284375000000001 0.4317232884519541
1.2287500000000000 0.4317508718140521
1.2290624999999999 0.4317784734022628
1.2293750000000001 0.4318060573014543
1.2296875000000000 0.4318336587795406
1.2300000000000000 0.4318612432078728
1.2303124999999999 0.4318888445835168
1.2306250000000001 0.4319164295327492
1.2309375000000000 0.4319440308139137
1.2312500000000000 0.4319716162755353
1.2315625000000001 0.4319992174704476
1.2318750000000001 0.4320268034356853
1.2321875000000000 0.4320544045528287
1.2324999999999999 0.4320819910126622
1.2328125000000001 0.4321095920607625
1.2331250000000000 0.4321371790059342
1.2334375000000000 0.4321647799939469
1.2337500000000001 0.4321923674149764
1.2340625000000001 0.4322199683520757
1.2343750000000000 0.4322475562392687
1.2346874999999999 0.4322751571348368
1.2350000000000001 0.4323027454782959
1.2353125000000000 0.4323303463419152
1.2356250000000000 0.4323579351315485
1.2359375000000001 0.4323855359729895
1.2362500000000001 0.4324131251985215
1.2365625000000000 0.4324407260277340
1.2368749999999999 0.4324683156787153
1.2371875000000001 0.4324959165058211
1.2375000000000000 0.4325235065716321
1.2378125000000000 0.4325511074069184
1.2381249999999999 0.4325786978767787
1.2384375000000001 0.4326062987306920
1.2387500000000000 0.4326338895936641
1.2390625000000000 0.4326614904768054
1.2393750000000001 0.4326890817218010
1.2396875000000001 0.4327166826449192
1.2400000000000000 0.4327442742607017
1.2403124999999999 0.4327718752346951
1.2406250000000001 0.4327994672098818
1.2409375000000000 0.4328270682457923
1.2412500000000000 0.4328546605688567
1.2415625000000001 0.4328822616778703
1.2418750000000001 0.4329098543371431
1.2421875000000000 0.4329374555305895
1.2424999999999999 0.4329650485142554
1.2428125000000001 0.4329926498036104
1.2431250000000000 0.4330202430997104
1.2434375000000000 0.4330478444965953
1.2437500000000001 0.4330754380930196
1.2440625000000001 0.4331030396092087
1.2443750000000000 0.4331306334936964
1.2446874999999999 0.4331582351411168
1.2450000000000001 0.4331858293012505
1.2453125000000000 0.4332134310919898
1.2456250000000000 0.4332410255151872
1.2459374999999999 0.4332686274615013
1.2462500000000001 0.4332962221350108
1.2465625000000000 0.4333238242493274
1.2468750000000000 0.4333514191602199
1.2471875000000001 0.4333790214551499
1.2475000000000001 0.4334066165903109
1.2478125000000000 0.4334342190786546
1.2481249999999999 0.4334618144247750
1.2484375000000001 0.4334894171195328
1.2487500000000000 0.4335170126630982
1.2490625000000000 0.4335446155774811
1.2493750000000001 0.4335722113047607
1.2496875000000001 0.4335998144522016
1.2500000000000000 0.4336274103492378
1.2503124999999999 0.4336550137434030
1.2506250000000001 0.4336826097959999
1.2509375000000000 0.4337102134508004
1.2512500000000000 0.4337378096445087
1.2515625000000001 0.4337654135741149
1.2518750000000001 0.4337930098942228
1.2521875000000000 0.4338206141130738
1.2524999999999999 0.4338482105445920
1.2528125000000001 0.4338758150674135
1.2531250000000000 0.4339034115950604
1.2534375000000000 0.4339310164368749
1.2537499999999999 0.4339586130450661
1.2540625000000001 0.4339862182212066
1.2543750000000000 0.4340138148940397
1.2546875000000000 0.4340414204201644
1.2550000000000001 0.4340690171414066
1.2553125000000001 0.4340966230335105
1.2556250000000000 0.4341242197865841
1.2559374999999999 0.4341518260610147
1.2562500000000001 0.4341794228289837
1.2565625000000000 0.4342070295024528
1.2568750000000000 0.4342346262680116
1.2571875000000001 0.4342622333576073
1.2575000000000001 0.4342898301030665
1.2578125000000000 0.4343174376262667
1.2581249999999999 0.4343450343335426
1.2584375000000001 0.4343726423082260
1.2587500000000000 0.4344002389588283
1.2590625000000000 0.4344278474032845
1.2593750000000001 0.4344554439783072
1.2596875000000001 0.4344830529112480
1.2600000000000000 0.4345106493913584
1.2603124999999999 0.4345382588319261
1.2606250000000001 0.4345658551973560
1.2609375000000000 0.4345934651651335
1.2612500000000000 0.4346210613956714
1.2615624999999999 0.4346486719106871
1.2618750000000001 0.4346762679856744
1.2621875000000000 0.4347038790684080
1.2625000000000000 0.4347314749667291
1.2628125000000001 0.4347590866381192
1.2631250000000001 0.4347866823382008
1.2634375000000000 0.4348142946196464
1.2637499999999999 0.4348418900994525
1.2640625000000001 0.4348695030128149
1.2643750000000000 0.4348970982498466
1.2646875000000000 0.4349247118174508
1.2650000000000001 0.4349523067887473
1.2653125000000001 0.4349799210333796
1.2656250000000000 0.4350075157155199
1.2659374999999999 0.4350351306604249
1.2662500000000001 0.4350627250295316
1.2665625000000000 0.4350903406984081
1.2668750000000000 0.4351179347301532
1.2671875000000001 0.4351455511471482
1.2675000000000001 0.4351731448167589
1.2678125000000000 0.4352007620064591
1.2681249999999999 0.4352283552887284
1.2684375000000001 0.4352559732761489
1.2687500000000000 0.4352835661454486
1.2690625000000000 0.4353111849560201
1.2693749999999999 0.4353387773863126
1.2696875000000001 0.4353663970458670
1.2700000000000000 0.4353939890107219
1.2703125000000000 0.4354216095454770
1.2706250000000001 0.4354492010180871
1.2709375000000001 0.4354768224546274
1.2712500000000000 0.4355044134078294
1.2715624999999999 0.4355320357730839
1.2718750000000001 0.4355596261793820
1.2721875000000000 0.4355872495006011
1.2725000000000000 0.4356148393321893
1.2728125000000001 0.4356424636369234
1.2731250000000001 0.4356700528657094
1.2734375000000000 0.4356976781817777
1.2737499999999999 0.4357252667794166
1.2740625000000001 0.4357528931348782
1.2743750000000000 0.4357804810727995
1.2746875000000000 0.4358081084959230
1.2750000000000001 0.4358356957453638
1.2753125000000001 0.4358633242645926
1.2756250000000000 0.4358909107966339
1.2759374999999999 0.4359185404405506
1.2762500000000001 0.4359461262261506
1.2765625000000000 0.4359737570234407
1.2768750000000000 0.4360013420334770
1.2771874999999999 0.4360289740128878
1.2775000000000001 0.4360565582181951
1.2778125000000000 0.4360841914084950
1.2781250000000000 0.4361117747799095
1.2784375000000001 0.4361394092098449
1.2787500000000001 0.4361669917182466
1.2790625000000000 0.4361946274164973
1.2793749999999999 0.4362222090328552
1.2796875000000001 0.4362498460279887
1.2800000000000000 0.4362774267234092
1.2803125000000000 0.4363050650438329
1.2806250000000001 0.4363326447896053
1.2809375000000001 0.4363602844635185
1.2812500000000000 0.4363878632311659
1.2815624999999999 0.4364155042865100
1.2818750000000001 0.4364430820478390
1.2821875000000000 0.4364707245122460
1.2825000000000000 0.4364983012393979
1.2828125000000001 0.4365259451401407
1.2831250000000001 0.4365535208056413
1.2834375000000000 0.4365811661695812
1.2837499999999999 0.4366087407463957
1.2840625000000001 0.4366363875999292
1.2843750000000000 0.4366639610615130
1.2846875000000000 0.4366916094305208
1.2849999999999999 0.4367191817508704
1.2853125000000001 0.4367468316606660
1.2856250000000000 0.4367744028143734
1.2859375000000000 0.4368020542896492
1.2862500000000001 0.4368296242519507
1.2865625000000001 0.4368572773167299
1.2868750000000000 0.4368848460635589
1.2871874999999999 0.4369125007411420
1.2875000000000001 0.4369400682491774
1.2878125000000000 0.4369677245620962
1.2881250000000000 0.4369952908088120
1.2884375000000001 0.4370229487787776
1.2887500000000001 0.4370505137424900
1.2890625000000000 0.4370781733903516
1.2893749999999999 0.4371057370502635
1.2896875000000001 0.4371333983959577
1.2900000000000000 0.4371609607322051
1.2903125000000000 0.4371886237947178
1.2906250000000001 0.4372161847884083
1.2909375000000001 0.4372438495857327
1.2912500000000000 0.4372714092189862
1.2915624999999999 0.4372990757680858
1.2918750000000001 0.4373266340240684
1.2921875000000000 0.4373543023408428
1.2925000000000000 0.4373818592038027
1.2928124999999999 0.4374095293030550
1.2931250000000001 0.4374370847583499
1.2934375000000000 0.4374647566537599
1.2937500000000000 0.4374923106878854
1.2940625000000001 0.4375199843919838
1.2943750000000001 0.4375475369925942
1.2946875000000000 0.4375752125167427
1.2949999999999999 0.4376027636726706
1.2953125000000001 0.4376304410270450
1.2956250000000000 0.4376579907283165
1.2959375000000000 0.4376856699218947
1.2962500000000001 0.4377132181597368
1.2965625000000001 0.4377408992002928
1.2968750000000000 0.4377684459671390
1.2971874999999999 0.4377961288612386
1.2975000000000001 0.4378236741507309
1.2978125000000000 0.4378513589037349
1.2981250000000000 0.4378789027107167
1.2984375000000001 0.4379065893267886
1.2987500000000001 0.4379341316472946
1.2990625000000000 0.4379618201294130
1.2993749999999999 0.4379893609606562
1.2996875000000001 0.4380170513106320
1.3000000000000000 0.4380445906509807
1.3003125000000000 0.4380722828694827
1.3006249999999999 0.4380998207184327
1.3009375000000001 0.4381275148050180
1.3012500000000000 0.4381550511631619
1.3015625000000000 0.4381827471163081
1.3018750000000001 0.4382102819852970
1.3021875000000001 0.4382379798024462
1.3025000000000000 0.4382655131849441
1.3028124999999999 0.4382932128625496
1.3031250000000001 0.4383207447621840
1.3034375000000000 0.4383484462957623
1.3037500000000000 0.4383759767170682
1.3040625000000001 0.4384036801012605
1.3043750000000001 0.4384312090496175
1.3046875000000000 0.4384589142782512
1.3049999999999999 0.4384864417598180
1.3053125000000001 0.4385141488259799
1.3056250000000000 0.4385416748476187
1.3059375000000000 0.4385693837437299
1.3062500000000001 0.4385969083129282
1.3065625000000001 0.4386246190308262
1.3068750000000000 0.4386521421556114
1.3071874999999999 0.4386798546866394
1.3075000000000001 0.4387073763754892
1.3078125000000000 0.4387350907105870
1.3081250000000000 0.4387626109723331
1.3084374999999999 0.4387903271021352
1.3087500000000001 0.4388178459458648
1.3090625000000000 0.4388455638608035
1.3093750000000000 0.4388730812957531
1.3096875000000001 0.4389008009861652
1.3100000000000001 0.4389283170216106
1.3103125000000000 0.4389560384778499
1.3106249999999999 0.4389835531229952
1.3109375000000001 0.4390112763355455
1.3112500000000000 0.4390387895994029
1.3115625000000000 0.4390665145590005
1.3118750000000001 0.4390940264502710
1.3121875000000001 0.4391217531480252
1.3125000000000000 0.4391492636749745
1.3128124999999999 0.4391769921024920
1.3131250000000001 0.4392045012728241
1.3134375000000000 0.4392322314223393
1.3137500000000000 0.4392597392430667
1.3140625000000001 0.4392874711075691
1.3143750000000001 0.4393149775848829
1.3146875000000000 0.4393427111582512
1.3149999999999999 0.4393702162973889
1.3153125000000001 0.4393979515745204
1.3156250000000000 0.4394254553796331
1.3159375000000000 0.4394531923565794
1.3162499999999999 0.4394806948305980
1.3165625000000001 0.4395084335046961
1.3168750000000000 0.4395359346491994
1.3171875000000000 0.4395636750192072
1.3175000000000001 0.4395911748342883
1.3178125000000001 0.4396189169005133
1.3181250000000000 0.4396464153846492
1.3184374999999999 0.4396741591490801
1.3187500000000001 0.4397016562990034
1.3190625000000000 0.4397294017654387
1.3193750000000000 0.4397568975760088
1.3196875000000001 0.4397846447501815
1.3200000000000001 0.4398121392142615
1.3203125000000000 0.4398398881039627
1.3206249999999999 0.4398673812122987
1.3209375000000001 0.4398951318274936
1.3212500000000000 0.4399226235686001
1.3215625000000000 0.4399503759215458
1.3218750000000001 0.4399778662815882
1.3221875000000001 0.4400056203869412
1.3225000000000000 0.4400331093496360
1.3228124999999999 0.4400608652245551
1.3231250000000001 0.4400883527710665
1.3234375000000000 0.4401161104353102
1.3237500000000000 0.4401435965441548
1.3240624999999999 0.4401713560201742
1.3243750000000001 0.4401988406671345
1.3246875000000000 0.4402266019801574
1.3250000000000000 0.4402540851381999
1.3253125000000001 0.4402818483163048
1.3256250000000001 0.4403093299555104
1.3259375000000000 0.4403370950296960
1.3262499999999999 0.4403645751171953
1.3265625000000001 0.4403923421214397
1.3268750000000000 0.4404198206213567
1.3271875000000000 0.4404475895926694
1.3275000000000001 0.4404750664660749
1.3278125000000001 0.4405028374445356
1.3281250000000000 0.4405303126494148
1.3284374999999999 0.4405580856782065
1.3287500000000001 0.4405855591694292
1.3290625000000000 0.4406133342948569
1.3293750000000000 0.4406408060241640
1.3296875000000001 0.4406685832956664
1.3300000000000001 0.4406960532116663
1.3303125000000000 0.4407238326818136
1.3306249999999999 0.4407513007299848
1.3309375000000001 0.4407790824544688
1.3312500000000000 0.4408065485771815
1.3315625000000000 0.4408343326147902
1.3318749999999999 0.4408617967513334
1.3321875000000001 0.4408895831639159
1.3325000000000000 0.4409170452505405
1.3328125000000000 0.4409448341029593
1.3331250000000001 0.4409722940729305
1.3334375000000001 0.4410000854330045
1.3337500000000000 0.4410275432166642
1.3340624999999999 0.4410553371550976
1.3343750000000001 0.4410827926799442
1.3346875000000000 0.4411105892702415
1.3350000000000000 0.4411380424610187
1.3353125000000001 0.4411658417793912
1.3356250000000001 0.4411932925581883
1.3359375000000000 0.4412210946834453
1.3362499999999999 0.4412485429698121
1.3365625000000001 0.4412763479832421
1.3368750000000000 0.4413037936943137
1.3371875000000000 0.4413316016795530
1.3375000000000001 0.4413590447301859
1.3378125000000001 0.4413868557730780
1.3381250000000000 0.4414142960759971
1.3384374999999999 0.4414421102644361
1.3387500000000001 0.4414695477303996
1.3390625000000000 0.4414973651541652
1.3393750000000000 0.4415247996921290
1.3396874999999999 0.4415526204427107
1.3400000000000001 0.4415800519600172
1.3403125000000000 0.4416078761304266
1.3406250000000000 0.4416353045329904
1.3409375000000001 0.4416631322175647
1.3412500000000001 0.4416905574100788
1.3415625000000000 0.4417183887042749
1.3418749999999999 0.4417458105904187
1.3421875000000001 0.4417736455905955
1.3425000000000000 0.4418010640732595
1.3428125000000000 0.4418289028764528
1.3431250000000001 0.4418563178579645
1.3434375000000001 0.4418841605616557
1.3437500000000000 0.4419115719440175
1.3440624999999999 0.4419394186458921
1.3443750000000001 0.4419668263310253
1.3446875000000000 0.4419946771287249
1.3450000000000000 0.4420220810187215
1.3453125000000001 0.4420499360095893
1.3456250000000001 0.4420773360069685
1.3459375000000000 0.4421051952877895
1.3462499999999999 0.4421325912957620
1.3465625000000001 0.4421604549624981
1.3468750000000000 0.4421878468852317
1.3471875000000000 0.4422157150327507
1.3474999999999999 0.4422431027756423
1.3478125000000001 0.4422709754974480
1.3481250000000000 0.4422983589673978
1.3484375000000000 0.4423262363553514
1.3487500000000001 0.4423536154610406
1.3490625000000001 0.4423814976050837
1.3493750000000000 0.4424088722572528
1.3496874999999999 0.4424367592451278
1.3500000000000001 0.4424641293568570
1.3503125000000000 0.4424920212738269
1.3506250000000000 0.4425193867608153
1.3509375000000001 0.4425472836893841
1.3512500000000001 0.4425746444702293
1.3515625000000000 0.4426025464898655
1.3518749999999999 0.4426299024863394
1.3521875000000001 0.4426578096731970
1.3525000000000000 0.4426851608105240
1.3528125000000000 0.4427130732371697
1.3531250000000001 0.4427404194442962
1.3534375000000001 0.4427683371794398
1.3537500000000000 0.4427956783893030
1.3540624999999999 0.4428236014975320
1.3543750000000001 0.4428509376473230
1.3546875000000000 0.4428788661888406
1.3550000000000000 0.4429061972202620
1.3553124999999999 0.4429341312506352
1.3556250000000001 0.4429614571101514
1.3559375000000000 0.4429893966800610
1.3562500000000000 0.4430167173191432
1.3565625000000001 0.4430446624741458
1.3568750000000001 0.4430719778495061
1.3571875000000000 0.4430999286298029
1.3574999999999999 0.4431272387036220
1.3578125000000001 0.4431551951438336
1.3581250000000000 0.4431824998839808
1.3584375000000000 0.4432104620129365
1.3587500000000001 0.4432377613931748
1.3590625000000001 0.4432657292337095
1.3593750000000000 0.4432930232338929
1.3596874999999999 0.4433209968026572
1.3600000000000001 0.4433482854089154
1.3603125000000000 0.4433762647161962
1.3606250000000000 0.4434035479211074
1.3609375000000001 0.4434315329706611
1.3612500000000001 0.4434588107734144
1.3615625000000000 0.4434868015623113
1.3618749999999999 0.4435140739688521
1.3621875000000001 0.4435420704873380
1.3625000000000000 0.4435693375105018
1.3628125000000000 0.4435973397418711
1.3631249999999999 0.4436246014015027
1.3634375000000001 0.4436526093219872
1.3637500000000000 0.4436798656450454
1.3640625000000000 0.4437078792237154
1.3643750000000001 0.4437351302443623
1.3646875000000001 0.4437631494430466
1.3650000000000000 0.4437903952027221
1.3653124999999999 0.4438184199759396
1.3656250000000001 0.4438456605234201
1.3659375000000000 0.4438736908183326
1.3662500000000000 0.4439009262097706
1.3665625000000001 0.4439289619661462
1.3668750000000001 0.4439561922650999
1.3671875000000000 0.4439842334152961
1.3674999999999999 0.4440114586927367
1.3678125000000001 0.4440395051616980
1.3681250000000000 0.4440667254960048
1.3684375000000000 0.4440947772012788
1.3687500000000001 0.4441219926782145
1.3690625000000001 0.4441500495299816
1.3693750000000000 0.4441772602426539
1.3696874999999999 0.4442053221437774
1.3700000000000001 0.4442325281925797
1.3703125000000000 0.4442605950386720
1.3706250000000000 0.4442877965312129
1.3709374999999999 0.4443158682107123
1.3712500000000001 0.4443430652617257
1.3715625000000000 0.4443711416559991
1.3718750000000000 0.4443983343872356
1.3721875000000001 0.4444264153706887
1.3725000000000001 0.4444536039107984
1.3728125000000000 0.4444816893510076
1.3731249999999999 0.4445088738353982
1.3734375000000001 0.4445369635932555
1.3737500000000000 0.4445641441639410
1.3740625000000000 0.4445922380938149
1.3743750000000001 0.4446194148992477
1.3746875000000001 0.4446475128491584
1.3750000000000000 0.4446746860440445
1.3753124999999999 0.4447027878558560
1.3756250000000001 0.4447299576009587
1.3759375000000000 0.4447580631105802
1.3762500000000000 0.4447852295725090
1.3765625000000001 0.4448133386101167
1.3768750000000001 0.4448405019611018
1.3771875000000000 0.4448686143513673
1.3774999999999999 0.4448957747690211
1.3778125000000001 0.4449238903313575
1.3781250000000000 0.4449510479984264
1.3784375000000000 0.4449791665472429
1.3787499999999999 0.4450063216513446
1.3790625000000001 0.4450344429963139
1.3793750000000000 0.4450615957296644
1.3796875000000000 0.4450897196760010
1.3800000000000001 0.4451168702351335
1.3803125000000001 0.4451449965838796
1.3806250000000000 0.4451721451693509
1.3809374999999999 0.4452002737176764
1.3812500000000001 0.4452274205337642
1.3815625000000000 0.4452555510752708
1.3818750000000000 0.4452826963296658
1.3821875000000001 0.4453108286547004
1.3825000000000001 0.4453379725581884
1.3828125000000000 0.4453661064541642
1.3831249999999999 0.4453932492203024
1.3834375000000001 0.4454213844720255
1.3837500000000000 0.4454485263168132
1.3840625000000000 0.4454766627068131
1.3843750000000001 0.4455038038483588
1.3846875000000001 0.4455319411572263
1.3850000000000000 0.4455590818154069
1.3853124999999999 0.4455872198221341
1.3856250000000001 0.4456143602182546
1.3859375000000000 0.4456424987005783
1.3862500000000000 0.4456696390570263
1.3865624999999999 0.4456977777917736
1.3868750000000001 0.4457249183316727
1.3871875000000000 0.4457530570951084
1.3875000000000000 0.4457801980419721
1.3878125000000001 0.4458083366101441
1.3881250000000001 0.4458354781875305
1.3884375000000000 0.4458636163366161
1.3887499999999999 0.4458907587677786
1.3890625000000001 0.4459188962744324
1.3893750000000000 0.4459460397819774
1.3896875000000000 0.4459741764236713
1.3900000000000001 0.4460013212292166
1.3903125000000001 0.4460294567845819
1.3906250000000000 0.4460566031084185
1.3909374999999999 0.4460847373575820
1.3912500000000001 0.4461118854183357
1.3915625000000000 0.4461400181432537
1.3918750000000000 0.4461671681575611
1.3921875000000001 0.4461952991423421
1.3925000000000001 0.4462224513245230
1.3928125000000000 0.4462505803557534
1.3931249999999999 0.4462777349174932
1.3934375000000001 0.4463058617845487
1.3937500000000000 0.4463330189345890
1.3940625000000000 0.4463611434299428
1.3943749999999999 0.4463883033737769
1.3946875000000001 0.4464164252932997
1.3950000000000000 0.4464435882328782
1.3953125000000000 0.4464717073761250
1.3956250000000001 0.4464988735095712
1.3959375000000001 0.4465269896800679
1.3962500000000000 0.4465541592013983
1.3965624999999999 0.4465822722069085
1.3968750000000001 0.4466094453057693
1.3971875000000000 0.4466375549585586
1.3975000000000000 0.4466647318199691
1.3978125000000001 0.4466928379370532
1.3981250000000001 0.4467200187411600
1.3984375000000000 0.4467481211445441
1.3987499999999999 0.4467753060663908
1.3990625000000001 0.4468034045832988
1.3993750000000000 0.4468305937925990
1.3996875000000000 0.4468586882556883
1.4000000000000001 0.4468858819166220
1.4003125000000001 0.4469139721641842
1.4006250000000000 0.4469411704351997
1.4009374999999999 0.4469692563113515
1.4012500000000001 0.4469964593449806
1.4015625000000000 0.4470245406998432
1.4018750000000000 0.4470517486425313
1.4021874999999999 0.4470798253323919
1.4025000000000001 0.4471070383243404
1.4028125000000000 0.4471351102118045
1.4031250000000000 0.4471623283868275
1.4034375000000001 0.4471903953409550
1.4037500000000001 0.4472176188263475
1.4040625000000000 0.4472456807227774
1.4043749999999999 0.4472729096391997
1.4046875000000001 0.4473009663602583
1.4050000000000000 0.4473282008216348
1.4053125000000000 0.4473562522564304
1.4056250000000001 0.4473834923698589
1.4059375000000001 0.4474115384143685
1.4062500000000000 0.4474387842800434
1.4065624999999999 0.4474668248371771
1.4068750000000001 0.4474940765483305
1.4071875000000000 0.4475221115279873
1.4075000000000000 0.4475493691708400
1.4078125000000001 0.4475773984899511
1.4081250000000001 0.4476046621436767
1.4084375000000000 0.4476326857262307
1.4087499999999999 0.4476599554629354
1.4090625000000001 0.4476879732399958
1.4093750000000000 0.4477152491247096
1.4096875000000000 0.4477432610344154
1.4099999999999999 0.4477705431250947
1.4103125000000001 0.4477985491126510
1.4106250000000000 0.4478258374601990
1.4109375000000000 0.4478538374778527
1.4112500000000001 0.4478811321261444
1.4115625000000001 0.4479091261331498
1.4118750000000000 0.4479364271190762
1.4121874999999999 0.4479644150816490
1.4125000000000001 0.4479917224351675
1.4128125000000000 0.4480197043264258
1.4131250000000000 0.4480470180706235
1.4134375000000001 0.4480749938705184
1.4137500000000001 0.4481023140216899
1.4140625000000000 0.4481302837169264
1.4143749999999999 0.4481576102846552
1.4146875000000001 0.4481855738686017
1.4150000000000000 0.4482129068558567
1.4153125000000000 0.4482408643284467
1.4156250000000001 0.4482682037316852
1.4159375000000001 0.4482961550993066
1.4162500000000000 0.4483235009085894
1.4165624999999999 0.4483514461839687
1.4168750000000001 0.4483787983830800
1.4171875000000000 0.4484067375851549
1.4175000000000000 0.4484340961517346
1.4178124999999999 0.4484620293055198
1.4181250000000001 0.4484893942112003
1.4184375000000000 0.4485173213476471
1.4187500000000000 0.4485446925581965
1.4190625000000001 0.4485726137140456
1.4193750000000001 0.4485999911895198
1.4196875000000000 0.4486279064071460
1.4199999999999999 0.4486552901020464
1.4203125000000001 0.4486831994292984
1.4206250000000000 0.4487105892927361
1.4209375000000000 0.4487384927827697
1.4212500000000001 0.4487658887586316
1.4215625000000001 0.4487937864697408
1.4218750000000000 0.4488211884968632
1.4221874999999999 0.4488490804923055
1.4225000000000001 0.4488764885046503
1.4228125000000000 0.4489043748524673
1.4231250000000000 0.4489317887793032
1.4234375000000001 0.4489596695521389
1.4237500000000001 0.4489870893182240
1.4240625000000000 0.4490149645931398
1.4243749999999999 0.4490423901189089
1.4246875000000001 0.4490702599771971
1.4250000000000000 0.4490976911789478
1.4253125000000000 0.4491255557059417
1.4256249999999999 0.4491529924960261
1.4259375000000001 0.4491808517809095
1.4262500000000000 0.4492082940679260
1.4265625000000000 0.4492361482035415
1.4268750000000001 0.4492635958925242
1.4271875000000001 0.4492914449751819
1.4275000000000000 0.4493188979677953
1.4278124999999999 0.4493467420970792
1.4281250000000001 0.4493742002918094
1.4284375000000000 0.4494020395703853
1.4287500000000000 0.4494295028627331
1.4290625000000001 0.4494573373961559
1.4293750000000001 0.4494848056788296
1.4296875000000000 0.4495126355753535
1.4299999999999999 0.4495401087384550
1.4303125000000001 0.4495679341088437
1.4306250000000000 0.4495954120400618
1.4309375000000000 0.4496232329974005
1.4312500000000001 0.4496507155821960
1.4315625000000001 0.4496785322417034
1.4318750000000000 0.4497060193634945
1.4321874999999999 0.4497338318423415
1.4325000000000001 0.4497613233826866
1.4328125000000000 0.4497891317998130
1.4331250000000000 0.4498166276385918
1.4334374999999999 0.4498444321145266
1.4337500000000001 0.4498719321301181
1.4340625000000000 0.4498997327868035
1.4343750000000000 0.4499272368562601
1.4346875000000001 0.4499550338168798
1.4350000000000001 0.4499825418160984
1.4353125000000000 0.4500103352049055
1.4356249999999999 0.4500378470087976
1.4359375000000001 0.4500656369509501
1.4362500000000000 0.4500931524336036
1.4365625000000000 0.4501209390549997
1.4368750000000001 0.4501484580898437
1.4371875000000001 0.4501762415169632
1.4375000000000000 0.4502037639769220
1.4378124999999999 0.4502315443366722
1.4381250000000001 0.4502590700943198
1.4384375000000000 0.4502868475138824
1.4387500000000000 0.4503143764415937
1.4390625000000001 0.4503421510482761
1.4393750000000001 0.4503696830183714
1.4396875000000000 0.4503974549394662
1.4399999999999999 0.4504249898243515
1.4403125000000001 0.4504527591869940
1.4406250000000000 0.4504802968593009
1.4409375000000000 0.4505080637903357
1.4412499999999999 0.4505356041230533
1.4415625000000001 0.4505633687489017
1.4418750000000000 0.4505909116155048
1.4421875000000000 0.4506186740620401
1.4425000000000001 0.4506462193366159
1.4428125000000001 0.4506739797290374
1.4431250000000000 0.4507015272864054
1.4434374999999999 0.4507292857491217
1.4437500000000001 0.4507568354649518
1.4440625000000000 0.4507845921214642
1.4443750000000000 0.4508121438723884
1.4446875000000001 0.4508398988451814
1.4450000000000001 0.4508674525089015
1.4453125000000000 0.4508952059193380
1.4456249999999999 0.4509227613747313
1.4459375000000001 0.4509505133429462
1.4462500000000000 0.4509780704701675
1.4465625000000000 0.4510058211149711
1.4468750000000001 0.4510333797955470
1.4471875000000001 0.4510611292343299
1.4475000000000000 0.4510886893512535
1.4478124999999999 0.4511164376998957
1.4481250000000001 0.4511439991377152
1.4484375000000000 0.4511717465104976
1.4487500000000000 0.4511993091554016
1.4490624999999999 0.4512270556649234
1.4493750000000001 0.4512546194048251
1.4496875000000000 0.4512823651619217
1.4500000000000000 0.4513099298865350
1.4503125000000001 0.4513376750002033
1.4506250000000001 0.4513652406011182
1.4509375000000000 0.4513929851784430
1.4512499999999999 0.4514205515491980
1.4515625000000001 0.4514482956952810
1.4518750000000000 0.4514758627314304
1.4521875000000000 0.4515036065493254
1.4525000000000001 0.4515311741485037
1.4528125000000001 0.4515589177391517
1.4531250000000000 0.4515864858011376
1.4534374999999999 0.4516142292633070
1.4537500000000001 0.4516417976900799
1.4540625000000000 0.4516695411203105
1.4543750000000000 0.4516971098161072
1.4546875000000001 0.4517248533086538
1.4550000000000001 0.4517524221800205
1.4553125000000000 0.4517801658268042
1.4556249999999999 0.4518077347826466
1.4559375000000001 0.4518354786732061
1.4562500000000000 0.4518630476248341
1.4565625000000000 0.4518907918462813
1.4568749999999999 0.4519183607074540
1.4571875000000001 0.4519461053444299
1.4575000000000000 0.4519736740313971
1.4578125000000000 0.4520014191660358
1.4581250000000001 0.4520289875975721
1.4584375000000001 0.4520567333094618
1.4587500000000000 0.4520843014069075
1.4590624999999999 0.4521120477730562
1.4593750000000001 0.4521396154603443
1.4596875000000000 0.4521673625551533
1.4600000000000000 0.4521949297588397
1.4603125000000001 0.4522226776540719
1.4606250000000001 0.4522502443033641
1.4609375000000000 0.4522779930681204
1.4612499999999999 0.4523055590948977
1.4615625000000001 0.4523333087955959
1.4618750000000000 0.4523608741344330
1.4621875000000000 0.4523886248347868
1.4625000000000001 0.4524161894229683
1.4628125000000001 0.4524439411839746
1.4631250000000000 0.4524715049615113
1.4634374999999999 0.4524992578414327
1.4637500000000001 0.4525268207510746
1.4640625000000000 0.4525545748054331
1.4643750000000000 0.4525821367926742
1.4646874999999999 0.4526098920742413
1.4650000000000001 0.4526374530873290
1.4653125000000000 0.4526652096461243
1.4656250000000000 0.4526927696360584
1.4659375000000001 0.4527205275193479
1.4662500000000001 0.4527480864398813
1.4665625000000000 0.4527758456921797
1.4668749999999999 0.4528034034998151
1.4671875000000001 0.4528311641628905
1.4675000000000000 0.4528587208168715
1.4678125000000000 0.4528864829297577
1.4681250000000001 0.4529140383920564
1.4684375000000001 0.4529418019910643
1.4687500000000000 0.4529693562263702
1.4690624999999999 0.4529971213451027
1.4693750000000001 0.4530246743208020
1.4696875000000000 0.4530524409901749
1.4700000000000000 0.4530799926763295
1.4703125000000001 0.4531077609245968
1.4706250000000001 0.4531353112939194
1.4709375000000000 0.4531630811466970
1.4712499999999999 0.4531906301745212
1.4715625000000001 0.4532184016548210
1.4718750000000000 0.4532459493190694
1.4721875000000000 0.4532737224473313
1.4724999999999999 0.4533012687284790
1.4728125000000001 0.4533290435226120
1.4731250000000000 0.4533565884036434
1.4734375000000000 0.4533843648790682
1.4737500000000001 0.4534119083454353
1.4740625000000001 0.4534396865151283
1.4743750000000000 0.4534672285547008
1.4746874999999999 0.4534950084292482
1.4750000000000001 0.4535225490322597
1.4753125000000000 0.4535503306199113
1.4756250000000000 0.4535778697789034
1.4759375000000001 0.4536056530856313
1.4762500000000001 0.4536331907953910
1.4765625000000000 0.4536609758249533
1.4768749999999999 0.4536885120824506
1.4771875000000001 0.4537162988364576
1.4775000000000000 0.4537438336407746
1.4778125000000000 0.4537716221187595
1.4781250000000001 0.4537991554710172
1.4784375000000001 0.4538269456705151
1.4787500000000000 0.4538544775737941
1.4790624999999999 0.4538822694904184
1.4793750000000001 0.4539097999496798
1.4796875000000000 0.4539375935772076
1.4800000000000000 0.4539651225992055
1.4803124999999999 0.4539929179296648
1.4806250000000001 0.4540204455228569
1.4809375000000000 0.4540482425466190
1.4812500000000000 0.4540757687210726
1.4815625000000001 0.4541035674269472
1.4818750000000001 0.4541310921942419
1.4821875000000000 0.4541588925695769
1.4824999999999999 0.4541864159427033
1.4828125000000001 0.4542142179734882
1.4831250000000000 0.4542417399667407
1.4834375000000000 0.4542695436377149
1.4837500000000001 0.4542970642665859
1.4840625000000001 0.4543248695613472
1.4843750000000000 0.4543523888424129
1.4846874999999999 0.4543801957435321
1.4850000000000001 0.4544077136943367
1.4853125000000000 0.4544355221834759
1.4856250000000000 0.4544630388224150
1.4859375000000001 0.4544908488804456
1.4862500000000001 0.4545183642266423
1.4865625000000000 0.4545461758337700
1.4868749999999999 0.4545736899069516
1.4871875000000001 0.4546015030428419
1.4875000000000000 0.4546290158632111
1.4878125000000000 0.4546568305071186
1.4881249999999999 0.4546843420952258
1.4884375000000001 0.4547121582261221
1.4887500000000000 0.4547396686027331
1.4890625000000000 0.4547674861994420
1.4893750000000001 0.4547949953854050
1.4896875000000001 0.4548228144267358
1.4900000000000000 0.4548503224428435
1.4903124999999999 0.4548781429077280
1.4906250000000001 0.4549056497745843
1.4909375000000000 0.4549334716422140
1.4912500000000000 0.4549609773800929
1.4915625000000001 0.4549888006300566
1.4918750000000001 0.4550163052587655
1.4921875000000000 0.4550441298711902
1.4924999999999999 0.4550716334099296
1.4928125000000001 0.4550994593656171
1.4931250000000000 0.4551269618328416
1.4934375000000000 0.4551547891134123
1.4937500000000001 0.4551822905266888
1.4940625000000001 0.4552101191147186
1.4943750000000000 0.4552376194905892
1.4946874999999999 0.4552654493697489
1.4950000000000001 0.4552929487235899
1.4953125000000000 0.4553207798787857
1.4956250000000000 0.4553482782246725
1.4959375000000001 0.4553761106421796
1.4962500000000001 0.4554036079927473
1.4965625000000000 0.4554314416603494
1.4968750000000000 0.4554589380266603
1.4971875000000001 0.4554867729337805
1.4975000000000001 0.4555142683251885
1.4978125000000000 0.4555421044630239
1.4981249999999999 0.4555695988870465
1.4984375000000001 0.4555974362486959
1.4987500000000000 0.4556249297108847
1.4990625000000000 0.4556527682914737
1.4993750000000001 0.4556802607952907
1.4996875000000001 0.4557081005920985
1.5000000000000000 0.4557355921387924
1.5003124999999999 0.4557634331513697
1.5006250000000001 0.4557909237398596
1.5009375000000000 0.4558187659701438
1.5012500000000000 0.4558462555969046
1.5015625000000001 0.4558740990493347
1.5018750000000001 0.4559015877082868
1.5021875000000000 0.4559294323899082
1.5024999999999999 0.4559569200723116
1.5028125000000001 0.4559847659928811
1.5031250000000000 0.4560122526872384
1.5034375000000000 0.4560400998593182
1.5037500000000001 0.4560675855512777
1.5040625000000001 0.4560954339903305
1.5043750000000000 0.4561229186625966
1.5046875000000000 0.4561507683870704
1.5050000000000001 0.4561782520193209
1.5053125000000001 0.4562061030507314
1.5056250000000000 0.4562335856195390
1.5059374999999999 0.4562614379825427
1.5062500000000001 0.4562889194613056
1.5065625000000000 0.4563167731837657
1.5068750000000000 0.4563442535426428
1.5071875000000001 0.4563721086556934
1.5075000000000001 0.4563995878615447
1.5078125000000000 0.4564274443996439
1.5081249999999999 0.4564549224159830
1.5084375000000001 0.4564827804169573
1.5087500000000000 0.4565102572039069
1.5090625000000000 0.4565381167089947
1.5093750000000001 0.4565655922232504
1.5096875000000001 0.4565934532771294
1.5100000000000000 0.4566209274719341
1.5103124999999999 0.4566487901227472
1.5106250000000001 0.4566762629478693
1.5109375000000000 0.4567041272472426
1.5112500000000000 0.4567315986489621
1.5115625000000001 0.4567594646520096
1.5118750000000001 0.4567869345731203
1.5121875000000000 0.4568148023384445
1.5125000000000000 0.4568422707182503
1.5128125000000001 0.4568701403079368
1.5131250000000001 0.4568976070822708
1.5134375000000000 0.4569254785618670
1.5137499999999999 0.4569529436631096
1.5140625000000001 0.4569808171016020
1.5143750000000000 0.4570082804587101
1.5146875000000000 0.4570361559284917
1.5150000000000001 0.4570636174670367
1.5153125000000001 0.4570914950438625
1.5156250000000000 0.4571189546860785
1.5159374999999999 0.4571468344490161
1.5162500000000001 0.4571742921138520
1.5165625000000000 0.4572021741452222
1.5168750000000000 0.4572296297484078
1.5171875000000001 0.4572575141337172
1.5175000000000001 0.4572849675878327
1.5178125000000000 0.4573128544156977
1.5181249999999999 0.4573403056302545
1.5184375000000001 0.4573681949923169
1.5187500000000000 0.4573956438738471
1.5190625000000000 0.4574235358646822
1.5193750000000001 0.4574509823168332
1.5196875000000001 0.4574788770338489
1.5200000000000000 0.4575063209574894
1.5203125000000000 0.4575342185008172
1.5206250000000001 0.4575616597941490
1.5209375000000001 0.4575895602665281
1.5212500000000000 0.4576169988252071
1.5215624999999999 0.4576449023318602
1.5218750000000001 0.4576723380491229
1.5221875000000000 0.4577002446976252
1.5225000000000000 0.4577276774644252
1.5228125000000001 0.4577555873645653
1.5231250000000001 0.4577830170697144
1.5234375000000000 0.4578109303333480
1.5237499999999999 0.4578383568636658
1.5240625000000001 0.4578662736045649
1.5243750000000000 0.4578936968450352
1.5246875000000000 0.4579216171787260
1.5250000000000001 0.4579490370126589
1.5253125000000001 0.4579769610562593
1.5256250000000000 0.4580043773654592
1.5259374999999999 0.4580323052375047
1.5262500000000001 0.4580597179024466
1.5265625000000000 0.4580876497227145
1.5268750000000000 0.4581150586227221
1.5271875000000001 0.4581429945120480
1.5275000000000001 0.4581703995254798
1.5278125000000000 0.4581983396055710
1.5281250000000000 0.4582257406100100
1.5284375000000001 0.4582536850032520
1.5287500000000001 0.4582810818757005
1.5290625000000000 0.4583090307049602
1.5293749999999999 0.4583364233220402
1.5296875000000001 0.4583643767104654
1.5300000000000000 0.4583917649486187
1.5303125000000000 0.4584197230194323
1.5306250000000001 0.4584471067551311
1.5309375000000001 0.4584750696314235
1.5312500000000000 0.4585024487413759
1.5315624999999999 0.4585304165458947
1.5318750000000001 0.4585577909072600
1.5321875000000000 0.4585857637621953
1.5325000000000000 0.4586131332527966
1.5328125000000001 0.4586411112795646
1.5331250000000001 0.4586684757781088
1.5334375000000000 0.4586964590971362
1.5337499999999999 0.4587238184834284
1.5340625000000001 0.4587518072139310
1.5343750000000000 0.4587791613690982
1.5346875000000000 0.4588071556288616
1.5350000000000001 0.4588345044355698
1.5353125000000001 0.4588625043407304
1.5356250000000000 0.4588898476834067
1.5359375000000000 0.4589178533482280
1.5362500000000001 0.4589451911132827
1.5365625000000001 0.4589732026499372
1.5368750000000000 0.4590005347259810
1.5371874999999999 0.4590285522443278
1.5375000000000001 0.4590558785223963
1.5378125000000000 0.4590839021297631
1.5381250000000000 0.4591112225035300
1.5384375000000001 0.4591392523044971
1.5387500000000001 0.4591665666704932
1.5390625000000000 0.4591946027666758
1.5393749999999999 0.4592219110245038
1.5396875000000001 0.4592499535143397
1.5400000000000000 0.4592772555668856
1.5403125000000000 0.4593053045454236
1.5406250000000001 0.4593326002990673
1.5409375000000001 0.4593606558577585
1.5412500000000000 0.4593879452225784
1.5415624999999999 0.4594160074490768
1.5418750000000001 0.4594432903390511
1.5421875000000000 0.4594713593170077
1.5425000000000000 0.4594986356502150
1.5428125000000001 0.4595267114590846
1.5431250000000001 0.4595539811578976
1.5434375000000000 0.4595820638727456
1.5437500000000000 0.4596093268640200
1.5440625000000001 0.4596374165553365
1.5443750000000001 0.4596646727705934
1.5446875000000000 0.4596927695041126
1.5449999999999999 0.4597200188797189
1.5453125000000001 0.4597481227162425
1.5456250000000000 0.4597753651935840
1.5459375000000000 0.4598034761888111
1.5462500000000001 0.4598307117144571
1.5465625000000001 0.4598588299188217
1.5468750000000000 0.4598860584446872
1.5471874999999999 0.4599141839032009
1.5475000000000001 0.4599414053866988
1.5478125000000000 0.4599695381388009
1.5481250000000000 0.4599967525429884
1.5484375000000001 0.4600248926224044
1.5487500000000001 0.4600520999161214
1.5490625000000000 0.4600802473507260
1.5493749999999999 0.4601074475087281
1.5496875000000001 0.4601356023204197
1.5500000000000000 0.4601627953234987
1.5503125000000000 0.4601909575280804
1.5506250000000001 0.4602181433631814
1.5509375000000001 0.4602463129702470
1.5512500000000000 0.4602734916305746
1.5515625000000000 0.4603016686434117
1.5518750000000001 0.4603288401285275
1.5521875000000001 0.4603570245440169
1.5525000000000000 0.4603841888599308
1.5528124999999999 0.4604123806684677
1.5531250000000001 0.4604395378277151
1.5534375000000000 0.4604677370131299
1.5537500000000000 0.4604948870348452
1.5540625000000001 0.4605230935743390
1.5543750000000001 0.4605502364843169
1.5546875000000000 0.4605784503484017
1.5549999999999999 0.4606055861791479
1.5553125000000001 0.4606338073316042
1.5556250000000000 0.4606609361223801
1.5559375000000000 0.4606891645202139
1.5562500000000001 0.4607162863170672
1.5565625000000001 0.4607445219104861
1.5568750000000000 0.4607716367662751
1.5571874999999999 0.4607998794986680
1.5575000000000001 0.4608269874730742
1.5578125000000000 0.4608552372810045
1.5581250000000000 0.4608823384405368
1.5584375000000001 0.4609105952537420
1.5587500000000001 0.4609376896717289
1.5590625000000000 0.4609659534131348
1.5593750000000000 0.4609930411697080
1.5596875000000001 0.4610213117554501
1.5600000000000001 0.4610483929375155
1.5603125000000000 0.4610766702769713
1.5606249999999999 0.4611037449781751
1.5609375000000001 0.4611320289740050
1.5612500000000000 0.4611590972946847
1.5615625000000000 0.4611873878428848
1.5618750000000001 0.4612144498900120
1.5621875000000001 0.4612427468799757
1.5625000000000000 0.4612698027670920
1.5628124999999999 0.4612981060816819
1.5631250000000001 0.4613251559288182
1.5634375000000000 0.4613534654444479
1.5637500000000000 0.4613805093780417
1.5640625000000001 0.4614088249647660
1.5643750000000001 0.4614358631175628
1.5646875000000000 0.4614641846391789
1.5649999999999999 0.4614912171501296
1.5653125000000001 0.4615195444642864
1.5656250000000000 0.4615465714784316
1.5659375000000000 0.4615749044367498
1.5662500000000001 0.4616019261050935
1.5665625000000001 0.4616302645532949
1.5668750000000000 0.4616572810326753
1.5671875000000000 0.4616856248107168
1.5675000000000001 0.4617126362636635
1.5678125000000001 0.4617409852058855
1.5681250000000000 0.4617679918004703
1.5684374999999999 0.4617963457357490
1.5687500000000001 0.4618233476454252
1.5690625000000000 0.4618517063973376
1.5693750000000000 0.4618787038007761
1.5696875000000001 0.4619070671877674
1.5700000000000001 0.4619340602686819
1.5703125000000000 0.4619624281042445
1.5706249999999999 0.4619894170512105
1.5709375000000001 0.4620177891440687
1.5712500000000000 0.4620447741503342
1.5715625000000000 0.4620731503046376
1.5718750000000001 0.4621001315679265
1.5721875000000001 0.4621285115834477
1.5725000000000000 0.4621554893057601
1.5728124999999999 0.4621838729781003
1.5731250000000001 0.4622108473655012
1.5734375000000000 0.4622392344863040
1.5737500000000000 0.4622662057487087
1.5740625000000001 0.4622945961058746
1.5743750000000001 0.4623215644568320
1.5746875000000000 0.4623499578347414
1.5750000000000000 0.4623769234912067
1.5753125000000001 0.4624053196709474
1.5756250000000001 0.4624322828530529
1.5759375000000000 0.4624606816126545
1.5762499999999999 0.4624876425434714
1.5765625000000001 0.4625160436581415
1.5768750000000000 0.4625430025634460
1.5771875000000000 0.4625714058058081
1.5775000000000001 0.4625983629138375
1.5778125000000001 0.4626267680541771
1.5781250000000000 0.4626537235953846
1.5784374999999999 0.4626821304018950
1.5787500000000001 0.4627090846086995
1.5790625000000000 0.4627374928477337
1.5793750000000000 0.4627644459542725
1.5796875000000001 0.4627928553905906
1.5800000000000001 0.4628198076324628
1.5803125000000000 0.4628482180294925
1.5806249999999999 0.4628751696435059
1.5809375000000001 0.4629035807635914
1.5812500000000000 0.4629305319875072
1.5815625000000000 0.4629589435921691
1.5818750000000001 0.4629858946644446
1.5821875000000001 0.4630143065146358
1.5825000000000000 0.4630412576741682
1.5828125000000000 0.4630696695305297
1.5831250000000001 0.4630966210163996
1.5834375000000001 0.4631250326395170
1.5837500000000000 0.4631519846907311
1.5840624999999999 0.4631803958413934
1.5843750000000001 0.4632073486966296
1.5846875000000000 0.4632357591360802
1.5850000000000000 0.4632627130334337
1.5853125000000001 0.4632911225236268
1.5856250000000001 0.4633180777003568
1.5859375000000000 0.4633464860042074
1.5862499999999999 0.4633734426964861
1.5865625000000001 0.4634018495781204
1.5868750000000000 0.4634288080207885
1.5871875000000000 0.4634572132457871
1.5875000000000001 0.4634841736721055
1.5878125000000001 0.4635125770077501
1.5881250000000000 0.4635395396491605
1.5884374999999999 0.4635679408646720
1.5887500000000001 0.4635949059505581
1.5890625000000000 0.4636233048173319
1.5893750000000000 0.4636502725747861
1.5896875000000001 0.4636786688666262
1.5900000000000001 0.4637056395202179
1.5903125000000000 0.4637340330135623
1.5906250000000000 0.4637610067851164
1.5909375000000001 0.4637893972592597
1.5912500000000001 0.4638163743676338
1.5915625000000000 0.4638447616049458
1.5918749999999999 0.4638717422658189
1.5921875000000001 0.4639001260519517
1.5925000000000000 0.4639271104776122
1.5928125000000000 0.4639554906017119
1.5931250000000001 0.4639824790008583
1.5934375000000001 0.4640108552557596
1.5937500000000000 0.4640378478333025
1.5940624999999999 0.4640662200157242
1.5943750000000001 0.4640932169725964
1.5946875000000000 0.4641215848833264
1.5950000000000000 0.4641485864163011
1.5953125000000001 0.4641769498603772
1.5956250000000001 0.4642039561618901
1.5959375000000000 0.4642323149487720
1.5962499999999999 0.4642593262067551
1.5965625000000001 0.4642876801504884
1.5968750000000000 0.4643146965482073
1.5971875000000000 0.4643430454675814
1.5975000000000001 0.4643700671834813
1.5978125000000001 0.4643984109021801
1.5981250000000000 0.4644254381097415
1.5984375000000000 0.4644537764564837
1.5987500000000001 0.4644808093240844
1.5990625000000001 0.4645091421327569
1.5993750000000000 0.4645361808235419
1.5996874999999999 0.4645645079333260
1.6000000000000001 0.4645915526050865
1.6003125000000000 0.4646198738605755
1.6006250000000000 0.4646469246656364
1.6009375000000001 0.4646752399169429
1.6012500000000001 0.4647022970020576
1.6015625000000000 0.4647306061049153
1.6018749999999999 0.4647576696111702
1.6021875000000001 0.4647859724270230
1.6025000000000000 0.4648130424897518
1.6028125000000000 0.4648413388858389
1.6031250000000001 0.4648684156345412
1.6034375000000001 0.4648967054839703
1.6037500000000000 0.4649237890422436
1.6040624999999999 0.4649520722240580
1.6043750000000001 0.4649791627095340
1.6046875000000000 0.4650074391087690
1.6050000000000000 0.4650345366330642
1.6053125000000001 0.4650628061407939
1.6056250000000001 0.4650899108094629
1.6059375000000000 0.4651181733228425
1.6062500000000000 0.4651452852353429
1.6065625000000001 0.4651735406576401
1.6068750000000001 0.4652006599073046
1.6071875000000000 0.4652289081479203
1.6074999999999999 0.4652560348219402
1.6078125000000001 0.4652842757964248
1.6081250000000000 0.4653114099758389
1.6084375000000000 0.4653396436058963
1.6087500000000001 0.4653667853655877
1.6090625000000001 0.4653950115790773
1.6093750000000000 0.4654221609877789
1.6096874999999999 0.4654503797187026
1.6100000000000001 0.4654775368390131
1.6103125000000000 0.4655057480274982
1.6106250000000000 0.4655329129159023
1.6109375000000001 0.4655611165081771
1.6112500000000001 0.4655882892150738
1.6115625000000000 0.4656164851634327
1.6118749999999999 0.4656436657331748
1.6121875000000001 0.4656718539959391
1.6125000000000000 0.4656990424668760
1.6128125000000000 0.4657272230083463
1.6131250000000001 0.4657544194128739
1.6134375000000001 0.4657825922032740
1.6137500000000000 0.4658097965678943
1.6140625000000000 0.4658379615833128
1.6143750000000001 0.4658651739286978
1.6146875000000001 0.4658933311510173
1.6150000000000000 0.4659205514920795
1.6153124999999999 0.4659487009089047
1.6156250000000001 0.4659759292548766
1.6159375000000000 0.4660040708594511
1.6162500000000000 0.4660313072139656
1.6165625000000001 0.4660594410050892
1.6168750000000001 0.4660866853662713
1.6171875000000000 0.4661148113482052
1.6174999999999999 0.4661420637087638
1.6178125000000001 0.4661701818911366
1.6181250000000000 0.4661974422384648
1.6184375000000000 0.4662255526361688
1.6187500000000001 0.4662528209524494
1.6190625000000001 0.4662809235855334
1.6193750000000000 0.4663081998478466
1.6196874999999999 0.4663362947414055
1.6200000000000001 0.4663635789218448
1.6203125000000000 0.4663916661059025
1.6206250000000000 0.4664189581716895
1.6209375000000001 0.4664470376810818
1.6212500000000001 0.4664743375946889
1.6215625000000000 0.4665024094689384
1.6218750000000000 0.4665297171882137
1.6221875000000001 0.4665577814714038
1.6225000000000001 0.4665850969496987
1.6228125000000000 0.4666131536903447
1.6231249999999999 0.4666404768766452
1.6234375000000001 0.4666685261275610
1.6237500000000000 0.4666958569666217
1.6240625000000000 0.4667238987847845
1.6243750000000001 0.4667512372172664
1.6246875000000001 0.4667792716636776
1.6250000000000000 0.4668066176262846
1.6253124999999999 0.4668346447658350
1.6256250000000001 0.4668619981914543
1.6259375000000000 0.4668900180927777
1.6262500000000000 0.4669173789106239
1.6265625000000001 0.4669453916459583
1.6268750000000001 0.4669727597817123
1.6271875000000000 0.4670007654267557
1.6274999999999999 0.4670281408027131
1.6278125000000001 0.4670561394364763
1.6281250000000000 0.4670835219716912
1.6284375000000000 0.4671115136763552
1.6287500000000001 0.4671389032867834
1.6290625000000001 0.4671668881475537
1.6293750000000000 0.4671942847462024
1.6296875000000000 0.4672222628511596
1.6300000000000001 0.4672496663482308
1.6303125000000001 0.4672776377881905
1.6306250000000000 0.4673050480912257
1.6309374999999999 0.4673330129595881
1.6312500000000001 0.4673604299736171
1.6315625000000000 0.4673883883662237
1.6318750000000000 0.4674158119939067
1.6321875000000001 0.4674437640088963
1.6325000000000001 0.4674711941506672
1.6328125000000000 0.4674991398883340
1.6331249999999999 0.4675265764425439
1.6334375000000001 0.4675545160051933
1.6337500000000000 0.4675819588682520
1.6340625000000000 0.4676098923600608
1.6343750000000001 0.4676373414265766
1.6346875000000001 0.4676652689534543
1.6350000000000000 0.4676927241163725
1.6353124999999999 0.4677206457858230
1.6356250000000001 0.4677481069365611
1.6359375000000000 0.4677760228575484
1.6362500000000000 0.4678034898861311
1.6365625000000001 0.4678314001689472
1.6368750000000001 0.4678588729641391
1.6371875000000000 0.4678867777202681
1.6375000000000000 0.4679142561697037
1.6378125000000001 0.4679421555116983
1.6381250000000001 0.4679696395020082
1.6384375000000000 0.4679975335433615
1.6387499999999999 0.4680250229602987
1.6390625000000001 0.4680529118153200
1.6393750000000000 0.4680804065438805
1.6396875000000000 0.4681082903275760
1.6400000000000001 0.4681357902521195
1.6403125000000001 0.4681636690800736
1.6406250000000000 0.4681911740844396
1.6409374999999999 0.4682190480726999
1.6412500000000001 0.4682465580403203
1.6415625000000000 0.4682744273052864
1.6418750000000000 0.4683019421192955
1.6421875000000001 0.4683298067776116
1.6425000000000001 0.4683573263209542
1.6428125000000000 0.4683851864893988
1.6431249999999999 0.4684127106449351
1.6434375000000001 0.4684405664403244
1.6437500000000000 0.4684680950909278
1.6440625000000000 0.4684959466300145
1.6443750000000001 0.4685234796586690
1.6446875000000001 0.4685513270580473
1.6450000000000000 0.4685788643479431
1.6453125000000000 0.4686067077239567
1.6456250000000001 0.4686342491585789
1.6459375000000001 0.4686620886272325
1.6462500000000000 0.4686896340904468
1.6465624999999999 0.4687174697673222
1.6468750000000001 0.4687450191434608
1.6471875000000000 0.4687728511436337
1.6475000000000000 0.4688004043175719
1.6478125000000001 0.4688282327555364
1.6481250000000001 0.4688557896127707
1.6484375000000000 0.4688836146023617
1.6487499999999999 0.4689111750290825
1.6490625000000001 0.4689389966834084
1.6493750000000000 0.4689665605665677
1.6496875000000000 0.4689943789979408
1.6500000000000001 0.4690219462253176
1.6503125000000001 0.4690497615451927
1.6506250000000000 0.4690773320054556
1.6509374999999999 0.4691051443243666
1.6512500000000001 0.4691327179071338
1.6515625000000000 0.4691605273346391
1.6518750000000000 0.4691881039305310
1.6521875000000001 0.4692159105751592
1.6525000000000001 0.4692434900758516
1.6528125000000000 0.4692712940450514
1.6531250000000000 0.4692988763433238
1.6534375000000001 0.4693266777434184
1.6537500000000001 0.4693542627331985
1.6540625000000000 0.4693820616693413
1.6543749999999999 0.4694096492457465
1.6546875000000001 0.4694374458218817
1.6550000000000000 0.4694650358812570
1.6553125000000000 0.4694928302000820
1.6556250000000001 0.4695204226400382
1.6559375000000001 0.4695482148029693
1.6562500000000000 0.4695758095224136
1.6565624999999999 0.4696035996295563
1.6568750000000001 0.4696311965287197
1.6571875000000000 0.4696589846788405
1.6575000000000000 0.4696865836593077
1.6578125000000001 0.4697143699498083
1.6581250000000001 0.4697419709145386
1.6584375000000000 0.4697697554414365
1.6587499999999999 0.4697973582947854
1.6590625000000001 0.4698251411526902
1.6593750000000000 0.4698527458004282
1.6596875000000000 0.4698805270825294
1.6600000000000001 0.4699081334318549
1.6603125000000001 0.4699359132299057
1.6606250000000000 0.4699635211894593
1.6609375000000000 0.4699912995937660
1.6612500000000001 0.4700189090736411
1.6615625000000001 0.4700466861730529
1.6618750000000000 0.4700742970848024
1.6621874999999999 0.4701020729667053
1.6625000000000001 0.4701296852233489
1.6628125000000000 0.4701574599736615
1.6631250000000000 0.4701850734896868
1.6634375000000001 0.4702128471928591
1.6637500000000001 0.4702404618842229
1.6640625000000000 0.4702682346232346
1.6643749999999999 0.4702958504073645
1.6646875000000001 0.4703236222637266
1.6650000000000000 0.4703512390595161
1.6653125000000000 0.4703790101132757
1.6656250000000001 0.4704066278410790
1.6659375000000001 0.4704343981708273
1.6662500000000000 0.4704620167524524
1.6665624999999999 0.4704897864353275
1.6668750000000001 0.4705174057940316
1.6671875000000000 0.4705451749057306
1.6675000000000000 0.4705727949662046
1.6678125000000001 0.4706005635809941
1.6681250000000001 0.4706281842693561
1.6684375000000000 0.4706559524600824
1.6687500000000000 0.4706835737038628
1.6690625000000001 0.4707113415419681
1.6693750000000001 0.4707389632700939
1.6696875000000000 0.4707667308256306
1.6699999999999999 0.4707943529684120
1.6703125000000001 0.4708221203100572
1.6706250000000000 0.4708497427991697
1.6709375000000000 0.4708775099942447
1.6712500000000001 0.4709051327627117
1.6715625000000001 0.4709328998772002
1.6718750000000000 0.4709605228593732
1.6721874999999999 0.4709882899579382
1.6725000000000001 0.4710159130894787
1.6728125000000000 0.4710436802354859
1.6731250000000000 0.4710713034533422
1.6734375000000001 0.4710990707088800
1.6737500000000001 0.4711266939512681
1.6740625000000000 0.4711544613771693
1.6743749999999999 0.4711820845835484
1.6746875000000001 0.4712098522394133
1.6750000000000000 0.4712374753504633
1.6753125000000000 0.4712652432946842
1.6756250000000001 0.4712928662522821
1.6759375000000001 0.4713206345420654
1.6762500000000000 0.4713482572892616
1.6765625000000000 0.4713760259806529
1.6768750000000001 0.4714036484616464
1.6771875000000001 0.4714314176095554
1.6775000000000000 0.4714590397696687
1.6778124999999999 0.4714868094278947
1.6781250000000001 0.4715144312135474
1.6784375000000000 0.4715422014348039
1.6787500000000000 0.4715698227934897
1.6790625000000001 0.4715975936294317
1.6793750000000001 0.4716252145096880
1.6796875000000000 0.4716529860109380
1.6799999999999999 0.4716806063623246
1.6803125000000001 0.4717083785784957
1.6806250000000000 0.4717359983515659
1.6809375000000000 0.4717637713312915
1.6812500000000001 0.4717913904775671
1.6815625000000001 0.4718191642685258
1.6818750000000000 0.4718467827404692
1.6821874999999999 0.4718745573894113
1.6825000000000001 0.4719021751404012
1.6828125000000000 0.4719299506931737
1.6831250000000000 0.4719575676774788
1.6834375000000001 0.4719853441790526
1.6837500000000001 0.4720129603518042
1.6840625000000000 0.4720407378462996
1.6843750000000000 0.4720683531634673
1.6846875000000001 0.4720961316941805
1.6850000000000001 0.4721237461125453
1.6853125000000000 0.4721515257219722
1.6856249999999999 0.4721791391991040
1.6859375000000001 0.4722069199289644
1.6862500000000000 0.4722345324231958
1.6865625000000000 0.4722623143144599
1.6868750000000001 0.4722899257848605
1.6871875000000001 0.4723177088777727
1.6875000000000000 0.4723453192841265
1.6878124999999999 0.4723731036182314
1.6881250000000001 0.4724007129210105
1.6884375000000000 0.4724284985351725
1.6887500000000000 0.4724561066955185
1.6890625000000001 0.4724838936279457
1.6893750000000001 0.4725115006076444
1.6896875000000000 0.4725392888959118
1.6899999999999999 0.4725668946573712
1.6903125000000001 0.4725946843384436
1.6906250000000000 0.4726222888446712
1.6909375000000000 0.4726500799549233
1.6912500000000001 0.4726776831695067
1.6915625000000001 0.4727054757447429
1.6918750000000000 0.4727330776318303
1.6921875000000000 0.4727608717073059
1.6925000000000001 0.4727884722315842
1.6928125000000001 0.4728162678420243
1.6931250000000000 0.4728438669687010
1.6934374999999999 0.4728716641483200
1.6937500000000001 0.4728992618431054
1.6940625000000000 0.4729270606256241
1.6943750000000000 0.4729546568547118
1.6946875000000001 0.4729824572733755
1.6950000000000001 0.4730100520034290
1.6953125000000000 0.4730378540910214
1.6956249999999999 0.4730654472891552
1.6959375000000001 0.4730932510780168
1.6962500000000000 0.4731208427117833
1.6965625000000000 0.4731486482338243
1.6968750000000001 0.4731762382711971
1.6971875000000001 0.4732040455579145
1.6975000000000000 0.4732316339672748
1.6978124999999999 0.4732594430497625
1.6981250000000001 0.4732870297998884
1.6984375000000000 0.4733148407088512
1.6987500000000000 0.4733424257689045
1.6990625000000001 0.4733702385346680
1.6993750000000001 0.4733978218741834
1.6996875000000000 0.4734256365267064
1.7000000000000000 0.4734532181155813
1.7003125000000001 0.4734810346844646
1.7006250000000001 0.4735086144929491
1.7009375000000000 0.4735364330074449
1.7012499999999999 0.4735640110061343
1.7015625000000001 0.4735918314951539
1.7018750000000000 0.4736194076549804
1.7021875000000000 0.4736472301471014
1.7025000000000001 0.4736748044393291
1.7028125000000001 0.4737026289627992
1.7031250000000000 0.4737302013590181
1.7034374999999999 0.4737580279417634
1.7037500000000001 0.4737855984138829
1.7040625000000000 0.4738134270835104
1.7043750000000000 0.4738409956037586
1.7046875000000001 0.4738688263875597
1.7050000000000001 0.4738963929284780
1.7053125000000000 0.4739242258534308
1.7056249999999999 0.4739517903878737
1.7059375000000001 0.4739796254806440
1.7062500000000000 0.4740071879817772
1.7065625000000000 0.4740350252687202
1.7068750000000001 0.4740625857100221
1.7071875000000001 0.4740904252171789
1.7075000000000000 0.4741179835724410
1.7078125000000000 0.4741458253255399
1.7081250000000001 0.4741733815688682
1.7084375000000001 0.4742012255933211
1.7087500000000000 0.4742287796991399
1.7090624999999999 0.4742566260200383
1.7093750000000001 0.4742841779630949
1.7096875000000000 0.4743120266052061
1.7100000000000000 0.4743395763605735
1.7103125000000001 0.4743674273483348
1.7106250000000001 0.4743949748914199
1.7109375000000000 0.4744228282489324
1.7112499999999999 0.4744503735554817
1.7115625000000001 0.4744782293065035
1.7118750000000000 0.4745057723526103
1.7121875000000000 0.4745336305205473
1.7125000000000001 0.4745611712826630
1.7128125000000001 0.4745890318905600
1.7131250000000000 0.4746165703454989
1.7134374999999999 0.4746444334160322
1.7137500000000001 0.4746719695409858
1.7140625000000000 0.4746998350964476
1.7143750000000000 0.4747273688689961
1.7146875000000001 0.4747552369312856
1.7150000000000001 0.4747827683294081
1.7153125000000000 0.4748106389200193
1.7156250000000000 0.4748381679221071
1.7159375000000001 0.4748660410621134
1.7162500000000001 0.4748935676469859
1.7165625000000000 0.4749214433570275
1.7168749999999999 0.4749489675039436
1.7171875000000001 0.4749768458042116
1.7175000000000000 0.4750043674928886
1.7178125000000000 0.4750322484031099
1.7181250000000001 0.4750597676137367
1.7184375000000001 0.4750876511531559
1.7187500000000000 0.4751151678664129
1.7190624999999999 0.4751430540537760
1.7193750000000001 0.4751705682508501
1.7196875000000000 0.4751984571043869
1.7200000000000000 0.4752259687669931
1.7203125000000001 0.4752538603043959
1.7206250000000001 0.4752813694147936
1.7209375000000000 0.4753092636532008
1.7212499999999999 0.4753367701942143
1.7215625000000001 0.4753646671501893
1.7218750000000000 0.4753921711052287
1.7221875000000000 0.4754200707947392
1.7225000000000001 0.4754475721478201
1.7228125000000001 0.4754754745862166
1.7231250000000000 0.4755029733219828
1.7234375000000000 0.4755308785239775
1.7237500000000001 0.4755583746277235
1.7240625000000001 0.4755862826073662
1.7243750000000000 0.4756137760650583
1.7246874999999999 0.4756416868357168
1.7250000000000001 0.4756691776340159
1.7253125000000000 0.4756970912083507
1.7256250000000000 0.4757245793346371
1.7259375000000001 0.4757524957245781
1.7262500000000001 0.4757799811669732
1.7265625000000000 0.4758079003836970
1.7268749999999999 0.4758353831310888
1.7271875000000001 0.4758633051849946
1.7275000000000000 0.4758907852270600
1.7278125000000000 0.4759187101277447
1.7281250000000001 0.4759461874549758
1.7284375000000001 0.4759741152112092
1.7287500000000000 0.4760015898149368
1.7290624999999999 0.4760295204346373
1.7293750000000001 0.4760569923070577
1.7296875000000000 0.4760849257972660
1.7300000000000000 0.4761123949314630
1.7303125000000001 0.4761403312983208
1.7306250000000001 0.4761677976882925
1.7309375000000000 0.4761957369370138
1.7312500000000000 0.4762232005776969
1.7315625000000001 0.4762511427125443
1.7318750000000001 0.4762786035998403
1.7321875000000000 0.4763065486241006
1.7324999999999999 0.4763340067548977
1.7328125000000001 0.4763619546708581
1.7331250000000000 0.4763894100430583
1.7334375000000000 0.4764173608519781
1.7337500000000001 0.4764448134645235
1.7340625000000001 0.4764727671666137
1.7343750000000000 0.4765002170195047
1.7346874999999999 0.4765281736139029
1.7350000000000001 0.4765556207082277
1.7353125000000000 0.4765835801929729
1.7356250000000000 0.4766110245309285
1.7359375000000001 0.4766389869029398
1.7362500000000001 0.4766664284878561
1.7365625000000000 0.4766943937429070
1.7368749999999999 0.4767218325792693
1.7371875000000001 0.4767498007119683
1.7375000000000000 0.4767772368054389
1.7378125000000000 0.4768052078092054
1.7381250000000001 0.4768326411666475
1.7384375000000001 0.4768606150336899
1.7387500000000000 0.4768880456631863
1.7390625000000000 0.4769160223844837
1.7393750000000001 0.4769434502953578
1.7396875000000001 0.4769714298606371
1.7400000000000000 0.4769988550634741
1.7403124999999999 0.4770268374611922
1.7406250000000001 0.4770542599678581
1.7409375000000000 0.4770822451851816
1.7412500000000000 0.4771096650088397
1.7415625000000001 0.4771376530316290
1.7418750000000001 0.4771650701867586
1.7421875000000000 0.4771930609995498
1.7424999999999999 0.4772204755019622
1.7428125000000001 0.4772484690879514
1.7431250000000000 0.4772758809548062
1.7434375000000000 0.4773038772958348
1.7437500000000001 0.4773312865456533
1.7440625000000001 0.4773592856221927
1.7443750000000000 0.4773866922748726
1.7446874999999999 0.4774146940660121
1.7450000000000001 0.4774420981428397
1.7453125000000000 0.4774701026262742
1.7456250000000000 0.4774975041499354
1.7459375000000001 0.4775255113019551
1.7462500000000001 0.4775529102965473
1.7465625000000000 0.4775809200920257
1.7468750000000000 0.4776083165830644
1.7471875000000001 0.4776363289954541
1.7475000000000001 0.4776637230098822
1.7478125000000000 0.4776917380112026
1.7481249999999999 0.4777191295773986
1.7484375000000001 0.4777471471382334
1.7487500000000000 0.4777745362860130
1.7490625000000000 0.4778025563755061
1.7493750000000001 0.4778299431361268
1.7496875000000001 0.4778579657219773
1.7500000000000000 0.4778853501281446
1.7503124999999999 0.4779133751766040
1.7506250000000001 0.4779407572624690
1.7509375000000000 0.4779687847383442
1.7512500000000000 0.4779961645395038
1.7515625000000001 0.4780241944061538
1.7518750000000001 0.4780515719596515
1.7521875000000000 0.4780796041789939
1.7524999999999999 0.4781069795233128
1.7528125000000001 0.4781350140558236
1.7531250000000000 0.4781623872308858
1.7534375000000000 0.4781904240356080
1.7537500000000001 0.4782177950827654
1.7540625000000001 0.4782458341173155
1.7543750000000000 0.4782732030793426
1.7546875000000000 0.4783012442999180
1.7550000000000001 0.4783286112210039
1.7553125000000001 0.4783566545823928
1.7556250000000000 0.4783840195081305
1.7559374999999999 0.4784120649637233
1.7562500000000001 0.4784394279410958
1.7565625000000000 0.4784674754429005
1.7568750000000000 0.4784948365202686
1.7571875000000001 0.4785228860189217
1.7575000000000001 0.4785502452460073
1.7578125000000000 0.4785782966907934
1.7581249999999999 0.4786056541186640
1.7584375000000001 0.4786337074575300
1.7587500000000000 0.4786610631385794
1.7590625000000000 0.4786891183181580
1.7593750000000001 0.4787164723060850
1.7596875000000001 0.4787445292717131
1.7600000000000000 0.4787718816215010
1.7603124999999999 0.4787999403172422
1.7606250000000001 0.4788272910851363
1.7609375000000000 0.4788553514538054
1.7612500000000000 0.4788827006972867
1.7615625000000001 0.4789107626804757
1.7618750000000001 0.4789381104582349
1.7621875000000000 0.4789661739963376
1.7625000000000000 0.4789935203682509
1.7628125000000001 0.4790215854004937
1.7631250000000001 0.4790489304275876
1.7634375000000000 0.4790769968920593
1.7637499999999999 0.4791043406364836
1.7640625000000001 0.4791324084701666
1.7643750000000000 0.4791597509951619
1.7646875000000000 0.4791878201339635
1.7650000000000001 0.4792151615038273
1.7653125000000001 0.4792432318826171
1.7656250000000000 0.4792705721626680
1.7659374999999999 0.4792986437153111
1.7662500000000001 0.4793259829718542
1.7665625000000000 0.4793540556312469
1.7668750000000000 0.4793813939315363
1.7671875000000001 0.4794094676296470
1.7675000000000001 0.4794368050418458
1.7678125000000000 0.4794648797097534
1.7681249999999999 0.4794922163028939
1.7684375000000001 0.4795202918708280
1.7687500000000000 0.4795476277147708
1.7690625000000000 0.4795757041121547
1.7693750000000001 0.4796030392775459
1.7696875000000001 0.4796311164330377
1.7700000000000000 0.4796584509912677
1.7703125000000000 0.4796865288328041
1.7706250000000001 0.4797138628559596
1.7709375000000001 0.4797419413108046
1.7712500000000000 0.4797692748716248
1.7715624999999999 0.4797973538664111
1.7718750000000001 0.4798246870382423
1.7721875000000000 0.4798527664990205
1.7725000000000000 0.4798800993557678
1.7728125000000001 0.4799081792080532
1.7731250000000001 0.4799355118241320
1.7734375000000000 0.4799635919929547
1.7737499999999999 0.4799909244432413
1.7740625000000001 0.4800190048531945
1.7743750000000000 0.4800463372129781
1.7746875000000000 0.4800744177882665
1.7750000000000001 0.4801017501331986
1.7753125000000001 0.4801298307976924
1.7756250000000000 0.4801571632037342
1.7759374999999999 0.4801852438810173
1.7762500000000001 0.4802125764243902
1.7765625000000000 0.4802406570378135
1.7768750000000000 0.4802679897949461
1.7771875000000001 0.4802960702676795
1.7775000000000001 0.4803234033151548
1.7778125000000000 0.4803514835702391
1.7781250000000000 0.4803788169847434
1.7784375000000001 0.4804068969451437
1.7787500000000001 0.4804342308034126
1.7790625000000000 0.4804623103920700
1.7793749999999999 0.4804896447708357
1.7796875000000001 0.4805177239107241
1.7800000000000000 0.4805450588866599
1.7803125000000000 0.4805731375008355
1.7806250000000001 0.4806004731505067
1.7809375000000001 0.4806285511621627
1.7812500000000000 0.4806558875619689
1.7815624999999999 0.4806839648944901
1.7818750000000001 0.4807113021206139
1.7821875000000000 0.4807393786976291
1.7825000000000000 0.4807667168259827
1.7828125000000001 0.4807947925714173
1.7831250000000001 0.4808221316775884
1.7834375000000000 0.4808502065157198
1.7837499999999999 0.4808775466749195
1.7840625000000001 0.4809056205304275
1.7843750000000000 0.4809329618174376
1.7846875000000000 0.4809610346154567
1.7850000000000001 0.4809883771045777
1.7853125000000001 0.4810164487707508
1.7856250000000000 0.4810437925357494
1.7859375000000000 0.4810718629962788
1.7862500000000001 0.4810992081103384
1.7865625000000001 0.4811272772920337
1.7868750000000000 0.4811546238277022
1.7871874999999999 0.4811826916580359
1.7875000000000001 0.4812100396871767
1.7878125000000000 0.4812381060943288
1.7881250000000000 0.4812654556880701
1.7884375000000001 0.4812935206009813
1.7887500000000001 0.4813208718296688
1.7890625000000000 0.4813489351780857
1.7893749999999999 0.4813762881112342
1.7896875000000001 0.4814043498257576
1.7900000000000000 0.4814317045320045
1.7903125000000000 0.4814597645441375
1.7906250000000001 0.4814871210911957
1.7909375000000001 0.4815151793333859
1.7912500000000000 0.4815425377880018
1.7915624999999999 0.4815705941936877
1.7918750000000001 0.4815979546215947
1.7921875000000000 0.4816260091252474
1.7925000000000000 0.4816533715911238
1.7928125000000001 0.4816814241282927
1.7931250000000001 0.4817087886957196
1.7934375000000000 0.4817368392030694
1.7937500000000000 0.4817642059344918
1.7940625000000001 0.4817922543498460
1.7943750000000001 0.4818196233065302
1.7946875000000000 0.4818476695689068
1.7949999999999999 0.4818750408109065
1.7953125000000001 0.4819030848605577
1.7956250000000000 0.4819304584466743
1.7959375000000000 0.4819585002251213
1.7962500000000001 0.4819858762128688
1.7965625000000001 0.4820139156629366
1.7968750000000000 0.4820412941085096
1.7971874999999999 0.4820693311743603
1.7975000000000001 0.4820967121325992
1.7978125000000000 0.4821247467597651
1.7981250000000000 0.4821521302841250
1.7984375000000001 0.4821801624195368
1.7987500000000001 0.4822075485620613
1.7990625000000000 0.4822355781540771
1.7993749999999999 0.4822629669653667
1.7996875000000001 0.4822909939638012
1.8000000000000000 0.4823183854929876
1.8003125000000000 0.4823464098491363
1.8006250000000001 0.4823738041438581
1.8009375000000001 0.4824018258105219
1.8012500000000000 0.4824292229169003
1.8015625000000000 0.4824572418484089
1.8018750000000001 0.4824846418110263
1.8021875000000001 0.4825126579632583
1.8025000000000000 0.4825400608251378
1.8028124999999999 0.4825680741555411
1.8031250000000001 0.4825954799581280
1.8034375000000000 0.4826234904257352
1.8037500000000000 0.4826508992088817
1.8040625000000001 0.4826789067743290
1.8043750000000001 0.4827063185762767
1.8046875000000000 0.4827343232018165
1.8049999999999999 0.4827617380591817
1.8053125000000001 0.4827897397086984
1.8056250000000000 0.4828171576564633
1.8059375000000000 0.4828451562954802
1.8062500000000001 0.4828725773669811
1.8065625000000001 0.4829005729626726
1.8068750000000000 0.4829279971895906
1.8071874999999999 0.4829559897107907
1.8075000000000001 0.4829834171231450
1.8078125000000000 0.4830114065403505
1.8081250000000000 0.4830388371664932
1.8084375000000001 0.4830668234518730
1.8087500000000001 0.4830942573184841
1.8090625000000000 0.4831222404458780
1.8093750000000000 0.4831496775779656
1.8096875000000001 0.4831776575228873
1.8100000000000001 0.4832050979437835
1.8103125000000000 0.4832330746834230
1.8106249999999999 0.4832605184147873
1.8109375000000001 0.4832884919280039
1.8112500000000000 0.4833159389898259
1.8115625000000000 0.4833439092571494
1.8118750000000001 0.4833713596677512
1.8121875000000001 0.4833993266713751
1.8125000000000000 0.4834267804474173
1.8128124999999999 0.4834547441711941
1.8131250000000001 0.4834822013276833
1.8134375000000000 0.4835101617571146
1.8137500000000000 0.4835376223074118
1.8140625000000001 0.4835655794296403
1.8143750000000001 0.4835930433854708
1.8146875000000000 0.4836209971892701
1.8149999999999999 0.4836484645607340
1.8153125000000001 0.4836764150364958
1.8156250000000000 0.4837038858320827
1.8159375000000000 0.4837318329718028
1.8162500000000001 0.4837593071984040
1.8165625000000001 0.4837872509956684
1.8168750000000000 0.4838147286585942
1.8171875000000000 0.4838426691085634
1.8175000000000001 0.4838701502115580
1.8178125000000001 0.4838980873109482
1.8181250000000000 0.4839255718562070
1.8184374999999999 0.4839535056032737
1.8187500000000001 0.4839809935914662
1.8190625000000000 0.4840089239859822
1.8193750000000000 0.4840364154162685
1.8196875000000001 0.4840643424595049
1.8200000000000001 0.4840918373295576
1.8203125000000000 0.4841197610242611
1.8206249999999999 0.4841472593302901
1.8209375000000001 0.4841751796806595
1.8212500000000000 0.4842026814174334
1.8215625000000000 0.4842305984290967
1.8218750000000001 0.4842581035899673
1.8221875000000001 0.4842860172699558
1.8225000000000000 0.4843135258468846
1.8228124999999999 0.4843414362036089
1.8231250000000001 0.4843689481871917
1.8234375000000000 0.4843968552304118
1.8237500000000000 0.4844243706099080
1.8240625000000001 0.4844522743507090
1.8243750000000001 0.4844797931140684
1.8246875000000000 0.4845076935648293
1.8250000000000000 0.4845352156987202
1.8253125000000001 0.4845631128730872
1.8256250000000001 0.4845906383629278
1.8259375000000000 0.4846185322757831
1.8262499999999999 0.4846460611057687
1.8265625000000001 0.4846739517732004
1.8268750000000000 0.4847014839263383
1.8271875000000000 0.4847293713656090
1.8275000000000001 0.4847569068237447
1.8278125000000001 0.4847847910532612
1.8281250000000000 0.4848123297971138
1.8284374999999999 0.4848402108363951
1.8287500000000001 0.4848677528455883
1.8290625000000000 0.4848956307152307
1.8293750000000000 0.4849231759683261
1.8296875000000001 0.4849510506899727
1.8300000000000001 0.4849785991645021
1.8303125000000000 0.4850064707608086
1.8306249999999999 0.4850340224333087
1.8309375000000001 0.4850618909279093
1.8312500000000000 0.4850894457739532
1.8315625000000000 0.4851173111914292
1.8318750000000001 0.4851448691856623
1.8321875000000001 0.4851727315515051
1.8325000000000000 0.4852002926676778
1.8328125000000000 0.4852281520082574
1.8331250000000001 0.4852557162192599
1.8334375000000001 0.4852835725617889
1.8337500000000000 0.4853111398396865
1.8340624999999999 0.4853389932121847
1.8343750000000001 0.4853665635282509
1.8346875000000000 0.4853944139595137
1.8350000000000000 0.4854219872842652
1.8353125000000001 0.4854498348038276
1.8356250000000001 0.4854774111070579
1.8359375000000000 0.4855052557451603
1.8362499999999999 0.4855328349959748
1.8365625000000001 0.4855606767835294
1.8368750000000000 0.4855882589503793
1.8371875000000000 0.4856160979189353
1.8375000000000001 0.4856436829696507
1.8378125000000001 0.4856715191513601
1.8381250000000000 0.4856991070531876
1.8384374999999999 0.4857269404807709
1.8387500000000001 0.4857545312004029
1.8390625000000000 0.4857823619071169
1.8393750000000000 0.4858099554107272
1.8396875000000001 0.4858377834303318
1.8400000000000001 0.4858653796836081
1.8403125000000000 0.4858932050503315
1.8406250000000000 0.4859208040185087
1.8409375000000001 0.4859486267670172
1.8412500000000001 0.4859762284149092
1.8415625000000000 0.4860040485802724
1.8418749999999999 0.4860316528723053
1.8421875000000001 0.4860594704899667
1.8425000000000000 0.4860870773902087
1.8428125000000000 0.4861148924959519
1.8431250000000001 0.4861425019681461
1.8434375000000001 0.4861703145980660
1.8437500000000000 0.4861979266056609
1.8440624999999999 0.4862257367961318
1.8443750000000001 0.4862533513023099
1.8446875000000000 0.4862811590899557
1.8450000000000000 0.4863087760576656
1.8453125000000001 0.4863365814793309
1.8456250000000001 0.4863642008713153
1.8459375000000000 0.4863920039640370
1.8462499999999999 0.4864196257428597
1.8465625000000001 0.4864474265438370
1.8468750000000000 0.4864750506719144
1.8471875000000000 0.4865028492184825
1.8475000000000001 0.4865304756581086
1.8478125000000001 0.4865582719877100
1.8481250000000000 0.4865859007010835
1.8484375000000000 0.4866136948512440
1.8487500000000001 0.4866413258004956
1.8490625000000001 0.4866691178087957
1.8493750000000000 0.4866967509560114
1.8496874999999999 0.4867245408600645
1.8500000000000001 0.4867521761673122
1.8503125000000000 0.4867799640047369
1.8506250000000000 0.4868076014340894
1.8509375000000001 0.4868353872424865
1.8512500000000001 0.4868630267560483
1.8515625000000000 0.4868908105729776
1.8518749999999999 0.4869184521329040
1.8521875000000001 0.4869462339958636
1.8525000000000000 0.4869738775643812
1.8528125000000000 0.4870016575107847
1.8531250000000001 0.4870293030502189
1.8534375000000001 0.4870570811173720
1.8537500000000000 0.4870847285901632
1.8540624999999999 0.4871125048152473
1.8543750000000001 0.4871401541839719
1.8546875000000000 0.4871679286040220
1.8550000000000000 0.4871955798314108
1.8553125000000001 0.4872233524832988
1.8556250000000001 0.4872510055322561
1.8559375000000000 0.4872787764526703
1.8562500000000000 0.4873064312862925
1.8565625000000001 0.4873342005117213
1.8568750000000001 0.4873618570933134
1.8571875000000000 0.4873896246600284
1.8574999999999999 0.4874172829531193
1.8578125000000001 0.4874450488971604
1.8581250000000000 0.4874727088655196
1.8584375000000000 0.4875004732226773
1.8587500000000001 0.4875281348303311
1.8590625000000001 0.4875558976361344
1.8593750000000000 0.4875835608473761
1.8596874999999999 0.4876113221370783
1.8600000000000001 0.4876389869164852
1.8603125000000000 0.4876667467250500
1.8606250000000000 0.4876944130374949
1.8609375000000001 0.4877221713995842
1.8612500000000001 0.4877498392102465
1.8615625000000000 0.4877775961602097
1.8618749999999999 0.4878052654345880
1.8621875000000001 0.4878330210064507
1.8625000000000000 0.4878606917103733
1.8628125000000000 0.4878884459378251
1.8631250000000001 0.4879161180374597
1.8634375000000001 0.4879438709538466
1.8637500000000000 0.4879715444157105
1.8640625000000000 0.4879992960540250
1.8643750000000001 0.4880269708449919
1.8646875000000001 0.4880547212378666
1.8650000000000000 0.4880823973251751
1.8653124999999999 0.4881101465048708
1.8656250000000001 0.4881378238561346
1.8659375000000000 0.4881655718545381
1.8662500000000000 0.4881932504377477
1.8665625000000001 0.4882209972863631
1.8668750000000001 0.4882486770698957
1.8671875000000000 0.4882764227998375
1.8674999999999999 0.4883041037524623
1.8678125000000001 0.4883318483944510
1.8681250000000000 0.4883595304853336
1.8684375000000000 0.4883872740696908
1.8687500000000001 0.4884149572683983
1.8690625000000001 0.4884426998250433
1.8693750000000000 0.4884703841015451
1.8696874999999999 0.4884981256599918
1.8700000000000001 0.4885258109846669
1.8703125000000000 0.4885535515740185
1.8706250000000000 0.4885812379176565
1.8709375000000001 0.4886089775666048
1.8712500000000001 0.4886366649004079
1.8715625000000000 0.4886644036372311
1.8718750000000000 0.4886920919328167
1.8721875000000001 0.4887198297853758
1.8725000000000001 0.4887475190147776
1.8728125000000000 0.4887752560105194
1.8731249999999999 0.4888029461461880
1.8734375000000001 0.4888306823121405
1.8737500000000000 0.4888583733269425
1.8740625000000000 0.4888861086897179
1.8743750000000001 0.4889138005569383
1.8746875000000001 0.4889415351427298
1.8750000000000000 0.4889692278360716
1.8753124999999999 0.4889969616706566
1.8756250000000001 0.4890246551642374
1.8759375000000000 0.4890523882729781
1.8762500000000000 0.4890800825413308
1.8765625000000001 0.4891078149491748
1.8768750000000001 0.4891355099672455
1.8771875000000000 0.4891632416987292
1.8774999999999999 0.4891909374418744
1.8778125000000001 0.4892186685211236
1.8781250000000000 0.4892463649651091
1.8784375000000000 0.4892740954158432
1.8787500000000001 0.4893017925368410
1.8790625000000001 0.4893295223823729
1.8793750000000000 0.4893572201569575
1.8796875000000000 0.4893849494202009
1.8800000000000001 0.4894126478253464
1.8803125000000001 0.4894403765288162
1.8806250000000000 0.4894680755418940
1.8809374999999999 0.4894958037077097
1.8812500000000001 0.4895235033064826
1.8815625000000000 0.4895512309563746
1.8818750000000000 0.4895789311189943
1.8821875000000001 0.4896066582743066
1.8825000000000001 0.4896343589793080
1.8828125000000000 0.4896620856610036
1.8831249999999999 0.4896897868872999
1.8834375000000001 0.4897175131159653
1.8837500000000000 0.4897452148428453
1.8840625000000000 0.4897729406386947
1.8843750000000001 0.4898006428458163
1.8846875000000001 0.4898283682286965
1.8850000000000000 0.4898560708960812
1.8853124999999999 0.4898837958854794
1.8856250000000001 0.4899114989935073
1.8859375000000000 0.4899392236085534
1.8862500000000000 0.4899669271379584
1.8865625000000001 0.4899946513974329
1.8868750000000001 0.4900223553292953
1.8871875000000000 0.4900500792516337
1.8875000000000000 0.4900777835673759
1.8878125000000001 0.4901055071706760
1.8881250000000001 0.4901332118520557
1.8884375000000000 0.4901609351540824
1.8887499999999999 0.4901886401831855
1.8890625000000001 0.4902163632013793
1.8893750000000000 0.4902440685606146
1.8896875000000000 0.4902717913120951
1.8900000000000001 0.4902994969841879
1.8903125000000001 0.4903272194857629
1.8906250000000000 0.4903549254537481
1.8909374999999999 0.4903826477219179
1.8912500000000001 0.4904103539691345
1.8915625000000000 0.4904380760200996
1.8918750000000000 0.4904657825301822
1.8921875000000001 0.4904935043798494
1.8925000000000001 0.4905212111367239
1.8928125000000000 0.4905489328007144
1.8931249999999999 0.4905766397885875
1.8934375000000001 0.4906043612822437
1.8937500000000000 0.4906320684855996
1.8940625000000000 0.4906597898239891
1.8943750000000001 0.4906874972275816
1.8946875000000001 0.4907152184255087
1.8950000000000000 0.4907429260143522
1.8953125000000000 0.4907706470863604
1.8956250000000001 0.4907983548457261
1.8959375000000001 0.4908260758061088
1.8962500000000000 0.4908537837215156
1.8965624999999999 0.4908815045843204
1.8968750000000001 0.4909092126415275
1.8971875000000000 0.4909369334205659
1.8975000000000000 0.4909646416055665
1.8978125000000001 0.4909923623144193
1.8981250000000001 0.4910200706134348
1.8984375000000000 0.4910477912654586
1.8987499999999999 0.4910754996649273
1.8990625000000001 0.4911032202732652
1.8993750000000000 0.4911309287598402
1.8996875000000000 0.4911586493374232
1.9000000000000001 0.4911863578979619
1.9003125000000001 0.4912140784575214
1.9006250000000000 0.4912417870790803
1.9009374999999999 0.4912695076331521
1.9012500000000001 0.4912972163029789
1.9015625000000000 0.4913249368639093
1.9018750000000000 0.4913526455694366
1.9021875000000001 0.4913803661493935
1.9025000000000001 0.4914080748782307
1.9028125000000000 0.4914357954892062
1.9031250000000000 0.4914635042291332
1.9034375000000001 0.4914912248829547
1.9037500000000001 0.4915189336219131
1.9040625000000000 0.4915466543302475
1.9043749999999999 0.4915743630563373
1.9046875000000001 0.4916020838306981
1.9050000000000000 0.4916297925321679
1.9053125000000000 0.4916575133839222
1.9056250000000001 0.4916852220491633
1.9059375000000001 0.4917129429895408
1.9062500000000000 0.4917406516070797
1.9065624999999999 0.4917683726471766
1.9068750000000001 0.4917960812056698
1.9071875000000000 0.4918238023564567
1.9075000000000000 0.4918515108446814
1.9078125000000001 0.4918792321170104
1.9081250000000001 0.4919069405238611
1.9084375000000000 0.4919346619284720
1.9087499999999999 0.4919623702429515
1.9090625000000001 0.4919900917904768
1.9093750000000000 0.4920178000016915
1.9096875000000000 0.4920455217026654
1.9100000000000001 0.4920732297998167
1.9103125000000001 0.4921009516646812
1.9106250000000000 0.4921286596370606
1.9109375000000000 0.4921563816761697
1.9112500000000001 0.4921840895131529
1.9115625000000001 0.4922118117367801
1.9118750000000000 0.4922395194278205
1.9121874999999999 0.4922672418461658
1.9125000000000001 0.4922949493807863
1.9128125000000000 0.4923226720039812
1.9131250000000000 0.4923503793717719
1.9134375000000001 0.4923781022098854
1.9137500000000001 0.4924058094004946
1.9140625000000000 0.4924335324635394
1.9143749999999999 0.4924612394666693
1.9146875000000001 0.4924889627646070
1.9150000000000000 0.4925166695700082
1.9153125000000000 0.4925443931127567
1.9156250000000001 0.4925720997102205
1.9159375000000001 0.4925998235076575
1.9162500000000000 0.4926275298870123
1.9165624999999999 0.4926552539489825
1.9168750000000001 0.4926829601000874
1.9171875000000000 0.4927106844364076
1.9175000000000000 0.4927383903491472
1.9178125000000001 0.4927661149696096
1.9181250000000001 0.4927938206338899
1.9184375000000000 0.4928215455482703
1.9187500000000000 0.4928492509540113
1.9190625000000001 0.4928769761720731
1.9193750000000001 0.4929046813092052
1.9196875000000000 0.4929324068407033
1.9199999999999999 0.4929601116991622
1.9203125000000001 0.4929878375538498
1.9206250000000000 0.4930155421235703
1.9209375000000000 0.4930432683112029
1.9212500000000001 0.4930709725821163
1.9215625000000001 0.4930986991124559
1.9218750000000000 0.4931264030744849
1.9221874999999999 0.4931541299573036
1.9225000000000001 0.4931818336003560
1.9228125000000000 0.4932095608454447
1.9231250000000000 0.4932372641594099
1.9234375000000001 0.4932649917765779
1.9237500000000001 0.4932926947513245
1.9240625000000000 0.4933204227504055
1.9243749999999999 0.4933481253757737
1.9246875000000001 0.4933758537666320
1.9250000000000000 0.4934035560324321
1.9253125000000000 0.4934312848249625
1.9256250000000001 0.4934589867209703
1.9259375000000001 0.4934867159251044
1.9262500000000000 0.4935144174410587
1.9265625000000000 0.4935421470667689
1.9268750000000001 0.4935698481923647
1.9271875000000001 0.4935975782496656
1.9275000000000000 0.4936252789745543
1.9278125000000002 0.4936530094735082
1.9281250000000001 0.4936807097872931
1.9284375000000000 0.4937084407380116
1.9287500000000000 0.4937361406302424
1.9290625000000001 0.4937638720428922
1.9293750000000001 0.4937915715030646
1.9296875000000000 0.4938193033878674
1.9299999999999999 0.4938470024054190
1.9303125000000001 0.4938747347726569
1.9306250000000000 0.4939024333369655
1.9309375000000000 0.4939301661969799
1.9312500000000001 0.4939578642973604
1.9315625000000001 0.4939855976605600
1.9318750000000000 0.4940132952862601
1.9321874999999999 0.4940410291631187
1.9325000000000001 0.4940687263033201
1.9328125000000000 0.4940964607043805
1.9331250000000000 0.4941241573481943
1.9334375000000001 0.4941518922840706
1.9337500000000001 0.4941795884205351
1.9340625000000000 0.4942073239019158
1.9343750000000000 0.4942350195199950
1.9346875000000001 0.4942627555576420
1.9350000000000001 0.4942904506462250
1.9353125000000000 0.4943181872509784
1.9356250000000002 0.4943458817988756
1.9359375000000001 0.4943736189816521
1.9362500000000000 0.4944013129775969
1.9365625000000000 0.4944290507493926
1.9368750000000001 0.4944567441820382
1.9371875000000001 0.4944844825539306
1.9375000000000000 0.4945121754118488
1.9378124999999999 0.4945399143949946
1.9381250000000001 0.4945676066666761
1.9384375000000000 0.4945953462723169
1.9387500000000000 0.4946230379461693
1.9390625000000001 0.4946507781856270
1.9393750000000001 0.4946784692499754
1.9396875000000000 0.4947062101346577
1.9399999999999999 0.4947339005777426
1.9403125000000001 0.4947616421191377
1.9406250000000000 0.4947893319291181
1.9409375000000000 0.4948170741388010
1.9412500000000001 0.4948447633037491
1.9415625000000001 0.4948725061933779
1.9418750000000000 0.4949001947012843
1.9421875000000000 0.4949279382825995
1.9425000000000001 0.4949556261213711
1.9428125000000001 0.4949833704061971
1.9431250000000000 0.4950110575636568
1.9434375000000002 0.4950388025639010
1.9437500000000001 0.4950664890277910
1.9440625000000000 0.4950942347554429
1.9443750000000000 0.4951219205134208
1.9446875000000001 0.4951496669805517
1.9450000000000001 0.4951773520201972
1.9453125000000000 0.4952050992389570
1.9456249999999999 0.4952327835477697
1.9459375000000001 0.4952605315303875
1.9462500000000000 0.4952882150957891
1.9465625000000000 0.4953159638545713
1.9468750000000001 0.4953436466639065
1.9471875000000001 0.4953713962112366
1.9475000000000000 0.4953990782517737
1.9478124999999999 0.4954268286001093
1.9481250000000001 0.4954545098590445
1.9484375000000000 0.4954822610209146
1.9487500000000000 0.4955099414853726
1.9490625000000001 0.4955376934733778
1.9493750000000001 0.4955653731304134
1.9496875000000000 0.4955931259572219
1.9500000000000000 0.4956208047938234
1.9503125000000001 0.4956485584721689
1.9506250000000001 0.4956762364752609
1.9509375000000000 0.4957039910179394
1.9512500000000002 0.4957316681743844
1.9515625000000001 0.4957594235942530
1.9518750000000000 0.4957870998908546
1.9521875000000000 0.4958148562008289
1.9525000000000001 0.4958425316243328
1.9528125000000001 0.4958702888373827
1.9531250000000000 0.4958979633744833
1.9534374999999999 0.4959257215036287
1.9537500000000001 0.4959533951409721
1.9540625000000000 0.4959811541992812
1.9543750000000000 0.4960088269234645
1.9546875000000001 0.4960365869240509
1.9550000000000001 0.4960642587216313
1.9553125000000000 0.4960920196776472
1.9556249999999999 0.4961196905351422
1.9559375000000001 0.4961474524597783
1.9562500000000000 0.4961751223636701
1.9565625000000000 0.4962028852701494
1.9568750000000001 0.4962305542068909
1.9571875000000001 0.4962583181084635
1.9575000000000000 0.4962859860644810
1.9578125000000000 0.4963137509744228
1.9581250000000001 0.4963414179361186
1.9584375000000001 0.4963691838677261
1.9587500000000000 0.4963968498214869
1.9590625000000002 0.4964246167880698
1.9593750000000001 0.4964522817202690
1.9596875000000000 0.4964800497351485
1.9600000000000000 0.4965077136321518
1.9603125000000001 0.4965354827086538
1.9606250000000001 0.4965631455568235
1.9609375000000000 0.4965909157082755
1.9612499999999999 0.4966185774939767
1.9615625000000001 0.4966463487337004
1.9618750000000000 0.4966740094433046
1.9621875000000000 0.4967017817846123
1.9625000000000001 0.4967294414045031
1.9628125000000001 0.4967572148606929
1.9631250000000000 0.4967848733772739
1.9634374999999999 0.4968126479616211
1.9637500000000001 0.4968403053613180
1.9640625000000000 0.4968680810870723
1.9643750000000000 0.4968957373563402
1.9646875000000001 0.4969235142367194
1.9650000000000001 0.4969511693620506
1.9653125000000000 0.4969789474102321
1.9656250000000000 0.4970066013781584
1.9659375000000001 0.4970343806072784
1.9662500000000001 0.4970620334043783
1.9665625000000000 0.4970898138275208
1.9668750000000002 0.4971174654404288
1.9671875000000001 0.4971452470706214
1.9675000000000000 0.4971728974860288
1.9678125000000000 0.4972006803362370
1.9681250000000001 0.4972283295409032
1.9684375000000001 0.4972561136240219
1.9687500000000000 0.4972837616047784
1.9690624999999999 0.4973115469336278
1.9693750000000001 0.4973391936773847
1.9696875000000000 0.4973669802647023
1.9700000000000000 0.4973946257584557
1.9703125000000001 0.4974224136168895
1.9706250000000001 0.4974500578477287
1.9709375000000000 0.4974778469898309
1.9712499999999999 0.4975054899449441
1.9715625000000001 0.4975332803831637
1.9718750000000000 0.4975609220498452
1.9721875000000000 0.4975887137965226
1.9725000000000001 0.4976163541621797
1.9728125000000001 0.4976441472295379
1.9731250000000000 0.4976717862816991
1.9734375000000000 0.4976995806818363
1.9737500000000001 0.4977272184081571
1.9740625000000001 0.4977550141530417
1.9743750000000000 0.4977826505413128
1.9746875000000002 0.4978104476427742
1.9750000000000001 0.4978380826809268
1.9753125000000000 0.4978658811506497
1.9756250000000000 0.4978935148267646
1.9759375000000001 0.4979213146762820
1.9762500000000001 0.4979489469785951
1.9765625000000000 0.4979767482192786
1.9768749999999999 0.4980043791361914
1.9771875000000001 0.4980321817792475
1.9775000000000000 0.4980598112993292
1.9778125000000000 0.4980876153557874
1.9781250000000001 0.4981152434677883
1.9784375000000001 0.4981430489484986
1.9787500000000000 0.4981706756413528
1.9790624999999999 0.4981984825569748
1.9793750000000001 0.4982261078198097
1.9796875000000000 0.4982539161808065
1.9800000000000000 0.4982815400029501
1.9803125000000001 0.4983093498195808
1.9806250000000001 0.4983369721905692
1.9809375000000000 0.4983647834728811
1.9812500000000000 0.4983924043824654
1.9815625000000001 0.4984202171402863
1.9818750000000001 0.4984478365784409
1.9821875000000000 0.4984756508213735
1.9825000000000002 0.4985032687783006
1.9828125000000001 0.4985310845157147
1.9831250000000000 0.4985587009818553
1.9834375000000000 0.4985865182228771
1.9837500000000001 0.4986141331889177
1.9840625000000001 0.4986419519424274
1.9843750000000000 0.4986695653993044
1.9846874999999999 0.4986973856739257
1.9850000000000001 0.4987249976128370
1.9853125000000000 0.4987528194169295
1.9856250000000000 0.4987804298293383
1.9859375000000001 0.4988082531709933
1.9862500000000001 0.4988358620486371
1.9865625000000000 0.4988636869356677
1.9868749999999999 0.4988912942705648
1.9871875000000001 0.4989191207104992
1.9875000000000000 0.4989467264949545
1.9878125000000000 0.4989745544950319
1.9881250000000001 0.4990021587216462
1.9884375000000001 0.4990299882888046
1.9887500000000000 0.4990575909504814
1.9890625000000000 0.4990854220913550
1.9893750000000001 0.4991130231813048
1.9896875000000001 0.4991408559022150
1.9900000000000000 0.4991684554139658
1.9903125000000002 0.4991962897209146
1.9906250000000001 0.4992238876483160
1.9909375000000000 0.4992517235469811
1.9912500000000000 0.4992793198842097
1.9915625000000001 0.4993071573799365
1.9918750000000001 0.4993347521215074
1.9921875000000000 0.4993625912193017
1.9924999999999999 0.4993901843600693
1.9928125000000001 0.4994180250645923
1.9931250000000000 0.4994456165997604
1.9934375000000000 0.4994734589153230
1.9937500000000001 0.4995010488404490
1.9940625000000001 0.4995288927710041
1.9943750000000000 0.4995564810820053
1.9946874999999999 0.4995843266311434
1.9950000000000001 0.4996119133243037
1.9953125000000000 0.4996397604952456
1.9956250000000000 0.4996673455672208
1.9959375000000001 0.4996951943628123
1.9962500000000001 0.4997227778106361
1.9965625000000000 0.4997506282333425
1.9968750000000000 0.4997782100544316
1.9971875000000001 0.4998060621063330
1.9975000000000001 0.4998336422984887
1.9978125000000000 0.4998614959812240
1.9981250000000002 0.4998890745420455
1.9984375000000001 0.4999169298493779
1.9987500000000000 0.4999445066850345
1.9990625000000000 0.4999723624586100
1.9993750000000001 0.4999999233334094
1.9996875000000001 0.5000276010443895
2.0000000000000000 0.5000529532841081
