0.0000000000000000 0.5000831602365777
0.0003125000000000 0.5001108767013324
0.0006250000000000 0.5001385932871316
0.0009375000000000 0.5001663097617952
0.0012500000000000 0.5001940263484724
0.0015625000000000 0.5002217428209514
0.0018750000000000 0.5002494594070561
0.0021875000000000 0.5002771758783598
0.0025000000000000 0.5003048924624226
0.0028125000000000 0.5003326089338822
0.0031250000000000 0.5003603255178910
0.0034375000000000 0.5003880419879289
0.0037500000000000 0.5004157585724870
0.0040625000000000 0.5004434750397564
0.0043750000000000 0.5004711916244273
0.0046875000000000 0.5004989080891822
0.0050000000000000 0.5005266246730511
0.0053125000000000 0.5005543411358503
0.0056250000000000 0.5005820577183560
0.0059375000000000 0.5006097741793156
0.0062500000000000 0.5006374907602794
0.0065625000000000 0.5006652072194110
0.0068750000000000 0.5006929237986026
0.0071875000000000 0.5007206402560264
0.0075000000000000 0.5007483568330349
0.0078125000000000 0.5007760732888873
0.0081250000000000 0.5008037898632695
0.0084375000000000 0.5008315063175328
0.0087500000000000 0.5008592228890166
0.0090625000000000 0.5008869393414549
0.0093750000000000 0.5009146559099905
0.0096875000000000 0.5009423723602311
0.0100000000000000 0.5009700889259063
0.0103125000000000 0.5009978053735449
0.0106250000000000 0.5010255219364855
0.0109375000000000 0.5010532383811375
0.0112500000000000 0.5010809549414414
0.0115625000000000 0.5011086713827607
0.0118750000000000 0.5011363879404553
0.0121875000000000 0.5011641043781583
0.0125000000000000 0.5011918209331676
0.0128125000000000 0.5012195373670648
0.0131250000000000 0.5012472539191941
0.0134375000000000 0.5012749703492060
0.0137500000000000 0.5013026868981608
0.0140625000000000 0.5013304033242942
0.0143750000000000 0.5013581198697273
0.0146875000000000 0.5013858362920248
0.0150000000000000 0.5014135528335921
0.0153125000000000 0.5014412692520765
0.0156250000000000 0.5014689857894794
0.0159375000000000 0.5014967022041144
0.0162500000000000 0.5015244187371217
0.0165625000000000 0.5015521351477958
0.0168750000000000 0.5015798516762473
0.0171875000000000 0.5016075680827773
0.0175000000000000 0.5016352846065736
0.0178125000000000 0.5016630010087205
0.0181250000000000 0.5016907175278063
0.0184375000000000 0.5017184339252994
0.0187500000000000 0.5017461504396389
0.0190625000000000 0.5017738668322033
0.0193750000000000 0.5018015833417546
0.0196875000000000 0.5018292997291351
0.0200000000000000 0.5018570162338275
0.0203125000000000 0.5018847326158071
0.0206250000000000 0.5019124491155263
0.0209375000000000 0.5019401654919342
0.0212500000000000 0.5019678819865183
0.0215625000000000 0.5019955983572285
0.0218750000000000 0.5020233148464747
0.0221875000000000 0.5020510312113945
0.0225000000000000 0.5020787476950740
0.0228125000000000 0.5021064640541271
0.0231250000000000 0.5021341805320048
0.0234375000000000 0.5021618968851115
0.0237500000000000 0.5021896133569650
0.0240625000000000 0.5022173297040264
0.0243750000000000 0.5022450461696585
0.0246875000000000 0.5022727625105471
0.0250000000000000 0.5023004789697904
0.0253125000000000 0.5023281953043494
0.0256250000000000 0.5023559117570634
0.0259375000000000 0.5023836280851127
0.0262500000000000 0.5024113445311751
0.0265625000000000 0.5024390608525227
0.0268750000000000 0.5024667772918173
0.0271875000000000 0.5024944936062695
0.0275000000000000 0.5025222100386765
0.0278125000000000 0.5025499263460488
0.0281250000000000 0.5025776427714356
0.0284375000000000 0.5026053590715576
0.0287500000000000 0.5026330754897765
0.0290625000000000 0.5026607917824936
0.0293750000000000 0.5026885081933828
0.0296875000000000 0.5027162244785525
0.0300000000000000 0.5027439408819396
0.0303125000000000 0.5027716571594275
0.0306250000000000 0.5027993735551359
0.0309375000000000 0.5028270898248089
0.0312500000000000 0.5028548062126633
0.0315625000000000 0.5028825224743839
0.0318750000000000 0.5029102388542157
0.0321875000000000 0.5029379551078383
0.0325000000000000 0.5029656714794880
0.0328125000000000 0.5029933877248580
0.0331250000000000 0.5030211040881738
0.0334375000000000 0.5030488203251293
0.0337500000000000 0.5030765366799653
0.0340625000000000 0.5031042529083405
0.0343750000000000 0.5031319692545527
0.0346875000000000 0.5031596854741820
0.0350000000000000 0.5031874018116236
0.0353125000000000 0.5032151180223455
0.0356250000000000 0.5032428343508643
0.0359375000000000 0.5032705505525238
0.0362500000000000 0.5032982668719606
0.0365625000000000 0.5033259830644090
0.0368750000000000 0.5033536993745993
0.0371875000000000 0.5033814155576929
0.0375000000000000 0.5034091318584681
0.0378125000000000 0.5034368480320655
0.0381250000000000 0.5034645643232571
0.0384375000000000 0.5034922804872153
0.0387500000000000 0.5035199967686579
0.0390625000000000 0.5035477129228297
0.0393750000000000 0.5035754291943633
0.0396875000000000 0.5036031453385958
0.0400000000000000 0.5036308616000663
0.0403125000000000 0.5036585777342003
0.0406250000000000 0.5036862939854604
0.0409375000000000 0.5037140101093316
0.0412500000000000 0.5037417263502375
0.0415625000000000 0.5037694424636793
0.0418750000000000 0.5037971586940884
0.0421875000000000 0.5038248747969343
0.0425000000000000 0.5038525910167027
0.0428125000000000 0.5038803071087893
0.0431250000000000 0.5039080233177683
0.0434375000000000 0.5039357393989374
0.0437500000000000 0.5039634555969730
0.0440625000000000 0.5039911716670721
0.0443750000000000 0.5040188878540044
0.0446875000000000 0.5040466039128858
0.0450000000000000 0.5040743200885506
0.0453125000000000 0.5041020361360702
0.0456250000000000 0.5041297523003004
0.0459375000000000 0.5041574683363150
0.0462500000000000 0.5041851844889436
0.0465625000000000 0.5042129005133087
0.0468750000000000 0.5042406166541706
0.0471875000000000 0.5042683326667384
0.0475000000000000 0.5042960487956722
0.0478125000000000 0.5043237647962905
0.0481250000000000 0.5043514809131396
0.0484375000000000 0.5043791969016513
0.0487500000000000 0.5044069130062629
0.0490625000000000 0.5044346289825077
0.0493750000000000 0.5044623450747323
0.0496875000000000 0.5044900610385470
0.0500000000000000 0.5045177771182365
0.0503125000000000 0.5045454930694580
0.0506250000000000 0.5045732091364645
0.0509375000000000 0.5046009250749306
0.0512500000000000 0.5046286411291041
0.0515625000000000 0.5046563570546554
0.0518750000000000 0.5046840730958435
0.0521875000000000 0.5047117890083237
0.0525000000000000 0.5047395050363710
0.0528125000000000 0.5047672209356266
0.0531250000000000 0.5047949369503753
0.0534375000000000 0.5048226528362557
0.0537500000000000 0.5048503688375460
0.0540625000000000 0.5048780847099015
0.0543750000000000 0.5049058006975733
0.0546875000000000 0.5049335165562537
0.0550000000000000 0.5049612325301482
0.0553125000000000 0.5049889483750024
0.0556250000000000 0.5050166643349617
0.0559375000000000 0.5050443801658363
0.0562500000000000 0.5050720961117050
0.0565625000000000 0.5050998119284448
0.0568750000000000 0.5051275278600691
0.0571875000000000 0.5051552436625165
0.0575000000000000 0.5051829595797446
0.0578125000000000 0.5052106753677407
0.0581250000000000 0.5052383912704210
0.0584375000000000 0.5052661070438069
0.0587500000000000 0.5052938229317879
0.0590625000000000 0.5053215386904051
0.0593750000000000 0.5053492545635340
0.0596875000000000 0.5053769703072249
0.0600000000000000 0.5054046861653479
0.0603125000000000 0.5054324018939572
0.0606250000000000 0.5054601177369180
0.0609375000000000 0.5054878334502916
0.0612500000000000 0.5055155492779326
0.0615625000000000 0.5055432649759184
0.0618750000000000 0.5055709807880809
0.0621875000000000 0.5055986964705267
0.0625000000000000 0.5056264122670519
0.0628125000000000 0.5056541279338062
0.0631250000000000 0.5056818437145352
0.0634375000000000 0.5057095593654455
0.0637500000000000 0.5057372751302205
0.0640625000000000 0.5057649907651334
0.0643750000000000 0.5057927065137982
0.0646875000000000 0.5058204221325586
0.0650000000000000 0.5058481378649583
0.0653125000000000 0.5058758534674095
0.0656250000000000 0.5059035691833911
0.0659375000000000 0.5059312847693750
0.0662500000000000 0.5059590004687861
0.0665625000000000 0.5059867160381438
0.0668750000000000 0.5060144317208334
0.0671875000000000 0.5060421472734050
0.0675000000000000 0.5060698629392224
0.0678125000000000 0.5060975784748478
0.0681250000000000 0.5061252941236424
0.0684375000000000 0.5061530096421618
0.0687500000000000 0.5061807252737828
0.0690625000000000 0.5062084407750362
0.0693750000000000 0.5062361563893325
0.0696875000000000 0.5062638718731605
0.0700000000000000 0.5062915874699809
0.0703125000000000 0.5063193029362242
0.0706250000000000 0.5063470185154173
0.0709375000000000 0.5063747339639166
0.0712500000000000 0.5064024495253308
0.0715625000000000 0.5064301649559272
0.0718750000000000 0.5064578804994110
0.0721875000000000 0.5064855959119448
0.0725000000000000 0.5065133114373472
0.0728125000000000 0.5065410268316584
0.0731250000000000 0.5065687423388291
0.0734375000000000 0.5065964577147574
0.0737500000000000 0.5066241732035457
0.0740625000000000 0.5066518885609307
0.0743750000000000 0.5066796040311868
0.0746875000000000 0.5067073193698673
0.0750000000000000 0.5067350348214414
0.0753125000000000 0.5067627501412565
0.0756250000000000 0.5067904655739993
0.0759375000000000 0.5068181808747870
0.0762500000000000 0.5068458962885494
0.0765625000000000 0.5068736115701482
0.0768750000000000 0.5069013269647811
0.0771875000000000 0.5069290422270287
0.0775000000000000 0.5069567576023840
0.0778125000000000 0.5069844728451176
0.0781250000000000 0.5070121882010473
0.0784375000000000 0.5070399034241032
0.0787500000000000 0.5070676187604606
0.0790625000000000 0.5070953339636742
0.0793750000000000 0.5071230492803136
0.0796875000000000 0.5071507644635190
0.0800000000000000 0.5071784797602957
0.0803125000000000 0.5072061949233263
0.0806250000000000 0.5072339102000964
0.0809375000000000 0.5072616253427845
0.0812500000000000 0.5072893405994050
0.0815625000000000 0.5073170557215827
0.0818750000000000 0.5073447709579104
0.0821875000000000 0.5073724860594095
0.0825000000000000 0.5074002012753015
0.0828125000000000 0.5074279163559551
0.0831250000000000 0.5074556315512661
0.0834375000000000 0.5074833466109088
0.0837500000000000 0.5075110617854920
0.0840625000000000 0.5075387768239612
0.0843750000000000 0.5075664919776665
0.0846875000000000 0.5075942069948030
0.0850000000000000 0.5076219221274763
0.0853125000000000 0.5076496371231254
0.0856250000000000 0.5076773522346076
0.0859375000000000 0.5077050672086199
0.0862500000000000 0.5077327822987470
0.0865625000000000 0.5077604972509783
0.0868750000000000 0.5077882123195800
0.0871875000000000 0.5078159272498923
0.0875000000000000 0.5078436422967929
0.0878125000000000 0.5078713572050535
0.0881250000000000 0.5078990722300719
0.0884375000000000 0.5079267871161531
0.0887500000000000 0.5079545021191034
0.0890625000000000 0.5079822169828823
0.0893750000000000 0.5080099319635749
0.0896875000000000 0.5080376468049309
0.0900000000000000 0.5080653617631737
0.0903125000000000 0.5080930765819889
0.0906250000000000 0.5081207915175885
0.0909375000000000 0.5081485063137452
0.0912500000000000 0.5081762212265084
0.0915625000000000 0.5082039359998880
0.0918750000000000 0.5082316508896234
0.0921875000000000 0.5082593656401045
0.0925000000000000 0.5082870805066240
0.0928125000000000 0.5083147952340816
0.0931250000000000 0.5083425100772015
0.0934375000000000 0.5083702247815056
0.0937500000000000 0.5083979396010477
0.0940625000000000 0.5084256542820624
0.0943750000000000 0.5084533690778541
0.0946875000000000 0.5084810837354378
0.0950000000000000 0.5085087985073128
0.0953125000000000 0.5085365131413170
0.0956250000000000 0.5085642278891156
0.0959375000000000 0.5085919424993862
0.0962500000000000 0.5086196572229539
0.0965625000000000 0.5086473718093312
0.0968750000000000 0.5086750865085191
0.0971875000000000 0.5087028010708382
0.0975000000000000 0.5087305157455019
0.0978125000000000 0.5087582302835938
0.0981250000000000 0.5087859449335925
0.0984375000000000 0.5088136594472850
0.0987500000000000 0.5088413740724804
0.0990625000000000 0.5088690885615993
0.0993750000000000 0.5088968031618550
0.0996875000000000 0.5089245176262245
0.1000000000000000 0.5089522322014043
0.1003125000000000 0.5089799466408491
0.1006250000000000 0.5090076611908171
0.1009375000000000 0.5090353756051611
0.1012500000000000 0.5090630901297812
0.1015625000000000 0.5090908045188496
0.1018750000000000 0.5091185190179838
0.1021875000000000 0.5091462333816034
0.1025000000000000 0.5091739478551126
0.1028125000000000 0.5092016621931115
0.1031250000000000 0.5092293766408550
0.1034375000000000 0.5092570909530629
0.1037500000000000 0.5092848053748980
0.1040625000000000 0.5093125196611469
0.1043750000000000 0.5093402340569291
0.1046875000000000 0.5093679483170523
0.1050000000000000 0.5093956626866361
0.1053125000000000 0.5094233769204688
0.1056250000000000 0.5094510912637058
0.1059375000000000 0.5094788054710847
0.1062500000000000 0.5095065197878265
0.1065625000000000 0.5095342339685893
0.1068750000000000 0.5095619482586853
0.1071875000000000 0.5095896624126713
0.1075000000000000 0.5096173766759706
0.1078125000000000 0.5096450908030197
0.1081250000000000 0.5096728050393700
0.1084375000000000 0.5097005191393228
0.1087500000000000 0.5097282333485718
0.1090625000000000 0.5097559474212692
0.1093750000000000 0.5097836616032636
0.1096875000000000 0.5098113756485477
0.1100000000000000 0.5098390898031341
0.1103125000000000 0.5098668038208466
0.1106250000000000 0.5098945179478712
0.1109375000000000 0.5099222319378545
0.1112500000000000 0.5099499460371633
0.1115625000000000 0.5099776599992591
0.1118750000000000 0.5100053740706981
0.1121875000000000 0.5100330880047492
0.1125000000000000 0.5100608020481643
0.1128125000000000 0.5100885159540128
0.1131250000000000 0.5101162299692495
0.1134375000000000 0.5101439438467383
0.1137500000000000 0.5101716578336422
0.1140625000000000 0.5101993716826138
0.1143750000000000 0.5102270856410300
0.1146875000000000 0.5102547994613271
0.1150000000000000 0.5102825133911011
0.1153125000000000 0.5103102271825666
0.1156250000000000 0.5103379410835434
0.1159375000000000 0.5103656548460199
0.1162500000000000 0.5103933687180446
0.1165625000000000 0.5104210824513755
0.1168750000000000 0.5104487962942929
0.1171875000000000 0.5104765099983212
0.1175000000000000 0.5105042238119759
0.1178125000000000 0.5105319374865447
0.1181250000000000 0.5105596512707816
0.1184375000000000 0.5105873649157341
0.1187500000000000 0.5106150786703976
0.1190625000000000 0.5106427922855771
0.1193750000000000 0.5106705060105119
0.1196875000000000 0.5106982195957613
0.1200000000000000 0.5107259332908120
0.1203125000000000 0.5107536468459750
0.1206250000000000 0.5107813605109859
0.1209375000000000 0.5108090740359057
0.1212500000000000 0.5108367876707213
0.1215625000000000 0.5108645011652413
0.1218750000000000 0.5108922147697056
0.1221875000000000 0.5109199282336692
0.1225000000000000 0.5109476418076270
0.1228125000000000 0.5109753552408774
0.1231250000000000 0.5110030687841729
0.1234375000000000 0.5110307821865534
0.1237500000000000 0.5110584956990309
0.1240625000000000 0.5110862090703849
0.1243750000000000 0.5111139225518887
0.1246875000000000 0.5111416358920595
0.1250000000000000 0.5111693493424340
0.1253125000000000 0.5111970626512649
0.1256250000000000 0.5112247760703542
0.1259375000000000 0.5112524893476886
0.1262500000000000 0.5112802027353371
0.1265625000000000 0.5113079159810181
0.1268750000000000 0.5113356293370703
0.1271875000000000 0.5113633425509410
0.1275000000000000 0.5113910558752411
0.1278125000000000 0.5114187690571448
0.1281250000000000 0.5114464823495374
0.1284375000000000 0.5114741954993167
0.1287500000000000 0.5115019087596462
0.1290625000000000 0.5115296218771448
0.1293750000000000 0.5115573351052554
0.1296875000000000 0.5115850481903158
0.1300000000000000 0.5116127613860521
0.1303125000000000 0.5116404744385175
0.1306250000000000 0.5116681876017239
0.1309375000000000 0.5116959006214370
0.1312500000000000 0.5117236137519583
0.1315625000000000 0.5117513267387618
0.1318750000000000 0.5117790398364425
0.1321875000000000 0.5118067527901791
0.1325000000000000 0.5118344658548639
0.1328125000000000 0.5118621787753761
0.1331250000000000 0.5118898918069097
0.1334375000000000 0.5119176046940402
0.1337500000000000 0.5119453176922673
0.1340625000000000 0.5119730305458586
0.1343750000000000 0.5120007435106239
0.1346875000000000 0.5120284563305185
0.1350000000000000 0.5120561692616669
0.1353125000000000 0.5120838820477066
0.1356250000000000 0.5121115949450832
0.1359375000000000 0.5121393076971107
0.1362500000000000 0.5121670205605602
0.1365625000000000 0.5121947332784175
0.1368750000000000 0.5122224461077850
0.1371875000000000 0.5122501587913141
0.1375000000000000 0.5122778715864446
0.1378125000000000 0.5123055842354877
0.1381250000000000 0.5123332969962262
0.1384375000000000 0.5123610096106255
0.1387500000000000 0.5123887223368168
0.1390625000000000 0.5124164349164140
0.1393750000000000 0.5124441476079032
0.1396875000000000 0.5124718601525406
0.1400000000000000 0.5124995728091728
0.1403125000000000 0.5125272853186924
0.1406250000000000 0.5125549979403122
0.1409375000000000 0.5125827104145561
0.1412500000000000 0.5126104230010087
0.1415625000000000 0.5126381354398186
0.1418750000000000 0.5126658479909489
0.1421875000000000 0.5126935603941670
0.1425000000000000 0.5127212729098197
0.1428125000000000 0.5127489852772881
0.1431250000000000 0.5127766977573081
0.1434375000000000 0.5128044100888689
0.1437500000000000 0.5128321225331005
0.1440625000000000 0.5128598348285960
0.1443750000000000 0.5128875472368843
0.1446875000000000 0.5129152594961566
0.1450000000000000 0.5129429718683460
0.1453125000000000 0.5129706840912371
0.1456250000000000 0.5129983964271722
0.1459375000000000 0.5130261086135247
0.1462500000000000 0.5130538209130497
0.1465625000000000 0.5130815330627058
0.1468750000000000 0.5131092453256653
0.1471875000000000 0.5131369574384674
0.1475000000000000 0.5131646696647055
0.1478125000000000 0.5131923817404960
0.1481250000000000 0.5132200939298571
0.1484375000000000 0.5132478059684783
0.1487500000000000 0.5132755181208065
0.1490625000000000 0.5133032301221012
0.1493750000000000 0.5133309422372405
0.1496875000000000 0.5133586542010510
0.1500000000000000 0.5133863662788454
0.1503125000000000 0.5134140782050141
0.1506250000000000 0.5134417902453079
0.1509375000000000 0.5134695021336774
0.1512500000000000 0.5134972141363143
0.1515625000000000 0.5135249259867271
0.1518750000000000 0.5135526379515513
0.1521875000000000 0.5135803497638498
0.1525000000000000 0.5136080616907049
0.1528125000000000 0.5136357734647318
0.1531250000000000 0.5136634853534618
0.1534375000000000 0.5136911970890595
0.1537500000000000 0.5137189089395084
0.1540625000000000 0.5137466206365193
0.1543750000000000 0.5137743324485308
0.1546875000000000 0.5138020441067973
0.1550000000000000 0.5138297558802154
0.1553125000000000 0.5138574674995799
0.1556250000000000 0.5138851792342486
0.1559375000000000 0.5139128908145532
0.1562500000000000 0.5139406025103165
0.1565625000000000 0.5139683140514033
0.1568750000000000 0.5139960257081051
0.1571875000000000 0.5140237372098164
0.1575000000000000 0.5140514488273010
0.1578125000000000 0.5140791602894788
0.1581250000000000 0.5141068718675901
0.1584375000000000 0.5141345832900763
0.1587500000000000 0.5141622948286587
0.1590625000000000 0.5141900062112950
0.1593750000000000 0.5142177177101929
0.1596875000000000 0.5142454290528208
0.1600000000000000 0.5142731405118787
0.1603125000000000 0.5143008518143397
0.1606250000000000 0.5143285632334024
0.1609375000000000 0.5143562744955373
0.1612500000000000 0.5143839858744501
0.1615625000000000 0.5144116970960999
0.1618750000000000 0.5144394084347079
0.1621875000000000 0.5144671196157129
0.1625000000000000 0.5144948309138618
0.1628125000000000 0.5145225420540621
0.1631250000000000 0.5145502533115982
0.1634375000000000 0.5145779644108331
0.1637500000000000 0.5146056756276030
0.1640625000000000 0.5146333866857118
0.1643750000000000 0.5146610978615623
0.1646875000000000 0.5146888088783831
0.1650000000000000 0.5147165200131625
0.1653125000000000 0.5147442309885329
0.1656250000000000 0.5147719420820895
0.1659375000000000 0.5147996530158467
0.1662500000000000 0.5148273640680295
0.1665625000000000 0.5148550749600095
0.1668750000000000 0.5148827859706689
0.1671875000000000 0.5149104968207064
0.1675000000000000 0.5149382077896938
0.1678125000000000 0.5149659185976229
0.1681250000000000 0.5149936295247902
0.1684375000000000 0.5150213402904439
0.1687500000000000 0.5150490511756445
0.1690625000000000 0.5150767618988545
0.1693750000000000 0.5151044727419427
0.1696875000000000 0.5151321834225399
0.1700000000000000 0.5151598942233707
0.1703125000000000 0.5151876048611849
0.1706250000000000 0.5152153156196146
0.1709375000000000 0.5152430262144746
0.1712500000000000 0.5152707369303607
0.1715625000000000 0.5152984474820942
0.1718750000000000 0.5153261581552943
0.1721875000000000 0.5153538686637287
0.1725000000000000 0.5153815792941010
0.1728125000000000 0.5154092897590633
0.1731250000000000 0.5154370003464667
0.1734375000000000 0.5154647107677833
0.1737500000000000 0.5154924213120764
0.1740625000000000 0.5155201316895741
0.1743750000000000 0.5155478421906152
0.1746875000000000 0.5155755525241215
0.1750000000000000 0.5156032629817680
0.1753125000000000 0.5156309732711110
0.1756250000000000 0.5156586836852194
0.1759375000000000 0.5156863939302287
0.1762500000000000 0.5157141043006537
0.1765625000000000 0.5157418145011606
0.1768750000000000 0.5157695248277550
0.1771875000000000 0.5157972349835934
0.1775000000000000 0.5158249452662069
0.1778125000000000 0.5158526553772135
0.1781250000000000 0.5158803656156933
0.1784375000000000 0.5159080756817073
0.1787500000000000 0.5159357858758974
0.1790625000000000 0.5159634958967616
0.1793750000000000 0.5159912060465022
0.1796875000000000 0.5160189160220636
0.1800000000000000 0.5160466261271911
0.1803125000000000 0.5160743360573001
0.1806250000000000 0.5161020461176465
0.1809375000000000 0.5161297560021582
0.1812500000000000 0.5161574660175515
0.1815625000000000 0.5161851758563247
0.1818750000000000 0.5162128858265891
0.1821875000000000 0.5162405956194863
0.1825000000000000 0.5162683055444420
0.1828125000000000 0.5162960152913298
0.1831250000000000 0.5163237251707935
0.1834375000000000 0.5163514348715417
0.1837500000000000 0.5163791447053266
0.1840625000000000 0.5164068543598078
0.1843750000000000 0.5164345641477249
0.1846875000000000 0.5164622737558141
0.1850000000000000 0.5164899834976721
0.1853125000000000 0.5165176930592460
0.1856250000000000 0.5165454027548524
0.1859375000000000 0.5165731122697886
0.1862500000000000 0.5166008219189501
0.1865625000000000 0.5166285313871265
0.1868750000000000 0.5166562409896497
0.1871875000000000 0.5166839504109442
0.1875000000000000 0.5167116599666366
0.1878125000000000 0.5167393693409251
0.1881250000000000 0.5167670788495959
0.1884375000000000 0.5167947881767530
0.1887500000000000 0.5168224976382134
0.1890625000000000 0.5168502069181107
0.1893750000000000 0.5168779163321753
0.1896875000000000 0.5169056255646816
0.1900000000000000 0.5169333349311671
0.1903125000000000 0.5169610441161475
0.1906250000000000 0.5169887534348756
0.1909375000000000 0.5170164625721917
0.1912500000000000 0.5170441718429868
0.1915625000000000 0.5170718809324957
0.1918750000000000 0.5170995901551870
0.1921875000000000 0.5171272991967422
0.1925000000000000 0.5171550083711629
0.1928125000000000 0.5171827173646132
0.1931250000000000 0.5172104264906005
0.1934375000000000 0.5172381354357910
0.1937500000000000 0.5172658445131858
0.1940625000000000 0.5172935534099579
0.1943750000000000 0.5173212624386047
0.1946875000000000 0.5173489712867962
0.1950000000000000 0.5173766802665433
0.1953125000000000 0.5174043890659888
0.1956250000000000 0.5174320979966864
0.1959375000000000 0.5174598067472183
0.1962500000000000 0.5174875156287198
0.1965625000000000 0.5175152243301677
0.1968750000000000 0.5175429331623279
0.1971875000000000 0.5175706418145202
0.1975000000000000 0.5175983505971957
0.1978125000000000 0.5176260591999590
0.1981250000000000 0.5176537679330075
0.1984375000000000 0.5176814764861678
0.1987500000000000 0.5177091851694474
0.1990625000000000 0.5177368936728303
0.1993750000000000 0.5177646023061990
0.1996875000000000 0.5177923107596303
0.2000000000000000 0.5178200193429464
0.2003125000000000 0.5178477277462519
0.2006250000000000 0.5178754362793728
0.2009375000000000 0.5179031446323787
0.2012500000000000 0.5179308531151618
0.2015625000000000 0.5179585614176955
0.2018750000000000 0.5179862698499962
0.2021875000000000 0.5180139781018859
0.2025000000000000 0.5180416864835595
0.2028125000000000 0.5180693946846342
0.2031250000000000 0.5180971030155347
0.2034375000000000 0.5181248111656247
0.2037500000000000 0.5181525194456045
0.2040625000000000 0.5181802275445411
0.2043750000000000 0.5182079357734519
0.2046875000000000 0.5182356438210679
0.2050000000000000 0.5182633519987599
0.2053125000000000 0.5182910599948890
0.2056250000000000 0.5183187681212114
0.2059375000000000 0.5183464760656882
0.2062500000000000 0.5183741841404892
0.2065625000000000 0.5184018920331492
0.2068750000000000 0.5184296000562761
0.2071875000000000 0.5184573078969562
0.2075000000000000 0.5184850158682550
0.2078125000000000 0.5185127236567927
0.2081250000000000 0.5185404315761087
0.2084375000000000 0.5185681393123422
0.2087500000000000 0.5185958471795206
0.2090625000000000 0.5186235548632883
0.2093750000000000 0.5186512626781729
0.2096875000000000 0.5186789703093142
0.2100000000000000 0.5187066780717486
0.2103125000000000 0.5187343856501034
0.2106250000000000 0.5187620933599312
0.2109375000000000 0.5187898008853393
0.2112500000000000 0.5188175085424028
0.2115625000000000 0.5188452160147049
0.2118750000000000 0.5188729236188466
0.2121875000000000 0.5189006310378834
0.2125000000000000 0.5189283385889453
0.2128125000000000 0.5189560459545579
0.2131250000000000 0.5189837534523819
0.2134375000000000 0.5190114607644112
0.2137500000000000 0.5190391682088389
0.2140625000000000 0.5190668754671263
0.2143750000000000 0.5190945828579996
0.2146875000000000 0.5191222900623860
0.2150000000000000 0.5191499973995463
0.2153125000000000 0.5191777045498733
0.2156250000000000 0.5192054118331618
0.2159375000000000 0.5192331189292708
0.2162500000000000 0.5192608261585289
0.2165625000000000 0.5192885332002614
0.2168750000000000 0.5193162403753301
0.2171875000000000 0.5193439473625275
0.2175000000000000 0.5193716544832480
0.2178125000000000 0.5193993614157518
0.2181250000000000 0.5194270684819653
0.2184375000000000 0.5194547753596171
0.2187500000000000 0.5194824823711643
0.2190625000000000 0.5195101891938058
0.2193750000000000 0.5195378961505279
0.2196875000000000 0.5195656029180002
0.2200000000000000 0.5195933098197383
0.2203125000000000 0.5196210165318830
0.2206250000000000 0.5196487233784777
0.2209375000000000 0.5196764300351364
0.2212500000000000 0.5197041368264286
0.2215625000000000 0.5197318434274429
0.2218750000000000 0.5197595501632735
0.2221875000000000 0.5197872567084846
0.2225000000000000 0.5198149633886945
0.2228125000000000 0.5198426698779438
0.2231250000000000 0.5198703765023738
0.2234375000000000 0.5198980829355028
0.2237500000000000 0.5199257895039937
0.2240625000000000 0.5199534958808438
0.2243750000000000 0.5199812023932366
0.2246875000000000 0.5200089087136488
0.2250000000000000 0.5200366151697843
0.2253125000000000 0.5200643214336000
0.2256250000000000 0.5200920278333188
0.2259375000000000 0.5201197340403796
0.2262500000000000 0.5201474403835222
0.2265625000000000 0.5201751465336693
0.2268750000000000 0.5202028528200766
0.2271875000000000 0.5202305589131511
0.2275000000000000 0.5202582651426638
0.2278125000000000 0.5202859711785069
0.2281250000000000 0.5203136773509658
0.2284375000000000 0.5203413833294188
0.2287500000000000 0.5203690894446643
0.2290625000000000 0.5203967953655685
0.2293750000000000 0.5204245014234413
0.2296875000000000 0.5204522072866379
0.2300000000000000 0.5204799132869785
0.2303125000000000 0.5205076190923082
0.2306250000000000 0.5205353250349574
0.2309375000000000 0.5205630307822617
0.2312500000000000 0.5205907366670598
0.2315625000000000 0.5206184423561798
0.2318750000000000 0.5206461481829674
0.2321875000000000 0.5206738538137439
0.2325000000000000 0.5207015595823614
0.2328125000000000 0.5207292651546357
0.2331250000000000 0.5207569708649238
0.2334375000000000 0.5207846763785368
0.2337500000000000 0.5208123820303359
0.2340625000000000 0.5208400874851284
0.2343750000000000 0.5208677930782790
0.2346875000000000 0.5208954984740922
0.2350000000000000 0.5209232040084345
0.2353125000000000 0.5209509093451093
0.2356250000000000 0.5209786148204839
0.2359375000000000 0.5210063200978613
0.2362500000000000 0.5210340255141083
0.2365625000000000 0.5210617307320291
0.2368750000000000 0.5210894360889891
0.2371875000000000 0.5211171412472942
0.2375000000000000 0.5211448465448072
0.2378125000000000 0.5211725516433374
0.2381250000000000 0.5212002568812442
0.2384375000000000 0.5212279619198402
0.2387500000000000 0.5212556670979807
0.2390625000000000 0.5212833720764833
0.2393750000000000 0.5213110771946980
0.2396875000000000 0.5213387821129480
0.2400000000000000 0.5213664871710770
0.2403125000000000 0.5213941920289152
0.2406250000000000 0.5214218970267989
0.2409375000000000 0.5214496018240660
0.2412500000000000 0.5214773067615439
0.2415625000000000 0.5215050114980807
0.2418750000000000 0.5215327163749934
0.2421875000000000 0.5215604210506405
0.2425000000000000 0.5215881258668282
0.2428125000000000 0.5216158304814261
0.2431250000000000 0.5216435352367289
0.2434375000000000 0.5216712397901182
0.2437500000000000 0.5216989444843764
0.2440625000000000 0.5217266489763974
0.2443750000000000 0.5217543536094508
0.2446875000000000 0.5217820580399444
0.2450000000000000 0.5218097626116333
0.2453125000000000 0.5218374669804399
0.2456250000000000 0.5218651714906043
0.2459375000000000 0.5218928757975639
0.2462500000000000 0.5219205802460443
0.2465625000000000 0.5219482844909973
0.2468750000000000 0.5219759888776336
0.2471875000000000 0.5220036930604205
0.2475000000000000 0.5220313973850527
0.2478125000000000 0.5220591015055136
0.2481250000000000 0.5220868057679823
0.2484375000000000 0.5221145098259571
0.2487500000000000 0.5221422140261024
0.2490625000000000 0.5221699180214310
0.2493750000000000 0.5221976221590935
0.2496875000000000 0.5222253260916159
0.2500000000000000 0.5222530301666358
0.2503125000000000 0.5222807340361915
0.2506250000000000 0.5223084380484094
0.2509375000000000 0.5223361418548379
0.2512500000000000 0.5223638458040949
0.2515625000000000 0.5223915495472354
0.2518750000000000 0.5224192534333720
0.2521875000000000 0.5224469571130638
0.2525000000000000 0.5224746609359211
0.2528125000000000 0.5225023645520028
0.2531250000000000 0.5225300683114223
0.2534375000000000 0.5225577718637324
0.2537500000000000 0.5225854755595555
0.2540625000000000 0.5226131790479324
0.2543750000000000 0.5226408826800009
0.2546875000000000 0.5226685861042822
0.2550000000000000 0.5226962896724384
0.2553125000000000 0.5227239930324618
0.2556250000000000 0.5227516965365481
0.2559375000000000 0.5227793998321503
0.2562500000000000 0.5228071032720095
0.2565625000000000 0.5228348065030277
0.2568750000000000 0.5228625098785031
0.2571875000000000 0.5228902130447730
0.2575000000000000 0.5229179163557083
0.2578125000000000 0.5229456194570656
0.2581250000000000 0.5229733227033052
0.2584375000000000 0.5230010257395851
0.2587500000000000 0.5230287289209734
0.2590625000000000 0.5230564318920105
0.2593750000000000 0.5230841350083928
0.2596875000000000 0.5231118379140208
0.2600000000000000 0.5231395409652430
0.2603125000000000 0.5231672438052954
0.2606250000000000 0.5231949467912037
0.2609375000000000 0.5232226495655132
0.2612500000000000 0.5232503524859544
0.2615625000000000 0.5232780551943532
0.2618750000000000 0.5233057580491747
0.2621875000000000 0.5233334606914943
0.2625000000000000 0.5233611634805442
0.2628125000000000 0.5233888660566157
0.2631250000000000 0.5234165687797420
0.2634375000000000 0.5234442712893959
0.2637500000000000 0.5234719739464477
0.2640625000000000 0.5234996763895139
0.2643750000000000 0.5235273789803404
0.2646875000000000 0.5235550813566486
0.2650000000000000 0.5235827838810991
0.2653125000000000 0.5236104861904787
0.2656250000000000 0.5236381886484031
0.2659375000000000 0.5236658908906832
0.2662500000000000 0.5236935932819311
0.2665625000000000 0.5237212954569409
0.2668750000000000 0.5237489977813620
0.2671875000000000 0.5237766998889306
0.2675000000000000 0.5238044021463741
0.2678125000000000 0.5238321041863314
0.2681250000000000 0.5238598063766464
0.2684375000000000 0.5238875083488221
0.2687500000000000 0.5239152104718571
0.2690625000000000 0.5239429123760817
0.2693750000000000 0.5239706144316840
0.2696875000000000 0.5239983162677893
0.2700000000000000 0.5240260182558057
0.2703125000000000 0.5240537200236237
0.2706250000000000 0.5240814219438998
0.2709375000000000 0.5241091236432645
0.2712500000000000 0.5241368254956442
0.2715625000000000 0.5241645271263902
0.2718750000000000 0.5241922289107165
0.2721875000000000 0.5242199304726803
0.2725000000000000 0.5242476321887941
0.2728125000000000 0.5242753336818140
0.2731250000000000 0.5243030353295544
0.2734375000000000 0.5243307367534704
0.2737500000000000 0.5243584383326746
0.2740625000000000 0.5243861396873289
0.2743750000000000 0.5244138411978320
0.2746875000000000 0.5244415424830687
0.2750000000000000 0.5244692439247032
0.2753125000000000 0.5244969451403687
0.2756250000000000 0.5245246465129654
0.2759375000000000 0.5245523476589083
0.2762500000000000 0.5245800489622955
0.2765625000000000 0.5246077500383663
0.2768750000000000 0.5246354512723705
0.2771875000000000 0.5246631522784219
0.2775000000000000 0.5246908534428673
0.2778125000000000 0.5247185543787539
0.2781250000000000 0.5247462554734623
0.2784375000000000 0.5247739563390410
0.2787500000000000 0.5248016573638331
0.2790625000000000 0.5248293581589616
0.2793750000000000 0.5248570591136561
0.2796875000000000 0.5248847598381945
0.2800000000000000 0.5249124607226087
0.2803125000000000 0.5249401613764176
0.2806250000000000 0.5249678621903677
0.2809375000000000 0.5249955627733089
0.2812500000000000 0.5250232635166104
0.2815625000000000 0.5250509640285467
0.2818750000000000 0.5250786647010141
0.2821875000000000 0.5251063651418079
0.2825000000000000 0.5251340657432562
0.2828125000000000 0.5251617661127702
0.2831250000000000 0.5251894666430142
0.2834375000000000 0.5252171669411109
0.2837500000000000 0.5252448673999659
0.2840625000000000 0.5252725676265069
0.2843750000000000 0.5253002680137887
0.2846875000000000 0.5253279681686346
0.2850000000000000 0.5253556684841604
0.2853125000000000 0.5253833685671710
0.2856250000000000 0.5254110688107594
0.2859375000000000 0.5254387688217923
0.2862500000000000 0.5254664689932631
0.2865625000000000 0.5254941689321746
0.2868750000000000 0.5255218690313493
0.2871875000000000 0.5255495688979939
0.2875000000000000 0.5255772689246968
0.2878125000000000 0.5256049687189261
0.2881250000000000 0.5256326686729833
0.2884375000000000 0.5256603683946471
0.2887500000000000 0.5256880682758863
0.2890625000000000 0.5257157679248327
0.2893750000000000 0.5257434677330846
0.2896875000000000 0.5257711673091581
0.2900000000000000 0.5257988670442553
0.2903125000000000 0.5258265665472993
0.2906250000000000 0.5258542662090766
0.2909375000000000 0.5258819656389316
0.2912500000000000 0.5259096652272263
0.2915625000000000 0.5259373645837307
0.2918750000000000 0.5259650640983820
0.2921875000000000 0.5259927633813722
0.2925000000000000 0.5260204628222210
0.2928125000000000 0.5260481620315317
0.2931250000000000 0.5260758613984209
0.2934375000000000 0.5261035605338844
0.2937500000000000 0.5261312598266589
0.2940625000000000 0.5261589588881063
0.2943750000000000 0.5261866581066118
0.2946875000000000 0.5262143570938729
0.2950000000000000 0.5262420562379565
0.2953125000000000 0.5262697551508599
0.2956250000000000 0.5262974542203699
0.2959375000000000 0.5263251530587433
0.2962500000000000 0.5263528520535286
0.2965625000000000 0.5263805508171987
0.2968750000000000 0.5264082497371085
0.2971875000000000 0.5264359484259021
0.2975000000000000 0.5264636472707863
0.2978125000000000 0.5264913458845291
0.2981250000000000 0.5265190446542380
0.2984375000000000 0.5265467431927560
0.2987500000000000 0.5265744418871394
0.2990625000000000 0.5266021403502583
0.2993750000000000 0.5266298389691665
0.2996875000000000 0.5266575373567123
0.3000000000000000 0.5266852358999947
0.3003125000000000 0.5267129342117939
0.3006250000000000 0.5267406326792997
0.3009375000000000 0.5267683309151786
0.3012500000000000 0.5267960293067571
0.3015625000000000 0.5268237274665427
0.3018750000000000 0.5268514257820420
0.3021875000000000 0.5268791238655619
0.3025000000000000 0.5269068221048300
0.3028125000000000 0.5269345201119121
0.3031250000000000 0.5269622182747961
0.3034375000000000 0.5269899162052690
0.3037500000000000 0.5270176142916152
0.3040625000000000 0.5270453121453085
0.3043750000000000 0.5270730101549629
0.3046875000000000 0.5271007079317060
0.3050000000000000 0.5271284058645138
0.3053125000000000 0.5271561035641372
0.3056250000000000 0.5271838014199431
0.3059375000000000 0.5272114990422777
0.3062500000000000 0.5272391968209257
0.3065625000000000 0.5272668943658029
0.3068750000000000 0.5272945920671361
0.3071875000000000 0.5273222895343881
0.3075000000000000 0.5273499871582494
0.3078125000000000 0.5273776845477085
0.3081250000000000 0.5274053820939402
0.3084375000000000 0.5274330794054396
0.3087500000000000 0.5274607768738835
0.3090625000000000 0.5274884741072563
0.3093750000000000 0.5275161714977538
0.3096875000000000 0.5275438686528338
0.3100000000000000 0.5275715659652256
0.3103125000000000 0.5275992630418468
0.3106250000000000 0.5276269602759738
0.3109375000000000 0.5276546572739707
0.3112500000000000 0.5276823544296727
0.3115625000000000 0.5277100513488795
0.3118750000000000 0.5277377484259971
0.3121875000000000 0.5277654452662486
0.3125000000000000 0.5277931422646212
0.3128125000000000 0.5278208390257524
0.3131250000000000 0.5278485359452194
0.3134375000000000 0.5278762326270653
0.3137500000000000 0.5279039294674664
0.3140625000000000 0.5279316260698621
0.3143750000000000 0.5279593228310361
0.3146875000000000 0.5279870193538169
0.3150000000000000 0.5280147160356029
0.3153125000000000 0.5280424124786043
0.3156250000000000 0.5280701090808410
0.3159375000000000 0.5280978054438984
0.3162500000000000 0.5281255019664245
0.3165625000000000 0.5281531982493733
0.3168750000000000 0.5281808946920274
0.3171875000000000 0.5282085908947035
0.3175000000000000 0.5282362872573241
0.3178125000000000 0.5282639833795627
0.3181250000000000 0.5282916796619882
0.3184375000000000 0.5283193757036251
0.3187500000000000 0.5283470719056937
0.3190625000000000 0.5283747678665645
0.3193750000000000 0.5284024639881146
0.3196875000000000 0.5284301598680546
0.3200000000000000 0.5284578559089244
0.3203125000000000 0.5284855517077695
0.3206250000000000 0.5285132476677971
0.3209375000000000 0.5285409433853825
0.3212500000000000 0.5285686392644061
0.3215625000000000 0.5285963349005677
0.3218750000000000 0.5286240306984252
0.3221875000000000 0.5286517262529985
0.3225000000000000 0.5286794219695279
0.3228125000000000 0.5287071174423483
0.3231250000000000 0.5287348130773875
0.3234375000000000 0.5287625084682906
0.3237500000000000 0.5287902040216775
0.3240625000000000 0.5288178993304991
0.3243750000000000 0.5288455948020714
0.3246875000000000 0.5288732900286465
0.3250000000000000 0.5289009854182422
0.3253125000000000 0.5289286805624063
0.3256250000000000 0.5289563758698633
0.3259375000000000 0.5289840709314518
0.3262500000000000 0.5290117661566078
0.3265625000000000 0.5290394611354561
0.3268750000000000 0.5290671562781486
0.3271875000000000 0.5290948511740923
0.3275000000000000 0.5291225462341590
0.3278125000000000 0.5291502410470331
0.3281250000000000 0.5291779360243117
0.3284375000000000 0.5292056307539517
0.3287500000000000 0.5292333256482797
0.3290625000000000 0.5292610202945208
0.3293750000000000 0.5292887151057358
0.3296875000000000 0.5293164096684132
0.3300000000000000 0.5293441043963528
0.3303125000000000 0.5293717988753016
0.3306250000000000 0.5293994935198030
0.3309375000000000 0.5294271879148588
0.3312500000000000 0.5294548824757596
0.3315625000000000 0.5294825767867573
0.3318750000000000 0.5295102712638946
0.3321875000000000 0.5295379654906693
0.3325000000000000 0.5295656598838806
0.3328125000000000 0.5295933540262677
0.3331250000000000 0.5296210483353903
0.3334375000000000 0.5296487423932246
0.3337500000000000 0.5296764366180957
0.3340625000000000 0.5297041305912124
0.3343750000000000 0.5297318247316694
0.3346875000000000 0.5297595186199032
0.3350000000000000 0.5297872126757832
0.3353125000000000 0.5298149064789693
0.3356250000000000 0.5298426004501094
0.3359375000000000 0.5298702941680828
0.3362500000000000 0.5298979880543203
0.3365625000000000 0.5299256816869159
0.3368750000000000 0.5299533754880876
0.3371875000000000 0.5299810690351401
0.3375000000000000 0.5300087627510831
0.3378125000000000 0.5300364562124277
0.3381250000000000 0.5300641498429791
0.3384375000000000 0.5300918432184504
0.3387500000000000 0.5301195367634471
0.3390625000000000 0.5301472300528799
0.3393750000000000 0.5301749235121590
0.3396875000000000 0.5302026167153880
0.3400000000000000 0.5302303100887862
0.3403125000000000 0.5302580032056462
0.3406250000000000 0.5302856964930003
0.3409375000000000 0.5303133895233261
0.3412500000000000 0.5303410827244730
0.3415625000000000 0.5303687756680991
0.3418750000000000 0.5303964687828755
0.3421875000000000 0.5304241616396369
0.3425000000000000 0.5304518546678795
0.3428125000000000 0.5304795474376104
0.3431250000000000 0.5305072403791561
0.3434375000000000 0.5305349330616912
0.3437500000000000 0.5305626259163764
0.3440625000000000 0.5305903185115503
0.3443750000000000 0.5306180112792118
0.3446875000000000 0.5306457037868588
0.3450000000000000 0.5306733964673334
0.3453125000000000 0.5307010888872877
0.3456250000000000 0.5307287814804121
0.3459375000000000 0.5307564738125082
0.3462500000000000 0.5307841663181189
0.3465625000000000 0.5308118585621910
0.3468750000000000 0.5308395509801248
0.3471875000000000 0.5308672431360072
0.3475000000000000 0.5308949354661006
0.3478125000000000 0.5309226275336272
0.3481250000000000 0.5309503197757169
0.3484375000000000 0.5309780117547217
0.3487500000000000 0.5310057039086447
0.3490625000000000 0.5310333957989615
0.3493750000000000 0.5310610878645543
0.3496875000000000 0.5310887796660170
0.3500000000000000 0.5311164716431165
0.3503125000000000 0.5311441633555581
0.3506250000000000 0.5311718552440019
0.3509375000000000 0.5311995468672561
0.3512500000000000 0.5312272386668807
0.3515625000000000 0.5312549302007810
0.3518750000000000 0.5312826219114233
0.3521875000000000 0.5313103133558027
0.3525000000000000 0.5313380049773000
0.3528125000000000 0.5313656963319914
0.3531250000000000 0.5313933878641811
0.3534375000000000 0.5314210791290171
0.3537500000000000 0.5314487705717368
0.3540625000000000 0.5314764617465499
0.3543750000000000 0.5315041530996372
0.3546875000000000 0.5315318441842597
0.3550000000000000 0.5315595354475522
0.3553125000000000 0.5315872264418162
0.3556250000000000 0.5316149176151519
0.3559375000000000 0.5316426085188892
0.3562500000000000 0.5316702996021062
0.3565625000000000 0.5316979904151483
0.3568750000000000 0.5317256814080848
0.3571875000000000 0.5317533721302632
0.3575000000000000 0.5317810630327577
0.3578125000000000 0.5318087536639031
0.3581250000000000 0.5318364444757944
0.3584375000000000 0.5318641350157378
0.3587500000000000 0.5318918257368644
0.3590625000000000 0.5319195161854366
0.3593750000000000 0.5319472068156375
0.3596875000000000 0.5319748971726687
0.3600000000000000 0.5320025877117830
0.3603125000000000 0.5320302779771033
0.3606250000000000 0.5320579684249701
0.3609375000000000 0.5320856585984096
0.3612500000000000 0.5321133489548684
0.3615625000000000 0.5321410390362570
0.3618750000000000 0.5321687293011468
0.3621875000000000 0.5321964192903141
0.3625000000000000 0.5322241094634745
0.3628125000000000 0.5322517993602500
0.3631250000000000 0.5322794894415207
0.3634375000000000 0.5323071792457338
0.3637500000000000 0.5323348692349541
0.3640625000000000 0.5323625589464344
0.3643750000000000 0.5323902488434434
0.3646875000000000 0.5324179384620206
0.3650000000000000 0.5324456282666576
0.3653125000000000 0.5324733177921609
0.3656250000000000 0.5325010075042652
0.3659375000000000 0.5325286969365244
0.3662500000000000 0.5325563865559345
0.3665625000000000 0.5325840758947800
0.3668750000000000 0.5326117654213341
0.3671875000000000 0.5326394546665958
0.3675000000000000 0.5326671441001323
0.3678125000000000 0.5326948332516406
0.3681250000000000 0.5327225225919970
0.3684375000000000 0.5327502116495831
0.3687500000000000 0.5327779008965967
0.3690625000000000 0.5328055898600920
0.3693750000000000 0.5328332790135990
0.3696875000000000 0.5328609678828354
0.3700000000000000 0.5328886569426720
0.3703125000000000 0.5329163457174818
0.3706250000000000 0.5329440346834833
0.3709375000000000 0.5329717233636998
0.3712500000000000 0.5329994122357007
0.3715625000000000 0.5330271008211573
0.3718750000000000 0.5330547895989916
0.3721875000000000 0.5330824780895230
0.3725000000000000 0.5331101667730235
0.3728125000000000 0.5331378551684649
0.3731250000000000 0.5331655437574639
0.3734375000000000 0.5331932320576511
0.3737500000000000 0.5332209205519800
0.3740625000000000 0.5332486087567497
0.3743750000000000 0.5332762971562393
0.3746875000000000 0.5333039852654287
0.3750000000000000 0.5333316735699083
0.3753125000000000 0.5333593615833560
0.3756250000000000 0.5333870497926547
0.3759375000000000 0.5334147377101992
0.3762500000000000 0.5334424258241454
0.3765625000000000 0.5334701136456264
0.3768750000000000 0.5334978016640470
0.3771875000000000 0.5335254893893048
0.3775000000000000 0.5335531773120267
0.3778125000000000 0.5335808649409022
0.3781250000000000 0.5336085527677511
0.3784375000000000 0.5336362403000859
0.3787500000000000 0.5336639280308874
0.3790625000000000 0.5336916154665232
0.3793750000000000 0.5337193031011020
0.3796875000000000 0.5337469904398812
0.3800000000000000 0.5337746779780619
0.3803125000000000 0.5338023652198268
0.3806250000000000 0.5338300526614337
0.3809375000000000 0.5338577398060271
0.3812500000000000 0.5338854271508839
0.3815625000000000 0.5339131141981489
0.3818750000000000 0.5339408014460796
0.3821875000000000 0.5339684883958584
0.3825000000000000 0.5339961755466869
0.3828125000000000 0.5340238623988228
0.3831250000000000 0.5340515494523727
0.3834375000000000 0.5340792362067082
0.3837500000000000 0.5341069231628034
0.3840625000000000 0.5341346098191804
0.3843750000000000 0.5341622966776457
0.3846875000000000 0.5341899832359062
0.3850000000000000 0.5342176699965657
0.3853125000000000 0.5342453564565511
0.3856250000000000 0.5342730431192303
0.3859375000000000 0.5343007294807812
0.3862500000000000 0.5343284160453058
0.3865625000000000 0.5343561023082625
0.3868750000000000 0.5343837887744584
0.3871875000000000 0.5344114749386603
0.3875000000000000 0.5344391613063543
0.3878125000000000 0.5344668473716403
0.3881250000000000 0.5344945336406600
0.3884375000000000 0.5345222196068680
0.3887500000000000 0.5345499057770416
0.3890625000000000 0.5345775916440086
0.3893750000000000 0.5346052777151652
0.3896875000000000 0.5346329634827276
0.3900000000000000 0.5346606494546968
0.3903125000000000 0.5346883351226902
0.3906250000000000 0.5347160209953025
0.3909375000000000 0.5347437065635613
0.3912500000000000 0.5347713923366481
0.3915625000000000 0.5347990778050059
0.3918750000000000 0.5348267634783992
0.3921875000000000 0.5348544488466894
0.3925000000000000 0.5348821344202216
0.3928125000000000 0.5349098196882763
0.3931250000000000 0.5349375051617807
0.3934375000000000 0.5349651903294316
0.3937500000000000 0.5349928757027425
0.3940625000000000 0.5350205607698201
0.3943750000000000 0.5350482460427716
0.3946875000000000 0.5350759310091064
0.3950000000000000 0.5351036161815337
0.3953125000000000 0.5351313010469555
0.3956250000000000 0.5351589861186939
0.3959375000000000 0.5351866708830317
0.3962500000000000 0.5352143558539172
0.3965625000000000 0.5352420405169998
0.3968750000000000 0.5352697253868686
0.3971875000000000 0.5352974099485243
0.3975000000000000 0.5353250947172125
0.3978125000000000 0.5353527791772696
0.3981250000000000 0.5353804638446139
0.3984375000000000 0.5354081482029004
0.3987500000000000 0.5354358327687374
0.3990625000000000 0.5354635170250804
0.3993750000000000 0.5354912014892471
0.3996875000000000 0.5355188856434749
0.4000000000000000 0.5355465700058077
0.4003125000000000 0.5355742540577475
0.4006250000000000 0.5356019383180832
0.4009375000000000 0.5356296222675627
0.4012500000000000 0.5356573064257378
0.4015625000000000 0.5356849902725844
0.4018750000000000 0.5357126743284356
0.4021875000000000 0.5357403580724769
0.4025000000000000 0.5357680420258403
0.4028125000000000 0.5357957256669043
0.4031250000000000 0.5358234095176158
0.4034375000000000 0.5358510930555305
0.4037500000000000 0.5358787768034258
0.4040625000000000 0.5359064602380191
0.4043750000000000 0.5359341438829337
0.4046875000000000 0.5359618272140343
0.4050000000000000 0.5359895107558035
0.4053125000000000 0.5360171939832397
0.4056250000000000 0.5360448774216982
0.4059375000000000 0.5360725605452989
0.4062500000000000 0.5361002438802812
0.4065625000000000 0.5361279268998755
0.4068750000000000 0.5361556101312160
0.4071875000000000 0.5361832930466329
0.4075000000000000 0.5362109761741655
0.4078125000000000 0.5362386589852346
0.4081250000000000 0.5362663420087930
0.4084375000000000 0.5362940247153438
0.4087500000000000 0.5363217076347612
0.4090625000000000 0.5363493902366241
0.4093750000000000 0.5363770730517333
0.4096875000000000 0.5364047555487381
0.4100000000000000 0.5364324382593720
0.4103125000000000 0.5364601206513493
0.4106250000000000 0.5364878032573400
0.4109375000000000 0.5365154855441203
0.4112500000000000 0.5365431680453002
0.4115625000000000 0.5365708502267141
0.4118750000000000 0.5365985326229149
0.4121875000000000 0.5366262146987935
0.4125000000000000 0.5366538969898469
0.4128125000000000 0.5366815789600210
0.4131250000000000 0.5367092611457583
0.4134375000000000 0.5367369430100595
0.4137500000000000 0.5367646250903118
0.4140625000000000 0.5367923068485710
0.4143750000000000 0.5368199888231694
0.4146875000000000 0.5368476704752183
0.4150000000000000 0.5368753523439935
0.4153125000000000 0.5369030338896635
0.4156250000000000 0.5369307156524463
0.4159375000000000 0.5369583970915688
0.4162500000000000 0.5369860787481896
0.4165625000000000 0.5370137600805963
0.4168750000000000 0.5370414416308856
0.4171875000000000 0.5370691228564081
0.4175000000000000 0.5370968043001961
0.4178125000000000 0.5371244854186658
0.4181250000000000 0.5371521667557829
0.4184375000000000 0.5371798477670314
0.4187500000000000 0.5372075289973077
0.4190625000000000 0.5372352099011668
0.4193750000000000 0.5372628910244320
0.4196875000000000 0.5372905718207333
0.4200000000000000 0.5373182528368176
0.4203125000000000 0.5373459335253924
0.4206250000000000 0.5373736144341258
0.4209375000000000 0.5374012950148058
0.4212500000000000 0.5374289758160182
0.4215625000000000 0.5374566562886348
0.4218750000000000 0.5374843369821559
0.4221875000000000 0.5375120173465406
0.4225000000000000 0.5375396979322000
0.4228125000000000 0.5375673781881843
0.4231250000000000 0.5375950586658121
0.4234375000000000 0.5376227388132269
0.4237500000000000 0.5376504191826529
0.4240625000000000 0.5376780992213295
0.4243750000000000 0.5377057794823835
0.4246875000000000 0.5377334594121528
0.4250000000000000 0.5377611395646646
0.4253125000000000 0.5377888193853577
0.4256250000000000 0.5378164994291571
0.4259375000000000 0.5378441791406050
0.4262500000000000 0.5378718590755217
0.4265625000000000 0.5378995386775551
0.4268750000000000 0.5379272185034190
0.4271875000000000 0.5379548979958686
0.4275000000000000 0.5379825777125096
0.4278125000000000 0.5380102570952058
0.4281250000000000 0.5380379367024540
0.4284375000000000 0.5380656159752272
0.4287500000000000 0.5380932954729124
0.4290625000000000 0.5381209746355928
0.4293750000000000 0.5381486540235452
0.4296875000000000 0.5381763330759629
0.4300000000000000 0.5382040123540123
0.4303125000000000 0.5382316912959976
0.4306250000000000 0.5382593704639741
0.4309375000000000 0.5382870492953568
0.4312500000000000 0.5383147283530906
0.4315625000000000 0.5383424070737002
0.4318750000000000 0.5383700860210214
0.4321875000000000 0.5383977646306878
0.4325000000000000 0.5384254434674267
0.4328125000000000 0.5384531219659793
0.4331250000000000 0.5384808006919658
0.4334375000000000 0.5385084790792340
0.4337500000000000 0.5385361576942985
0.4340625000000000 0.5385638359701116
0.4343750000000000 0.5385915144740846
0.4346875000000000 0.5386191926382716
0.4350000000000000 0.5386468710309830
0.4353125000000000 0.5386745490833731
0.4356250000000000 0.5387022273646536
0.4359375000000000 0.5387299053050757
0.4362500000000000 0.5387575834747552
0.4365625000000000 0.5387852613030379
0.4368750000000000 0.5388129393609474
0.4371875000000000 0.5388406170769192
0.4375000000000000 0.5388682950228891
0.4378125000000000 0.5388959726263787
0.4381250000000000 0.5389236504602392
0.4384375000000000 0.5389513279510749
0.4387500000000000 0.5389790056726566
0.4390625000000000 0.5390066830506667
0.4393750000000000 0.5390343606598001
0.4396875000000000 0.5390620379248128
0.4400000000000000 0.5390897154213286
0.4403125000000000 0.5391173925731719
0.4406250000000000 0.5391450699569005
0.4409375000000000 0.5391727469954022
0.4412500000000000 0.5392004242661742
0.4415625000000000 0.5392281011911626
0.4418750000000000 0.5392557783488084
0.4421875000000000 0.5392834551601109
0.4425000000000000 0.5393111322044613
0.4428125000000000 0.5393388089019056
0.4431250000000000 0.5393664858327910
0.4434375000000000 0.5393941624162045
0.4437500000000000 0.5394218392334561
0.4440625000000000 0.5394495157026662
0.4443750000000000 0.5394771924061141
0.4446875000000000 0.5395048687609484
0.4450000000000000 0.5395325453504233
0.4453125000000000 0.5395602215907087
0.4456250000000000 0.5395878980660413
0.4459375000000000 0.5396155741916051
0.4462500000000000 0.5396432505526261
0.4465625000000000 0.5396709265632953
0.4468750000000000 0.5396986028098353
0.4471875000000000 0.5397262787054368
0.4475000000000000 0.5397539548373264
0.4478125000000000 0.5397816306176871
0.4481250000000000 0.5398093066347568
0.4484375000000000 0.5398369822997037
0.4487500000000000 0.5398646582017840
0.4490625000000000 0.5398923337511436
0.4493750000000000 0.5399200095380653
0.4496875000000000 0.5399476849716642
0.4500000000000000 0.5399753606432578
0.4503125000000000 0.5400030359609228
0.4506250000000000 0.5400307115170185
0.4509375000000000 0.5400583867185761
0.4512500000000000 0.5400860621590049
0.4515625000000000 0.5401137372442810
0.4518750000000000 0.5401414125688734
0.4521875000000000 0.5401690875376944
0.4525000000000000 0.5401967627462811
0.4528125000000000 0.5402244375984731
0.4531250000000000 0.5402521126908845
0.4534375000000000 0.5402797874262739
0.4537500000000000 0.5403074624023403
0.4540625000000000 0.5403351370207531
0.4543750000000000 0.5403628118803050
0.4546875000000000 0.5403904863815669
0.4550000000000000 0.5404181611244351
0.4553125000000000 0.5404458355083722
0.4556250000000000 0.5404735101343869
0.4559375000000000 0.5405011844008248
0.4562500000000000 0.5405288589098166
0.4565625000000000 0.5405565330585811
0.4568750000000000 0.5405842074503805
0.4571875000000000 0.5406118814812971
0.4575000000000000 0.5406395557557344
0.4578125000000000 0.5406672296686287
0.4581250000000000 0.5406949038255343
0.4584375000000000 0.5407225776202320
0.4587500000000000 0.5407502516594362
0.4590625000000000 0.5407779253357622
0.4593750000000000 0.5408055992570958
0.4596875000000000 0.5408332728148757
0.4600000000000000 0.5408609466181687
0.4603125000000000 0.5408886200572277
0.4606250000000000 0.5409162937423103
0.4609375000000000 0.5409439670624736
0.4612500000000000 0.5409716406291765
0.4615625000000000 0.5409993138302691
0.4618750000000000 0.5410269872784221
0.4621875000000000 0.5410546603602693
0.4625000000000000 0.5410823336897026
0.4628125000000000 0.5411100066521292
0.4631250000000000 0.5411376798626730
0.4634375000000000 0.5411653527055044
0.4637500000000000 0.5411930257969884
0.4640625000000000 0.5412206985200496
0.4643750000000000 0.5412483714923038
0.4646875000000000 0.5412760440954197
0.4650000000000000 0.5413037169482741
0.4653125000000000 0.5413313894312697
0.4656250000000000 0.5413590621645538
0.4659375000000000 0.5413867345272542
0.4662500000000000 0.5414144071407977
0.4665625000000000 0.5414420793830278
0.4668750000000000 0.5414697518766601
0.4671875000000000 0.5414974239982452
0.4675000000000000 0.5415250963717957
0.4678125000000000 0.5415527683725607
0.4681250000000000 0.5415804406258583
0.4684375000000000 0.5416081125056289
0.4687500000000000 0.5416357846385025
0.4690625000000000 0.5416634563971040
0.4693750000000000 0.5416911284093824
0.4696875000000000 0.5417188000466401
0.4700000000000000 0.5417464719381516
0.4703125000000000 0.5417741434538912
0.4706250000000000 0.5418018152244641
0.4709375000000000 0.5418294866185115
0.4712500000000000 0.5418571582679739
0.4715625000000000 0.5418848295401546
0.4718750000000000 0.5419125010683343
0.4721875000000000 0.5419401722184747
0.4725000000000000 0.5419678436251991
0.4728125000000000 0.5419955146531252
0.4731250000000000 0.5420231859382214
0.4734375000000000 0.5420508568437598
0.4737500000000000 0.5420785280070550
0.4740625000000000 0.5421061987900319
0.4743750000000000 0.5421338698313526
0.4746875000000000 0.5421615404915952
0.4750000000000000 0.5421892114107676
0.4753125000000000 0.5422168819481025
0.4756250000000000 0.5422445527449530
0.4759375000000000 0.5422722231592073
0.4762500000000000 0.5422998938335613
0.4765625000000000 0.5423275641245627
0.4768750000000000 0.5423552346762458
0.4771875000000000 0.5423829048438218
0.4775000000000000 0.5424105752726589
0.4778125000000000 0.5424382453166372
0.4781250000000000 0.5424659156224535
0.4784375000000000 0.5424935855426618
0.4787500000000000 0.5425212557252816
0.4790625000000000 0.5425489255215484
0.4793750000000000 0.5425765955807962
0.4796875000000000 0.5426042652529494
0.4800000000000000 0.5426319351886492
0.4803125000000000 0.5426596047365173
0.4806250000000000 0.5426872745484930
0.4809375000000000 0.5427149439719043
0.4812500000000000 0.5427426136599794
0.4815625000000000 0.5427702829587627
0.4818750000000000 0.5427979525227610
0.4821875000000000 0.5428256216967446
0.4825000000000000 0.5428532911364892
0.4828125000000000 0.5428809601855021
0.4831250000000000 0.5429086295008161
0.4834375000000000 0.5429362984246869
0.4837500000000000 0.5429639676153932
0.4840625000000000 0.5429916364139508
0.4843750000000000 0.5430193054798726
0.4846875000000000 0.5430469741529456
0.4850000000000000 0.5430746430939054
0.4853125000000000 0.5431023116413224
0.4856250000000000 0.5431299804571434
0.4859375000000000 0.5431576488787330
0.4862500000000000 0.5431853175692379
0.4865625000000000 0.5432129858648286
0.4868750000000000 0.5432406544298403
0.4871875000000000 0.5432683225992604
0.4875000000000000 0.5432959910386015
0.4878125000000000 0.5433236590816792
0.4881250000000000 0.5433513273951729
0.4884375000000000 0.5433789953117363
0.4887500000000000 0.5434066634992053
0.4890625000000000 0.5434343312890821
0.4893750000000000 0.5434619993503499
0.4896875000000000 0.5434896670133678
0.4900000000000000 0.5435173349482572
0.4903125000000000 0.5435450024842434
0.4906250000000000 0.5435726702925782
0.4909375000000000 0.5436003377013601
0.4912500000000000 0.5436280053829634
0.4915625000000000 0.5436556726643677
0.4918750000000000 0.5436833402190632
0.4921875000000000 0.5437110073729167
0.4925000000000000 0.5437386748005282
0.4928125000000000 0.5437663418266572
0.4931250000000000 0.5437940091270088
0.4934375000000000 0.5438216760252393
0.4937500000000000 0.5438493431981550
0.4940625000000000 0.5438770099683128
0.4943750000000000 0.5439046770136170
0.4946875000000000 0.5439323436555278
0.4950000000000000 0.5439600105730449
0.4953125000000000 0.5439876770865336
0.4956250000000000 0.5440153438760887
0.4959375000000000 0.5440430102609801
0.4962500000000000 0.5440706769223977
0.4965625000000000 0.5440983431785167
0.4968750000000000 0.5441260097116219
0.4971875000000000 0.5441536758387930
0.4975000000000000 0.5441813422434110
0.4978125000000000 0.5442090082414581
0.4981250000000000 0.5442366745174142
0.4984375000000000 0.5442643403861612
0.4987500000000000 0.5442920065332809
0.4990625000000000 0.5443196722725516
0.4993750000000000 0.5443473382906603
0.4996875000000000 0.5443750039002783
0.5000000000000000 0.5444026697892013
0.5003125000000000 0.5444303352689900
0.5006250000000000 0.5444580010285531
0.5009375000000000 0.5444856663783354
0.5012500000000000 0.5445133320083644
0.5015625000000000 0.5445409972279635
0.5018750000000000 0.5445686627282842
0.5021875000000000 0.5445963278175228
0.5025000000000001 0.5446239931879608
0.5028125000000000 0.5446516581466616
0.5031250000000000 0.5446793233870429
0.5034375000000000 0.5447069882150286
0.5037500000000000 0.5447346533251789
0.5040625000000000 0.5447623180222720
0.5043750000000000 0.5447899830020171
0.5046875000000000 0.5448176475680399
0.5050000000000000 0.5448453124172051
0.5053125000000001 0.5448729768519802
0.5056250000000000 0.5449006415703916
0.5059375000000000 0.5449283058737412
0.5062500000000000 0.5449559704612240
0.5065625000000000 0.5449836346329707
0.5068750000000000 0.5450112990893503
0.5071875000000000 0.5450389631293162
0.5075000000000001 0.5450666274544183
0.5078125000000000 0.5450942913624257
0.5081250000000000 0.5451219555560751
0.5084375000000000 0.5451496193319465
0.5087500000000000 0.5451772833939685
0.5090625000000000 0.5452049470375260
0.5093750000000000 0.5452326109677457
0.5096875000000000 0.5452602744788119
0.5100000000000000 0.5452879382770537
0.5103125000000001 0.5453156016554510
0.5106250000000000 0.5453432653215399
0.5109375000000000 0.5453709285670906
0.5112500000000000 0.5453985921008507
0.5115625000000000 0.5454262552133777
0.5118750000000000 0.5454539186146338
0.5121875000000000 0.5454815815939591
0.5125000000000000 0.5455092448625350
0.5128125000000000 0.5455369077084816
0.5131250000000001 0.5455645708442016
0.5134375000000000 0.5455922335565921
0.5137500000000000 0.5456198965592796
0.5140625000000000 0.5456475591379369
0.5143750000000000 0.5456752220074156
0.5146875000000000 0.5457028844521624
0.5150000000000000 0.5457305471882558
0.5153125000000001 0.5457582094989152
0.5156250000000000 0.5457858721014461
0.5159375000000000 0.5458135342778412
0.5162500000000000 0.5458411967466329
0.5165625000000000 0.5458688587885866
0.5168750000000000 0.5458965211234619
0.5171875000000000 0.5459241830307975
0.5175000000000000 0.5459518452315788
0.5178125000000000 0.5459795070041198
0.5181250000000001 0.5460071690706294
0.5184375000000000 0.5460348307081991
0.5187500000000000 0.5460624926402593
0.5190625000000000 0.5460901541426812
0.5193750000000000 0.5461178159401139
0.5196875000000000 0.5461454773072115
0.5200000000000000 0.5461731389698384
0.5203125000000000 0.5462008002014356
0.5206250000000000 0.5462284617290780
0.5209375000000001 0.5462561228249987
0.5212500000000000 0.5462837842174779
0.5215625000000000 0.5463114451775459
0.5218750000000000 0.5463391064346832
0.5221875000000000 0.5463667672587225
0.5225000000000000 0.5463944283803385
0.5228125000000000 0.5464220890681732
0.5231250000000001 0.5464497500540885
0.5234375000000000 0.5464774106055432
0.5237500000000000 0.5465050714555781
0.5240625000000000 0.5465327318704768
0.5243750000000000 0.5465603925844515
0.5246875000000000 0.5465880528626191
0.5250000000000000 0.5466157134403533
0.5253125000000000 0.5466433735816142
0.5256250000000000 0.5466710340229277
0.5259375000000001 0.5466986940271068
0.5262500000000000 0.5467263543318192
0.5265625000000000 0.5467540141987408
0.5268750000000000 0.5467816743666711
0.5271875000000000 0.5468093340961607
0.5275000000000000 0.5468369941271278
0.5278125000000000 0.5468646537190104
0.5281250000000000 0.5468923136128330
0.5284375000000000 0.5469199730669337
0.5287500000000001 0.5469476328234306
0.5290625000000000 0.5469752921395746
0.5293750000000000 0.5470029517585638
0.5296875000000000 0.5470306109365768
0.5300000000000000 0.5470582704178766
0.5303125000000000 0.5470859294575837
0.5306250000000000 0.5471135888010119
0.5309375000000001 0.5471412477022387
0.5312500000000000 0.5471689069076130
0.5315625000000000 0.5471965656701852
0.5318750000000000 0.5472242247373231
0.5321875000000000 0.5472518833610667
0.5325000000000000 0.5472795422897853
0.5328125000000000 0.5473072007745258
0.5331250000000000 0.5473348595646422
0.5334375000000000 0.5473625179102058
0.5337500000000001 0.5473901765615368
0.5340625000000000 0.5474178347677495
0.5343750000000000 0.5474454932801115
0.5346875000000000 0.5474731513467995
0.5350000000000000 0.5475008097200090
0.5353125000000000 0.5475284676469987
0.5356250000000000 0.5475561258808718
0.5359375000000001 0.5475837836679892
0.5362500000000000 0.5476114417623420
0.5365625000000001 0.5476390994094138
0.5368750000000000 0.5476667573640619
0.5371875000000000 0.5476944148709144
0.5375000000000000 0.5477220726856735
0.5378125000000000 0.5477497300521335
0.5381250000000000 0.5477773877268188
0.5384375000000000 0.5478050449527126
0.5387500000000001 0.5478327024871396
0.5390625000000000 0.5478603595722941
0.5393750000000000 0.5478880169662775
0.5396875000000000 0.5479156739105195
0.5400000000000000 0.5479433311638742
0.5403125000000000 0.5479709879670307
0.5406250000000000 0.5479986450795712
0.5409375000000000 0.5480263017414692
0.5412500000000000 0.5480539587130095
0.5415625000000001 0.5480816152334764
0.5418750000000000 0.5481092720638309
0.5421875000000000 0.5481369284426935
0.5425000000000000 0.5481645851316760
0.5428125000000000 0.5481922413687618
0.5431250000000000 0.5482198979161859
0.5434375000000000 0.5482475540113223
0.5437500000000001 0.5482752104170013
0.5440625000000000 0.5483028663700160
0.5443750000000001 0.5483305226337635
0.5446875000000000 0.5483581784444840
0.5450000000000000 0.5483858345661126
0.5453125000000000 0.5484134902343666
0.5456250000000000 0.5484411462136890
0.5459375000000000 0.5484688017393047
0.5462500000000000 0.5484964575761336
0.5465625000000001 0.5485241129589387
0.5468750000000000 0.5485517686530862
0.5471875000000000 0.5485794238929089
0.5475000000000000 0.5486070794441871
0.5478125000000000 0.5486347345408559
0.5481250000000000 0.5486623899490761
0.5484375000000000 0.5486900449024193
0.5487500000000000 0.5487177001673933
0.5490625000000000 0.5487453549772396
0.5493750000000001 0.5487730100987783
0.5496875000000000 0.5488006647649567
0.5500000000000000 0.5488283197428708
0.5503125000000000 0.5488559742652099
0.5506250000000000 0.5488836290993102
0.5509375000000000 0.5489112834776394
0.5512500000000000 0.5489389381677360
0.5515625000000001 0.5489665924018845
0.5518750000000000 0.5489942469477872
0.5521875000000001 0.5490219010375849
0.5525000000000000 0.5490495554391031
0.5528125000000000 0.5490772093843796
0.5531250000000000 0.5491048636413227
0.5534375000000000 0.5491325174419079
0.5537500000000000 0.5491601715540846
0.5540625000000000 0.5491878252098091
0.5543750000000001 0.5492154791770280
0.5546875000000000 0.5492431326877220
0.5550000000000000 0.5492707865097910
0.5553125000000000 0.5492984398752853
0.5556250000000000 0.5493260935520123
0.5559375000000000 0.5493537467721381
0.5562500000000000 0.5493814003033302
0.5565625000000000 0.5494090533779188
0.5568750000000000 0.5494367067633831
0.5571875000000001 0.5494643596922659
0.5575000000000000 0.5494920129318088
0.5578125000000000 0.5495196657148178
0.5581250000000000 0.5495473188082455
0.5584375000000000 0.5495749714452126
0.5587500000000000 0.5496026243923310
0.5590625000000000 0.5496302768830886
0.5593750000000001 0.5496579296837028
0.5596875000000000 0.5496855820280840
0.5600000000000001 0.5497132346819986
0.5603125000000000 0.5497408868798364
0.5606250000000000 0.5497685393868559
0.5609375000000000 0.5497961914379835
0.5612500000000000 0.5498238437979119
0.5615625000000000 0.5498514957021633
0.5618750000000000 0.5498791479148040
0.5621875000000001 0.5499067996720132
0.5625000000000000 0.5499344517371689
0.5628125000000000 0.5499621033471704
0.5631250000000000 0.5499897552646440
0.5634375000000000 0.5500174067272726
0.5637500000000000 0.5500450584968656
0.5640625000000000 0.5500727098119566
0.5643750000000000 0.5501003614334706
0.5646875000000000 0.5501280126008595
0.5650000000000001 0.5501556640740956
0.5653125000000000 0.5501833150936184
0.5656250000000000 0.5502109664183769
0.5659375000000000 0.5502386172898700
0.5662500000000000 0.5502662684659505
0.5665625000000000 0.5502939191892511
0.5668750000000000 0.5503215702164529
0.5671875000000001 0.5503492207913979
0.5675000000000000 0.5503768716695200
0.5678125000000001 0.5504045220959474
0.5681250000000000 0.5504321728247875
0.5684375000000000 0.5504598231025356
0.5687500000000000 0.5504874736818912
0.5690625000000000 0.5505151238107988
0.5693750000000000 0.5505427742404668
0.5696875000000000 0.5505704242203728
0.5700000000000001 0.5505980745001497
0.5703125000000000 0.5506257243308942
0.5706250000000000 0.5506533744605749
0.5709375000000000 0.5506810241419984
0.5712500000000000 0.5507086741213780
0.5715625000000000 0.5507363236533211
0.5718750000000000 0.5507639734821939
0.5721875000000000 0.5507916228644980
0.5725000000000000 0.5508192725426574
0.5728125000000001 0.5508469217751647
0.5731250000000000 0.5508745713024031
0.5734375000000000 0.5509022203849565
0.5737500000000000 0.5509298697610659
0.5740625000000000 0.5509575186935087
0.5743750000000000 0.5509851679182802
0.5746875000000000 0.5510128167004563
0.5750000000000001 0.5510404657736804
0.5753125000000000 0.5510681144054346
0.5756250000000001 0.5510957633269005
0.5759375000000000 0.5511234118080781
0.5762500000000000 0.5511510605775745
0.5765625000000000 0.5511787089080219
0.5768750000000000 0.5512063575253364
0.5771875000000000 0.5512340057049004
0.5775000000000000 0.5512616541698202
0.5778125000000001 0.5512893021983486
0.5781250000000000 0.5513169505106592
0.5784375000000000 0.5513445983880005
0.5787500000000000 0.5513722465474871
0.5790625000000000 0.5513998942734906
0.5793750000000000 0.5514275422799370
0.5796875000000000 0.5514551898544529
0.5800000000000000 0.5514828377076421
0.5803125000000000 0.5515104851305217
0.5806250000000001 0.5515381328302359
0.5809375000000000 0.5515657801013308
0.5812500000000000 0.5515934276473509
0.5815625000000000 0.5516210747665141
0.5818750000000000 0.5516487221586199
0.5821875000000000 0.5516763691257052
0.5825000000000000 0.5517040163636758
0.5828125000000001 0.5517316631785377
0.5831250000000000 0.5517593102621507
0.5834375000000001 0.5517869569246452
0.5837500000000000 0.5518146038536773
0.5840625000000000 0.5518422503636610
0.5843750000000000 0.5518698971378877
0.5846875000000000 0.5518975434952178
0.5850000000000000 0.5519251901144139
0.5853125000000000 0.5519528363189494
0.5856250000000001 0.5519804827828877
0.5859375000000000 0.5520081288344885
0.5862500000000000 0.5520357751429412
0.5865625000000000 0.5520634210414679
0.5868750000000000 0.5520910671942059
0.5871875000000000 0.5521187129395201
0.5875000000000000 0.5521463589363134
0.5878125000000000 0.5521740045282780
0.5881250000000000 0.5522016503688947
0.5884375000000001 0.5522292958073738
0.5887500000000000 0.5522569414915813
0.5890625000000000 0.5522845867764401
0.5893750000000000 0.5523122323040044
0.5896875000000000 0.5523398774351088
0.5900000000000000 0.5523675228057948
0.5903125000000000 0.5523951677830122
0.5906250000000001 0.5524228129965832
0.5909375000000000 0.5524504578197822
0.5912500000000001 0.5524781028760006
0.5915625000000000 0.5525057475450504
0.5918750000000000 0.5525333924436772
0.5921875000000000 0.5525610369584490
0.5925000000000000 0.5525886816992434
0.5928125000000000 0.5526163260596089
0.5931250000000000 0.5526439706423293
0.5934375000000001 0.5526716148481620
0.5937500000000000 0.5526992592725655
0.5940625000000000 0.5527269033237393
0.5943750000000000 0.5527545475895812
0.5946875000000000 0.5527821914859724
0.5950000000000000 0.5528098355930069
0.5953125000000000 0.5528374793344922
0.5956250000000000 0.5528651232824718
0.5959375000000000 0.5528927668689294
0.5962500000000001 0.5529204106576057
0.5965625000000000 0.5529480540889151
0.5968750000000000 0.5529756977180378
0.5971875000000000 0.5530033409940799
0.5975000000000000 0.5530309844633972
0.5978125000000000 0.5530586275840542
0.5981250000000000 0.5530862708933131
0.5984375000000001 0.5531139138584686
0.5987500000000000 0.5531415570074142
0.5990625000000001 0.5531691998169534
0.5993750000000000 0.5531968428053292
0.5996875000000000 0.5532244854591388
0.6000000000000000 0.5532521282866870
0.6003125000000000 0.5532797707846550
0.6006250000000000 0.5533074134511158
0.6009375000000000 0.5533350557931317
0.6012500000000001 0.5533626982982440
0.6015625000000000 0.5533903404841988
0.6018750000000000 0.5534179828276996
0.6021875000000000 0.5534456248574859
0.6025000000000000 0.5534732670391106
0.6028125000000000 0.5535009089126232
0.6031250000000000 0.5535285509321050
0.6034375000000000 0.5535561926492396
0.6037500000000000 0.5535838345063102
0.6040625000000001 0.5536114760669647
0.6043750000000000 0.5536391177613537
0.6046875000000000 0.5536667591654275
0.6050000000000000 0.5536944006968627
0.6053125000000000 0.5537220419442576
0.6056250000000000 0.5537496833124647
0.6059375000000000 0.5537773244030836
0.6062500000000001 0.5538049656077865
0.6065625000000000 0.5538326065415344
0.6068750000000001 0.5538602475824549
0.6071875000000000 0.5538878883592393
0.6075000000000000 0.5539155292360965
0.6078125000000000 0.5539431698558264
0.6081250000000000 0.5539708105683381
0.6084375000000000 0.5539984510309245
0.6087500000000000 0.5540260915788056
0.6090625000000001 0.5540537318841621
0.6093750000000000 0.5540813722671255
0.6096875000000000 0.5541090124151673
0.6100000000000000 0.5541366526329237
0.6103125000000000 0.5541642926235685
0.6106250000000000 0.5541919326758261
0.6109375000000000 0.5542195725089937
0.6112500000000000 0.5542472123954584
0.6115625000000000 0.5542748520710710
0.6118750000000001 0.5543024917914458
0.6121875000000000 0.5543301313094281
0.6125000000000000 0.5543577708634141
0.6128125000000000 0.5543854102236930
0.6131250000000000 0.5544130496109880
0.6134375000000000 0.5544406888134930
0.6137500000000000 0.5544683280337928
0.6140625000000001 0.5544959670784558
0.6143750000000000 0.5545236061314534
0.6146875000000001 0.5545512450182090
0.6150000000000000 0.5545788839035941
0.6153125000000000 0.5546065226323795
0.6156250000000000 0.5546341613498397
0.6159375000000000 0.5546617999205948
0.6162500000000000 0.5546894384698143
0.6165625000000000 0.5547170768824818
0.6168750000000001 0.5547447152631424
0.6171875000000000 0.5547723535176676
0.6175000000000000 0.5547999917294476
0.6178125000000000 0.5548276298257788
0.6181250000000000 0.5548552678683539
0.6184375000000000 0.5548829058064424
0.6187500000000000 0.5549105436794849
0.6190625000000000 0.5549381814592846
0.6193750000000000 0.5549658191624640
0.6196875000000001 0.5549934567839322
0.6200000000000000 0.5550210943169145
0.6203125000000000 0.5550487317800116
0.6206250000000000 0.5550763691424597
0.6209375000000000 0.5551040064471489
0.6212500000000000 0.5551316436387225
0.6215625000000000 0.5551592807849703
0.6218750000000001 0.5551869178053254
0.6221875000000000 0.5552145547931018
0.6225000000000001 0.5552421916418914
0.6228125000000000 0.5552698284711693
0.6231250000000000 0.5552974651480427
0.6234375000000000 0.5553251018187987
0.6237500000000000 0.5553527383234015
0.6240625000000000 0.5553803748356155
0.6243750000000000 0.5554080111675899
0.6246875000000001 0.5554356475212455
0.6250000000000000 0.5554632836802299
0.6253125000000000 0.5554909198753140
0.6256250000000000 0.5555185558609432
0.6259375000000000 0.5555461918974464
0.6262500000000000 0.5555738277093513
0.6265625000000000 0.5556014635872681
0.6268750000000000 0.5556290992250754
0.6271875000000000 0.5556567349444038
0.6275000000000001 0.5556843704077368
0.6278125000000000 0.5557120059684787
0.6281250000000000 0.5557396412569565
0.6284375000000000 0.5557672766591178
0.6287500000000000 0.5557949117723554
0.6290625000000000 0.5558225470159459
0.6293750000000000 0.5558501819535542
0.6296875000000001 0.5558778170385875
0.6300000000000000 0.5559054518001733
0.6303125000000001 0.5559330867266674
0.6306250000000000 0.5559607213118327
0.6309375000000000 0.5559883560798099
0.6312500000000000 0.5560159904881526
0.6315625000000000 0.5560436250976392
0.6318750000000000 0.5560712593287533
0.6321875000000000 0.5560988937797798
0.6325000000000001 0.5561265278332540
0.6328125000000000 0.5561541621258558
0.6331250000000000 0.5561817960012745
0.6334375000000000 0.5562094301354910
0.6337500000000000 0.5562370638324341
0.6340625000000000 0.5562646978083092
0.6343750000000000 0.5562923313263521
0.6346875000000000 0.5563199651439346
0.6350000000000000 0.5563475984826470
0.6353125000000001 0.5563752321419907
0.6356250000000000 0.5564028653009381
0.6359375000000000 0.5564304988021009
0.6362500000000000 0.5564581317808438
0.6365625000000000 0.5564857651238888
0.6368750000000000 0.5565133979219823
0.6371875000000000 0.5565410311069777
0.6375000000000001 0.5565686637239723
0.6378125000000000 0.5565962967509912
0.6381250000000001 0.5566239291864313
0.6384375000000000 0.5566515620555518
0.6387500000000000 0.5566791943089773
0.6390625000000000 0.5567068270202832
0.6393750000000000 0.5567344590912280
0.6396875000000000 0.5567620916448078
0.6400000000000000 0.5567897235328009
0.6403125000000001 0.5568173559287487
0.6406250000000000 0.5568449876333131
0.6409375000000000 0.5568726198717285
0.6412500000000000 0.5569002513923816
0.6415625000000000 0.5569278834733700
0.6418750000000000 0.5569555148096237
0.6421875000000000 0.5569831467332956
0.6425000000000000 0.5570107778846556
0.6428125000000000 0.5570384096511275
0.6431250000000001 0.5570660406170937
0.6434375000000000 0.5570936722264882
0.6437500000000000 0.5571213030065547
0.6440625000000000 0.5571489344589997
0.6443750000000000 0.5571765650526544
0.6446875000000000 0.5572041963482844
0.6450000000000000 0.5572318267550087
0.6453125000000001 0.5572594578939640
0.6456250000000000 0.5572870881132332
0.6459375000000001 0.5573147190956607
0.6462500000000000 0.5573423491269436
0.6465625000000000 0.5573699799529958
0.6468750000000000 0.5573976097957548
0.6471875000000000 0.5574252404655913
0.6475000000000000 0.5574528701192820
0.6478125000000000 0.5574805006330688
0.6481250000000001 0.5575081300971401
0.6484375000000000 0.5575357604550494
0.6487500000000000 0.5575633897289438
0.6490625000000000 0.5575910199311549
0.6493750000000000 0.5576186490143076
0.6496875000000000 0.5576462790610063
0.6500000000000000 0.5576739079528455
0.6503125000000000 0.5577015378442247
0.6506250000000000 0.5577291665441719
0.6509375000000001 0.5577567962804314
0.6512500000000000 0.5577844247879002
0.6515625000000000 0.5578120543692474
0.6518750000000000 0.5578396826836444
0.6521875000000000 0.5578673121102934
0.6525000000000000 0.5578949402310178
0.6528125000000000 0.5579225695031901
0.6531250000000001 0.5579501974296335
0.6534375000000000 0.5579778265475582
0.6537500000000001 0.5580054542791045
0.6540625000000000 0.5580330832430184
0.6543750000000000 0.5580607107790436
0.6546875000000000 0.5580883395891911
0.6550000000000000 0.5581159669290635
0.6553125000000000 0.5581435955856966
0.6556250000000000 0.5581712227287763
0.6559375000000001 0.5581988512321553
0.6562500000000000 0.5582264781777945
0.6565625000000000 0.5582541065281872
0.6568750000000000 0.5582817332757296
0.6571875000000000 0.5583093614734123
0.6575000000000000 0.5583369880221938
0.6578125000000000 0.5583646160674509
0.6581250000000000 0.5583922424167983
0.6584375000000000 0.5584198703099228
0.6587500000000001 0.5584474964591543
0.6590625000000000 0.5584751242004476
0.6593750000000000 0.5585027501488731
0.6596875000000000 0.5585303777386451
0.6600000000000000 0.5585580034855655
0.6603125000000000 0.5585856309241350
0.6606250000000000 0.5586132564688420
0.6609375000000001 0.5586408837565366
0.6612500000000000 0.5586685090983131
0.6615625000000001 0.5586961362354695
0.6618750000000000 0.5587237613735890
0.6621875000000000 0.5587513883605528
0.6625000000000000 0.5587790132942797
0.6628125000000000 0.5588066401314059
0.6631250000000000 0.5588342648599949
0.6634375000000000 0.5588618915476481
0.6637500000000001 0.5588895160703441
0.6640625000000000 0.5589171426088980
0.6643750000000000 0.5589447669249367
0.6646875000000000 0.5589723933147747
0.6650000000000000 0.5590000174233816
0.6653125000000000 0.5590276436648972
0.6656250000000000 0.5590552675652878
0.6659375000000000 0.5590828936588841
0.6662500000000000 0.5591105173502641
0.6665625000000001 0.5591381432963541
0.6668750000000000 0.5591657667779185
0.6671875000000000 0.5591933925769258
0.6675000000000000 0.5592210158478595
0.6678125000000000 0.5592486415002177
0.6681250000000000 0.5592762645596947
0.6684375000000000 0.5593038900658482
0.6687500000000001 0.5593315129130323
0.6690625000000000 0.5593591382734356
0.6693750000000001 0.5593867609074793
0.6696875000000000 0.5594143861225980
0.6700000000000000 0.5594420085426431
0.6703125000000000 0.5594696336129538
0.6706250000000000 0.5594972558181309
0.6709375000000000 0.5595248807441205
0.6712500000000000 0.5595525027335493
0.6715625000000001 0.5595801275157168
0.6718750000000000 0.5596077492885048
0.6721875000000000 0.5596353739273603
0.6725000000000000 0.5596629954826040
0.6728125000000000 0.5596906199786683
0.6731250000000000 0.5597182413154526
0.6734375000000000 0.5597458656692591
0.6737500000000000 0.5597734867866566
0.6740625000000000 0.5598011109987501
0.6743750000000001 0.5598287318958217
0.6746875000000000 0.5598563559667585
0.6750000000000000 0.5598839766425533
0.6753125000000000 0.5599116005729022
0.6756250000000000 0.5599392210264564
0.6759375000000000 0.5599668448167985
0.6762500000000000 0.5599944650471359
0.6765625000000001 0.5600220886980645
0.6768750000000000 0.5600497087041966
0.6771875000000001 0.5600773322163174
0.6775000000000000 0.5601049519972425
0.6778125000000000 0.5601325753711742
0.6781250000000000 0.5601601949258783
0.6784375000000000 0.5601878181622523
0.6787500000000000 0.5602154374897076
0.6790625000000000 0.5602430605891681
0.6793750000000001 0.5602706796883341
0.6796875000000000 0.5602983026515389
0.6800000000000000 0.5603259215213613
0.6803125000000000 0.5603535443489813
0.6806250000000000 0.5603811629883924
0.6809375000000000 0.5604087856811122
0.6812500000000000 0.5604364040890302
0.6815625000000000 0.5604640266475478
0.6818750000000000 0.5604916448228776
0.6821875000000001 0.5605192672479050
0.6825000000000000 0.5605468851895369
0.6828125000000000 0.5605745074817998
0.6831250000000000 0.5606021251886105
0.6834375000000000 0.5606297473488490
0.6837500000000000 0.5606573648197001
0.6840625000000000 0.5606849868486687
0.6843750000000001 0.5607126040824075
0.6846875000000000 0.5607402259808749
0.6850000000000001 0.5607678429763344
0.6853125000000000 0.5607954647450839
0.6856250000000000 0.5608230815010817
0.6859375000000000 0.5608507031409117
0.6862500000000000 0.5608783196562505
0.6865625000000000 0.5609059411679742
0.6868750000000000 0.5609335574414418
0.6871875000000001 0.5609611788258871
0.6875000000000000 0.5609887948562554
0.6878125000000000 0.5610164161142666
0.6881250000000000 0.5610440319002923
0.6884375000000000 0.5610716530327280
0.6887500000000000 0.5610992685731522
0.6890625000000000 0.5611268895808867
0.6893750000000000 0.5611545048744345
0.6896875000000000 0.5611821257583589
0.6900000000000001 0.5612097408037391
0.6903125000000000 0.5612373615647592
0.6906250000000000 0.5612649763606651
0.6909375000000000 0.5612925969997036
0.6912500000000000 0.5613202115448117
0.6915625000000000 0.5613478320628069
0.6918750000000000 0.5613754463557775
0.6921875000000001 0.5614030667536845
0.6925000000000000 0.5614306807931609
0.6928125000000001 0.5614583010719513
0.6931250000000000 0.5614859148565604
0.6934375000000000 0.5615135350172222
0.6937500000000000 0.5615411485455740
0.6940625000000000 0.5615687685891124
0.6943750000000000 0.5615963818597991
0.6946875000000000 0.5616240017872363
0.6950000000000001 0.5616516147988337
0.6953125000000000 0.5616792346112089
0.6956250000000000 0.5617068473622748
0.6959375000000000 0.5617344670606447
0.6962500000000000 0.5617620795497194
0.6965625000000000 0.5617896991351582
0.6968750000000000 0.5618173113607644
0.6971875000000000 0.5618449308343637
0.6975000000000000 0.5618725427950062
0.6978125000000001 0.5619001621578756
0.6981250000000000 0.5619277738520413
0.6984375000000000 0.5619553931053083
0.6987500000000000 0.5619830045314657
0.6990625000000000 0.5620106236762759
0.6993750000000000 0.5620382348328750
0.6996875000000000 0.5620658538703923
0.7000000000000001 0.5620934647558649
0.7003125000000000 0.5621210836872714
0.7006250000000001 0.5621486943000307
0.7009375000000000 0.5621763131265274
0.7012500000000000 0.5622039234649672
0.7015625000000000 0.5622315421877737
0.7018750000000000 0.5622591522502695
0.7021875000000000 0.5622867708706241
0.7025000000000000 0.5623143806555321
0.7028125000000001 0.5623419991746925
0.7031250000000000 0.5623696086803491
0.7034375000000000 0.5623972270995922
0.7037500000000000 0.5624248363243149
0.7040625000000000 0.5624524546449364
0.7043750000000000 0.5624800635870230
0.7046875000000000 0.5625076818103386
0.7050000000000000 0.5625352904680669
0.7053125000000000 0.5625629085954120
0.7056250000000001 0.5625905169670402
0.7059375000000000 0.5626181349997696
0.7062500000000000 0.5626457430835357
0.7065625000000000 0.5626733610230248
0.7068750000000000 0.5627009688171460
0.7071875000000000 0.5627285866647899
0.7075000000000000 0.5627561941674640
0.7078125000000001 0.5627838119246782
0.7081250000000000 0.5628114191340819
0.7084375000000001 0.5628390368023027
0.7087500000000000 0.5628666437165917
0.7090625000000000 0.5628942612972753
0.7093750000000000 0.5629218679145851
0.7096875000000000 0.5629494854092093
0.7100000000000000 0.5629770917276536
0.7103125000000000 0.5630047091377165
0.7106250000000001 0.5630323151553885
0.7109375000000000 0.5630599324824096
0.7112500000000000 0.5630875381973811
0.7115625000000000 0.5631151554429009
0.7118750000000000 0.5631427608532219
0.7121875000000000 0.5631703780188025
0.7125000000000000 0.5631979831225011
0.7128125000000000 0.5632256002097268
0.7131250000000000 0.5632532050048095
0.7134375000000001 0.5632808220152852
0.7137500000000000 0.5633084264997368
0.7140625000000000 0.5633360434350900
0.7143750000000000 0.5633636476068727
0.7146875000000000 0.5633912644687529
0.7150000000000000 0.5634188683258069
0.7153125000000000 0.5634464851158855
0.7156250000000001 0.5634740886561285
0.7159375000000000 0.5635017053760993
0.7162500000000001 0.5635293085974264
0.7165625000000000 0.5635569252490062
0.7168750000000000 0.5635845281492894
0.7171875000000000 0.5636121447342173
0.7175000000000000 0.5636397473113059
0.7178125000000000 0.5636673638313440
0.7181250000000000 0.5636949660830646
0.7184375000000001 0.5637225825399971
0.7187500000000000 0.5637501844641531
0.7190625000000000 0.5637778008597882
0.7193750000000000 0.5638054024541588
0.7196875000000000 0.5638330187903279
0.7200000000000000 0.5638606200526699
0.7203125000000000 0.5638882363312273
0.7206250000000000 0.5639158372592729
0.7209375000000000 0.5639434534820971
0.7212500000000001 0.5639710540735553
0.7215625000000000 0.5639986702425478
0.7218750000000000 0.5640262704951037
0.7221875000000000 0.5640538866121900
0.7225000000000000 0.5640814865235045
0.7228125000000000 0.5641091025906342
0.7231250000000000 0.5641367021583441
0.7234375000000001 0.5641643181774907
0.7237500000000000 0.5641919173992084
0.7240625000000001 0.5642195333723694
0.7243750000000000 0.5642471322456832
0.7246875000000000 0.5642747481748808
0.7250000000000000 0.5643023466973540
0.7253125000000000 0.5643299625846346
0.7256250000000000 0.5643575607538061
0.7259375000000000 0.5643851766012408
0.7262500000000001 0.5644127744146243
0.7265625000000000 0.5644403902243088
0.7268750000000000 0.5644679876793939
0.7271875000000000 0.5644956034534486
0.7275000000000000 0.5645232005476991
0.7278125000000000 0.5645508162882694
0.7281250000000000 0.5645784130191244
0.7284375000000000 0.5646060287283806
0.7287500000000000 0.5646336250932537
0.7290625000000001 0.5646612407733915
0.7293750000000000 0.5646888367696710
0.7296875000000000 0.5647164524229110
0.7300000000000000 0.5647440480479599
0.7303125000000000 0.5647716636765482
0.7306250000000000 0.5647992589277038
0.7309375000000000 0.5648268745339118
0.7312500000000001 0.5648544694084858
0.7315625000000000 0.5648820849946106
0.7318750000000001 0.5649096794898890
0.7321875000000000 0.5649372950582530
0.7325000000000000 0.5649648891714961
0.7328125000000000 0.5649925047244475
0.7331250000000000 0.5650200984528896
0.7334375000000000 0.5650477139928022
0.7337500000000000 0.5650753073336516
0.7340625000000001 0.5651029228629252
0.7343750000000000 0.5651305158133644
0.7346875000000000 0.5651581313344248
0.7350000000000000 0.5651857238916096
0.7353125000000000 0.5652133394069084
0.7356250000000000 0.5652409315679688
0.7359375000000000 0.5652685470799838
0.7362500000000000 0.5652961388420239
0.7365625000000000 0.5653237543532587
0.7368750000000001 0.5653513457133552
0.7371875000000000 0.5653789612263400
0.7375000000000000 0.5654065521815446
0.7378125000000000 0.5654341676988354
0.7381250000000000 0.5654617582461723
0.7384375000000000 0.5654893737703518
0.7387500000000000 0.5655169639068188
0.7390625000000001 0.5655445794404959
0.7393750000000000 0.5655721691630647
0.7396875000000001 0.5655997847088745
0.7400000000000000 0.5656273740144901
0.7403125000000000 0.5656549895750943
0.7406250000000000 0.5656825784606749
0.7409375000000000 0.5657101940387613
0.7412500000000000 0.5657377825011987
0.7415625000000000 0.5657653980994821
0.7418750000000001 0.5657929861356412
0.7421875000000000 0.5658206017568626
0.7425000000000000 0.5658481893635816
0.7428125000000000 0.5658758050105085
0.7431250000000000 0.5659033921845992
0.7434375000000000 0.5659310078600258
0.7437500000000000 0.5659585945982728
0.7440625000000000 0.5659862103050199
0.7443750000000000 0.5660137966041809
0.7446875000000001 0.5660414123450960
0.7450000000000000 0.5660689982019026
0.7453125000000000 0.5660966139798593
0.7456250000000000 0.5661241993910159
0.7459375000000000 0.5661518152089150
0.7462500000000000 0.5661794001710990
0.7465625000000000 0.5662070160318675
0.7468750000000001 0.5662346005417302
0.7471875000000000 0.5662622164483215
0.7475000000000001 0.5662898005024867
0.7478125000000000 0.5663174164578815
0.7481250000000000 0.5663450000529466
0.7484375000000000 0.5663726160601514
0.7487500000000000 0.5664001991926874
0.7490625000000000 0.5664278152547354
0.7493750000000000 0.5664553979212859
0.7496875000000001 0.5664830140412371
0.7500000000000000 0.5665105962383197
0.7503125000000000 0.5665382124192604
0.7506250000000000 0.5665657941433655
0.7509375000000000 0.5665934103884083
0.7512500000000000 0.5666209916360000
0.7515625000000000 0.5666486079482841
0.7518750000000001 0.5666761887157999
0.7521875000000000 0.5667038050984907
0.7525000000000001 0.5667313853823416
0.7528125000000000 0.5667590018386310
0.7531250000000000 0.5667865816352013
0.7534375000000000 0.5668141981683071
0.7537500000000000 0.5668417774739554
0.7540625000000000 0.5668693940871218
0.7543750000000000 0.5668969728981793
0.7546875000000001 0.5669245895946764
0.7550000000000000 0.5669521679074493
0.7553125000000001 0.5669797846905734
0.7556250000000000 0.5670073625013408
0.7559375000000000 0.5670349793744140
0.7562500000000000 0.5670625566794294
0.7565625000000000 0.5670901736457997
0.7568750000000000 0.5671177504412904
0.7571875000000000 0.5671453675043316
0.7575000000000001 0.5671729437864992
0.7578125000000000 0.5672005609496104
0.7581250000000000 0.5672281367146307
0.7584375000000000 0.5672557539812367
0.7587500000000000 0.5672833292252597
0.7590625000000000 0.5673109465988112
0.7593750000000000 0.5673385213179614
0.7596875000000001 0.5673661388019338
0.7600000000000000 0.5673937129923102
0.7603125000000001 0.5674213305902041
0.7606250000000000 0.5674489042478804
0.7609375000000000 0.5674765219632220
0.7612500000000000 0.5675040950842469
0.7615625000000000 0.5675317129205867
0.7618750000000000 0.5675592855009838
0.7621875000000000 0.5675869034618971
0.7625000000000001 0.5676144754976654
0.7628125000000000 0.5676420935867523
0.7631250000000001 0.5676696650738654
0.7634375000000000 0.5676972832947509
0.7637500000000000 0.5677248542291580
0.7640625000000000 0.5677524725854907
0.7643750000000000 0.5677800429631170
0.7646875000000000 0.5678076614585698
0.7650000000000000 0.5678352312753161
0.7653125000000001 0.5678628499135860
0.7656250000000000 0.5678904191653290
0.7659375000000000 0.5679180379501365
0.7662500000000000 0.5679456066327292
0.7665625000000000 0.5679732255678186
0.7668750000000000 0.5680007936770899
0.7671875000000000 0.5680284127662291
0.7675000000000001 0.5680559802979847
0.7678125000000000 0.5680835995449642
0.7681250000000001 0.5681111664949867
0.7684375000000000 0.5681387859036203
0.7687500000000000 0.5681663522676691
0.7690625000000000 0.5681939718417935
0.7693750000000000 0.5682215376156049
0.7696875000000000 0.5682491573590791
0.7700000000000000 0.5682767225383671
0.7703125000000001 0.5683043424550722
0.7706250000000000 0.5683319070355285
0.7709375000000001 0.5683595271293682
0.7712500000000000 0.5683870911066621
0.7715625000000000 0.5684147113815615
0.7718750000000000 0.5684422747513405
0.7721875000000000 0.5684698952112464
0.7725000000000000 0.5684974579691364
0.7728125000000000 0.5685250786180169
0.7731250000000001 0.5685526407596222
0.7734375000000000 0.5685802616014666
0.7737500000000000 0.5686078231223708
0.7740625000000000 0.5686354441611889
0.7743750000000000 0.5686630050569546
0.7746875000000000 0.5686906262967768
0.7750000000000000 0.5687181865629457
0.7753125000000001 0.5687458080078232
0.7756250000000000 0.5687733676399168
0.7759375000000001 0.5688009892939198
0.7762500000000000 0.5688285482874400
0.7765625000000000 0.5688561701546588
0.7768750000000000 0.5688837285050875
0.7771875000000000 0.5689113505896320
0.7775000000000000 0.5689389082924319
0.7778125000000000 0.5689665305984305
0.7781250000000001 0.5689940876490448
0.7784375000000000 0.5690217101806451
0.7787500000000001 0.5690492665744986
0.7790625000000000 0.5690768893358665
0.7793750000000000 0.5691044450683655
0.7796875000000000 0.5691320680636849
0.7800000000000000 0.5691596231302174
0.7803125000000000 0.5691872463636898
0.7806250000000000 0.5692148007596265
0.7809375000000001 0.5692424242354708
0.7812500000000000 0.5692699779561645
0.7815625000000000 0.5692976016786170
0.7818750000000000 0.5693251547194034
0.7821875000000000 0.5693527786927168
0.7825000000000000 0.5693803310489151
0.7828125000000000 0.5694079552773587
0.7831250000000001 0.5694355069442718
0.7834375000000000 0.5694631314321303
0.7837500000000001 0.5694906824050452
0.7840625000000000 0.5695183071566196
0.7843750000000000 0.5695458574308073
0.7846875000000000 0.5695734824504132
0.7850000000000000 0.5696010320211300
0.7853125000000000 0.5696286573130979
0.7856250000000000 0.5696562061755852
0.7859375000000001 0.5696838317442600
0.7862500000000000 0.5697113798937447
0.7865625000000001 0.5697390057434853
0.7868750000000000 0.5697665531751804
0.7871875000000000 0.5697941793103595
0.7875000000000000 0.5698217260194642
0.7878125000000000 0.5698493524444673
0.7881250000000000 0.5698768984261684
0.7884375000000000 0.5699045251453936
0.7887500000000001 0.5699320703948645
0.7890625000000000 0.5699596974127221
0.7893750000000000 0.5699872419251248
0.7896875000000000 0.5700148692460372
0.7900000000000000 0.5700424130165210
0.7903125000000000 0.5700700406449216
0.7906250000000000 0.5700975836686254
0.7909375000000001 0.5701252116089583
0.7912500000000000 0.5701527538810099
0.7915625000000001 0.5701803821377299
0.7918750000000000 0.5702079236532467
0.7921875000000000 0.5702355522308182
0.7925000000000000 0.5702630929849078
0.7928125000000000 0.5702907218878045
0.7931250000000000 0.5703182618755658
0.7934375000000000 0.5703458911082698
0.7937500000000001 0.5703734303247927
0.7940625000000000 0.5704010598917950
0.7943750000000001 0.5704285983321608
0.7946875000000000 0.5704562282379598
0.7950000000000000 0.5704837658972425
0.7953125000000000 0.5705113961463438
0.7956250000000000 0.5705389330196102
0.7959375000000000 0.5705665636165262
0.7962500000000000 0.5705940996988368
0.7965625000000001 0.5706217306480855
0.7968750000000000 0.5706492659344947
0.7971875000000000 0.5706768972405999
0.7975000000000000 0.5707044317261566
0.7978125000000000 0.5707320633936467
0.7981250000000000 0.5707595970733954
0.7984375000000000 0.5707872291068029
0.7987500000000001 0.5708147619757841
0.7990625000000000 0.5708423943796453
0.7993750000000001 0.5708699264328954
0.7996875000000000 0.5708975592117500
0.8000000000000000 0.5709250904443027
0.8003125000000000 0.5709527236026921
0.8006250000000000 0.5709802540095791
0.8009375000000000 0.5710078875520468
0.8012500000000000 0.5710354171282981
0.8015625000000001 0.5710630510593886
0.8018750000000000 0.5710905798000331
0.8021875000000001 0.5711182141242911
0.8025000000000000 0.5711457420243577
0.8028125000000000 0.5711733767463278
0.8031250000000000 0.5712009038008455
0.8034375000000000 0.5712285389250713
0.8037500000000000 0.5712560651290705
0.8040625000000000 0.5712837006600939
0.8043750000000001 0.5713112260086064
0.8046875000000000 0.5713388619509672
0.8050000000000000 0.5713663864390277
0.8053125000000000 0.5713940227972624
0.8056250000000000 0.5714215464199086
0.8059375000000000 0.5714491831985499
0.8062500000000000 0.5714767059508234
0.8065625000000001 0.5715043431543996
0.8068750000000000 0.5715318650313467
0.8071875000000001 0.5715595026643810
0.8075000000000000 0.5715870236610534
0.8078125000000000 0.5716146617280630
0.8081250000000000 0.5716421818395181
0.8084375000000000 0.5716698203450135
0.8087500000000000 0.5716973395663160
0.8090625000000000 0.5717249785148002
0.8093750000000001 0.5717524968410221
0.8096875000000000 0.5717801362369904
0.8100000000000001 0.5718076536632120
0.8103125000000000 0.5718352935111500
0.8106250000000000 0.5718628100324609
0.8109375000000000 0.5718904503368456
0.8112500000000000 0.5719179659483445
0.8115625000000000 0.5719456067136417
0.8118750000000000 0.5719731214104391
0.8121875000000001 0.5720007626411034
0.8125000000000000 0.5720282764183203
0.8128125000000000 0.5720559181187950
0.8131250000000000 0.5720834309715644
0.8134375000000000 0.5721110731462794
0.8137500000000000 0.5721385850697476
0.8140625000000000 0.5721662277231196
0.8143750000000001 0.5721937387124466
0.8146875000000000 0.5722213818488782
0.8150000000000001 0.5722488918992378
0.8153125000000000 0.5722765355231164
0.8156250000000000 0.5723040446296983
0.8159375000000000 0.5723316887453956
0.8162500000000000 0.5723591969034051
0.8165625000000000 0.5723868415152764
0.8168750000000000 0.5724143487199352
0.8171875000000001 0.5724419938323183
0.8175000000000000 0.5724695000788662
0.8178125000000001 0.5724971456960807
0.8181250000000000 0.5725246509797753
0.8184375000000000 0.5725522971061222
0.8187500000000000 0.5725798014222405
0.8190625000000000 0.5726074480620008
0.8193750000000000 0.5726349514058396
0.8196875000000000 0.5726625985632742
0.8200000000000001 0.5726901009301507
0.8203125000000000 0.5727177486094988
0.8206250000000000 0.5727452499947518
0.8209375000000000 0.5727728982002309
0.8212500000000000 0.5728003985992216
0.8215625000000000 0.5728280473350262
0.8218750000000000 0.5728555467431384
0.8221875000000001 0.5728831960134397
0.8225000000000000 0.5729106944260812
0.8228125000000001 0.5729383442350258
0.8231250000000000 0.5729658416476290
0.8234375000000000 0.5729934919993380
0.8237500000000000 0.5730209884073606
0.8240625000000000 0.5730486393059295
0.8243750000000000 0.5730761347048554
0.8246875000000000 0.5731037861543528
0.8250000000000001 0.5731312805396929
0.8253125000000000 0.5731589325441599
0.8256250000000001 0.5731864259114529
0.8259375000000000 0.5732140784749019
0.8262500000000000 0.5732415708197148
0.8265625000000000 0.5732692239461294
0.8268750000000000 0.5732967152640592
0.8271875000000000 0.5733243689573926
0.8275000000000000 0.5733518592440660
0.8278125000000001 0.5733795135082407
0.8281250000000000 0.5734070027593156
0.8284375000000000 0.5734346575982224
0.8287500000000000 0.5734621458093887
0.8290625000000000 0.5734898012268860
0.8293750000000000 0.5735172883938657
0.8296875000000000 0.5735449443937787
0.8300000000000001 0.5735724305123279
0.8303125000000000 0.5736000870984475
0.8306250000000001 0.5736275721643563
0.8309375000000000 0.5736552293404384
0.8312500000000000 0.5736827133495324
0.8315625000000000 0.5737103711192972
0.8318750000000000 0.5737378540674374
0.8321875000000000 0.5737655124345689
0.8325000000000000 0.5737929943176535
0.8328125000000001 0.5738206532857975
0.8331250000000000 0.5738481340997624
0.8334375000000001 0.5738757936725268
0.8337500000000000 0.5739032734133462
0.8340625000000000 0.5739309335942996
0.8343750000000000 0.5739584122579873
0.8346875000000000 0.5739860730506585
0.8350000000000000 0.5740135506332679
0.8353125000000000 0.5740412120411450
0.8356250000000001 0.5740686885387712
0.8359375000000000 0.5740963505653003
0.8362500000000000 0.5741238259740797
0.8365625000000000 0.5741514886226643
0.8368750000000000 0.5741789629387769
0.8371875000000000 0.5742066262127772
0.8375000000000000 0.5742340994324460
0.8378125000000001 0.5742617633351779
0.8381250000000000 0.5742892354546700
0.8384375000000001 0.5743168999894047
0.8387500000000000 0.5743443710050338
0.8390625000000000 0.5743720361749954
0.8393750000000000 0.5743995060831203
0.8396875000000000 0.5744271718914874
0.8400000000000000 0.5744546406885142
0.8403125000000000 0.5744823071384167
0.8406250000000001 0.5745097748207996
0.8409375000000000 0.5745374419153193
0.8412500000000001 0.5745649084795610
0.8415625000000000 0.5745925762217303
0.8418750000000000 0.5746200416643834
0.8421875000000000 0.5746477100571841
0.8425000000000000 0.5746751743748518
0.8428125000000000 0.5747028434212145
0.8431250000000000 0.5747303066105511
0.8434375000000001 0.5747579763133546
0.8437500000000000 0.5747854383710669
0.8440625000000000 0.5748131087331366
0.8443750000000000 0.5748405696559844
0.8446875000000000 0.5748682406800928
0.8450000000000000 0.5748957004648900
0.8453125000000000 0.5749233721537539
0.8456250000000001 0.5749508307973691
0.8459375000000000 0.5749785031536508
0.8462500000000001 0.5750059606530082
0.8465625000000000 0.5750336336793130
0.8468750000000000 0.5750610900313936
0.8471875000000000 0.5750887637302698
0.8475000000000000 0.5751162189321118
0.8478125000000000 0.5751438933060496
0.8481250000000000 0.5751713473547496
0.8484375000000001 0.5751990224061805
0.8487500000000000 0.5752264752988940
0.8490625000000001 0.5752541510301894
0.8493750000000000 0.5752816027641322
0.8496875000000000 0.5753092791776032
0.8500000000000000 0.5753367297500513
0.8503125000000000 0.5753644068479475
0.8506250000000000 0.5753918562562392
0.8509375000000000 0.5754195340407476
0.8512500000000001 0.5754469822822833
0.8515625000000000 0.5754746607555283
0.8518750000000000 0.5755021078277714
0.8521875000000000 0.5755297869918133
0.8525000000000000 0.5755572328922919
0.8528125000000000 0.5755849127491259
0.8531250000000000 0.5756123574754328
0.8534375000000001 0.5756400380269890
0.8537500000000000 0.5756674815767827
0.8540625000000001 0.5756951628249247
0.8543750000000000 0.5757226051959300
0.8546875000000000 0.5757502871424540
0.8550000000000000 0.5757777283324633
0.8553125000000000 0.5758054109790983
0.8556250000000000 0.5758328509859718
0.8559375000000000 0.5758605343343769
0.8562500000000001 0.5758879731560443
0.8565625000000000 0.5759156572078098
0.8568750000000001 0.5759430948422705
0.8571875000000000 0.5759707795989161
0.8575000000000000 0.5759982160442390
0.8578125000000000 0.5760259015072134
0.8581250000000000 0.5760533367615400
0.8584375000000000 0.5760810229322200
0.8587500000000000 0.5761084569937629
0.8590625000000001 0.5761361438734527
0.8593750000000000 0.5761635767404973
0.8596875000000000 0.5761912643304281
0.8600000000000000 0.5762186960013335
0.8603125000000000 0.5762463843026616
0.8606250000000000 0.5762738147758613
0.8609375000000000 0.5763015037896688
0.8612500000000001 0.5763289330636708
0.8615625000000000 0.5763566227909643
0.8618750000000001 0.5763840508643526
0.8621875000000000 0.5764117413060619
0.8625000000000000 0.5764391681774970
0.8628125000000000 0.5764668593344752
0.8631250000000000 0.5764942850026946
0.8634375000000000 0.5765219768757172
0.8637500000000000 0.5765494013395360
0.8640625000000001 0.5765770939292998
0.8643750000000000 0.5766045171876119
0.8646875000000001 0.5766322104947349
0.8650000000000000 0.5766596325465132
0.8653125000000000 0.5766873265715335
0.8656250000000000 0.5767147474158307
0.8659375000000000 0.5767424421592063
0.8662500000000000 0.5767698617951557
0.8665625000000000 0.5767975572572633
0.8668750000000001 0.5768249756840790
0.8671875000000000 0.5768526718652137
0.8675000000000000 0.5768800890821920
0.8678125000000000 0.5769077859825666
0.8681250000000000 0.5769352019890860
0.8684375000000000 0.5769628996088303
0.8687500000000000 0.5769903144043522
0.8690625000000001 0.5770180127435126
0.8693750000000000 0.5770454263275820
0.8696875000000001 0.5770731253861204
0.8700000000000000 0.5771005377583669
0.8703125000000000 0.5771282375361608
0.8706250000000000 0.5771556486962984
0.8709375000000000 0.5771833491931398
0.8712500000000000 0.5772107591409680
0.8715625000000000 0.5772384603565631
0.8718750000000001 0.5772658690919671
0.8721875000000000 0.5772935710259358
0.8725000000000001 0.5773209785488874
0.8728125000000000 0.5773486812007624
0.8731250000000000 0.5773760875113206
0.8734375000000000 0.5774037908805474
0.8737500000000000 0.5774311959788584
0.8740625000000000 0.5774589000647941
0.8743750000000000 0.5774863039510922
0.8746875000000001 0.5775140087530055
0.8750000000000000 0.5775414114276136
0.8753125000000000 0.5775691169446845
0.8756250000000000 0.5775965184080146
0.8759375000000000 0.5776242246393332
0.8762500000000000 0.5776516248918865
0.8765625000000000 0.5776793318364533
0.8768750000000001 0.5777067308788211
0.8771875000000000 0.5777344385355458
0.8775000000000001 0.5777618363684098
0.8778125000000000 0.5777895447361117
0.8781250000000000 0.5778169413602444
0.8784375000000000 0.5778446504376512
0.8787500000000000 0.5778720458539163
0.8790625000000000 0.5778997556396642
0.8793750000000000 0.5779271498490171
0.8796875000000001 0.5779548603416499
0.8800000000000000 0.5779822533451379
0.8803125000000001 0.5780099645431075
0.8806250000000000 0.5780373563418703
0.8809375000000000 0.5780650682435353
0.8812500000000000 0.5780924588388056
0.8815625000000000 0.5781201714424317
0.8818750000000000 0.5781475608355348
0.8821875000000000 0.5781752741392941
0.8825000000000001 0.5782026623316492
0.8828125000000000 0.5782303763336200
0.8831250000000000 0.5782577633267398
0.8834375000000000 0.5782854780249063
0.8837500000000000 0.5783128638203976
0.8840625000000000 0.5783405792126495
0.8843750000000000 0.5783679638122134
0.8846875000000001 0.5783956798963455
0.8850000000000000 0.5784230633017781
0.8853125000000001 0.5784507800754902
0.8856250000000000 0.5784781622886818
0.8859375000000000 0.5785058797495791
0.8862500000000000 0.5785332607725154
0.8865625000000000 0.5785609789181070
0.8868750000000000 0.5785883587528688
0.8871875000000000 0.5786160775805687
0.8875000000000001 0.5786434562293327
0.8878125000000000 0.5786711757364582
0.8881250000000001 0.5786985532014965
0.8884375000000000 0.5787262733852698
0.8887500000000000 0.5787536496689505
0.8890625000000000 0.5787813705264971
0.8893750000000000 0.5788087456312840
0.8896875000000000 0.5788364671596334
0.8900000000000000 0.5788638410880869
0.8903125000000001 0.5788915632841716
0.8906250000000000 0.5789189360389480
0.8909375000000000 0.5789466588996044
0.8912500000000000 0.5789740304834569
0.8915625000000000 0.5790017540054244
0.8918750000000000 0.5790291244212020
0.8921875000000000 0.5790568486011234
0.8925000000000001 0.5790842178517722
0.8928125000000000 0.5791119426861933
0.8931250000000001 0.5791393107747559
0.8934375000000000 0.5791670362601258
0.8937500000000000 0.5791944031897412
0.8940625000000000 0.5792221293224119
0.8943750000000000 0.5792494950963165
0.8946875000000000 0.5792772218725429
0.8950000000000000 0.5793045864940689
0.8953125000000001 0.5793323139100094
0.8956250000000000 0.5793596773825862
0.8959375000000001 0.5793874054343020
0.8962500000000000 0.5794147677614554
0.8965625000000000 0.5794424964449110
0.8968750000000000 0.5794698576302637
0.8971875000000000 0.5794975869413261
0.8975000000000000 0.5795249469885975
0.8978125000000000 0.5795526769230378
0.8981250000000001 0.5795800358360429
0.8984375000000000 0.5796077663895349
0.8987500000000000 0.5796351241721862
0.8990625000000000 0.5796628553403076
0.8993750000000000 0.5796902119966130
0.8996875000000000 0.5797179437748446
0.9000000000000000 0.5797452993089088
0.9003125000000001 0.5797730316926352
0.9006250000000000 0.5798003861086585
0.9009375000000001 0.5798281190931682
0.9012500000000000 0.5798554723954469
0.9015625000000000 0.5798832059759322
0.9018750000000000 0.5799105581688584
0.9021875000000000 0.5799382923404157
0.9025000000000000 0.5799656434284769
0.9028125000000000 0.5799933781861072
0.9031250000000001 0.5800207281738859
0.9034375000000000 0.5800484635124947
0.9037500000000001 0.5800758124046693
0.9040625000000000 0.5801035483190664
0.9043750000000000 0.5801308961204096
0.9046875000000000 0.5801586326053101
0.9050000000000000 0.5801859793206893
0.9053125000000000 0.5802137163707137
0.9056250000000000 0.5802410620050904
0.9059375000000001 0.5802687996147647
0.9062500000000000 0.5802961441731951
0.9065625000000000 0.5803238823369509
0.9068750000000000 0.5803512258245842
0.9071875000000000 0.5803789645367596
0.9075000000000000 0.5804063069588389
0.9078125000000000 0.5804340462136780
0.9081250000000001 0.5804613875755396
0.9084375000000000 0.5804891273671938
0.9087500000000001 0.5805164676742662
0.9090625000000000 0.5805442079967938
0.9093750000000000 0.5805715472545987
0.9096875000000000 0.5805992881019654
0.9100000000000000 0.5806266263161158
0.9103125000000000 0.5806543676821956
0.9106250000000000 0.5806817048583961
0.9109375000000001 0.5807094467369712
0.9112500000000000 0.5807367828810184
0.9115625000000001 0.5807645252657793
0.9118750000000000 0.5807918603835598
0.9121875000000000 0.5808196032681066
0.9125000000000000 0.5808469373655978
0.9128125000000000 0.5808746807434402
0.9131250000000000 0.5809020138267090
0.9134375000000000 0.5809297576912668
0.9137500000000001 0.5809570897664699
0.9140625000000000 0.5809848341110732
0.9143750000000000 0.5810121651844560
0.9146875000000000 0.5810399100023463
0.9150000000000000 0.5810672400802424
0.9153125000000000 0.5810949853645729
0.9156250000000000 0.5811223144534041
0.9159375000000001 0.5811500601972398
0.9162500000000000 0.5811773883035151
0.9165625000000001 0.5812051344998337
0.9168750000000000 0.5812324616301489
0.9171875000000000 0.5812602082718415
0.9175000000000000 0.5812875344328784
0.9178125000000000 0.5813152815127501
0.9181250000000000 0.5813426067112761
0.9184375000000000 0.5813703542220466
0.9187500000000001 0.5813976784649142
0.9190625000000000 0.5814254263992178
0.9193750000000001 0.5814527496933635
0.9196875000000000 0.5814804980437509
0.9200000000000000 0.5815078203961950
0.9203125000000000 0.5815355691551327
0.9206250000000000 0.5815628905729786
0.9209375000000000 0.5815906397328506
0.9212500000000000 0.5816179602232838
0.9215625000000001 0.5816457097763919
0.9218750000000000 0.5816730293466796
0.9221875000000000 0.5817007792852438
0.9225000000000000 0.5817280979427342
0.9228125000000000 0.5817558482588938
0.9231250000000000 0.5817831660110148
0.9234375000000000 0.5818109166968297
0.9237500000000001 0.5818382335510885
0.9240625000000000 0.5818659845985388
0.9243750000000001 0.5818933005625218
0.9246875000000000 0.5819210519635093
0.9250000000000000 0.5819483670448796
0.9253125000000000 0.5819761187912289
0.9256250000000000 0.5820034329977274
0.9259375000000000 0.5820311850811858
0.9262500000000000 0.5820584984206290
0.9265625000000001 0.5820862508328685
0.9268750000000000 0.5821135633131480
0.9271875000000001 0.5821413160457650
0.9275000000000000 0.5821686276748474
0.9278125000000000 0.5821963807193643
0.9281250000000000 0.5822236915052889
0.9284375000000000 0.5822514448531552
0.9287500000000000 0.5822787548040338
0.9290625000000000 0.5823065084466263
0.9293750000000001 0.5823338175706430
0.9296875000000000 0.5823615714992671
0.9300000000000000 0.5823888798046759
0.9303125000000000 0.5824166340105672
0.9306250000000000 0.5824439415056919
0.9309375000000000 0.5824716959800158
0.9312500000000000 0.5824990026732489
0.9315625000000001 0.5825267574071030
0.9318750000000000 0.5825540633069047
0.9321875000000001 0.5825818182913188
0.9325000000000000 0.5826091234062163
0.9328125000000000 0.5826368786321535
0.9331250000000000 0.5826641829707392
0.9334375000000000 0.5826919384290978
0.9337500000000000 0.5827192420000283
0.9340625000000000 0.5827469976816425
0.9343750000000001 0.5827743004936384
0.9346875000000000 0.5828020563892786
0.9350000000000001 0.5828293584511228
0.9353125000000000 0.5828571145514976
0.9356250000000000 0.5828844158720343
0.9359375000000000 0.5829121721677910
0.9362500000000000 0.5829394727559246
0.9365625000000000 0.5829672292376509
0.9368750000000000 0.5829945291023449
0.9371875000000001 0.5830222857605694
0.9375000000000000 0.5830495849108451
0.9378125000000000 0.5830773417360391
0.9381250000000000 0.5831046401809746
0.9384375000000000 0.5831323971635527
0.9387500000000000 0.5831596949122818
0.9390625000000000 0.5831874520426034
0.9393750000000001 0.5832147491043145
0.9396875000000000 0.5832425063726846
0.9400000000000001 0.5832698027566190
0.9403125000000000 0.5832975601532902
0.9406250000000000 0.5833248558687415
0.9409375000000000 0.5833526133839142
0.9412500000000000 0.5833799084402268
0.9415625000000000 0.5834076660640511
0.9418750000000000 0.5834349604706189
0.9421875000000001 0.5834627181931954
0.9425000000000000 0.5834900119594610
0.9428125000000001 0.5835177697708425
0.9431250000000000 0.5835450629062954
0.9434375000000000 0.5835728207964873
0.9437500000000000 0.5836001133106634
0.9440625000000000 0.5836278712696262
0.9443750000000000 0.5836551631721053
0.9446875000000000 0.5836829211897551
0.9450000000000001 0.5837102124901611
0.9453125000000000 0.5837379705563704
0.9456250000000000 0.5837652612643689
0.9459375000000000 0.5837930193689691
0.9462500000000000 0.5838203094942664
0.9465625000000000 0.5838480676270483
0.9468750000000000 0.5838753571793908
0.9471875000000001 0.5839031153301055
0.9475000000000000 0.5839304043192773
0.9478125000000001 0.5839581624776388
0.9481250000000000 0.5839854509134615
0.9484375000000000 0.5840132090691464
0.9487500000000000 0.5840404969614770
0.9490625000000000 0.5840682551041269
0.9493750000000000 0.5840955424628568
0.9496875000000000 0.5841233005820796
0.9500000000000001 0.5841505874171330
0.9503125000000000 0.5841783455025037
0.9506250000000001 0.5842056318238367
0.9509375000000000 0.5842333898648990
0.9512500000000000 0.5842606756824980
0.9515625000000000 0.5842884336687659
0.9518750000000000 0.5843157189926464
0.9521875000000000 0.5843434769136048
0.9525000000000000 0.5843707617538100
0.9528125000000001 0.5843985195989168
0.9531250000000000 0.5844258039655161
0.9534375000000000 0.5844535617242028
0.9537500000000000 0.5844808456272911
0.9540625000000000 0.5845086032889653
0.9543750000000000 0.5845358867386605
0.9546875000000000 0.5845636442927058
0.9550000000000001 0.5845909272991484
0.9553125000000000 0.5846186847349272
0.9556250000000001 0.5846459673082786
0.9559375000000000 0.5846737246151321
0.9562500000000000 0.5847010067655734
0.9565625000000000 0.5847287639328241
0.9568750000000000 0.5847560456705542
0.9571875000000000 0.5847838026875070
0.9575000000000000 0.5848110840227418
0.9578125000000001 0.5848388408786844
0.9581250000000000 0.5848661218216558
0.9584375000000001 0.5848938785058613
0.9587500000000000 0.5849211590668146
0.9590625000000000 0.5849489155685426
0.9593750000000000 0.5849761957577360
0.9596875000000000 0.5850039520662332
0.9600000000000000 0.5850312318939364
0.9603125000000000 0.5850589879984391
0.9606250000000001 0.5850862674749318
0.9609375000000000 0.5851140233646663
0.9612500000000000 0.5851413025002362
0.9615625000000000 0.5851690581644216
0.9618750000000000 0.5851963369693639
0.9621875000000000 0.5852240923972115
0.9625000000000000 0.5852513708818275
0.9628125000000001 0.5852791260625437
0.9631250000000000 0.5853064042371386
0.9634375000000001 0.5853341591599258
0.9637500000000000 0.5853614370348079
0.9640625000000000 0.5853891916888658
0.9643750000000000 0.5854164692743454
0.9646875000000000 0.5854442236488723
0.9650000000000000 0.5854715009552597
0.9653125000000000 0.5854992550394543
0.9656250000000001 0.5855265320770584
0.9659375000000000 0.5855542858601210
0.9662500000000001 0.5855815626392483
0.9665625000000000 0.5856093161103824
0.9668750000000000 0.5856365926413356
0.9671875000000000 0.5856643457897481
0.9675000000000000 0.5856916220828247
0.9678125000000001 0.5857193748977290
0.9681250000000000 0.5857466509632193
0.9684375000000001 0.5857744034338357
0.9687500000000000 0.5858016792820223
0.9690625000000000 0.5858294313975794
0.9693750000000000 0.5858567070387350
0.9696875000000000 0.5858844587884712
0.9700000000000000 0.5859117342328577
0.9703125000000000 0.5859394856060225
0.9706250000000001 0.5859667608638891
0.9709375000000000 0.5859945118497440
0.9712500000000001 0.5860217869313256
0.9715625000000000 0.5860495375191452
0.9718750000000000 0.5860768124346601
0.9721875000000000 0.5861045626137326
0.9725000000000000 0.5861318373733805
0.9728125000000000 0.5861595871330069
0.9731250000000000 0.5861868617469640
0.9734375000000001 0.5862146110764561
0.9737500000000000 0.5862418855548698
0.9740625000000001 0.5862696344435447
0.9743750000000000 0.5862969087965219
0.9746875000000000 0.5863246572336897
0.9750000000000000 0.5863519314712757
0.9753125000000000 0.5863796794462141
0.9756250000000001 0.5864069535783556
0.9759375000000000 0.5864347010802585
0.9762500000000001 0.5864619751167282
0.9765625000000000 0.5864897221346066
0.9768750000000000 0.5865169960848595
0.9771875000000000 0.5865447426073421
0.9775000000000000 0.5865720164802360
0.9778125000000000 0.5865997624951822
0.9781250000000000 0.5866270362984316
0.9784375000000001 0.5866547817921709
0.9787500000000000 0.5866820555312813
0.9790625000000001 0.5867098004871274
0.9793750000000000 0.5867370741633131
0.9796875000000000 0.5867648185586535
0.9800000000000000 0.5867920921647678
0.9803125000000000 0.5868198359653786
0.9806250000000000 0.5868471094779572
0.9809375000000000 0.5868748526268790
0.9812500000000001 0.5869021259905857
0.9815625000000000 0.5869298683863783
0.9818750000000001 0.5869571414835916
0.9821875000000000 0.5869848829378078
0.9825000000000000 0.5870121555291530
0.9828125000000000 0.5870398956831858
0.9831250000000000 0.5870671672912510
0.9834375000000001 0.5870949054537288
0.9837500000000000 0.5871221751356737
0.9840625000000001 0.5871499099644796
0.9843750000000000 0.5871771758673616
0.9846875000000000 0.5872049047477964
0.9850000000000000 0.5872321632389564
0.9853125000000000 0.5872598810676404
0.9856250000000000 0.5872871250340210
0.9859375000000000 0.5873148218405601
0.9862500000000001 0.5873420373626191
0.9865625000000000 0.5873696936581455
0.9868750000000001 0.5873968535047391
0.9871875000000000 0.5874244311845421
0.9875000000000000 0.5874514820900429
0.9878125000000000 0.5874789066405833
0.9881250000000000 0.5875057444209348
0.9884375000000000 0.5875328701197076
0.9887500000000000 0.5875592910041282
0.9890625000000001 0.5875858328587452
0.9893750000000000 0.5876114383096447
0.9896875000000001 0.5876368389598913
0.9900000000000000 0.5876608495585119
0.9903125000000000 0.5876840190526892
0.9906250000000000 0.5877049106922752
0.9909375000000000 0.5877237179569076
0.9912500000000001 0.5877385111711748
0.9915625000000000 0.5877487911888457
0.9918750000000001 0.5877516647791748
0.9921875000000000 0.5877452839543629
0.9925000000000000 0.5877248777033032
0.9928125000000000 0.5876859781735427
0.9931250000000000 0.5876201728070678
0.9934375000000000 0.5875179356585701
0.9937500000000000 0.5873638558988585
0.9940625000000001 0.5871387613050922
0.9943750000000000 0.5868140265779146
0.9946875000000001 0.5863525298640794
0.9950000000000000 0.5857015501354561
0.9953125000000000 0.5847921788584294
0.9956250000000000 0.5835307687691832
0.9959375000000000 0.5817976267495422
0.9962500000000000 0.5794394322697385
0.9965625000000000 0.5762724000215549
0.9968750000000001 0.5720846528753601
0.9971875000000000 0.5666571209247878
0.9975000000000001 0.5597911705593390
0.9978125000000000 0.5513584867884570
0.9981250000000000 0.5413498438600947
0.9984375000000000 0.5299233721015679
0.9987500000000000 0.5174146479069268
0.9990625000000001 0.5043119590843007
0.9993750000000000 0.4911797032911032
0.9996875000000001 0.4785708885042871
1.0000000000000000 0.4669377435553562
1.0003124999999999 0.4565867582347662
1.0006250000000001 0.4476620080418263
1.0009375000000000 0.4401734207510679
1.0012500000000000 0.4340285220242148
1.0015624999999999 0.4290800859478742
1.0018750000000001 0.4251529593332969
1.0021875000000000 0.4220751878325062
1.0024999999999999 0.4196848986738905
1.0028125000000001 0.4178445935620941
1.0031250000000000 0.4164355111349999
1.0034375000000000 0.4153641770366440
1.0037499999999999 0.4145523841283213
1.0040625000000001 0.4139418603889044
1.0043750000000000 0.4134837634300784
1.0046875000000000 0.4131436622308069
1.0050000000000001 0.4128917175505891
1.0053125000000001 0.4127084171101135
1.0056250000000000 0.4125755438820031
1.0059374999999999 0.4124825406187174
1.0062500000000001 0.4124180880913487
1.0065625000000000 0.4123768817496326
1.0068750000000000 0.4123516309186924
1.0071875000000001 0.4123400708123399
1.0075000000000001 0.4123372445229776
1.0078125000000000 0.4123426310866062
1.0081249999999999 0.4123526214367869
1.0084375000000001 0.4123676879961896
1.0087500000000000 0.4123850008547800
1.0090625000000000 0.4124055939714616
1.0093749999999999 0.4124270901606268
1.0096875000000001 0.4124508372474889
1.0100000000000000 0.4124747239250163
1.0103124999999999 0.4125002700949149
1.0106250000000001 0.4125255235677389
1.0109375000000000 0.4125520952103206
1.0112500000000000 0.4125781310237119
1.0115624999999999 0.4126052864450844
1.0118750000000001 0.4126317709314133
1.0121875000000000 0.4126592579430258
1.0125000000000000 0.4126860006111708
1.0128125000000001 0.4127136752173791
1.0131250000000001 0.4127405673144086
1.0134375000000000 0.4127683472904802
1.0137499999999999 0.4127953267269694
1.0140625000000001 0.4128231651171105
1.0143750000000000 0.4128501964436195
1.0146875000000000 0.4128780664308667
1.0150000000000001 0.4129051294068288
1.0153125000000001 0.4129330156746548
1.0156250000000000 0.4129600987425528
1.0159374999999999 0.4129879925423158
1.0162500000000001 0.4130150891023410
1.0165625000000000 0.4130429854362789
1.0168750000000000 0.4130700917199195
1.0171874999999999 0.4130979877318761
1.0175000000000001 0.4131251015884697
1.0178125000000000 0.4131529956441352
1.0181249999999999 0.4131801158487247
1.0184375000000001 0.4132080070095864
1.0187500000000000 0.4132351328684157
1.0190625000000000 0.4132630205905858
1.0193749999999999 0.4132901517164718
1.0196875000000001 0.4133180356780567
1.0200000000000000 0.4133451718626213
1.0203125000000000 0.4133730518646808
1.0206250000000001 0.4134001930056964
1.0209375000000001 0.4134280689154637
1.0212500000000000 0.4134552149754240
1.0215624999999999 0.4134830866939331
1.0218750000000001 0.4135102376761804
1.0221875000000000 0.4135381051201205
1.0225000000000000 0.4135652610547138
1.0228125000000001 0.4135931241466947
1.0231250000000001 0.4136202850815717
1.0234375000000000 0.4136481437454471
1.0237499999999999 0.4136753097403770
1.0240625000000001 0.4137031638996666
1.0243750000000000 0.4137303350216228
1.0246875000000000 0.4137581845998416
1.0249999999999999 0.4137853609190841
1.0253125000000001 0.4138132058412233
1.0256250000000000 0.4138403874277710
1.0259374999999999 0.4138682276224108
1.0262500000000001 0.4138954145428012
1.0265625000000000 0.4139232499444783
1.0268750000000000 0.4139504422588374
1.0271874999999999 0.4139782728103786
1.0275000000000001 0.4140054705698790
1.0278125000000000 0.4140332962244779
1.0281250000000000 0.4140604994692746
1.0284375000000001 0.4140883201921506
1.0287500000000001 0.4141155289498739
1.0290625000000000 0.4141433447194037
1.0293749999999999 0.4141705590042547
1.0296875000000001 0.4141983698125252
1.0300000000000000 0.4142255896249837
1.0303125000000000 0.4142533954777624
1.0306250000000001 0.4142806208048749
1.0309375000000001 0.4143084217210405
1.0312500000000000 0.4143356525372211
1.0315624999999999 0.4143634485477323
1.0318750000000001 0.4143906848159815
1.0321875000000000 0.4144184759624864
1.0325000000000000 0.4144457176359141
1.0328124999999999 0.4144735039691170
1.0331250000000001 0.4145007509926507
1.0334375000000000 0.4145285325705545
1.0337499999999999 0.4145557848827153
1.0340625000000001 0.4145835617688500
1.0343750000000000 0.4146108193034938
1.0346875000000000 0.4146385915652257
1.0349999999999999 0.4146658542531644
1.0353125000000001 0.4146936219601591
1.0356250000000000 0.4147208897306003
1.0359375000000000 0.4147486529534901
1.0362500000000001 0.4147759257352551
1.0365625000000001 0.4148036845445376
1.0368750000000000 0.4148309622670452
1.0371874999999999 0.4148587167322177
1.0375000000000001 0.4148859993262338
1.0378125000000000 0.4149137495151536
1.0381250000000000 0.4149410369133277
1.0384375000000001 0.4149687828917729
1.0387500000000001 0.4149960750289874
1.0390625000000000 0.4150238168603867
1.0393749999999999 0.4150511136739570
1.0396875000000001 0.4150788514192534
1.0400000000000000 0.4151061528490093
1.0403125000000000 0.4151338865666233
1.0406249999999999 0.4151611925549086
1.0409375000000001 0.4151889223007696
1.0412500000000000 0.4152162327923862
1.0415624999999999 0.4152439586200075
1.0418750000000001 0.4152712735621262
1.0421875000000000 0.4152989955227032
1.0425000000000000 0.4153263148647590
1.0428124999999999 0.4153540330072798
1.0431250000000001 0.4153813567008582
1.0434375000000000 0.4154090710722180
1.0437500000000000 0.4154363990709392
1.0440625000000001 0.4154641097160584
1.0443750000000001 0.4154914419754570
1.0446875000000000 0.4155191489374041
1.0449999999999999 0.4155464854148020
1.0453125000000001 0.4155741887349264
1.0456250000000000 0.4156015293892937
1.0459375000000000 0.4156292291073723
1.0462500000000001 0.4156565738991713
1.0465625000000001 0.4156842700535755
1.0468750000000000 0.4157116189445818
1.0471874999999999 0.4157393115724682
1.0475000000000001 0.4157666645255677
1.0478125000000000 0.4157943536630951
1.0481250000000000 0.4158217106420528
1.0484374999999999 0.4158493963246261
1.0487500000000001 0.4158767572938299
1.0490625000000000 0.4159044395563686
1.0493749999999999 0.4159318044805504
1.0496875000000001 0.4159594833577766
1.0500000000000000 0.4159868522017148
1.0503125000000000 0.4160145277284579
1.0506249999999999 0.4160419004566698
1.0509375000000001 0.4160695726681754
1.0512500000000000 0.4160969492446076
1.0515625000000000 0.4161246181768452
1.0518750000000001 0.4161519985645706
1.0521875000000001 0.4161796642545296
1.0525000000000000 0.4162070484154611
1.0528124999999999 0.4162347109014250
1.0531250000000001 0.4162620987960554
1.0534375000000000 0.4162897581178459
1.0537500000000000 0.4163171497050221
1.0540625000000001 0.4163448059042045
1.0543750000000001 0.4163722011409439
1.0546875000000000 0.4163998542609872
1.0549999999999999 0.4164272531023419
1.0553125000000001 0.4164549031887299
1.0556250000000000 0.4164823055877026
1.0559375000000000 0.4165099526879900
1.0562499999999999 0.4165373585955041
1.0565625000000001 0.4165650027593203
1.0568750000000000 0.4165924121242433
1.0571874999999999 0.4166200534032426
1.0575000000000001 0.4166474661724616
1.0578125000000000 0.4166751046202227
1.0581250000000000 0.4167025207387678
1.0584374999999999 0.4167301564106488
1.0587500000000001 0.4167575758218591
1.0590625000000000 0.4167852087748123
1.0593750000000000 0.4168126314205378
1.0596875000000001 0.4168402617128931
1.0600000000000001 0.4168676875337247
1.0603125000000000 0.4168953152249480
1.0606249999999999 0.4169227441604683
1.0609375000000001 0.4169503693109036
1.0612500000000000 0.4169778012999498
1.0615625000000000 0.4170054239705535
1.0618750000000001 0.4170328589514839
1.0621875000000001 0.4170604792035587
1.0625000000000000 0.4170879171145171
1.0628124999999999 0.4171155350094519
1.0631250000000001 0.4171429757886211
1.0634375000000000 0.4171705913876452
1.0637500000000000 0.4171980349734847
1.0640624999999999 0.4172256483374386
1.0643750000000001 0.4172530946689032
1.0646875000000000 0.4172807058580328
1.0649999999999999 0.4173081548747661
1.0653125000000001 0.4173357639485411
1.0656250000000000 0.4173632155910437
1.0659375000000000 0.4173908226080033
1.0662499999999999 0.4174182768177737
1.0665625000000001 0.4174458818353995
1.0668750000000000 0.4174733385550469
1.0671875000000000 0.4175009416296635
1.0675000000000001 0.4175284008029945
1.0678125000000001 0.4175560019896959
1.0681250000000000 0.4175834635617757
1.0684374999999999 0.4176110629143757
1.0687500000000001 0.4176385268315658
1.0690625000000000 0.4176661244025716
1.0693750000000000 0.4176935906125462
1.0696875000000001 0.4177211864531509
1.0700000000000001 0.4177486549048963
1.0703125000000000 0.4177762490649880
1.0706249999999999 0.4178037197087850
1.0709375000000001 0.4178313122369708
1.0712500000000000 0.4178587850243657
1.0715625000000000 0.4178863759680062
1.0718750000000001 0.4179138508517710
1.0721875000000001 0.4179414402570240
1.0725000000000000 0.4179689171911097
1.0728124999999999 0.4179965051029796
1.0731250000000001 0.4180239840424645
1.0734375000000000 0.4180515705048561
1.0737500000000000 0.4180790514058905
1.0740624999999999 0.4181066364616646
1.0743750000000001 0.4181341192814151
1.0746875000000000 0.4181617029724448
1.0750000000000000 0.4181891876690378
1.0753125000000001 0.4182167700362642
1.0756250000000001 0.4182442565687316
1.0759375000000000 0.4182718376522166
1.0762499999999999 0.4182993259804442
1.0765625000000001 0.4183269058194213
1.0768750000000000 0.4183543959040991
1.0771875000000000 0.4183819745370208
1.0775000000000001 0.4184094663395987
1.0778125000000001 0.4184370438041786
1.0781250000000000 0.4184645372868256
1.0784374999999999 0.4184921136200774
1.0787500000000001 0.4185196087456445
1.0790625000000000 0.4185471839839167
1.0793750000000000 0.4185746807159056
1.0796875000000001 0.4186022548949107
1.0800000000000001 0.4186297531974460
1.0803125000000000 0.4186573263522857
1.0806249999999999 0.4186848261900919
1.0809375000000001 0.4187123983552781
1.0812500000000000 0.4187398996936613
1.0815625000000000 0.4187674709031326
1.0818749999999999 0.4187949737079652
1.0821875000000001 0.4188225439950998
1.0825000000000000 0.4188500482328106
1.0828125000000000 0.4188776176304348
1.0831250000000001 0.4189051232680008
1.0834375000000001 0.4189326918083953
1.0837500000000000 0.4189601988133381
1.0840624999999999 0.4189877665282402
1.0843750000000001 0.4190152748686247
1.0846875000000000 0.4190428417892283
1.0850000000000000 0.4190703514336638
1.0853125000000001 0.4190979175906176
1.0856250000000001 0.4191254285082610
1.0859375000000000 0.4191529939316639
1.0862499999999999 0.4191805060922245
1.0865625000000001 0.4192080708116202
1.0868750000000000 0.4192355841853659
1.0871875000000000 0.4192631482297366
1.0875000000000001 0.4192906627875009
1.0878125000000001 0.4193182261852597
1.0881250000000000 0.4193457418984490
1.0884374999999999 0.4193733046774324
1.0887500000000001 0.4194008215180338
1.0890625000000000 0.4194283837054945
1.0893750000000000 0.4194559016460831
1.0896874999999999 0.4194834632686821
1.0900000000000001 0.4195109822824280
1.0903125000000000 0.4195385433662285
1.0906250000000000 0.4195660634269029
1.0909375000000001 0.4195936239973646
1.0912500000000001 0.4196211450793451
1.0915625000000000 0.4196487051613195
1.0918749999999999 0.4196762272395937
1.0921875000000001 0.4197037868573206
1.0925000000000000 0.4197313099074895
1.0928125000000000 0.4197588690845954
1.0931250000000001 0.4197863930828740
1.0934375000000001 0.4198139518423710
1.0937500000000000 0.4198414767655884
1.0940624999999999 0.4198690351298759
1.0943750000000001 0.4198965609554733
1.0946875000000000 0.4199241189463400
1.0950000000000000 0.4199516456523679
1.0953125000000001 0.4199792032909956
1.0956250000000001 0.4200067308561086
1.0959375000000000 0.4200342881630786
1.0962499999999999 0.4200618165665294
1.0965625000000001 0.4200893735618281
1.0968750000000000 0.4201169027834603
1.0971875000000000 0.4201444594864882
1.0974999999999999 0.4201719895067272
1.0978125000000001 0.4201995459363075
1.0981250000000000 0.4202270767361513
1.0984375000000000 0.4202546329105405
1.0987500000000001 0.4202821644715485
1.0990625000000001 0.4203097204084476
1.0993750000000000 0.4203372527127293
1.0996874999999999 0.4203648084292950
1.1000000000000001 0.4203923414594979
1.1003125000000000 0.4204198969723561
1.1006250000000000 0.4204474307116530
1.1009375000000001 0.4204749860369106
1.1012500000000001 0.4205025204689862
1.1015625000000000 0.4205300756222454
1.1018749999999999 0.4205576107312831
1.1021875000000001 0.4205851657276541
1.1025000000000000 0.4206127014983229
1.1028125000000000 0.4206402563524378
1.1031250000000001 0.4206677927698778
1.1034375000000001 0.4206953474959040
1.1037500000000000 0.4207228845457139
1.1040624999999999 0.4207504391573678
1.1043750000000001 0.4207779768255908
1.1046875000000000 0.4208055313361507
1.1050000000000000 0.4208330696092618
1.1053124999999999 0.4208606240315809
1.1056250000000001 0.4208881628964742
1.1059375000000000 0.4209157172429935
1.1062500000000000 0.4209432566869692
1.1065625000000001 0.4209708109697295
1.1068750000000001 0.4209983509804825
1.1071875000000000 0.4210259052111365
1.1074999999999999 0.4210534457767438
1.1078125000000001 0.4210809999665674
1.1081250000000000 0.4211085410754780
1.1084375000000000 0.4211360952353816
1.1087500000000001 0.4211636368764046
1.1090625000000001 0.4211911910169435
1.1093750000000000 0.4212187331792382
1.1096874999999999 0.4212462873106228
1.1100000000000001 0.4212738299836891
1.1103125000000000 0.4213013841157944
1.1106250000000000 0.4213289272894626
1.1109375000000001 0.4213564814318380
1.1112500000000001 0.4213840250962603
1.1115625000000000 0.4214115792581378
1.1118749999999999 0.4214391234037793
1.1121875000000001 0.4214666775940828
1.1125000000000000 0.4214942222117130
1.1128125000000000 0.4215217764390660
1.1131249999999999 0.4215493215197511
1.1134375000000001 0.4215768757924848
1.1137500000000000 0.4216044213275799
1.1140625000000000 0.4216319756537402
1.1143750000000001 0.4216595216348819
1.1146875000000001 0.4216870760222374
1.1150000000000000 0.4217146224413365
1.1153124999999999 0.4217421768973852
1.1156250000000001 0.4217697237466201
1.1159375000000000 0.4217972782785961
1.1162500000000000 0.4218248255504057
1.1165625000000001 0.4218523801652860
1.1168750000000001 0.4218799278523634
1.1171875000000000 0.4219074825568744
1.1174999999999999 0.4219350306521606
1.1178125000000001 0.4219625854527843
1.1181250000000000 0.4219901339494613
1.1184375000000000 0.4220176888524416
1.1187500000000001 0.4220452377439273
1.1190625000000001 0.4220727927552761
1.1193750000000000 0.4221003420352172
1.1196874999999999 0.4221278971607202
1.1200000000000001 0.4221554468229871
1.1203125000000000 0.4221830020682101
1.1206250000000000 0.4222105521068903
1.1209374999999999 0.4222381074771847
1.1212500000000001 0.4222656578865776
1.1215625000000000 0.4222932133870863
1.1218750000000000 0.4223207641616966
1.1221875000000001 0.4223483197973603
1.1225000000000001 0.4223758709318931
1.1228125000000000 0.4224034267074551
1.1231249999999999 0.4224309781968096
1.1234375000000001 0.4224585341168223
1.1237500000000000 0.4224860859560866
1.1240625000000000 0.4225136420249165
1.1243750000000001 0.4225411942093615
1.1246875000000001 0.4225687504311954
1.1250000000000000 0.4225963029562695
1.1253124999999999 0.4226238593351195
1.1256250000000001 0.4226514121964433
1.1259375000000000 0.4226789687361525
1.1262500000000000 0.4227065219295130
1.1265625000000001 0.4227340786337609
1.1268750000000001 0.4227616321551063
1.1271875000000000 0.4227891890274144
1.1274999999999999 0.4228167428728484
1.1278125000000001 0.4228442999165850
1.1281250000000000 0.4228718540823624
1.1284375000000000 0.4228994113007481
1.1287499999999999 0.4229269657832689
1.1290625000000001 0.4229545231793815
1.1293750000000000 0.4229820779751862
1.1296875000000000 0.4230096355519662
1.1300000000000001 0.4230371906577304
1.1303125000000001 0.4230647484179854
1.1306250000000000 0.4230923038305153
1.1309374999999999 0.4231198617769250
1.1312500000000001 0.4231474174931529
1.1315625000000000 0.4231749756282737
1.1318750000000000 0.4232025316452529
1.1321875000000001 0.4232300899715227
1.1325000000000001 0.4232576462864230
1.1328125000000000 0.4232852048061655
1.1331249999999999 0.4233127614162689
1.1334375000000001 0.4233403201316980
1.1337500000000000 0.4233678770343946
1.1340625000000000 0.4233954359476186
1.1343750000000001 0.4234229931404020
1.1346875000000001 0.4234505522534278
1.1350000000000000 0.4234781097338918
1.1353124999999999 0.4235056690486283
1.1356250000000001 0.4235332268144624
1.1359375000000000 0.4235607863327253
1.1362500000000000 0.4235883443817108
1.1365624999999999 0.4236159041052254
1.1368750000000001 0.4236434624352326
1.1371875000000000 0.4236710223656378
1.1375000000000000 0.4236985809746217
1.1378125000000001 0.4237261411134734
1.1381250000000001 0.4237536999994704
1.1384375000000000 0.4237812603482449
1.1387499999999999 0.4238088195093701
1.1390625000000001 0.4238363800694669
1.1393750000000000 0.4238639395039107
1.1396875000000000 0.4238915002766559
1.1400000000000001 0.4239190599826805
1.1403125000000001 0.4239466209693299
1.1406250000000000 0.4239741809452671
1.1409374999999999 0.4240017421470088
1.1412500000000001 0.4240293023912567
1.1415625000000000 0.4240568638092138
1.1418750000000000 0.4240844243202344
1.1421875000000001 0.4241119859554677
1.1425000000000001 0.4241395467317841
1.1428125000000000 0.4241671085852950
1.1431249999999999 0.4241946696254890
1.1434375000000001 0.4242222316982213
1.1437500000000000 0.4242497930009314
1.1440625000000000 0.4242773552937741
1.1443749999999999 0.4243049168576922
1.1446875000000001 0.4243324793714818
1.1450000000000000 0.4243600411953520
1.1453125000000000 0.4243876039308743
1.1456250000000001 0.4244151660134904
1.1459375000000001 0.4244427289714827
1.1462500000000000 0.4244702913116858
1.1465624999999999 0.4244978544928396
1.1468750000000001 0.4245254170895165
1.1471875000000000 0.4245529804944785
1.1475000000000000 0.4245805433465596
1.1478125000000001 0.4246081069759340
1.1481250000000001 0.4246356700823917
1.1484375000000000 0.4246632339367422
1.1487499999999999 0.4246907972965888
1.1490625000000001 0.4247183613764401
1.1493750000000000 0.4247459249887262
1.1496875000000000 0.4247734892945657
1.1500000000000001 0.4248010531583786
1.1503125000000001 0.4248286176906582
1.1506250000000000 0.4248561818051203
1.1509374999999999 0.4248837465642575
1.1512500000000001 0.4249113109285247
1.1515625000000000 0.4249388759149049
1.1518750000000000 0.4249664405281650
1.1521874999999999 0.4249940057421425
1.1525000000000001 0.4250215706036139
1.1528125000000000 0.4250491360455133
1.1531250000000000 0.4250767011544435
1.1534375000000001 0.4251042668245610
1.1537500000000001 0.4251318321802255
1.1540625000000000 0.4251593980788306
1.1543749999999999 0.4251869636805313
1.1546875000000001 0.4252145298078678
1.1550000000000000 0.4252420956549319
1.1553125000000000 0.4252696620112191
1.1556250000000001 0.4252972281029976
1.1559375000000001 0.4253247946884317
1.1562500000000000 0.4253523610242987
1.1565624999999999 0.4253799278390538
1.1568750000000001 0.4254074944184054
1.1571875000000000 0.4254350614626342
1.1575000000000000 0.4254626282848868
1.1578125000000001 0.4254901955587226
1.1581250000000001 0.4255177626233126
1.1584375000000000 0.4255453301268695
1.1587499999999999 0.4255728974332516
1.1590625000000001 0.4256004651666258
1.1593750000000000 0.4256280327142726
1.1596875000000000 0.4256556006775434
1.1599999999999999 0.4256831684659442
1.1603125000000001 0.4257107366591747
1.1606250000000000 0.4257383046878349
1.1609375000000000 0.4257658731110729
1.1612500000000001 0.4257934413795125
1.1615625000000001 0.4258210100327915
1.1618750000000000 0.4258485785405451
1.1621874999999999 0.4258761474238852
1.1625000000000001 0.4259037161705007
1.1628125000000000 0.4259312852839087
1.1631250000000000 0.4259588542689469
1.1634375000000001 0.4259864236124177
1.1637500000000001 0.4260139928354513
1.1640625000000000 0.4260415624089682
1.1643749999999999 0.4260691318695812
1.1646875000000001 0.4260967016731169
1.1650000000000000 0.4261242713709041
1.1653125000000000 0.4261518414044210
1.1656250000000001 0.4261794113389875
1.1659375000000001 0.4262069816024382
1.1662500000000000 0.4262345517733983
1.1665624999999999 0.4262621222667267
1.1668750000000001 0.4262896926737036
1.1671875000000000 0.4263172633968452
1.1675000000000000 0.4263448340394709
1.1678124999999999 0.4263724049923530
1.1681250000000001 0.4263999758702672
1.1684375000000000 0.4264275470528095
1.1687500000000000 0.4264551181656596
1.1690625000000001 0.4264826895777749
1.1693750000000001 0.4265102609252152
1.1696875000000000 0.4265378325668098
1.1699999999999999 0.4265654041485014
1.1703125000000001 0.4265929760194750
1.1706250000000000 0.4266205478350851
1.1709375000000000 0.4266481199353319
1.1712500000000001 0.4266756919845336
1.1715625000000001 0.4267032643139422
1.1718750000000000 0.4267308365964143
1.1721874999999999 0.4267584091548682
1.1725000000000001 0.4267859816702944
1.1728125000000000 0.4268135544576723
1.1731250000000000 0.4268411272057414
1.1734375000000001 0.4268687002219173
1.1737500000000001 0.4268962732023228
1.1740625000000000 0.4269238464471664
1.1743749999999999 0.4269514196596061
1.1746875000000001 0.4269789931329834
1.1750000000000000 0.4270065665771591
1.1753125000000000 0.4270341402789320
1.1756249999999999 0.4270617139545494
1.1759375000000001 0.4270892878845766
1.1762500000000000 0.4271168617913451
1.1765625000000000 0.4271444359494817
1.1768750000000001 0.4271720100871141
1.1771875000000001 0.4271995844732122
1.1775000000000000 0.4272271588414245
1.1778124999999999 0.4272547334553334
1.1781250000000001 0.4272823080538447
1.1784375000000000 0.4273098828954107
1.1787500000000000 0.4273374577239430
1.1790625000000001 0.4273650327930099
1.1793750000000001 0.4273926078512881
1.1796875000000000 0.4274201831476971
1.1799999999999999 0.4274477584354486
1.1803125000000001 0.4274753339590389
1.1806250000000000 0.4275029094759933
1.1809375000000000 0.4275304852266017
1.1812500000000001 0.4275580609724914
1.1815625000000001 0.4275856369499524
1.1818750000000000 0.4276132129245119
1.1821874999999999 0.4276407891286585
1.1825000000000001 0.4276683653316243
1.1828125000000000 0.4276959417622873
1.1831250000000000 0.4277235181933980
1.1834374999999999 0.4277510948504064
1.1837500000000001 0.4277786715094029
1.1840625000000000 0.4278062483925840
1.1843750000000000 0.4278338252792087
1.1846875000000001 0.4278614023883882
1.1850000000000001 0.4278889795023854
1.1853125000000000 0.4279165568373877
1.1856249999999999 0.4279441341785034
1.1859375000000001 0.4279717117391511
1.1862500000000000 0.4279992893071329
1.1865625000000000 0.4280268670932475
1.1868750000000001 0.4280544448878448
1.1871875000000001 0.4280820228992460
1.1875000000000000 0.4281096009202097
1.1878124999999999 0.4281371791567162
1.1881250000000001 0.4281647574037987
1.1884375000000000 0.4281923358652277
1.1887500000000000 0.4282199143381828
1.1890625000000001 0.4282474930243506
1.1893750000000001 0.4282750717229335
1.1896875000000000 0.4283026506336549
1.1899999999999999 0.4283302295576224
1.1903125000000001 0.4283578086927112
1.1906250000000000 0.4283853878418212
1.1909375000000000 0.4284129672010900
1.1912499999999999 0.4284405465751018
1.1915625000000001 0.4284681261583624
1.1918750000000000 0.4284957057570365
1.1921875000000000 0.4285232855640992
1.1925000000000001 0.4285508653871977
1.1928125000000001 0.4285784454178720
1.1931250000000000 0.4286060254651576
1.1934374999999999 0.4286336057192522
1.1937500000000001 0.4286611859904894
1.1940625000000000 0.4286887664678117
1.1943750000000000 0.4287163469627658
1.1946875000000001 0.4287439276631223
1.1950000000000001 0.4287715083815601
1.1953125000000000 0.4287990893047565
1.1956249999999999 0.4288266702464456
1.1959375000000001 0.4288542513922867
1.1962500000000000 0.4288818325569957
1.1965625000000000 0.4289094139252855
1.1968750000000001 0.4289369953127845
1.1971875000000001 0.4289645769033258
1.1975000000000000 0.4289921585133857
1.1978124999999999 0.4290197403259808
1.1981250000000001 0.4290473221583735
1.1984375000000000 0.4290749041928237
1.1987500000000000 0.4291024862473223
1.1990624999999999 0.4291300685034282
1.1993750000000001 0.4291576507798067
1.1996875000000000 0.4291852332573681
1.2000000000000000 0.4292128157554013
1.2003125000000001 0.4292403984542174
1.2006250000000001 0.4292679811736812
1.2009375000000000 0.4292955640935503
1.2012499999999999 0.4293231470342215
1.2015625000000001 0.4293507301749412
1.2018750000000000 0.4293783133365975
1.2021875000000000 0.4294058966979649
1.2025000000000001 0.4294334800803848
1.2028125000000001 0.4294610636621963
1.2031250000000000 0.4294886472651592
1.2034374999999999 0.4295162310672104
1.2037500000000001 0.4295438148904966
1.2040625000000000 0.4295713989125826
1.2043750000000000 0.4295989829559730
1.2046875000000001 0.4296265671978884
1.2050000000000001 0.4296541514611649
1.2053125000000000 0.4296817359227038
1.2056249999999999 0.4297093204056487
1.2059375000000001 0.4297369050866046
1.2062500000000000 0.4297644897890011
1.2065625000000000 0.4297920746891669
1.2068749999999999 0.4298196596107990
1.2071875000000001 0.4298472447299675
1.2075000000000000 0.4298748298706197
1.2078125000000000 0.4299024152085829
1.2081250000000001 0.4299300005680403
1.2084375000000001 0.4299575861245898
1.2087500000000000 0.4299851717026383
1.2090624999999999 0.4300127574775657
1.2093750000000001 0.4300403432739914
1.2096875000000000 0.4300679292670876
1.2100000000000000 0.4300955152816775
1.2103125000000001 0.4301231014927332
1.2106250000000001 0.4301506877252745
1.2109375000000000 0.4301782741540803
1.2112499999999999 0.4302058606043608
1.2115625000000001 0.4302334472507067
1.2118750000000000 0.4302610339185149
1.2121875000000000 0.4302886207821909
1.2125000000000001 0.4303162076673154
1.2128125000000001 0.4303437947481110
1.2131250000000000 0.4303713818503410
1.2134374999999999 0.4303989691480459
1.2137500000000001 0.4304265564671707
1.2140625000000000 0.4304541439815742
1.2143750000000000 0.4304817315173838
1.2146874999999999 0.4305093192482753
1.2150000000000001 0.4305369070005597
1.2153125000000000 0.4305644949477282
1.2156250000000000 0.4305920829162780
1.2159375000000001 0.4306196710795125
1.2162500000000001 0.4306472592641185
1.2165625000000000 0.4306748476432080
1.2168749999999999 0.4307024360436610
1.2171875000000001 0.4307300246383945
1.2175000000000000 0.4307576132544859
1.2178125000000000 0.4307852020646522
1.2181250000000001 0.4308127908961734
1.2184375000000001 0.4308403799215615
1.2187500000000000 0.4308679689683041
1.2190624999999999 0.4308955582087029
1.2193750000000001 0.4309231474704588
1.2196875000000000 0.4309507369256573
1.2200000000000000 0.4309783264022184
1.2203125000000001 0.4310059160720054
1.2206250000000001 0.4310335057631640
1.2209375000000000 0.4310610956473286
1.2212499999999999 0.4310886855528770
1.2215625000000001 0.4311162756512084
1.2218750000000000 0.4311438657709390
1.2221875000000000 0.4311714560832261
1.2224999999999999 0.4311990464169315
1.2228125000000001 0.4312266369429638
1.2231250000000000 0.4312542274904365
1.2234375000000000 0.4312818182300033
1.2237500000000001 0.4313094089910363
1.2240625000000001 0.4313369999439268
1.2243750000000000 0.4313645909183130
1.2246874999999999 0.4313921820843168
1.2250000000000001 0.4314197732718492
1.2253125000000000 0.4314473646507559
1.2256250000000000 0.4314749560512275
1.2259375000000001 0.4315025476428270
1.2262500000000001 0.4315301392560311
1.2265625000000000 0.4315577310601130
1.2268749999999999 0.4315853228858429
1.2271875000000001 0.4316129149021972
1.2275000000000000 0.4316405069402461
1.2278125000000000 0.4316680991686630
1.2281250000000001 0.4316956914188244
1.2284375000000001 0.4317232838590940
1.2287500000000000 0.4317508763211613
1.2290624999999999 0.4317784689730739
1.2293750000000001 0.4318060616468410
1.2296875000000000 0.4318336545101869
1.2300000000000000 0.4318612473954473
1.2303124999999999 0.4318888404700172
1.2306250000000001 0.4319164335665647
1.2309375000000000 0.4319440268521490
1.2312500000000000 0.4319716201597775
1.2315625000000001 0.4319992136561670
1.2318750000000001 0.4320268071746705
1.2321875000000000 0.4320544008816561
1.2324999999999999 0.4320819946108287
1.2328125000000001 0.4321095885282012
1.2331250000000000 0.4321371824678371
1.2334375000000000 0.4321647765953874
1.2337500000000001 0.4321923707452809
1.2340625000000001 0.4322199650828002
1.2343750000000000 0.4322475594427456
1.2346874999999999 0.4322751539900252
1.2350000000000001 0.4323027485598170
1.2353125000000000 0.4323303433166480
1.2356250000000000 0.4323579380960809
1.2359375000000001 0.4323855330622547
1.2362500000000001 0.4324131280511234
1.2365625000000000 0.4324407232264315
1.2368749999999999 0.4324683184245307
1.2371875000000001 0.4324959138087645
1.2375000000000000 0.4325235092158893
1.2378125000000000 0.4325511048088405
1.2381249999999999 0.4325787004247859
1.2384375000000001 0.4326062962262461
1.2387500000000000 0.4326338920508073
1.2390625000000000 0.4326614880605684
1.2393750000000001 0.4326890840935404
1.2396875000000001 0.4327166803113943
1.2400000000000000 0.4327442765525727
1.2403124999999999 0.4327718729783113
1.2406250000000001 0.4327994694274915
1.2409375000000000 0.4328270660609068
1.2412500000000000 0.4328546627178844
1.2415625000000001 0.4328822595587685
1.2418750000000001 0.4329098564233393
1.2421875000000000 0.4329374534714845
1.2424999999999999 0.4329650505434441
1.2428125000000001 0.4329926477986428
1.2431250000000000 0.4330202450777870
1.2434375000000000 0.4330478425398315
1.2437500000000001 0.4330754400259564
1.2440625000000001 0.4331030376946394
1.2443750000000000 0.4331306353875409
1.2446874999999999 0.4331582332626548
1.2450000000000001 0.4331858311621292
1.2453125000000000 0.4332134292434670
1.2456250000000000 0.4332410273493103
1.2459374999999999 0.4332686256366648
1.2462500000000001 0.4332962239486733
1.2465625000000000 0.4333238224418376
1.2468750000000000 0.4333514209598077
1.2471875000000001 0.4333790196585747
1.2475000000000001 0.4334066183823027
1.2478125000000000 0.4334342172864659
1.2481249999999999 0.4334618162157481
1.2484375000000001 0.4334894153251010
1.2487500000000000 0.4335170144597340
1.2490625000000000 0.4335446137740702
1.2493750000000001 0.4335722131138501
1.2496875000000001 0.4335998126329634
1.2500000000000000 0.4336274121776870
1.2503124999999999 0.4336550119013714
1.2506250000000001 0.4336826116508349
1.2509375000000000 0.4337102115788846
1.2512500000000000 0.4337378115328845
1.2515625000000001 0.4337654116650939
1.2518750000000001 0.4337930118234266
1.2521875000000000 0.4338206121595902
1.2524999999999999 0.4338482125220522
1.2528125000000001 0.4338758130619649
1.2531250000000000 0.4339034136283525
1.2534375000000000 0.4339310143718092
1.2537499999999999 0.4339586151419189
1.2540625000000001 0.4339862160887148
1.2543750000000000 0.4340138170623427
1.2546875000000000 0.4340414182122735
1.2550000000000001 0.4340690193892158
1.2553125000000001 0.4340966207420772
1.2556250000000000 0.4341242221221301
1.2559374999999999 0.4341518236777182
1.2562500000000001 0.4341794252606776
1.2565625000000000 0.4342070270187887
1.2568750000000000 0.4342346288044508
1.2571875000000001 0.4342622307648812
1.2575000000000001 0.4342898327530419
1.2578125000000000 0.4343174349155887
1.2581249999999999 0.4343450371060438
1.2584375000000001 0.4343726394705039
1.2587500000000000 0.4344002418630490
1.2590625000000000 0.4344278444292201
1.2593750000000001 0.4344554470236509
1.2596875000000001 0.4344830497913303
1.2600000000000000 0.4345106525874423
1.2603124999999999 0.4345382555564282
1.2606250000000001 0.4345658585540169
1.2609375000000000 0.4345934617241074
1.2612500000000000 0.4346210649229680
1.2615624999999999 0.4346486682939619
1.2618750000000001 0.4346762716938896
1.2621875000000000 0.4347038752655855
1.2625000000000000 0.4347314788663754
1.2628125000000001 0.4347590826385727
1.2631250000000001 0.4347866864400196
1.2634375000000000 0.4348142904125178
1.2637499999999999 0.4348418944144165
1.2640625000000001 0.4348694985870152
1.2643750000000000 0.4348971027891606
1.2646875000000000 0.4349247071616600
1.2650000000000001 0.4349523115638464
1.2653125000000001 0.4349799161360471
1.2656250000000000 0.4350075207380690
1.2659374999999999 0.4350351255097716
1.2662500000000001 0.4350627303114233
1.2665625000000000 0.4350903352824287
1.2668750000000000 0.4351179402835045
1.2671875000000001 0.4351455454536141
1.2675000000000001 0.4351731506539081
1.2678125000000000 0.4352007560229234
1.2681249999999999 0.4352283614222296
1.2684375000000001 0.4352559669899524
1.2687500000000000 0.4352835725880649
1.2690625000000000 0.4353111783542973
1.2693749999999999 0.4353387841510098
1.2696875000000001 0.4353663901155541
1.2700000000000000 0.4353939961106607
1.2703125000000000 0.4354216022733193
1.2706250000000001 0.4354492084666136
1.2709375000000001 0.4354768148271897
1.2712500000000000 0.4355044212184652
1.2715624999999999 0.4355320277767618
1.2718750000000001 0.4355596343658122
1.2721875000000000 0.4355872411216326
1.2725000000000000 0.4356148479082516
1.2728125000000001 0.4356424548613990
1.2731250000000001 0.4356700618453803
1.2734375000000000 0.4356976689956585
1.2737499999999999 0.4357252761767956
1.2740625000000001 0.4357528835240087
1.2743750000000000 0.4357804909020949
1.2746875000000000 0.4358080984460468
1.2750000000000001 0.4358357060208761
1.2753125000000001 0.4358633137613711
1.2756250000000000 0.4358909215327368
1.2759374999999999 0.4359185294695790
1.2762500000000001 0.4359461374372751
1.2765625000000000 0.4359737455702691
1.2768750000000000 0.4360013537340892
1.2771874999999999 0.4360289620630395
1.2775000000000001 0.4360565704227773
1.2778125000000000 0.4360841789474887
1.2781250000000000 0.4361117875029382
1.2784375000000001 0.4361393962232155
1.2787500000000001 0.4361670049741707
1.2790625000000000 0.4361946138898186
1.2793749999999999 0.4362222228360734
1.2796875000000001 0.4362498319468969
1.2800000000000000 0.4362774410882457
1.2803125000000000 0.4363050503940497
1.2806250000000001 0.4363326597302869
1.2809375000000001 0.4363602692308764
1.2812500000000000 0.4363878787617964
1.2815624999999999 0.4364154884569764
1.2818750000000001 0.4364430981823739
1.2821875000000000 0.4364707080719494
1.2825000000000000 0.4364983179916194
1.2828125000000001 0.4365259280753951
1.2831250000000001 0.4365535381891326
1.2834375000000000 0.4365811484669138
1.2837499999999999 0.4366087587745141
1.2840625000000001 0.4366363692461056
1.2843750000000000 0.4366639797473642
1.2846875000000000 0.4366915904125708
1.2849999999999999 0.4367192011072834
1.2853125000000001 0.4367468119659098
1.2856250000000000 0.4367744228538725
1.2859375000000000 0.4368020339057236
1.2862500000000001 0.4368296449867325
1.2865625000000001 0.4368572562316128
1.2868750000000000 0.4368848675054645
1.2871874999999999 0.4369124789431786
1.2875000000000001 0.4369400904096699
1.2878125000000000 0.4369677020400221
1.2881250000000000 0.4369953136989500
1.2884375000000001 0.4370229255217447
1.2887500000000001 0.4370505373729067
1.2890625000000000 0.4370781493879480
1.2893749999999999 0.4371057614311417
1.2896875000000001 0.4371333736382337
1.2900000000000000 0.4371609858732571
1.2903125000000000 0.4371885982722038
1.2906250000000001 0.4372162106988551
1.2909375000000001 0.4372438232894602
1.2912500000000000 0.4372714359075379
1.2915624999999999 0.4372990486896052
1.2918750000000001 0.4373266614989083
1.2921875000000000 0.4373542744722412
1.2925000000000000 0.4373818874725688
1.2928124999999999 0.4374095006369707
1.2931250000000001 0.4374371138281224
1.2934375000000000 0.4374647271833966
1.2937500000000000 0.4374923405651723
1.2940625000000001 0.4375199541111218
1.2943750000000001 0.4375475676833216
1.2946875000000000 0.4375751814197494
1.2949999999999999 0.4376027951821737
1.2953125000000001 0.4376304091088826
1.2956250000000000 0.4376580230613323
1.2959375000000000 0.4376856371781248
1.2962500000000001 0.4377132513204010
1.2965625000000001 0.4377408656270798
1.2968750000000000 0.4377684799589838
1.2971874999999999 0.4377960944553512
1.2975000000000001 0.4378237089766848
1.2978125000000000 0.4378513236625431
1.2981250000000000 0.4378789383731083
1.2984375000000001 0.4379065532482595
1.2987500000000001 0.4379341681478586
1.2990625000000000 0.4379617832121049
1.2993749999999999 0.4379893983005404
1.2996875000000001 0.4380170135536836
1.3000000000000000 0.4380446288307584
1.3003125000000000 0.4380722442726005
1.3006249999999999 0.4380998597381176
1.3009375000000001 0.4381274753684602
1.3012500000000000 0.4381550910222231
1.3015625000000000 0.4381827068408678
1.3018750000000001 0.4382103226826801
1.3021875000000001 0.4382379386894285
1.3025000000000000 0.4382655547190940
1.3028124999999999 0.4382931709137477
1.3031250000000001 0.4383207871310704
1.3034375000000000 0.4383484035134309
1.3037500000000000 0.4383760199182151
1.3040625000000001 0.4384036364880837
1.3043750000000001 0.4384312530801340
1.3046875000000000 0.4384588698373120
1.3049999999999999 0.4384864866164331
1.3053125000000001 0.4385141035607221
1.3056250000000000 0.4385417205267187
1.3059375000000000 0.4385693376579200
1.3062500000000001 0.4385969548105972
1.3065625000000001 0.4386245721285122
1.3068750000000000 0.4386521894676752
1.3071874999999999 0.4386798069721052
1.3075000000000001 0.4387074244975593
1.3078125000000000 0.4387350421883059
1.3081250000000000 0.4387626598998565
1.3084374999999999 0.4387902777767211
1.3087500000000001 0.4388178956741737
1.3090625000000000 0.4388455137369579
1.3093750000000000 0.4388731318201183
1.3096875000000001 0.4389007500686236
1.3100000000000001 0.4389283683372975
1.3103125000000000 0.4389559867713257
1.3106249999999999 0.4389836052253190
1.3109375000000001 0.4390112238446718
1.3112500000000000 0.4390388424837904
1.3115625000000000 0.4390664612882695
1.3118750000000001 0.4390940801123195
1.3121875000000001 0.4391216991017271
1.3125000000000000 0.4391493181105143
1.3128124999999999 0.4391769372846525
1.3131250000000001 0.4392045564779831
1.3134375000000000 0.4392321758366540
1.3137500000000000 0.4392597952143341
1.3140625000000001 0.4392874147573402
1.3143750000000001 0.4393150343191760
1.3146875000000000 0.4393426540463196
1.3149999999999999 0.4393702737921171
1.3153125000000001 0.4393978937032012
1.3156250000000000 0.4394255136327666
1.3159375000000000 0.4394531337275938
1.3162499999999999 0.4394807538407332
1.3165625000000001 0.4395083741191066
1.3168750000000000 0.4395359944156263
1.3171875000000000 0.4395636148773491
1.3175000000000001 0.4395912353570550
1.3178125000000001 0.4396188560019305
1.3181250000000000 0.4396464766646288
1.3184374999999999 0.4396740974924606
1.3187500000000001 0.4397017183379574
1.3190625000000000 0.4397293393485493
1.3193750000000000 0.4397569603766505
1.3196875000000001 0.4397845815698064
1.3200000000000001 0.4398122027803180
1.3203125000000000 0.4398398241558422
1.3206249999999999 0.4398674455485700
1.3209375000000001 0.4398950671062670
1.3212500000000000 0.4399226886810170
1.3215625000000000 0.4399503104206913
1.3218750000000001 0.4399779321772693
1.3221875000000001 0.4400055540987256
1.3225000000000000 0.4400331760369375
1.3228124999999999 0.4400607981399809
1.3231250000000001 0.4400884202596323
1.3234375000000000 0.4401160425440681
1.3237500000000000 0.4401436648449648
1.3240624999999999 0.4401712873105983
1.3243750000000001 0.4401989097925458
1.3246875000000000 0.4402265324391829
1.3250000000000000 0.4402541551019868
1.3253125000000001 0.4402817779294332
1.3256250000000001 0.4403094007728990
1.3259375000000000 0.4403370237809611
1.3262499999999999 0.4403646468048943
1.3265625000000001 0.4403922699933782
1.3268750000000000 0.4404198931975841
1.3271875000000000 0.4404475165662964
1.3275000000000001 0.4404751399505806
1.3278125000000001 0.4405027634993279
1.3281250000000000 0.4405303870634955
1.3284374999999999 0.4405580107920850
1.3287500000000001 0.4405856345359414
1.3290625000000000 0.4406132584441801
1.3293750000000000 0.4406408823675304
1.3296875000000001 0.4406685064552258
1.3300000000000001 0.4406961305578753
1.3303125000000000 0.4407237548248347
1.3306249999999999 0.4407513791065886
1.3309375000000001 0.4407790035526200
1.3312500000000000 0.4408066280132835
1.3315625000000000 0.4408342526381945
1.3318749999999999 0.4408618772775726
1.3321875000000001 0.4408895020811714
1.3325000000000000 0.4409171268990694
1.3328125000000000 0.4409447518811644
1.3331250000000001 0.4409723768773872
1.3334375000000001 0.4410000020377868
1.3337500000000000 0.4410276272121397
1.3340624999999999 0.4410552525506524
1.3343750000000001 0.4410828779029404
1.3346875000000000 0.4411105034193749
1.3350000000000000 0.4411381289494032
1.3353125000000001 0.4411657546435685
1.3356250000000001 0.4411933803511421
1.3359375000000000 0.4412210062228473
1.3362499999999999 0.4412486321077714
1.3365625000000001 0.4412762581568256
1.3368750000000000 0.4413038842189054
1.3371875000000000 0.4413315104451178
1.3375000000000001 0.4413591366841585
1.3378125000000001 0.4413867630873387
1.3381250000000000 0.4414143895031455
1.3384374999999999 0.4414420160831030
1.3387500000000001 0.4414696426754813
1.3390625000000000 0.4414972694320257
1.3393750000000000 0.4415248962007807
1.3396874999999999 0.4415525231337220
1.3400000000000001 0.4415801500786590
1.3403125000000000 0.4416077771878069
1.3406250000000000 0.4416354043087315
1.3409375000000001 0.4416630315938961
1.3412500000000001 0.4416906588906138
1.3415625000000000 0.4417182863516050
1.3418749999999999 0.4417459138239213
1.3421875000000001 0.4417735414605494
1.3425000000000000 0.4418011691082699
1.3428125000000000 0.4418287969203451
1.3431250000000001 0.4418564247432756
1.3434375000000001 0.4418840527306082
1.3437500000000000 0.4419116807285546
1.3440624999999999 0.4419393088909551
1.3443750000000001 0.4419669370637230
1.3446875000000000 0.4419945654010018
1.3450000000000000 0.4420221937483974
1.3453125000000001 0.4420498222603650
1.3456250000000001 0.4420774507821943
1.3459375000000000 0.4421050794686613
1.3462499999999999 0.4421327081647304
1.3465625000000001 0.4421603370255076
1.3468750000000000 0.4421879658956229
1.3471875000000000 0.4422155949305208
1.3474999999999999 0.4422432239744885
1.3478125000000001 0.4422708531833180
1.3481250000000000 0.4422984824009448
1.3484375000000000 0.4423261117835166
1.3487500000000001 0.4423537411746088
1.3490625000000001 0.4423813707307340
1.3493750000000000 0.4424090002950984
1.3496874999999999 0.4424366300245878
1.3500000000000001 0.4424642597620310
1.3503125000000000 0.4424918896646956
1.3506250000000000 0.4425195195750247
1.3509375000000001 0.4425471496506755
1.3512500000000001 0.4425747797336973
1.3515625000000000 0.4426024099821456
1.3518749999999999 0.4426300402376671
1.3521875000000001 0.4426576706587239
1.3525000000000000 0.4426853010865524
1.3528125000000000 0.4427129316800288
1.3531250000000001 0.4427405622799716
1.3534375000000001 0.4427681930456791
1.3537500000000000 0.4427958238175434
1.3540624999999999 0.4428234547552932
1.3543750000000001 0.4428510856988866
1.3546875000000000 0.4428787168084901
1.3550000000000000 0.4429063479236201
1.3553124999999999 0.4429339792048886
1.3556250000000001 0.4429616104913630
1.3559375000000000 0.4429892419441080
1.3562500000000000 0.4430168734017343
1.3565625000000001 0.4430445050257675
1.3568750000000001 0.4430721366543538
1.3571875000000000 0.4430997684494866
1.3574999999999999 0.4431274002488408
1.3578125000000001 0.4431550322148850
1.3581250000000000 0.4431826641848150
1.3584375000000000 0.4432102963215823
1.3587500000000001 0.4432379284618961
1.3590625000000001 0.4432655607691985
1.3593750000000000 0.4432931930797044
1.3596874999999999 0.4433208255573537
1.3600000000000001 0.4433484580378599
1.3603125000000000 0.4433760906856680
1.3606250000000000 0.4434037233359828
1.3609375000000001 0.4434313561537618
1.3612500000000001 0.4434589889736936
1.3615625000000000 0.4434866219612557
1.3618749999999999 0.4435142549506129
1.3621875000000001 0.4435418881077702
1.3625000000000000 0.4435695212663615
1.3628125000000000 0.4435971545929264
1.3631249999999999 0.4436247879205602
1.3634375000000001 0.4436524214163451
1.3637500000000000 0.4436800549128300
1.3640625000000000 0.4437076885776476
1.3643750000000001 0.4437353222427922
1.3646875000000001 0.4437629560764549
1.3650000000000000 0.4437905899100680
1.3653124999999999 0.4438182239123886
1.3656250000000001 0.4438458579142790
1.3659375000000000 0.4438734920850703
1.3662500000000000 0.4439011262550467
1.3665625000000001 0.4439287605941217
1.3668750000000001 0.4439563949319931
1.3671875000000000 0.4439840294391648
1.3674999999999999 0.4440116639447398
1.3678125000000001 0.4440392986198214
1.3681250000000000 0.4440669332929090
1.3684375000000000 0.4440945681357137
1.3687500000000001 0.4441222029761230
1.3690625000000001 0.4441498379864642
1.3693750000000000 0.4441774729940041
1.3696874999999999 0.4442051081716954
1.3700000000000001 0.4442327433461747
1.3703125000000000 0.4442603786910298
1.3706250000000000 0.4442880140322576
1.3709374999999999 0.4443156495440903
1.3712500000000001 0.4443432850518756
1.3715625000000000 0.4443709207304996
1.3718750000000000 0.4443985564046515
1.3721875000000001 0.4444261922498808
1.3725000000000001 0.4444538280902084
1.3728125000000000 0.4444814641018574
1.3731249999999999 0.4445091001081698
1.3734375000000001 0.4445367362860525
1.3737500000000000 0.4445643724581587
1.3740625000000000 0.4445920088020897
1.3743750000000001 0.4446196451397989
1.3746875000000001 0.4446472816495926
1.3750000000000000 0.4446749181527139
1.3753124999999999 0.4447025548281849
1.3756250000000001 0.4447301914965277
1.3759375000000000 0.4447578283374908
1.3762500000000000 0.4447854651708640
1.3765625000000001 0.4448131021771342
1.3768750000000001 0.4448407391753472
1.3771875000000000 0.4448683763467392
1.3774999999999999 0.4448960135096012
1.3778125000000001 0.4449236508459304
1.3781250000000000 0.4449512881732508
1.3784375000000000 0.4449789256743323
1.3787499999999999 0.4450065631659202
1.3790625000000001 0.4450342008315694
1.3793750000000000 0.4450618384872343
1.3796875000000000 0.4450894763172666
1.3800000000000001 0.4451171141368177
1.3803125000000001 0.4451447521310487
1.3806250000000000 0.4451723901142957
1.3809374999999999 0.4452000282725409
1.3812500000000001 0.4452276664192931
1.3815625000000000 0.4452553047413683
1.3818750000000000 0.4452829430514353
1.3821875000000001 0.4453105815371564
1.3825000000000001 0.4453382200103477
1.3828125000000000 0.4453658586595305
1.3831249999999999 0.4453934972956559
1.3834375000000001 0.4454211361081163
1.3837500000000000 0.4454487749069854
1.3840625000000000 0.4454764138825396
1.3843750000000001 0.4455040528439622
1.3846875000000001 0.4455316919824262
1.3850000000000000 0.4455593311062123
1.3853124999999999 0.4455869704074022
1.3856250000000001 0.4456146096933617
1.3859375000000000 0.4456422491570938
1.3862500000000000 0.4456698886050367
1.3865624999999999 0.4456975282311273
1.3868750000000001 0.4457251678408637
1.3871875000000000 0.4457528076291291
1.3875000000000000 0.4457804474004693
1.3878125000000001 0.4458080873507258
1.3881250000000001 0.4458357272834802
1.3884375000000000 0.4458633673955441
1.3887499999999999 0.4458910074895232
1.3890625000000001 0.4459186477632109
1.3893750000000000 0.4459462880182253
1.3896875000000000 0.4459739284533533
1.3900000000000001 0.4460015688692135
1.3903125000000001 0.4460292094655982
1.3906250000000000 0.4460568500421153
1.3909374999999999 0.4460844907995729
1.3912500000000001 0.4461121315365578
1.3915625000000000 0.4461397724549049
1.3918750000000000 0.4461674133521687
1.3921875000000001 0.4461950544312216
1.3925000000000001 0.4462226954885757
1.3928125000000000 0.4462503367281508
1.3931249999999999 0.4462779779454066
1.3934375000000001 0.4463056193453203
1.3937500000000000 0.4463332607222894
1.3940625000000000 0.4463609022823578
1.3943749999999999 0.4463885438188521
1.3946875000000001 0.4464161855388915
1.3950000000000000 0.4464438272347230
1.3953125000000000 0.4464714691145497
1.3956250000000001 0.4464991109695306
1.3959375000000001 0.4465267530089606
1.3962500000000000 0.4465543950229032
1.3965624999999999 0.4465820372217527
1.3968750000000001 0.4466096793944697
1.3971875000000000 0.4466373217525546
1.3975000000000000 0.4466649640838586
1.3978125000000001 0.4466926066009950
1.3981250000000001 0.4467202490906990
1.3984375000000000 0.4467478917667028
1.3987499999999999 0.4467755344146201
1.3990625000000001 0.4468031772493070
1.3993750000000000 0.4468308200552509
1.3996875000000000 0.4468584630484366
1.4000000000000001 0.4468861060122208
1.4003125000000001 0.4469137491637211
1.4006250000000000 0.4469413922851593
1.4009374999999999 0.4469690355947897
1.4012500000000001 0.4469966788736960
1.4015625000000000 0.4470243223412721
1.4018750000000000 0.4470519657774608
1.4021874999999999 0.4470796094027978
1.4025000000000001 0.4471072529960833
1.4028125000000000 0.4471348967789969
1.4031250000000000 0.4471625405291939
1.4034375000000001 0.4471901844694990
1.4037500000000001 0.4472178283764223
1.4040625000000000 0.4472454724739343
1.4043749999999999 0.4472731165373991
1.4046875000000001 0.4473007607919330
1.4050000000000000 0.4473284050117546
1.4053125000000000 0.4473560494231256
1.4056250000000001 0.4473836937991195
1.4059375000000001 0.4474113383671423
1.4062500000000000 0.4474389828991243
1.4065624999999999 0.4474666276236141
1.4068750000000001 0.4474942723113998
1.4071875000000000 0.4475219171921713
1.4075000000000000 0.4475495620355771
1.4078125000000001 0.4475772070724452
1.4081250000000001 0.4476048520712870
1.4084375000000000 0.4476324972640668
1.4087499999999999 0.4476601424181609
1.4090625000000001 0.4476877877666671
1.4093750000000000 0.4477154330758301
1.4096875000000000 0.4477430785798774
1.4099999999999999 0.4477707240439260
1.4103125000000001 0.4477983697033293
1.4106250000000000 0.4478260153220802
1.4109375000000000 0.4478536611366544
1.4112500000000001 0.4478813069099243
1.4115625000000001 0.4479089528794844
1.4118750000000000 0.4479365988070902
1.4121874999999999 0.4479642449314511
1.4125000000000001 0.4479918910132097
1.4128125000000000 0.4480195372921869
1.4131250000000000 0.4480471835279151
1.4134375000000001 0.4480748299613235
1.4137500000000001 0.4481024763508383
1.4140625000000000 0.4481301229384936
1.4143749999999999 0.4481577694816117
1.4146875000000001 0.4481854162233295
1.4150000000000000 0.4482130629198676
1.4153125000000000 0.4482407098154639
1.4156250000000001 0.4482683566652386
1.4159375000000001 0.4482960037145296
1.4162500000000000 0.4483236507173574
1.4165624999999999 0.4483512979201594
1.4168750000000001 0.4483789450758565
1.4171875000000000 0.4484065924319866
1.4175000000000000 0.4484342397403688
1.4178124999999999 0.4484618872496443
1.4181250000000001 0.4484895347105274
1.4184375000000000 0.4485171823727660
1.4187500000000000 0.4485448299859652
1.4190625000000001 0.4485724778009852
1.4193750000000001 0.4486001255663154
1.4196875000000000 0.4486277735339356
1.4199999999999999 0.4486554214512112
1.4203125000000001 0.4486830695712512
1.4206250000000000 0.4487107176402860
1.4209375000000000 0.4487383659125661
1.4212500000000001 0.4487660141331731
1.4215625000000001 0.4487936625575145
1.4218750000000000 0.4488213109295062
1.4221874999999999 0.4488489595057306
1.4225000000000001 0.4488766080289187
1.4228125000000000 0.4489042567568493
1.4231250000000000 0.4489319054310444
1.4234375000000001 0.4489595543105050
1.4237500000000001 0.4489872031355172
1.4240625000000000 0.4490148521663331
1.4243749999999999 0.4490425011419707
1.4246875000000001 0.4490701503239684
1.4250000000000000 0.4490977994500390
1.4253125000000000 0.4491254487830462
1.4256249999999999 0.4491530980593559
1.4259375000000001 0.4491807475432023
1.4262500000000000 0.4492083969695557
1.4265625000000000 0.4492360466040720
1.4268750000000001 0.4492636961802722
1.4271875000000001 0.4492913459652916
1.4275000000000000 0.4493189956911399
1.4278124999999999 0.4493466456264970
1.4281250000000001 0.4493742955017929
1.4284375000000000 0.4494019455873247
1.4287500000000000 0.4494295956118653
1.4290625000000001 0.4494572458474111
1.4293750000000001 0.4494848960209916
1.4296875000000000 0.4495125464063930
1.4299999999999999 0.4495401967288061
1.4303125000000001 0.4495678472639074
1.4306250000000000 0.4495954977349431
1.4309375000000000 0.4496231484195916
1.4312500000000001 0.4496507990390369
1.4315625000000001 0.4496784498730831
1.4318750000000000 0.4497061006407220
1.4321874999999999 0.4497337516240195
1.4325000000000001 0.4497614025396329
1.4328125000000000 0.4497890536720388
1.4331250000000000 0.4498167047354039
1.4334374999999999 0.4498443560167794
1.4337500000000001 0.4498720072276692
1.4340625000000000 0.4498996586578797
1.4343750000000000 0.4499273100160633
1.4346875000000001 0.4499549615949784
1.4350000000000001 0.4499826131002207
1.4353125000000000 0.4500102648277147
1.4356249999999999 0.4500379164797755
1.4359375000000001 0.4500655683557281
1.4362500000000000 0.4500932201543619
1.4365625000000000 0.4501208721786581
1.4368750000000001 0.4501485241236143
1.4371875000000001 0.4501761762961449
1.4375000000000000 0.4502038283871667
1.4378124999999999 0.4502314807078285
1.4381250000000001 0.4502591329446530
1.4384375000000000 0.4502867854133500
1.4387500000000000 0.4503144377957073
1.4390625000000001 0.4503420904123504
1.4393750000000001 0.4503697429399635
1.4396875000000000 0.4503973957044708
1.4399999999999999 0.4504250483770550
1.4403125000000001 0.4504527012893534
1.4406250000000000 0.4504803541066157
1.4409375000000000 0.4505080071666400
1.4412499999999999 0.4505356601282790
1.4415625000000001 0.4505633133359735
1.4418750000000000 0.4505909664416781
1.4421875000000000 0.4506186197969968
1.4425000000000001 0.4506462730464461
1.4428125000000001 0.4506739265493532
1.4431250000000000 0.4507015799422158
1.4434374999999999 0.4507292335926867
1.4437500000000001 0.4507568871286201
1.4440625000000000 0.4507845409266419
1.4443750000000000 0.4508121946052913
1.4446875000000001 0.4508398485508635
1.4450000000000001 0.4508675023718617
1.4453125000000000 0.4508951564649967
1.4456249999999999 0.4509228104279632
1.4459375000000001 0.4509504646686877
1.4462500000000000 0.4509781187732274
1.4465625000000000 0.4510057731615829
1.4468750000000001 0.4510334274072857
1.4471875000000001 0.4510610819433291
1.4475000000000000 0.4510887363297693
1.4478124999999999 0.4511163910135741
1.4481250000000001 0.4511440455403087
1.4484375000000000 0.4511717003719660
1.4487500000000000 0.4511993550385343
1.4490624999999999 0.4512270100181536
1.4493750000000001 0.4512546648240761
1.4496875000000000 0.4512823199517865
1.4500000000000000 0.4513099748965634
1.4503125000000001 0.4513376301725148
1.4506250000000001 0.4513652852556256
1.4509375000000000 0.4513929406799894
1.4512499999999999 0.4514205959008911
1.4515625000000001 0.4514482514738616
1.4518750000000000 0.4514759068319881
1.4521875000000000 0.4515035625537840
1.4525000000000001 0.4515312180485443
1.4528125000000001 0.4515588739194095
1.4531250000000000 0.4515865295501867
1.4534374999999999 0.4516141855703920
1.4537500000000001 0.4516418413365420
1.4540625000000000 0.4516694975063862
1.4543750000000000 0.4516971534072361
1.4546875000000001 0.4517248097270476
1.4550000000000001 0.4517524657618944
1.4553125000000000 0.4517801222320326
1.4556249999999999 0.4518077784001415
1.4559375000000001 0.4518354350209984
1.4562500000000000 0.4518630913216015
1.4565625000000000 0.4518907480936032
1.4568749999999999 0.4519184045258978
1.4571875000000001 0.4519460614495063
1.4575000000000000 0.4519737180126532
1.4578125000000000 0.4520013750883677
1.4581250000000001 0.4520290317814894
1.4584375000000001 0.4520566890098485
1.4587500000000000 0.4520843458320277
1.4590624999999999 0.4521120032136108
1.4593750000000001 0.4521396601638884
1.4596875000000000 0.4521673176993180
1.4600000000000000 0.4521949747766910
1.4603125000000001 0.4522226324666341
1.4606250000000001 0.4522502896700543
1.4609375000000000 0.4522779475152244
1.4612499999999999 0.4523056048435960
1.4615625000000001 0.4523332628447557
1.4618750000000000 0.4523609202969331
1.4621875000000000 0.4523885784548953
1.4625000000000001 0.4524162360296817
1.4628125000000001 0.4524438943453121
1.4631250000000000 0.4524715520414568
1.4634374999999999 0.4524992105156761
1.4637500000000001 0.4525268683318724
1.4640625000000000 0.4525545269656584
1.4643750000000000 0.4525821849005420
1.4646874999999999 0.4526098436949315
1.4650000000000001 0.4526375017470776
1.4653125000000000 0.4526651607031690
1.4656250000000000 0.4526928188710901
1.4659375000000001 0.4527204779900459
1.4662500000000001 0.4527481362721898
1.4665625000000000 0.4527757955552382
1.4668749999999999 0.4528034539499859
1.4671875000000001 0.4528311133984236
1.4675000000000000 0.4528587719040861
1.4678125000000000 0.4528864315192808
1.4681250000000001 0.4529140901340974
1.4684375000000001 0.4529417499174898
1.4687500000000000 0.4529694086396259
1.4690624999999999 0.4529970685927320
1.4693750000000001 0.4530247274202761
1.4696875000000000 0.4530523875446903
1.4700000000000000 0.4530800464756518
1.4703125000000001 0.4531077067730485
1.4706250000000001 0.4531353658053556
1.4709375000000000 0.4531630262774923
1.4712499999999999 0.4531906854089889
1.4715625000000001 0.4532183460577081
1.4718750000000000 0.4532460052861524
1.4721875000000000 0.4532736661133839
1.4724999999999999 0.4533013254364453
1.4728125000000001 0.4533289864442090
1.4731250000000000 0.4533566458594659
1.4734375000000000 0.4533843070498740
1.4737500000000001 0.4534119665548115
1.4740625000000001 0.4534396279300708
1.4743750000000000 0.4534672875220785
1.4746874999999999 0.4534949490844923
1.4750000000000001 0.4535226087608620
1.4753125000000000 0.4535502705128330
1.4756250000000000 0.4535779302707564
1.4759375000000001 0.4536055922147881
1.4762500000000001 0.4536332520513551
1.4765625000000000 0.4536609141900544
1.4768749999999999 0.4536885741022504
1.4771875000000001 0.4537162364383295
1.4775000000000000 0.4537438964230340
1.4778125000000000 0.4537715589593123
1.4781250000000001 0.4537992190132968
1.4784375000000001 0.4538268817527024
1.4787500000000000 0.4538545418726286
1.4790624999999999 0.4538822048182007
1.4793750000000001 0.4539098650006190
1.4796875000000000 0.4539375281555090
1.4800000000000000 0.4539651883968565
1.4803124999999999 0.4539928517643296
1.4806250000000001 0.4540205120609292
1.4809375000000000 0.4540481756443658
1.4812500000000000 0.4540758359924247
1.4815625000000001 0.4541034997953217
1.4818750000000001 0.4541311601909304
1.4821875000000000 0.4541588242169017
1.4824999999999999 0.4541864846560330
1.4828125000000001 0.4542141489088111
1.4831250000000000 0.4542418093873190
1.4834375000000000 0.4542694738707553
1.4837500000000001 0.4542971343843750
1.4840625000000001 0.4543247991024401
1.4843750000000000 0.4543524596467873
1.4846874999999999 0.4543801246035719
1.4850000000000001 0.4544077851741424
1.4853125000000000 0.4544354503738566
1.4856250000000000 0.4544631109660268
1.4859375000000001 0.4544907764130005
1.4862500000000001 0.4545184370220272
1.4865625000000000 0.4545461027207098
1.4868749999999999 0.4545737633417312
1.4871875000000001 0.4546014292966903
1.4875000000000000 0.4546290899247265
1.4878125000000000 0.4546567561406475
1.4881249999999999 0.4546844167706017
1.4884375000000001 0.4547120832522864
1.4887500000000000 0.4547397438789457
1.4890625000000000 0.4547674106313113
1.4893750000000001 0.4547950712493491
1.4896875000000001 0.4548227382774258
1.4900000000000000 0.4548503988814032
1.4903124999999999 0.4548780661903322
1.4906250000000001 0.4549057267747005
1.4909375000000000 0.4549333943697319
1.4912500000000000 0.4549610549288352
1.4915625000000001 0.4549887228153252
1.4918750000000001 0.4550163833434029
1.4921875000000000 0.4550440515268108
1.4924999999999999 0.4550717120180009
1.4928125000000001 0.4550993805038857
1.4931250000000000 0.4551270409522286
1.4934375000000000 0.4551547097462451
1.4937500000000001 0.4551823701456874
1.4940625000000001 0.4552100392535823
1.4943750000000000 0.4552376995979812
1.4946874999999999 0.4552653690255882
1.4950000000000001 0.4552930293087162
1.4953125000000000 0.4553206990619519
1.4956250000000000 0.4553483592775011
1.4959375000000001 0.4553760293623592
1.4962500000000001 0.4554036895039479
1.4965625000000000 0.4554313599264938
1.4968750000000000 0.4554590199876714
1.4971875000000001 0.4554866907540360
1.4975000000000001 0.4555143507282896
1.4978125000000000 0.4555420218446635
1.4981249999999999 0.4555696817254239
1.4984375000000001 0.4555973531980501
1.4987500000000000 0.4556250129786995
1.4990625000000000 0.4556526848138666
1.4993750000000001 0.4556803444877454
1.4996875000000001 0.4557080166917796
1.5000000000000000 0.4557356762521945
1.5003124999999999 0.4557633488314523
1.5006250000000001 0.4557910082716840
1.5009375000000000 0.4558186812325435
1.5012500000000000 0.4558463405458554
1.5015625000000001 0.4558740138947079
1.5018750000000001 0.4559016730743549
1.5021875000000000 0.4559293468175955
1.5024999999999999 0.4559570058568335
1.5028125000000001 0.4559846800008521
1.5031250000000000 0.4560123388929469
1.5034375000000000 0.4560400134441180
1.5037500000000001 0.4560676721823562
1.5040625000000001 0.4560953471470293
1.5043750000000000 0.4561230057247276
1.5046875000000000 0.4561506811092163
1.5050000000000001 0.4561783395197329
1.5053125000000001 0.4562060153303042
1.5056250000000000 0.4562336735670494
1.5059374999999999 0.4562613498099131
1.5062500000000001 0.4562890078663602
1.5065625000000000 0.4563166845476567
1.5068750000000000 0.4563443424173542
1.5071875000000001 0.4563720195431437
1.5075000000000001 0.4563996772197266
1.5078125000000000 0.4564273547959765
1.5081249999999999 0.4564550122731783
1.5084375000000001 0.4564826903057517
1.5087500000000000 0.4565103475774169
1.5090625000000000 0.4565380260720595
1.5093750000000001 0.4565656831321563
1.5096875000000001 0.4565933620944844
1.5100000000000000 0.4566210189371167
1.5103124999999999 0.4566486983726042
1.5106250000000001 0.4566763549920247
1.5109375000000000 0.4567040349059905
1.5112500000000000 0.4567316912966138
1.5115625000000001 0.4567593716942084
1.5118750000000001 0.4567870278506241
1.5121875000000000 0.4568147087368168
1.5125000000000000 0.4568423646538022
1.5128125000000001 0.4568700460333677
1.5131250000000001 0.4568977017059017
1.5134375000000000 0.4569253835834070
1.5137499999999999 0.4569530390066825
1.5140625000000001 0.4569807213864736
1.5143750000000000 0.4570083765559115
1.5146875000000000 0.4570360594421007
1.5150000000000001 0.4570637143533624
1.5153125000000001 0.4570913977498143
1.5156250000000000 0.4571190523988151
1.5159374999999999 0.4571467363091343
1.5162500000000001 0.4571743906920565
1.5165625000000000 0.4572020751195743
1.5168750000000000 0.4572297292328797
1.5171875000000001 0.4572574141806416
1.5175000000000001 0.4572850680210844
1.5178125000000000 0.4573127534918374
1.5181249999999999 0.4573404070564767
1.5184375000000001 0.4573680930526569
1.5187500000000000 0.4573957463388684
1.5190625000000000 0.4574234328625892
1.5193750000000001 0.4574510858680777
1.5196875000000001 0.4574787729211178
1.5200000000000000 0.4575064256439286
1.5203125000000000 0.4575341132277209
1.5206250000000001 0.4575617656662507
1.5209375000000001 0.4575894537818709
1.5212500000000000 0.4576171059348792
1.5215624999999999 0.4576447945830353
1.5218750000000001 0.4576724464496543
1.5221875000000000 0.4577001356306766
1.5225000000000000 0.4577277872104215
1.5228125000000001 0.4577554769242528
1.5231250000000001 0.4577831282170308
1.5234375000000000 0.4578108184632171
1.5237499999999999 0.4578384694693368
1.5240625000000001 0.4578661602470189
1.5243750000000000 0.4578938109671983
1.5246875000000000 0.4579215022751038
1.5250000000000001 0.4579491527104780
1.5253125000000001 0.4579768445469136
1.5256250000000000 0.4580044946990420
1.5259374999999999 0.4580321870618871
1.5262500000000001 0.4580598369327598
1.5265625000000000 0.4580875298194603
1.5268750000000000 0.4581151794115036
1.5271875000000001 0.4581428728190666
1.5275000000000001 0.4581705221351484
1.5278125000000000 0.4581982160601372
1.5281250000000000 0.4582258651035709
1.5284375000000001 0.4582535595421019
1.5287500000000001 0.4582812083166499
1.5290625000000000 0.4583089032643888
1.5293749999999999 0.4583365517742655
1.5296875000000001 0.4583642472264254
1.5300000000000000 0.4583918954762983
1.5303125000000000 0.4584195914276386
1.5306250000000001 0.4584472394226299
1.5309375000000001 0.4584749358674551
1.5312500000000000 0.4585025836131415
1.5315624999999999 0.4585302805453021
1.5318750000000001 0.4585579280477144
1.5321875000000000 0.4585856254606076
1.5325000000000000 0.4586132727262287
1.5328125000000001 0.4586409706128008
1.5331250000000001 0.4586686176485632
1.5334375000000000 0.4586963160013126
1.5337499999999999 0.4587239628145953
1.5340625000000001 0.4587516616255762
1.5343750000000000 0.4587793082241999
1.5346875000000000 0.4588070074850272
1.5350000000000001 0.4588346538772493
1.5353125000000001 0.4588623535791046
1.5356250000000000 0.4588899997736126
1.5359375000000000 0.4589176999072507
1.5362500000000001 0.4589453459131554
1.5365625000000001 0.4589730464689120
1.5368750000000000 0.4590006922957395
1.5371874999999999 0.4590283932635393
1.5375000000000001 0.4590560389212219
1.5378125000000000 0.4590837402905883
1.5381250000000000 0.4591113857894545
1.5384375000000001 0.4591390875495204
1.5387500000000001 0.4591667329002842
1.5390625000000000 0.4591944350398023
1.5393749999999999 0.4592220802535520
1.5396875000000001 0.4592497827609074
1.5400000000000000 0.4592774278490926
1.5403125000000000 0.4593051307123153
1.5406250000000001 0.4593327756867338
1.5409375000000001 0.4593604788935129
1.5412500000000000 0.4593881237662968
1.5415624999999999 0.4594158273039946
1.5418750000000001 0.4594434720875952
1.5421875000000000 0.4594711759432625
1.5425000000000000 0.4594988206504345
1.5428125000000001 0.4595265248108269
1.5431250000000001 0.4595541694546123
1.5434375000000000 0.4595818739062066
1.5437500000000000 0.4596095184999179
1.5440625000000001 0.4596372232289296
1.5443750000000001 0.4596648677861311
1.5446875000000000 0.4596925727785326
1.5449999999999999 0.4597202173130232
1.5453125000000001 0.4597479225545622
1.5456250000000000 0.4597755670803557
1.5459375000000000 0.4598032725565745
1.5462500000000001 0.4598309170878805
1.5465625000000001 0.4598586227841358
1.5468750000000000 0.4598862673353397
1.5471874999999999 0.4599139732368224
1.5475000000000001 0.4599416178224650
1.5478125000000000 0.4599693239142212
1.5481250000000000 0.4599969685489779
1.5484375000000001 0.4600246748159298
1.5487500000000001 0.4600523195145893
1.5490625000000000 0.4600800259415565
1.5493749999999999 0.4601076707189996
1.5496875000000001 0.4601353772907205
1.5500000000000000 0.4601630221618983
1.5503125000000000 0.4601907288630521
1.5506250000000001 0.4602183738429639
1.5509375000000001 0.4602460806581926
1.5512500000000000 0.4602737257618642
1.5515625000000000 0.4603014326757945
1.5518750000000001 0.4603290779182557
1.5521875000000001 0.4603567849155216
1.5525000000000000 0.4603844303117843
1.5528124999999999 0.4604121373770488
1.5531250000000001 0.4604397829420844
1.5534375000000000 0.4604674900600623
1.5537500000000000 0.4604951358087799
1.5540625000000001 0.4605228429642591
1.5543750000000001 0.4605504889114835
1.5546875000000000 0.4605781960893475
1.5549999999999999 0.4606058422497974
1.5553125000000001 0.4606335494350469
1.5556250000000000 0.4606611958233127
1.5559375000000000 0.4606889030010870
1.5562500000000001 0.4607165496316101
1.5565625000000001 0.4607442567872088
1.5568750000000000 0.4607719036742603
1.5571874999999999 0.4607996107931631
1.5575000000000001 0.4608272579508234
1.5578125000000000 0.4608549650187114
1.5581250000000000 0.4608826124608496
1.5584375000000001 0.4609103194636253
1.5587500000000001 0.4609379672038794
1.5590625000000000 0.4609656741276856
1.5593750000000000 0.4609933221794441
1.5596875000000001 0.4610210290106833
1.5600000000000001 0.4610486773870653
1.5603125000000000 0.4610763841124181
1.5606249999999999 0.4611040328262564
1.5609375000000001 0.4611317394326989
1.5612500000000000 0.4611593884965217
1.5615625000000000 0.4611870949713429
1.5618750000000001 0.4612147443973576
1.5621875000000001 0.4612424507281757
1.5625000000000000 0.4612701005282527
1.5628124999999999 0.4612978067030305
1.5631250000000001 0.4613254568886880
1.5634375000000000 0.4613531628957482
1.5637500000000000 0.4613808134781375
1.5640625000000001 0.4614085193061766
1.5643750000000001 0.4614361702960688
1.5646875000000000 0.4614638759341699
1.5649999999999999 0.4614915273419432
1.5653125000000001 0.4615192327795887
1.5656250000000000 0.4615468846152159
1.5659375000000000 0.4615745898422990
1.5662500000000001 0.4616022421153371
1.5665625000000001 0.4616299471221728
1.5668750000000000 0.4616575998417523
1.5671875000000000 0.4616853046190860
1.5675000000000001 0.4617129577939023
1.5678125000000001 0.4617406623329193
1.5681250000000000 0.4617683159712243
1.5684374999999999 0.4617960202635573
1.5687500000000001 0.4618236743731515
1.5690625000000000 0.4618513784108879
1.5693750000000000 0.4618790329991147
1.5696875000000001 0.4619067367748018
1.5700000000000001 0.4619343918485422
1.5703125000000000 0.4619620953551924
1.5706249999999999 0.4619897509208598
1.5709375000000001 0.4620174541519546
1.5712500000000000 0.4620451102154923
1.5715625000000000 0.4620728131649850
1.5718750000000001 0.4621004697318634
1.5721875000000001 0.4621281723941814
1.5725000000000000 0.4621558294693959
1.5728124999999999 0.4621835318394417
1.5731250000000001 0.4622111894275129
1.5734375000000000 0.4622388915006641
1.5737500000000000 0.4622665496056377
1.5740625000000001 0.4622942513777460
1.5743750000000001 0.4623219100031944
1.5746875000000000 0.4623496114705847
1.5750000000000000 0.4623772706196086
1.5753125000000001 0.4624049717790752
1.5756250000000001 0.4624326314543072
1.5759375000000000 0.4624603323031114
1.5762499999999999 0.4624879925067198
1.5765625000000001 0.4625156930425849
1.5768750000000000 0.4625433537762783
1.5771875000000000 0.4625710539973844
1.5775000000000001 0.4625987152624174
1.5778125000000001 0.4626264151673958
1.5781250000000000 0.4626540769645756
1.5784374999999999 0.4626817765525019
1.5787500000000001 0.4627094388821946
1.5790625000000000 0.4627371381525813
1.5793750000000000 0.4627648010147206
1.5796875000000001 0.4627924999675088
1.5800000000000001 0.4628201633616041
1.5803125000000000 0.4628478619971546
1.5806249999999999 0.4628755259223006
1.5809375000000001 0.4629032242413844
1.5812500000000000 0.4629308886962701
1.5815625000000000 0.4629585867000584
1.5818750000000001 0.4629862516829787
1.5821875000000001 0.4630139493730321
1.5825000000000000 0.4630416148818976
1.5828125000000000 0.4630693122601549
1.5831250000000001 0.4630969782925040
1.5834375000000001 0.4631246753612705
1.5837500000000000 0.4631523419142813
1.5840624999999999 0.4631800386762166
1.5843750000000001 0.4632077057467192
1.5846875000000000 0.4632354022048247
1.5850000000000000 0.4632630697893140
1.5853125000000001 0.4632907659469197
1.5856250000000001 0.4633184340415686
1.5859375000000000 0.4633461299023201
1.5862499999999999 0.4633737985029927
1.5865625000000001 0.4634014940708376
1.5868750000000000 0.4634291631731030
1.5871875000000000 0.4634568584522768
1.5875000000000001 0.4634845280514235
1.5878125000000001 0.4635122230464356
1.5881250000000000 0.4635398931374851
1.5884374999999999 0.4635675878531049
1.5887500000000001 0.4635952584308262
1.5890625000000000 0.4636229528720681
1.5893750000000000 0.4636506239309923
1.5896875000000001 0.4636783181031020
1.5900000000000001 0.4637059896375363
1.5903125000000000 0.4637336835459757
1.5906250000000000 0.4637613555500187
1.5909375000000001 0.4637890492004514
1.5912500000000001 0.4638167216680070
1.5915625000000000 0.4638444150662840
1.5918749999999999 0.4638720879910763
1.5921875000000001 0.4638997811432213
1.5925000000000000 0.4639274545188089
1.5928125000000000 0.4639551474310040
1.5931250000000001 0.4639828212507943
1.5934375000000001 0.4640105139293657
1.5937500000000000 0.4640381881866291
1.5940624999999999 0.4640658806380331
1.5943750000000001 0.4640935553259173
1.5946875000000000 0.4641212475567261
1.5950000000000000 0.4641489226682697
1.5953125000000001 0.4641766146851575
1.5956250000000001 0.4642042902133041
1.5959375000000000 0.4642319820230339
1.5962499999999999 0.4642596579606448
1.5965625000000001 0.4642873495700549
1.5968750000000000 0.4643150259099229
1.5971875000000000 0.4643427173259140
1.5975000000000001 0.4643703940607761
1.5978125000000001 0.4643980852902987
1.5981250000000000 0.4644257624128481
1.5984375000000000 0.4644534534628899
1.5987500000000001 0.4644811309657889
1.5990625000000001 0.4645088218433631
1.5993750000000000 0.4645364997192545
1.5996874999999999 0.4645641904313878
1.6000000000000001 0.4645918686729067
1.6003125000000000 0.4646195592266282
1.6006250000000000 0.4646472378264126
1.6009375000000001 0.4646749282287431
1.6012500000000001 0.4647026071794450
1.6015625000000000 0.4647302974373861
1.6018749999999999 0.4647579767316817
1.6021875000000001 0.4647856668522063
1.6025000000000000 0.4648133464828054
1.6028125000000000 0.4648410364728475
1.6031250000000001 0.4648687164325037
1.6034375000000001 0.4648964062989496
1.6037500000000000 0.4649240865804685
1.6040624999999999 0.4649517763301479
1.6043750000000001 0.4649794569263963
1.6046875000000000 0.4650071465660739
1.6050000000000000 0.4650348274699872
1.6053125000000001 0.4650625170063554
1.6056250000000001 0.4650901982109456
1.6059375000000000 0.4651178876506163
1.6062500000000000 0.4651455691489793
1.6065625000000001 0.4651732584984774
1.6068750000000001 0.4652009402837994
1.6071875000000000 0.4652286295495564
1.6074999999999999 0.4652563116151204
1.6078125000000001 0.4652840008034680
1.6081250000000000 0.4653116831426594
1.6084375000000000 0.4653393722598244
1.6087500000000001 0.4653670548661366
1.6090625000000001 0.4653947439182353
1.6093750000000000 0.4654224267852743
1.6096874999999999 0.4654501157783079
1.6100000000000001 0.4654777988997975
1.6103125000000000 0.4655054878396480
1.6106250000000000 0.4655331712094328
1.6109375000000001 0.4655608601018590
1.6112500000000001 0.4655885437139090
1.6115625000000000 0.4656162325645431
1.6118749999999999 0.4656439164129564
1.6121875000000001 0.4656716052273009
1.6125000000000000 0.4656992893063067
1.6128125000000000 0.4657269780897318
1.6131250000000001 0.4657546623936931
1.6134375000000001 0.4657823511514345
1.6137500000000000 0.4658100356748496
1.6140625000000000 0.4658377244120065
1.6143750000000001 0.4658654091495113
1.6146875000000001 0.4658930978710450
1.6150000000000000 0.4659207828174137
1.6153124999999999 0.4659484715281463
1.6156250000000001 0.4659761566782933
1.6159375000000000 0.4660038453829068
1.6162500000000000 0.4660315307318866
1.6165625000000001 0.4660592194349225
1.6168750000000001 0.4660869049779305
1.6171875000000000 0.4661145936837898
1.6174999999999999 0.4661422794161619
1.6178125000000001 0.4661699681291047
1.6181250000000000 0.4661976540463176
1.6184375000000000 0.4662253427704638
1.6187500000000001 0.4662530288681344
1.6190625000000001 0.4662807176074643
1.6193750000000000 0.4663084038813485
1.6196874999999999 0.4663360926397035
1.6200000000000001 0.4663637790856959
1.6203125000000000 0.4663914678667799
1.6206250000000000 0.4664191544809119
1.6209375000000001 0.4664468432882921
1.6212500000000001 0.4664745300667311
1.6215625000000000 0.4665022189038401
1.6218750000000000 0.4665299058428875
1.6221875000000001 0.4665575947130247
1.6225000000000001 0.4665852818091141
1.6228125000000000 0.4666129707154479
1.6231249999999999 0.4666406579651431
1.6234375000000001 0.4666683469107125
1.6237500000000000 0.4666960343107055
1.6240625000000000 0.4667237232984227
1.6243750000000001 0.4667514108455313
1.6246875000000001 0.4667790998781841
1.6250000000000000 0.4668067875693493
1.6253124999999999 0.4668344766496034
1.6256250000000001 0.4668621644818876
1.6259375000000000 0.4668898536122889
1.6262500000000000 0.4669175415828720
1.6265625000000001 0.4669452307658501
1.6268750000000001 0.4669729188720279
1.6271875000000000 0.4670006081098982
1.6274999999999999 0.4670282963490791
1.6278125000000001 0.4670559856440459
1.6281250000000000 0.4670836740137480
1.6284375000000000 0.4671113633679070
1.6287500000000001 0.4671390518657553
1.6290625000000001 0.4671667412810975
1.6293750000000000 0.4671944299048209
1.6296875000000000 0.4672221193832347
1.6300000000000001 0.4672498081306628
1.6303125000000001 0.4672774976739374
1.6306250000000000 0.4673051865429977
1.6309374999999999 0.4673328761528262
1.6312500000000001 0.4673605651415408
1.6315625000000000 0.4673882548195232
1.6318750000000000 0.4674159439260058
1.6321875000000001 0.4674436336736520
1.6325000000000001 0.4674713228961050
1.6328125000000000 0.4674990127148382
1.6331249999999999 0.4675267020515493
1.6334375000000001 0.4675543919427086
1.6337500000000000 0.4675820813920480
1.6340625000000000 0.4676097713568919
1.6343750000000001 0.4676374609173091
1.6346875000000001 0.4676651509570180
1.6350000000000000 0.4676928406270391
1.6353124999999999 0.4677205307427189
1.6356250000000001 0.4677482205209430
1.6359375000000000 0.4677759107136277
1.6362500000000000 0.4678036005987246
1.6365625000000001 0.4678312908693791
1.6368750000000001 0.4678589808600863
1.6371875000000000 0.4678866712096096
1.6375000000000000 0.4679143613047290
1.6378125000000001 0.4679420517339569
1.6381250000000001 0.4679697419323525
1.6384375000000000 0.4679974324420601
1.6387499999999999 0.4680251227426551
1.6390625000000001 0.4680528133335600
1.6393750000000000 0.4680805037353340
1.6396875000000000 0.4681081944080985
1.6400000000000001 0.4681358849100851
1.6403125000000001 0.4681635756653190
1.6406250000000000 0.4681912662666032
1.6409374999999999 0.4682189571048662
1.6412500000000001 0.4682466478045819
1.6415625000000000 0.4682743387263862
1.6418750000000000 0.4683020295237135
1.6421875000000001 0.4683297205295261
1.6425000000000001 0.4683574114236895
1.6428125000000000 0.4683851025139343
1.6431249999999999 0.4684127935042003
1.6434375000000001 0.4684404846792607
1.6437500000000000 0.4684681757649350
1.6440625000000000 0.4684958670251558
1.6443750000000001 0.4685235582055821
1.6446875000000001 0.4685512495512717
1.6450000000000000 0.4685789408258289
1.6453125000000000 0.4686066322572612
1.6456250000000001 0.4686343236253618
1.6459375000000001 0.4686620151427784
1.6462500000000000 0.4686897066038667
1.6465624999999999 0.4687173982074783
1.6468750000000001 0.4687450897610280
1.6471875000000000 0.4687727814510167
1.6475000000000000 0.4688004730965299
1.6478125000000001 0.4688281648730505
1.6481250000000001 0.4688558566100556
1.6484375000000000 0.4688835484732376
1.6487499999999999 0.4689112403012876
1.6490625000000001 0.4689389322512365
1.6493750000000000 0.4689666241699078
1.6496875000000000 0.4689943162067065
1.6500000000000001 0.4690220082155971
1.6503125000000001 0.4690497003393080
1.6506250000000000 0.4690773924380363
1.6509374999999999 0.4691050846487018
1.6512500000000001 0.4691327768369051
1.6515625000000000 0.4691604691345495
1.6518750000000000 0.4691881614118832
1.6521875000000001 0.4692158537965137
1.6525000000000001 0.4692435461626492
1.6528125000000000 0.4692712386342572
1.6531250000000000 0.4692989310888816
1.6534375000000001 0.4693266236474438
1.6537500000000001 0.4693543161902582
1.6540625000000000 0.4693820088357374
1.6543749999999999 0.4694097014664566
1.6546875000000001 0.4694373941988031
1.6550000000000000 0.4694650869171538
1.6553125000000000 0.4694927797363060
1.6556250000000001 0.4695204725420263
1.6559375000000001 0.4695481654479121
1.6562500000000000 0.4695758583407507
1.6565624999999999 0.4696035513332877
1.6568750000000001 0.4696312443130028
1.6571875000000000 0.4696589373920994
1.6575000000000000 0.4696866304584585
1.6578125000000001 0.4697143236240144
1.6581250000000001 0.4697420167767928
1.6584375000000000 0.4697697100287005
1.6587499999999999 0.4697974032676812
1.6590625000000001 0.4698250966058256
1.6593750000000000 0.4698527899307984
1.6596875000000000 0.4698804833550582
1.6600000000000001 0.4699081767658190
1.6603125000000001 0.4699358702760669
1.6606250000000000 0.4699635637724176
1.6609375000000000 0.4699912573685209
1.6612500000000001 0.4700189509502685
1.6615625000000001 0.4700466446320895
1.6618750000000000 0.4700743382990457
1.6621874999999999 0.4701020320664424
1.6625000000000001 0.4701297258184231
1.6628125000000000 0.4701574196712497
1.6631250000000000 0.4701851135080747
1.6634375000000001 0.4702128074461813
1.6637500000000001 0.4702405013676741
1.6640625000000000 0.4702681953909080
1.6643749999999999 0.4702958893968949
1.6646875000000001 0.4703235835051003
1.6650000000000000 0.4703512775954106
1.6653125000000000 0.4703789717884294
1.6656250000000001 0.4704066659628946
1.6659375000000001 0.4704343602405661
1.6662500000000000 0.4704620544990204
1.6665624999999999 0.4704897488611821
1.6668750000000001 0.4705174432034609
1.6671875000000000 0.4705451376499487
1.6675000000000000 0.4705728320758899
1.6678125000000001 0.4706005266065378
1.6681250000000001 0.4706282211159802
1.6684375000000000 0.4706559157306211
1.6687500000000000 0.4706836103234051
1.6690625000000001 0.4707113050218709
1.6693750000000001 0.4707389996978377
1.6696875000000000 0.4707666944799591
1.6699999999999999 0.4707943892389511
1.6703125000000001 0.4708220841045583
1.6706250000000000 0.4708497789464187
1.6709375000000000 0.4708774738953408
1.6712500000000001 0.4709051688199133
1.6715625000000001 0.4709328638519793
1.6718750000000000 0.4709605588591082
1.6721874999999999 0.4709882539741465
1.6725000000000001 0.4710159490636766
1.6728125000000000 0.4710436442615153
1.6731250000000000 0.4710713394332916
1.6734375000000001 0.4710990347137585
1.6737500000000001 0.4711267299676265
1.6740625000000000 0.4711544253305494
1.6743749999999999 0.4711821206663545
1.6746875000000001 0.4712098161115610
1.6750000000000000 0.4712375115291487
1.6753125000000000 0.4712652070564667
1.6756250000000001 0.4712929025556826
1.6759375000000001 0.4713205981649397
1.6762500000000000 0.4713482937456295
1.6765625000000000 0.4713759894366535
1.6768750000000001 0.4714036850986628
1.6771875000000001 0.4714313808712816
1.6775000000000000 0.4714590766144560
1.6778124999999999 0.4714867724684977
1.6781250000000001 0.4715144682926823
1.6784375000000000 0.4715421642279756
1.6787500000000000 0.4715698601330154
1.6790625000000001 0.4715975561493889
1.6793750000000001 0.4716252521351290
1.6796875000000000 0.4716529482324114
1.6799999999999999 0.4716806442986966
1.6803125000000001 0.4717083404767172
1.6806250000000000 0.4717360366233919
1.6809375000000000 0.4717637328819802
1.6812500000000001 0.4717914291088889
1.6815625000000001 0.4718191254478745
1.6818750000000000 0.4718468217548610
1.6821874999999999 0.4718745181740742
1.6825000000000001 0.4719022145609825
1.6828125000000000 0.4719299110602534
1.6831250000000000 0.4719576075269270
1.6834375000000001 0.4719853041060867
1.6837500000000001 0.4720130006523687
1.6840625000000000 0.4720406973112481
1.6843750000000000 0.4720683939369816
1.6846875000000001 0.4720960906754120
1.6850000000000001 0.4721237873804400
1.6853125000000000 0.4721514841982531
1.6856249999999999 0.4721791809824178
1.6859375000000001 0.4722068778794458
1.6862500000000000 0.4722345747425895
1.6865625000000000 0.4722622717186646
1.6868750000000001 0.4722899686606293
1.6871875000000001 0.4723176657155843
1.6875000000000000 0.4723453627362117
1.6878124999999999 0.4723730598698794
1.6881250000000001 0.4724007569690112
1.6884375000000000 0.4724284541812248
1.6887500000000000 0.4724561513587023
1.6890625000000001 0.4724838486492952
1.6893750000000001 0.4725115459049595
1.6896875000000000 0.4725392432737656
1.6899999999999999 0.4725669406074575
1.6903125000000001 0.4725946380543108
1.6906250000000000 0.4726223354658712
1.6909375000000000 0.4726500329906060
1.6912500000000001 0.4726777304798752
1.6915625000000001 0.4727054280823261
1.6918750000000000 0.4727331256491445
1.6921875000000000 0.4727608233291462
1.6925000000000001 0.4727885209733539
1.6928125000000001 0.4728162187307416
1.6931250000000000 0.4728439164521786
1.6934374999999999 0.4728716142867873
1.6937500000000001 0.4728993120852935
1.6940625000000000 0.4729270099969588
1.6943750000000000 0.4729547078723739
1.6946875000000001 0.4729824058609313
1.6950000000000001 0.4730101038130948
1.6953125000000000 0.4730378018783803
1.6956249999999999 0.4730654999071317
1.6959375000000001 0.4730931980489811
1.6962500000000000 0.4731208961541598
1.6965625000000000 0.4731485943724094
1.6968750000000001 0.4731762925538545
1.6971875000000001 0.4732039908483406
1.6975000000000000 0.4732316891058912
1.6978124999999999 0.4732593874764504
1.6981250000000001 0.4732870858099456
1.6984375000000000 0.4733147842564145
1.6987500000000000 0.4733424826656932
1.6990625000000001 0.4733701811879087
1.6993750000000001 0.4733978796728096
1.6996875000000000 0.4734255782706086
1.7000000000000000 0.4734532768309706
1.7003125000000001 0.4734809755041902
1.7006250000000001 0.4735086741398521
1.7009375000000000 0.4735363728883294
1.7012499999999999 0.4735640715991297
1.7015625000000001 0.4735917704227022
1.7018750000000000 0.4736194692084795
1.7021875000000000 0.4736471681069845
1.7025000000000001 0.4736748669675774
1.7028125000000001 0.4737025659408525
1.7031250000000000 0.4737302648760994
1.7034374999999999 0.4737579639239823
1.7037500000000001 0.4737856629337217
1.7040625000000000 0.4738133620560500
1.7043750000000000 0.4738410611401204
1.7046875000000001 0.4738687603367320
1.7050000000000001 0.4738964594949718
1.7053125000000000 0.4739241587657046
1.7056249999999999 0.4739518579979521
1.7059375000000001 0.4739795573426441
1.7062500000000000 0.4740072566487377
1.7065625000000000 0.4740349560672269
1.7068750000000001 0.4740626554470050
1.7071875000000001 0.4740903549391297
1.7075000000000000 0.4741180543924305
1.7078125000000000 0.4741457539580287
1.7081250000000001 0.4741734534846907
1.7084375000000001 0.4742011531236008
1.7087500000000000 0.4742288527234622
1.7090624999999999 0.4742565524355225
1.7093750000000001 0.4742842521084217
1.7096875000000000 0.4743119518934705
1.7100000000000000 0.4743396516392458
1.7103125000000001 0.4743673514971216
1.7106250000000001 0.4743950513156113
1.7109375000000000 0.4744227512461527
1.7112499999999999 0.4744504511371951
1.7115625000000001 0.4744781511402406
1.7118750000000000 0.4745058511036740
1.7121875000000000 0.4745335511790623
1.7125000000000001 0.4745612512147250
1.7128125000000001 0.4745889513622946
1.7131250000000000 0.4746166514700251
1.7134374999999999 0.4746443516896149
1.7137500000000001 0.4746720518692514
1.7140625000000000 0.4746997521607000
1.7143750000000000 0.4747274524120810
1.7146875000000001 0.4747551527752272
1.7150000000000001 0.4747828530981912
1.7153125000000000 0.4748105535328738
1.7156250000000000 0.4748382539272590
1.7159375000000001 0.4748659544333170
1.7162500000000001 0.4748936548989617
1.7165625000000000 0.4749213554762341
1.7168749999999999 0.4749490560129769
1.7171875000000001 0.4749767566613025
1.7175000000000000 0.4750044572689819
1.7178125000000000 0.4750321579881996
1.7181250000000001 0.4750598586666541
1.7184375000000001 0.4750875594566031
1.7187500000000000 0.4751152602056711
1.7190624999999999 0.4751429610661905
1.7193750000000001 0.4751706618857105
1.7196875000000000 0.4751983628166392
1.7200000000000000 0.4752260637064499
1.7203125000000001 0.4752537647076270
1.7206250000000001 0.4752814656675670
1.7209375000000000 0.4753091667388318
1.7212499999999999 0.4753368677687396
1.7215625000000001 0.4753645689099313
1.7218750000000000 0.4753922700096453
1.7221875000000000 0.4754199712206032
1.7225000000000001 0.4754476723899622
1.7228125000000001 0.4754753736705255
1.7231250000000000 0.4755030749093682
1.7234375000000000 0.4755307762593762
1.7237500000000001 0.4755584775675412
1.7240625000000001 0.4755861789868332
1.7243750000000000 0.4756138803641593
1.7246874999999999 0.4756415818525745
1.7250000000000001 0.4756692832989005
1.7253125000000000 0.4756969848562784
1.7256250000000000 0.4757246863714429
1.7259375000000001 0.4757523879976230
1.7262500000000001 0.4757800895814648
1.7265625000000000 0.4758077912762866
1.7268749999999999 0.4758354929286446
1.7271875000000001 0.4758631946919473
1.7275000000000000 0.4758908964126604
1.7278125000000000 0.4759185982442836
1.7281250000000001 0.4759463000331905
1.7284375000000001 0.4759740019329738
1.7287500000000000 0.4760017037899134
1.7290624999999999 0.4760294057576964
1.7293750000000001 0.4760571076825077
1.7296875000000000 0.4760848097181299
1.7300000000000000 0.4761125117106518
1.7303125000000001 0.4761402138139528
1.7306250000000001 0.4761679158740243
1.7309375000000000 0.4761956180448437
1.7312500000000000 0.4762233201723038
1.7315625000000001 0.4762510224104814
1.7318750000000001 0.4762787246051690
1.7321875000000000 0.4763064269105444
1.7324999999999999 0.4763341291722987
1.7328125000000001 0.4763618315447117
1.7331250000000000 0.4763895338733716
1.7334375000000000 0.4764172363126619
1.7337500000000001 0.4764449387080667
1.7340625000000001 0.4764726412140741
1.7343750000000000 0.4765003436760627
1.7346874999999999 0.4765280462486269
1.7350000000000001 0.4765557487770385
1.7353125000000000 0.4765834514159997
1.7356250000000000 0.4766111540106734
1.7359375000000001 0.4766388567158713
1.7362500000000001 0.4766665593766464
1.7365625000000000 0.4766942621479208
1.7368749999999999 0.4767219648746363
1.7371875000000001 0.4767496677118273
1.7375000000000000 0.4767773705043227
1.7378125000000000 0.4768050734072701
1.7381250000000001 0.4768327762653844
1.7384375000000001 0.4768604792339284
1.7387500000000000 0.4768881821575010
1.7390625000000000 0.4769158851914814
1.7393750000000001 0.4769435881803517
1.7396875000000001 0.4769712912796086
1.7400000000000000 0.4769989943336158
1.7403124999999999 0.4770266974979895
1.7406250000000001 0.4770544006169727
1.7409375000000000 0.4770821038463032
1.7412500000000000 0.4771098070301020
1.7415625000000001 0.4771375103242295
1.7418750000000001 0.4771652135726832
1.7421875000000000 0.4771929169314478
1.7424999999999999 0.4772206202443959
1.7428125000000001 0.4772483236676379
1.7431250000000000 0.4772760270449196
1.7434375000000000 0.4773037305324792
1.7437500000000001 0.4773314339739340
1.7440625000000001 0.4773591375256516
1.7443750000000000 0.4773868410311190
1.7446874999999999 0.4774145446468347
1.7450000000000001 0.4774422482161543
1.7453125000000000 0.4774699518957086
1.7456250000000000 0.4774976555287196
1.7459375000000001 0.4775253592719528
1.7462500000000001 0.4775530629684950
1.7465625000000000 0.4775807667752475
1.7468750000000000 0.4776084705351603
1.7471875000000001 0.4776361744052725
1.7475000000000001 0.4776638782283955
1.7478125000000000 0.4776915821617078
1.7481249999999999 0.4777192860478806
1.7484375000000001 0.4777469900442337
1.7487500000000000 0.4777746939932958
1.7490625000000000 0.4778023980525301
1.7493750000000001 0.4778301020643212
1.7496875000000001 0.4778578061862772
1.7500000000000000 0.4778855102606369
1.7503124999999999 0.4779132144451552
1.7506250000000001 0.4779409185819232
1.7509375000000000 0.4779686228288445
1.7512500000000000 0.4779963270278603
1.7515625000000001 0.4780240313370254
1.7518750000000001 0.4780517355981287
1.7521875000000000 0.4780794399693780
1.7524999999999999 0.4781071442924086
1.7528125000000001 0.4781348487255830
1.7531250000000000 0.4781625531103806
1.7534375000000000 0.4781902576053208
1.7537500000000001 0.4782179620517251
1.7540625000000001 0.4782456666082718
1.7543750000000000 0.4782733711161226
1.7546875000000000 0.4783010757341167
1.7550000000000001 0.4783287803032537
1.7553125000000001 0.4783564849825360
1.7556250000000000 0.4783841896127990
1.7559374999999999 0.4784118943532103
1.7562500000000001 0.4784395990444393
1.7565625000000000 0.4784673038458205
1.7568750000000000 0.4784950085978553
1.7571875000000001 0.4785227134600473
1.7575000000000001 0.4785504182727276
1.7578125000000000 0.4785781231955714
1.7581249999999999 0.4786058280687371
1.7584375000000001 0.4786335330520737
1.7587500000000000 0.4786612379855648
1.7590625000000000 0.4786889430292351
1.7593750000000001 0.4787166480228915
1.7596875000000001 0.4787443531267368
1.7600000000000000 0.4787720581803982
1.7603124999999999 0.4787997633442593
1.7606250000000001 0.4788274684577659
1.7609375000000000 0.4788551736814841
1.7612500000000000 0.4788828788546756
1.7615625000000001 0.4789105841380921
1.7618750000000001 0.4789382893708086
1.7621875000000000 0.4789659947137643
1.7625000000000000 0.4789937000058458
1.7628125000000001 0.4790214054081821
1.7631250000000001 0.4790491107594686
1.7634375000000000 0.4790768162210266
1.7637499999999999 0.4791045216313582
1.7640625000000001 0.4791322271519791
1.7643750000000000 0.4791599326211959
1.7646875000000000 0.4791876382007210
1.7650000000000001 0.4792153437286630
1.7653125000000001 0.4792430493669336
1.7656250000000000 0.4792707549534408
1.7659374999999999 0.4792984606502984
1.7662500000000001 0.4793261662952110
1.7665625000000000 0.4793538720504967
1.7668750000000000 0.4793815777536549
1.7671875000000001 0.4794092835672102
1.7675000000000001 0.4794369893284540
1.7678125000000000 0.4794646952001203
1.7681249999999999 0.4794924010192900
1.7684375000000001 0.4795201069489087
1.7687500000000000 0.4795478128258444
1.7690625000000000 0.4795755188132570
1.7693750000000001 0.4796032247477990
1.7696875000000001 0.4796309307928470
1.7700000000000000 0.4796586367848354
1.7703125000000000 0.4796863428873603
1.7706250000000001 0.4797140489366354
1.7709375000000001 0.4797417550964788
1.7712500000000000 0.4797694612028809
1.7715624999999999 0.4797971674198842
1.7718750000000001 0.4798248735832536
1.7721875000000000 0.4798525798572585
1.7725000000000000 0.4798802860774354
1.7728125000000001 0.4799079924082835
1.7731250000000001 0.4799356986851084
1.7734375000000000 0.4799634050726412
1.7737499999999999 0.4799911114059545
1.7740625000000001 0.4800188178500137
1.7743750000000000 0.4800465242396556
1.7746875000000000 0.4800742307400830
1.7750000000000001 0.4801019371858941
1.7753125000000001 0.4801296437425313
1.7756250000000000 0.4801573502443517
1.7759374999999999 0.4801850568570405
1.7762500000000001 0.4802127634147110
1.7765625000000000 0.4802404700832929
1.7768750000000000 0.4802681766966538
1.7771875000000001 0.4802958834209707
1.7775000000000001 0.4803235900898626
1.7778125000000000 0.4803512968697563
1.7781250000000000 0.4803790035940197
1.7784375000000001 0.4804067104293320
1.7787500000000001 0.4804344172088074
1.7790625000000000 0.4804621240993801
1.7793749999999999 0.4804898309339081
1.7796875000000001 0.4805175378795828
1.7800000000000000 0.4805452447690042
1.7803125000000000 0.4805729517696230
1.7806250000000001 0.4806006587137782
1.7809375000000001 0.4806283657691828
1.7812500000000000 0.4806560727679125
1.7815624999999999 0.4806837798779450
1.7818750000000001 0.4807114869310899
1.7821875000000000 0.4807391940955920
1.7825000000000000 0.4807669012029928
1.7828125000000001 0.4807946084218066
1.7831250000000001 0.4808223155833039
1.7834375000000000 0.4808500228562712
1.7837499999999999 0.4808777300717060
1.7840625000000001 0.4809054373986688
1.7843750000000000 0.4809331446678816
1.7846875000000000 0.4809608520486819
1.7850000000000001 0.4809885593715137
1.7853125000000001 0.4810162668059935
1.7856250000000000 0.4810439741822851
1.7859375000000000 0.4810716816702862
1.7862500000000001 0.4810993890998785
1.7865625000000001 0.4811270966412430
1.7868750000000000 0.4811548041239769
1.7871874999999999 0.4811825117185470
1.7875000000000001 0.4812102192542633
1.7878125000000000 0.4812379269018809
1.7881250000000000 0.4812656344904207
1.7884375000000001 0.4812933421909278
1.7887500000000001 0.4813210498321320
1.7890625000000000 0.4813487575853707
1.7893749999999999 0.4813764652790803
1.7896875000000001 0.4814041730848926
1.7900000000000000 0.4814318808309489
1.7903125000000000 0.4814595886891769
1.7906250000000001 0.4814872964874207
1.7909375000000001 0.4815150043979066
1.7912500000000000 0.4815427122481790
1.7915624999999999 0.4815704202107647
1.7918750000000001 0.4815981281129071
1.7921875000000000 0.4816258361274348
1.7925000000000000 0.4816535440812882
1.7928125000000001 0.4816812521476000
1.7931250000000001 0.4817089601530057
1.7934375000000000 0.4817366682709437
1.7937500000000000 0.4817643763277429
1.7940625000000001 0.4817920844971493
1.7943750000000001 0.4818197926051833
1.7946875000000000 0.4818475008259001
1.7949999999999999 0.4818752089850102
1.7953125000000001 0.4819029172568796
1.7956250000000000 0.4819306254669072
1.7959375000000000 0.4819583337897713
1.7962500000000001 0.4819860420505577
1.7965625000000001 0.4820137504242588
1.7968750000000000 0.4820414587356454
1.7971874999999999 0.4820691671600255
1.7975000000000001 0.4820968755218537
1.7978125000000000 0.4821245839967551
1.7981250000000000 0.4821522924088665
1.7984375000000001 0.4821800009341313
1.7987500000000001 0.4822077093963674
1.7990625000000000 0.4822354179718378
1.7993749999999999 0.4822631264840401
1.7996875000000001 0.4822908351095582
1.8000000000000000 0.4823185436715683
1.8003125000000000 0.4823462523469763
1.8006250000000001 0.4823739609586359
1.8009375000000001 0.4824016696837761
1.8012500000000000 0.4824293783449267
1.8015625000000000 0.4824570871196411
1.8018750000000001 0.4824847958301247
1.8021875000000001 0.4825125046542555
1.8025000000000000 0.4825402134139136
1.8028124999999999 0.4825679222873031
1.8031250000000001 0.4825956310959776
1.8034375000000000 0.4826233400184679
1.8037500000000000 0.4826510488760005
1.8040625000000001 0.4826787578474339
1.8043750000000001 0.4827064667536665
1.8046875000000000 0.4827341757738850
1.8049999999999999 0.4827618847286597
1.8053125000000001 0.4827895937975055
1.8056250000000000 0.4828173028006639
1.8059375000000000 0.4828450119179792
1.8062500000000001 0.4828727209693637
1.8065625000000001 0.4829004301349907
1.8068750000000000 0.4829281392344428
1.8071874999999999 0.4829558484482238
1.8075000000000001 0.4829835575955859
1.8078125000000000 0.4830112668573630
1.8081250000000000 0.4830389760524770
1.8084375000000001 0.4830666853620924
1.8087500000000001 0.4830943946048006
1.8090625000000000 0.4831221039620963
1.8093750000000000 0.4831498132522408
1.8096875000000001 0.4831775226570591
1.8100000000000001 0.4832052319944820
1.8103125000000000 0.4832329414466651
1.8106249999999999 0.4832606508312088
1.8109375000000001 0.4832883603305989
1.8112500000000000 0.4833160697621057
1.8115625000000000 0.4833437793085448
1.8118750000000001 0.4833714887868570
1.8121875000000001 0.4833991983801873
1.8125000000000000 0.4834269079051473
1.8128124999999999 0.4834546175452110
1.8131250000000001 0.4834823271166612
1.8134375000000000 0.4835100368033004
1.8137500000000000 0.4835377464210833
1.8140625000000001 0.4835654561541401
1.8143750000000001 0.4835931658180982
1.8146875000000000 0.4836208755974148
1.8149999999999999 0.4836485853073906
1.8153125000000001 0.4836762951328091
1.8156250000000000 0.4837040048886452
1.8159375000000000 0.4837317147600078
1.8162500000000001 0.4837594245615468
1.8165625000000001 0.4837871344786955
1.8168750000000000 0.4838148443257801
1.8171875000000000 0.4838425542885571
1.8175000000000001 0.4838702641810300
1.8178125000000001 0.4838979741892774
1.8181250000000000 0.4839256841269812
1.8184374999999999 0.4839533941805413
1.8187500000000001 0.4839811041633188
1.8190625000000000 0.4840088142620336
1.8193750000000000 0.4840365242897277
1.8196875000000001 0.4840642344334392
1.8200000000000001 0.4840919445058928
1.8203125000000000 0.4841196546944432
1.8206249999999999 0.4841473648114992
1.8209375000000001 0.4841750750447305
1.8212500000000000 0.4842027852062318
1.8215625000000000 0.4842304954839861
1.8218750000000001 0.4842582056897757
1.8221875000000001 0.4842859160118951
1.8225000000000000 0.4843136262618160
1.8228124999999999 0.4843413366281427
1.8231250000000001 0.4843690469220379
1.8234375000000000 0.4843967573324138
1.8237500000000000 0.4844244676701265
1.8240625000000001 0.4844521781243939
1.8243750000000001 0.4844798885057671
1.8246875000000000 0.4845075990037679
1.8250000000000000 0.4845353094286448
1.8253125000000001 0.4845630199702212
1.8256250000000001 0.4845907304384450
1.8259375000000000 0.4846184410234390
1.8262499999999999 0.4846461515348529
1.8265625000000001 0.4846738621631067
1.8268750000000000 0.4847015727175538
1.8271875000000000 0.4847292833889096
1.8275000000000001 0.4847569939862334
1.8278125000000001 0.4847847047005330
1.8281250000000000 0.4848124153405768
1.8284374999999999 0.4848401260976625
1.8287500000000001 0.4848678367802696
1.8290625000000000 0.4848955475799834
1.8293750000000000 0.4849232583049971
1.8296875000000001 0.4849509691471811
1.8300000000000001 0.4849786799144450
1.8303125000000000 0.4850063907989413
1.8306249999999999 0.4850341016082989
1.8309375000000001 0.4850618125349495
1.8312500000000000 0.4850895233862441
1.8315625000000000 0.4851172343548911
1.8318750000000001 0.4851449452479663
1.8321875000000001 0.4851726562584520
1.8325000000000000 0.4852003671931513
1.8328125000000000 0.4852280782453176
1.8331250000000001 0.4852557892214847
1.8334375000000001 0.4852835003151738
1.8337500000000000 0.4853112113326520
1.8340624999999999 0.4853389224677061
1.8343750000000001 0.4853666335263392
1.8346875000000000 0.4853943447026003
1.8350000000000000 0.4854220558022320
1.8353125000000001 0.4854497670195423
1.8356250000000001 0.4854774781600161
1.8359375000000000 0.4855051894182178
1.8362499999999999 0.4855329005993775
1.8365625000000001 0.4855606118983127
1.8368750000000000 0.4855883231200019
1.8371875000000000 0.4856160344595129
1.8375000000000001 0.4856437457215753
1.8378125000000001 0.4856714571015042
1.8381250000000000 0.4856991684037835
1.8384374999999999 0.4857268798239726
1.8387500000000001 0.4857545911663127
1.8390625000000000 0.4857823026266042
1.8393750000000000 0.4858100140088487
1.8396875000000001 0.4858377255090847
1.8400000000000001 0.4858654369310775
1.8403125000000000 0.4858931484711004
1.8406250000000000 0.4859208599326852
1.8409375000000001 0.4859485715123372
1.8412500000000001 0.4859762830133579
1.8415625000000000 0.4860039946324813
1.8418749999999999 0.4860317061727817
1.8421875000000001 0.4860594178312188
1.8425000000000000 0.4860871294106427
1.8428125000000000 0.4861148411082358
1.8431250000000001 0.4861425527266273
1.8434375000000001 0.4861702644632187
1.8437500000000000 0.4861979761204213
1.8440624999999999 0.4862256878958536
1.8443750000000001 0.4862533995917113
1.8446875000000000 0.4862811114058267
1.8450000000000000 0.4863088231401833
1.8453125000000001 0.4863365349928244
1.8456250000000001 0.4863642467655237
1.8459375000000000 0.4863919586565328
1.8462499999999999 0.4864196704674189
1.8465625000000001 0.4864473823966385
1.8468750000000000 0.4864750942455551
1.8471875000000000 0.4865028062128278
1.8475000000000001 0.4865305180996188
1.8478125000000001 0.4865582301047869
1.8481250000000000 0.4865859420292963
1.8484375000000000 0.4866136540722026
1.8487500000000001 0.4866413660342742
1.8490625000000001 0.4866690781147611
1.8493750000000000 0.4866967901142387
1.8496874999999999 0.4867245022321490
1.8500000000000001 0.4867522142688766
1.8503125000000000 0.4867799264240529
1.8506250000000000 0.4868076384978742
1.8509375000000001 0.4868353506901592
1.8512500000000001 0.4868630628009182
1.8515625000000000 0.4868907750301545
1.8518749999999999 0.4869184871776951
1.8521875000000001 0.4869461994437256
1.8525000000000000 0.4869739116278916
1.8528125000000000 0.4870016239305590
1.8531250000000001 0.4870293361511941
1.8534375000000001 0.4870570484903414
1.8537500000000000 0.4870847607472896
1.8540624999999999 0.4871124731227594
1.8543750000000001 0.4871401854158646
1.8546875000000000 0.4871678978274999
1.8550000000000000 0.4871956101566059
1.8553125000000001 0.4872233226042497
1.8556250000000001 0.4872510349692001
1.8559375000000000 0.4872787474526953
1.8562500000000000 0.4873064598533343
1.8565625000000001 0.4873341723725237
1.8568750000000001 0.4873618848086949
1.8571875000000000 0.4873895973634218
1.8574999999999999 0.4874173098349690
1.8578125000000001 0.4874450224250764
1.8581250000000000 0.4874727349318434
1.8584375000000000 0.4875004475571745
1.8587500000000001 0.4875281600990050
1.8590625000000001 0.4875558727594029
1.8593750000000000 0.4875835853361407
1.8596874999999999 0.4876112980314486
1.8600000000000001 0.4876390106429374
1.8603125000000000 0.4876667233729987
1.8606250000000000 0.4876944360190821
1.8609375000000001 0.4877221487837400
1.8612500000000001 0.4877498614642619
1.8615625000000000 0.4877775742633596
1.8618749999999999 0.4878052869781637
1.8621875000000001 0.4878329998115447
1.8625000000000000 0.4878607125604746
1.8628125000000000 0.4878884254279823
1.8631250000000001 0.4879161382108817
1.8634375000000001 0.4879438511123594
1.8637500000000000 0.4879715639290720
1.8640625000000000 0.4879992768643634
1.8643750000000001 0.4880269897147327
1.8646875000000001 0.4880547026836813
1.8650000000000000 0.4880824155675510
1.8653124999999999 0.4881101285700004
1.8656250000000001 0.4881378414872141
1.8659375000000000 0.4881655545230078
1.8662500000000000 0.4881932674734090
1.8665625000000001 0.4882209805423909
1.8668750000000001 0.4882486935258232
1.8671875000000000 0.4882764066278368
1.8674999999999999 0.4883041196441438
1.8678125000000001 0.4883318327790329
1.8681250000000000 0.4883595458280582
1.8684375000000000 0.4883872589956666
1.8687500000000001 0.4884149720772535
1.8690625000000001 0.4884426852774251
1.8693750000000000 0.4884703983914173
1.8696874999999999 0.4884981116239959
1.8700000000000001 0.4885258247702369
1.8703125000000000 0.4885535380350663
1.8706250000000000 0.4885812512133996
1.8709375000000001 0.4886089645103239
1.8712500000000001 0.4886366777205928
1.8715625000000000 0.4886643910494561
1.8718750000000000 0.4886921042915041
1.8721875000000001 0.4887198176521502
1.8725000000000001 0.4887475309258207
1.8728125000000000 0.4887752443180940
1.8731249999999999 0.4888029576232304
1.8734375000000001 0.4888306710469748
1.8737500000000000 0.4888583843834206
1.8740625000000000 0.4888860978384801
1.8743750000000001 0.4889138112060788
1.8746875000000001 0.4889415246922977
1.8750000000000000 0.4889692380908925
1.8753124999999999 0.4889969516081151
1.8756250000000001 0.4890246650375494
1.8759375000000000 0.4890523785856200
1.8762500000000000 0.4890800920457370
1.8765625000000001 0.4891078056244998
1.8768750000000001 0.4891355191151431
1.8771875000000000 0.4891632327244425
1.8774999999999999 0.4891909462454552
1.8778125000000001 0.4892186598851355
1.8781250000000000 0.4892463734363612
1.8784375000000000 0.4892740871062669
1.8787500000000001 0.4893018006875487
1.8790625000000001 0.4893295143875239
1.8793750000000000 0.4893572279987053
1.8796875000000000 0.4893849417285947
1.8800000000000001 0.4894126553695189
1.8803125000000001 0.4894403691291669
1.8806250000000000 0.4894680827996773
1.8809374999999999 0.4894957965889284
1.8812500000000001 0.4895235102888683
1.8815625000000000 0.4895512241075670
1.8818750000000000 0.4895789378367795
1.8821875000000001 0.4896066516847705
1.8825000000000001 0.4896343654430991
1.8828125000000000 0.4896620793202269
1.8831249999999999 0.4896897931075148
1.8834375000000001 0.4897175070136240
1.8837500000000000 0.4897452208297144
1.8840625000000000 0.4897729347646498
1.8843750000000001 0.4898006486093860
1.8846875000000001 0.4898283625729921
1.8850000000000000 0.4898560764462176
1.8853124999999999 0.4898837904383391
1.8856250000000001 0.4899115043398970
1.8859375000000000 0.4899392183603785
1.8862500000000000 0.4899669322901122
1.8865625000000001 0.4899946463387985
1.8868750000000001 0.4900223602965513
1.8871875000000000 0.4900500743732872
1.8875000000000000 0.4900777883589022
1.8878125000000001 0.4901055024635325
1.8881250000000001 0.4901332164768531
1.8884375000000000 0.4901609306092225
1.8887499999999999 0.4901886446500920
1.8890625000000001 0.4902163588100453
1.8893750000000000 0.4902440728783070
1.8896875000000000 0.4902717870656891
1.8900000000000001 0.4902995011611864
1.8903125000000001 0.4903272153758419
1.8906250000000000 0.4903549294984180
1.8909374999999999 0.4903826437401920
1.8912500000000001 0.4904103578896902
1.8915625000000000 0.4904380721584275
1.8918750000000000 0.4904657863346913
1.8921875000000001 0.4904935006302367
1.8925000000000001 0.4905212148331092
1.8928125000000000 0.4905489291553076
1.8931249999999999 0.4905766433846322
1.8934375000000001 0.4906043577333287
1.8937500000000000 0.4906320719889488
1.8940625000000000 0.4906597863639879
1.8943750000000001 0.4906875006457470
1.8946875000000001 0.4907152150469739
1.8950000000000000 0.4907429293547152
1.8953125000000000 0.4907706437819748
1.8956250000000001 0.4907983581155417
1.8959375000000001 0.4908260725686789
1.8962500000000000 0.4908537869279149
1.8965624999999999 0.4908815014067747
1.8968750000000001 0.4909092157915231
1.8971875000000000 0.4909369302959504
1.8975000000000000 0.4909646447060547
1.8978125000000001 0.4909923592358944
1.8981250000000001 0.4910200736711980
1.8984375000000000 0.4910477882262951
1.8987499999999999 0.4910755026866415
1.8990625000000001 0.4911032172668410
1.8993750000000000 0.4911309317520736
1.8996875000000000 0.4911586463572206
1.9000000000000001 0.4911863608671827
1.9003125000000001 0.4912140754971220
1.9006250000000000 0.4912417900316574
1.9009374999999999 0.4912695046862341
1.9012500000000001 0.4912972192451862
1.9015625000000000 0.4913249339242451
1.9018750000000000 0.4913526485074575
1.9021875000000001 0.4913803632108438
1.9025000000000001 0.4914080778181599
1.9028125000000000 0.4914357925457185
1.9031250000000000 0.4914635071769820
1.9034375000000001 0.4914912219285578
1.9037500000000001 0.4915189365836121
1.9040625000000000 0.4915466513590503
1.9043749999999999 0.4915743660377391
1.9046875000000001 0.4916020808368846
1.9050000000000000 0.4916297955390516
1.9053125000000000 0.4916575103617493
1.9056250000000001 0.4916852250872380
1.9059375000000001 0.4917129399333330
1.9062500000000000 0.4917406546819871
1.9065624999999999 0.4917683695513243
1.9068750000000001 0.4917960843229874
1.9071875000000000 0.4918237992154120
1.9075000000000000 0.4918515140099278
1.9078125000000001 0.4918792289252847
1.9081250000000001 0.4919069437424969
1.9084375000000000 0.4919346586806311
1.9087499999999999 0.4919623735203835
1.9090625000000001 0.4919900884811399
1.9093750000000000 0.4920178033432762
1.9096875000000000 0.4920455183264998
1.9100000000000001 0.4920732332108637
1.9103125000000001 0.4921009482163997
1.9106250000000000 0.4921286631228350
1.9109375000000000 0.4921563781505282
1.9112500000000001 0.4921840930788787
1.9115625000000001 0.4922118081285741
1.9118750000000000 0.4922395230786836
1.9121874999999999 0.4922672381502264
1.9125000000000001 0.4922949531219387
1.9128125000000000 0.4923226682151737
1.9131250000000000 0.4923503832083326
1.9134375000000001 0.4923780983231049
1.9137500000000001 0.4924058133375543
1.9140625000000000 0.4924335284737089
1.9143749999999999 0.4924612435092927
1.9146875000000001 0.4924889586666745
1.9150000000000000 0.4925166737232365
1.9153125000000000 0.4925443889016907
1.9156250000000001 0.4925721039790748
1.9159375000000001 0.4925998191784463
1.9162500000000000 0.4926275342764964
1.9165624999999999 0.4926552494966301
1.9168750000000001 0.4926829646151903
1.9171875000000000 0.4927106798559313
1.9175000000000000 0.4927383949948454
1.9178125000000001 0.4927661102560387
1.9181250000000001 0.4927938254151507
1.9184375000000000 0.4928215406966414
1.9187500000000000 0.4928492558757951
1.9190625000000001 0.4928769711774281
1.9193750000000001 0.4929046863764678
1.9196875000000000 0.4929324016980881
1.9199999999999999 0.4929601169168576
1.9203125000000001 0.4929878322583102
1.9206250000000000 0.4930155474966538
1.9209375000000000 0.4930432628577836
1.9212500000000001 0.4930709781155451
1.9215625000000001 0.4930986934961973
1.9218750000000000 0.4931264087732207
1.9221874999999999 0.4931541241732403
1.9225000000000001 0.4931818394693697
1.9228125000000000 0.4932095548886017
1.9231250000000000 0.4932372702036812
1.9234375000000001 0.4932649856419706
1.9237500000000001 0.4932927009758443
1.9240625000000000 0.4933204164330361
1.9243749999999999 0.4933481317855480
1.9246875000000001 0.4933758472614873
1.9250000000000000 0.4934035626324816
1.9253125000000000 0.4934312781270134
1.9256250000000001 0.4934589935163342
1.9259375000000001 0.4934867090293034
1.9262500000000000 0.4935144244367949
1.9265625000000000 0.4935421399680466
1.9268750000000001 0.4935698553935529
1.9271875000000001 0.4935975709429323
1.9275000000000000 0.4936252863862975
1.9278125000000002 0.4936530019536494
1.9281250000000001 0.4936807174147177
1.9284375000000000 0.4937084329998873
1.9287500000000000 0.4937361484785029
1.9290625000000001 0.4937638640813352
1.9293750000000001 0.4937915795773422
1.9296875000000000 0.4938192951976822
1.9299999999999999 0.4938470107109250
1.9303125000000001 0.4938747263486177
1.9306250000000000 0.4939024418789404
1.9309375000000000 0.4939301575338310
1.9312500000000001 0.4939578730810776
1.9315625000000001 0.4939855887530112
1.9318750000000000 0.4940133043170262
1.9321874999999999 0.4940410200058477
1.9325000000000001 0.4940687355864752
1.9328125000000000 0.4940964512920298
1.9331250000000000 0.4941241668891139
1.9334375000000001 0.4941518826112468
1.9337500000000001 0.4941795982246319
1.9340625000000000 0.4942073139631880
1.9343750000000000 0.4942350295927183
1.9346875000000001 0.4942627453475428
1.9350000000000001 0.4942904609930625
1.9353125000000000 0.4943181767640005
1.9356250000000002 0.4943458924253539
1.9359375000000001 0.4943736082122505
1.9362500000000000 0.4944013238892819
1.9365625000000000 0.4944290396919820
1.9368750000000001 0.4944567553845358
1.9371875000000001 0.4944844712028847
1.9375000000000000 0.4945121869108051
1.9378124999999999 0.4945399027446478
1.9381250000000001 0.4945676184677791
1.9384375000000000 0.4945953343169608
1.9387500000000000 0.4946230500551472
1.9390625000000001 0.4946507659195132
1.9393750000000001 0.4946784816725989
1.9396875000000000 0.4947061975519942
1.9399999999999999 0.4947339133198237
1.9403125000000001 0.4947616292140934
1.9406250000000000 0.4947893449965111
1.9409375000000000 0.4948170609055002
1.9412500000000001 0.4948447767023504
1.9415625000000001 0.4948724926259042
1.9418750000000000 0.4949002084370310
1.9421875000000000 0.4949279243749947
1.9425000000000001 0.4949556402002426
1.9428125000000001 0.4949833561524614
1.9431250000000000 0.4950110719916747
1.9434375000000002 0.4950387879579936
1.9437500000000001 0.4950665038110167
1.9440625000000000 0.4950942197912810
1.9443750000000000 0.4951219356579582
1.9446875000000001 0.4951496516520130
1.9450000000000001 0.4951773675321887
1.9453125000000000 0.4952050835398793
1.9456249999999999 0.4952327994333977
1.9459375000000001 0.4952605154545692
1.9462500000000000 0.4952882313612748
1.9465625000000000 0.4953159473957725
1.9468750000000001 0.4953436633155095
1.9471875000000001 0.4953713793631786
1.9475000000000000 0.4953990952957916
1.9478124999999999 0.4954268113564772
1.9481250000000001 0.4954545273018105
1.9484375000000000 0.4954822433753579
1.9487500000000000 0.4955099593332559
1.9490625000000001 0.4955376754195102
1.9493750000000001 0.4955653913898172
1.9496875000000000 0.4955931074886237
1.9500000000000000 0.4956208234711841
1.9503125000000001 0.4956485395823881
1.9506250000000001 0.4956762555770464
1.9509375000000000 0.4957039717004930
1.9512500000000002 0.4957316877070936
1.9515625000000001 0.4957594038426280
1.9518750000000000 0.4957871198610154
1.9521875000000000 0.4958148360084829
1.9525000000000001 0.4958425520385013
1.9528125000000001 0.4958702681977472
1.9531250000000000 0.4958979842392411
1.9534374999999999 0.4959257004101105
1.9537500000000001 0.4959534164629245
1.9540625000000000 0.4959811326452627
1.9543750000000000 0.4960088487092411
1.9546875000000001 0.4960365649028934
1.9550000000000001 0.4960642809778806
1.9553125000000000 0.4960919971826923
1.9556249999999999 0.4961197132685328
1.9559375000000001 0.4961474294843490
1.9562500000000000 0.4961751455808873
1.9565625000000000 0.4962028618075532
1.9568750000000001 0.4962305779146338
1.9571875000000001 0.4962582941519948
1.9575000000000000 0.4962860102694621
1.9578125000000000 0.4963137265173634
1.9581250000000001 0.4963414426450619
1.9584375000000001 0.4963691589033488
1.9587500000000000 0.4963968750411231
1.9590625000000002 0.4964245913096406
1.9593750000000001 0.4964523074573351
1.9596875000000000 0.4964800237359288
1.9600000000000000 0.4965077398933880
1.9603125000000001 0.4965354561819028
1.9606250000000001 0.4965631723489713
1.9609375000000000 0.4965908886472528
1.9612499999999999 0.4966186048237750
1.9615625000000001 0.4966463211316682
1.9618750000000000 0.4966740373174887
1.9621875000000000 0.4967017536348390
1.9625000000000001 0.4967294698298024
1.9628125000000001 0.4967571861564548
1.9631250000000000 0.4967849023604057
1.9634374999999999 0.4968126186962056
1.9637500000000001 0.4968403349089886
1.9640625000000000 0.4968680512537811
1.9643750000000000 0.4968957674752406
1.9646875000000001 0.4969234838288711
1.9650000000000001 0.4969512000588518
1.9653125000000000 0.4969789164211654
1.9656250000000000 0.4970066326595120
1.9659375000000001 0.4970343490303539
1.9662500000000001 0.4970620652769109
1.9665625000000000 0.4970897816561264
1.9668750000000002 0.4971174979107384
1.9671875000000001 0.4971452142981727
1.9675000000000000 0.4971729305606844
1.9678125000000000 0.4972006469561825
1.9681250000000001 0.4972283632264388
1.9684375000000001 0.4972560796298460
1.9687500000000000 0.4972837959076913
1.9690624999999999 0.4973115123188528
1.9693750000000001 0.4973392286041318
1.9696875000000000 0.4973669450228929
1.9700000000000000 0.4973946613154504
1.9703125000000001 0.4974223777416559
1.9706250000000001 0.4974500940413367
1.9709375000000000 0.4974778104748319
1.9712499999999999 0.4975055267814806
1.9715625000000001 0.4975332432221107
1.9718750000000000 0.4975609595355722
1.9721875000000000 0.4975886759831823
1.9725000000000001 0.4976163923033012
1.9728125000000001 0.4976441087577364
1.9731250000000000 0.4976718250843576
1.9734375000000000 0.4976995415454630
1.9737500000000001 0.4977272578784313
1.9740625000000001 0.4977549743460520
1.9743750000000000 0.4977826906852121
1.9746875000000002 0.4978104071591932
1.9750000000000001 0.4978381235043902
1.9753125000000000 0.4978658399845766
1.9756250000000000 0.4978935563356553
1.9759375000000001 0.4979212728218922
1.9762500000000001 0.4979489891786973
1.9765625000000000 0.4979767056708297
1.9768749999999999 0.4980044220332063
1.9771875000000001 0.4980321385310791
1.9775000000000000 0.4980598548988722
1.9778125000000000 0.4980875714023304
1.9781250000000001 0.4981152877753848
1.9784375000000001 0.4981430042842735
1.9787500000000000 0.4981707206624341
1.9790624999999999 0.4981984371765982
1.9793750000000001 0.4982261535597102
1.9796875000000000 0.4982538700789946
1.9800000000000000 0.4982815864669030
1.9803125000000001 0.4983093029911527
1.9806250000000001 0.4983370193837022
1.9809375000000000 0.4983647359127620
1.9812500000000000 0.4983924523097982
1.9815625000000001 0.4984201688435130
1.9818750000000001 0.4984478852448807
1.9821875000000000 0.4984756017830955
1.9825000000000002 0.4985033181886397
1.9828125000000001 0.4985310347311993
1.9831250000000000 0.4985587511407653
1.9834375000000000 0.4985864676875144
1.9837500000000001 0.4986141841009474
1.9840625000000001 0.4986419006517308
1.9843750000000000 0.4986696170688759
1.9846874999999999 0.4986973336235385
1.9850000000000001 0.4987250500442408
1.9853125000000000 0.4987527666026275
1.9856250000000000 0.4987804830267323
1.9859375000000001 0.4988081995886875
1.9862500000000001 0.4988359160160402
1.9865625000000000 0.4988636325814088
1.9868749999999999 0.4988913490118545
1.9871875000000001 0.4989190655804812
1.9875000000000000 0.4989467820138654
1.9878125000000000 0.4989744985855947
1.9881250000000001 0.4990022150217627
1.9884375000000001 0.4990299315964393
1.9887500000000000 0.4990576480352365
1.9890625000000000 0.4990853646127050
1.9893750000000001 0.4991130810539767
1.9896875000000001 0.4991407976340817
1.9900000000000000 0.4991685140776735
1.9903125000000002 0.4991962306602595
1.9906250000000001 0.4992239471060167
1.9909375000000000 0.4992516636909284
1.9912500000000000 0.4992793801386965
1.9915625000000001 0.4993070967257782
1.9918750000000001 0.4993348131754028
1.9921875000000000 0.4993625297644991
1.9924999999999999 0.4993902462158257
1.9928125000000001 0.4994179628067810
1.9931250000000000 0.4994456792596552
1.9934375000000000 0.4994733958523139
1.9937500000000001 0.4995011123065813
1.9940625000000001 0.4995288289007878
1.9943750000000000 0.4995565453562940
1.9946874999999999 0.4995842619518927
1.9950000000000001 0.4996119784084833
1.9953125000000000 0.4996396950053186
1.9956250000000000 0.4996674114628394
1.9959375000000001 0.4996951280607555
1.9962500000000001 0.4997228445190522
1.9965625000000000 0.4997505611178935
1.9968750000000000 0.4997782775768118
1.9971875000000001 0.4998059941764220
1.9975000000000001 0.4998337106358038
1.9978125000000000 0.4998614272359788
1.9981250000000002 0.4998891436950662
1.9984375000000001 0.4999168602881615
1.9987500000000000 0.4999445766538776
1.9990625000000000 0.4999722920866193
1.9993750000000001 0.4999999940487041
1.9996875000000001 0.5000275307230841
2.0000000000000000 0.5000530141132823
